schema_version,campaign,family,algorithm,solver_provenance,seed,target_size,generation_attempts,pair_id,repetition,warmup,measured,execution_order,timeout_seconds,state,outcome,exit_status,correctness,message,invalid_reason,process_wall_time_ns,process_startup_overhead_ns,size_width,size_height,size_foreground_cells_n,size_component_count,size_boundary_size_b,size_reflex_count,size_horizontal_chord_count_h,size_vertical_chord_count_v,size_q,size_explicit_conflict_edge_count_k,size_biclique_count,size_biclique_total_vertex_occurrences_sigma,size_compressed_network_node_count,size_compressed_network_arc_count,size_optimum_rectangle_count,structure_rank_sort_count,structure_rank_map_entry_count,structure_rank_map_owned_bytes,structure_matching_size,structure_vertex_cover_size,structure_c0_network_node_count,structure_c0_network_arc_count,timing_input_loading_ns,timing_instance_generation_ns,timing_geometry_preprocessing_ns,timing_chord_generation_ns,timing_embedding_ns,timing_explicit_conflict_graph_ns,timing_biclique_construction_ns,timing_network_construction_ns,timing_matching_or_flow_ns,timing_vertex_cover_recovery_ns,timing_chord_selection_ns,timing_geometric_completion_ns,timing_rectangle_recovery_ns,timing_verification_ns,timing_total_in_process_solve_ns,paired_width,paired_height,paired_foreground_cells_n,paired_component_count,paired_boundary_size_b,paired_reflex_count,paired_horizontal_chord_count_h,paired_vertical_chord_count_v,paired_q,paired_explicit_conflict_edge_count_k,paired_biclique_count,paired_biclique_total_vertex_occurrences_sigma,paired_compressed_network_node_count,paired_compressed_network_arc_count,paired_optimum_rectangle_count
1,paper-scaling-pilot,random-connected,explicit-hopcroft-karp,sg-oracle::grid::build_conflict_graph + Hopcroft-Karp + Konig cover + indexed completion,424242,8,1,random-connected:424242:8:0,0,True,False,0,60.0,success,success,0,valid,,,458698375,458404834,6,6,8,1,14,5,2,2,4,4,0,0,,,4,,,,2,2,,,0,109042,83708,56250,,38458,,,9792,208,167,56375,10000,33458,293541,,,,,,,,,,,,,,,
1,paper-scaling-pilot,random-connected,explicit-c0-flow,DominanceEmbedding::explicit_graph + C0 edge bicliques + explicit flow construction/execution/cover recovery + indexed completion,424242,8,1,random-connected:424242:8:0,0,True,False,1,60.0,success,success,0,valid,,,41945917,41753083,6,6,8,1,14,5,2,2,4,4,4,8,10,12,4,0,0,0,2,2,10,12,0,12875,13625,5583,30583,3458,66542,18875,30083,208,42,10917,2041,4917,192834,,,,,,,,,,,,,,,
1,paper-scaling-pilot,random-connected,compact-mrd,dominance::biclique::experiment::construct + compressed flow construction/execution/cover recovery + indexed completion,424242,8,1,random-connected:424242:8:0,0,True,False,2,60.0,success,success,0,valid,,,40773791,40693708,6,6,8,1,14,5,2,2,4,,1,4,7,8,4,0,0,0,2,2,,,0,10334,16292,5541,2750,,21542,3167,5209,416,209,9750,2042,7458,80083,,,,,,,,,,,,,,,
1,paper-scaling-pilot,random-connected,exact-cover-oracle,exact-cover-oracle::solve (independent bitset branch-and-bound),424242,8,1,random-connected:424242:8:0,0,True,False,3,60.0,success,success,0,valid,,,40459542,40380542,6,6,8,1,14,5,0,0,0,,0,0,,,4,,,,,,,,0,10291,,,,,,,76833,,,,,709,79000,,,,,,,,,,,,,,,
1,paper-scaling-pilot,random-connected,explicit-hopcroft-karp,sg-oracle::grid::build_conflict_graph + Hopcroft-Karp + Konig cover + indexed completion,424242,8,1,random-connected:424242:8:0,0,False,True,0,60.0,success,success,0,valid,,,40534708,40490333,6,6,8,1,14,5,2,2,4,4,0,0,,,4,,,,2,2,,,0,10333,12417,5250,,3209,,,1417,583,167,10000,2167,4416,44375,,,,,14,5,,,4,4,1,4,7,8,
1,paper-scaling-pilot,random-connected,explicit-c0-flow,DominanceEmbedding::explicit_graph + C0 edge bicliques + explicit flow construction/execution/cover recovery + indexed completion,424242,8,1,random-connected:424242:8:0,0,False,True,1,60.0,success,success,0,valid,,,40303125,40237500,6,6,8,1,14,5,2,2,4,4,4,8,10,12,4,0,0,0,2,2,10,12,0,10333,12833,5875,2709,2792,12792,2375,5167,416,84,9583,2000,4251,65625,,,,,14,5,,,4,4,1,4,7,8,
1,paper-scaling-pilot,random-connected,compact-mrd,dominance::biclique::experiment::construct + compressed flow construction/execution/cover recovery + indexed completion,424242,8,1,random-connected:424242:8:0,0,False,True,2,60.0,success,success,0,valid,,,40076833,40010666,6,6,8,1,14,5,2,2,4,,1,4,7,8,4,0,0,0,2,2,,,0,12459,17250,5042,2542,,11958,2792,4791,459,83,9333,2792,4042,66167,,,,,14,5,,,4,4,1,4,7,8,
1,paper-scaling-pilot,random-connected,exact-cover-oracle,exact-cover-oracle::solve (independent bitset branch-and-bound),424242,8,1,random-connected:424242:8:0,0,False,True,3,60.0,success,success,0,valid,,,40876417,40836958,6,6,8,1,14,5,0,0,0,,0,0,,,4,,,,,,,,0,15167,,,,,,,35708,,,,,3500,39459,,,,,14,5,,,4,4,1,4,7,8,
1,paper-scaling-pilot,random-connected,explicit-hopcroft-karp,sg-oracle::grid::build_conflict_graph + Hopcroft-Karp + Konig cover + indexed completion,424242,8,1,random-connected:424242:8:1,1,False,True,0,60.0,success,success,0,valid,,,40611542,40566875,6,6,8,1,14,5,2,2,4,4,0,0,,,4,,,,2,2,,,0,11208,12542,5208,,3583,,,1334,750,209,9708,1833,4542,44667,,,,,14,5,,,4,4,1,4,7,8,
1,paper-scaling-pilot,random-connected,explicit-c0-flow,DominanceEmbedding::explicit_graph + C0 edge bicliques + explicit flow construction/execution/cover recovery + indexed completion,424242,8,1,random-connected:424242:8:1,1,False,True,1,60.0,success,success,0,valid,,,40712833,40647125,6,6,8,1,14,5,2,2,4,4,4,8,10,12,4,0,0,0,2,2,10,12,0,12708,12500,5625,2750,2875,12000,2250,5209,250,125,9250,3083,4250,65708,,,,,14,5,,,4,4,1,4,7,8,
1,paper-scaling-pilot,random-connected,compact-mrd,dominance::biclique::experiment::construct + compressed flow construction/execution/cover recovery + indexed completion,424242,8,1,random-connected:424242:8:1,1,False,True,2,60.0,success,success,0,valid,,,40291750,40229833,6,6,8,1,14,5,2,2,4,,1,4,7,8,4,0,0,0,2,2,,,0,11250,12083,5791,2959,,11916,2875,4875,708,41,9667,1875,4041,61917,,,,,14,5,,,4,4,1,4,7,8,
1,paper-scaling-pilot,random-connected,exact-cover-oracle,exact-cover-oracle::solve (independent bitset branch-and-bound),424242,8,1,random-connected:424242:8:1,1,False,True,3,60.0,success,success,0,valid,,,40173792,40142042,6,6,8,1,14,5,0,0,0,,0,0,,,4,,,,,,,,0,12541,,,,,,,29833,,,,,2709,31750,,,,,14,5,,,4,4,1,4,7,8,
1,paper-scaling-pilot,random-connected,explicit-hopcroft-karp,sg-oracle::grid::build_conflict_graph + Hopcroft-Karp + Konig cover + indexed completion,424242,8,1,random-connected:424242:8:2,2,False,True,0,60.0,success,success,0,valid,,,40361375,40319458,6,6,8,1,14,5,2,2,4,4,0,0,,,4,,,,2,2,,,0,11791,12250,4917,,3541,,,1292,542,83,9542,1792,4417,41917,,,,,14,5,,,4,4,1,4,7,8,
1,paper-scaling-pilot,random-connected,explicit-c0-flow,DominanceEmbedding::explicit_graph + C0 edge bicliques + explicit flow construction/execution/cover recovery + indexed completion,424242,8,1,random-connected:424242:8:2,2,False,True,1,60.0,success,success,0,valid,,,40361334,40288584,6,6,8,1,14,5,2,2,4,4,4,8,10,12,4,0,0,0,2,2,10,12,0,14500,13708,6125,4875,3291,13167,3708,5709,541,83,10000,1916,4334,72750,,,,,14,5,,,4,4,1,4,7,8,
1,paper-scaling-pilot,random-connected,compact-mrd,dominance::biclique::experiment::construct + compressed flow construction/execution/cover recovery + indexed completion,424242,8,1,random-connected:424242:8:2,2,False,True,2,60.0,success,success,0,valid,,,39977833,39909249,6,6,8,1,14,5,2,2,4,,1,4,7,8,4,0,0,0,2,2,,,0,11500,12583,5667,4417,,13333,3375,6041,500,125,10417,2041,4834,68584,,,,,14,5,,,4,4,1,4,7,8,
1,paper-scaling-pilot,random-connected,exact-cover-oracle,exact-cover-oracle::solve (independent bitset branch-and-bound),424242,8,1,random-connected:424242:8:2,2,False,True,3,60.0,success,success,0,valid,,,40031083,40001541,6,6,8,1,14,5,0,0,0,,0,0,,,4,,,,,,,,0,11959,,,,,,,28000,,,,,1333,29542,,,,,14,5,,,4,4,1,4,7,8,
1,paper-scaling-pilot,random-connected,explicit-hopcroft-karp,sg-oracle::grid::build_conflict_graph + Hopcroft-Karp + Konig cover + indexed completion,424242,8,1,random-connected:424242:8:3,3,False,True,0,60.0,success,success,0,valid,,,39573916,39529499,6,6,8,1,14,5,2,2,4,4,0,0,,,4,,,,2,2,,,0,10625,12250,5500,,3417,,,1375,416,125,9833,1959,4584,44417,,,,,14,5,,,4,4,1,4,7,8,
1,paper-scaling-pilot,random-connected,explicit-c0-flow,DominanceEmbedding::explicit_graph + C0 edge bicliques + explicit flow construction/execution/cover recovery + indexed completion,424242,8,1,random-connected:424242:8:3,3,False,True,1,60.0,success,success,0,valid,,,39907125,39842250,6,6,8,1,14,5,2,2,4,4,4,8,10,12,4,0,0,0,2,2,10,12,0,12500,12583,5500,2791,2792,12208,2625,5042,333,125,9459,1916,4375,64875,,,,,14,5,,,4,4,1,4,7,8,
1,paper-scaling-pilot,random-connected,compact-mrd,dominance::biclique::experiment::construct + compressed flow construction/execution/cover recovery + indexed completion,424242,8,1,random-connected:424242:8:3,3,False,True,2,60.0,success,success,0,valid,,,40722167,40654667,6,6,8,1,14,5,2,2,4,,1,4,7,8,4,0,0,0,2,2,,,0,10750,12417,6417,3125,,15667,2917,5167,500,208,10041,1750,4750,67500,,,,,14,5,,,4,4,1,4,7,8,
1,paper-scaling-pilot,random-connected,exact-cover-oracle,exact-cover-oracle::solve (independent bitset branch-and-bound),424242,8,1,random-connected:424242:8:3,3,False,True,3,60.0,success,success,0,valid,,,40584500,40554208,6,6,8,1,14,5,0,0,0,,0,0,,,4,,,,,,,,0,10750,,,,,,,28042,,,,,583,30292,,,,,14,5,,,4,4,1,4,7,8,
1,paper-scaling-pilot,random-connected,explicit-hopcroft-karp,sg-oracle::grid::build_conflict_graph + Hopcroft-Karp + Konig cover + indexed completion,424242,8,1,random-connected:424242:8:4,4,False,True,0,60.0,success,success,0,valid,,,40502791,40453291,6,6,8,1,14,5,2,2,4,4,0,0,,,4,,,,2,2,,,0,10625,17667,6083,,3500,,,1291,375,166,9667,1833,4084,49500,,,,,14,5,,,4,4,1,4,7,8,
1,paper-scaling-pilot,random-connected,explicit-c0-flow,DominanceEmbedding::explicit_graph + C0 edge bicliques + explicit flow construction/execution/cover recovery + indexed completion,424242,8,1,random-connected:424242:8:4,4,False,True,1,60.0,success,success,0,valid,,,41201958,41130250,6,6,8,1,14,5,2,2,4,4,4,8,10,12,4,0,0,0,2,2,10,12,0,12417,16500,5958,2708,2541,11958,3542,6625,500,125,10208,1834,4375,71708,,,,,14,5,,,4,4,1,4,7,8,
1,paper-scaling-pilot,random-connected,compact-mrd,dominance::biclique::experiment::construct + compressed flow construction/execution/cover recovery + indexed completion,424242,8,1,random-connected:424242:8:4,4,False,True,2,60.0,success,success,0,valid,,,40630500,40567458,6,6,8,1,14,5,2,2,4,,1,4,7,8,4,0,0,0,2,2,,,0,10750,14209,6167,2584,,11250,2833,5125,500,125,9666,1875,4001,63042,,,,,14,5,,,4,4,1,4,7,8,
1,paper-scaling-pilot,random-connected,exact-cover-oracle,exact-cover-oracle::solve (independent bitset branch-and-bound),424242,8,1,random-connected:424242:8:4,4,False,True,3,60.0,success,success,0,valid,,,40295709,40263042,6,6,8,1,14,5,0,0,0,,0,0,,,4,,,,,,,,0,13708,,,,,,,30167,,,,,791,32667,,,,,14,5,,,4,4,1,4,7,8,
1,paper-scaling-pilot,random-connected,explicit-hopcroft-karp,sg-oracle::grid::build_conflict_graph + Hopcroft-Karp + Konig cover + indexed completion,424242,12,1,random-connected:424242:12:0,0,True,False,0,60.0,success,success,0,valid,,,40648917,40602959,7,7,12,1,14,5,2,1,3,1,0,0,,,4,,,,1,1,,,0,10875,13458,5167,,3458,,,1417,291,167,11375,2083,4209,45958,,,,,,,,,,,,,,,
1,paper-scaling-pilot,random-connected,explicit-c0-flow,DominanceEmbedding::explicit_graph + C0 edge bicliques + explicit flow construction/execution/cover recovery + indexed completion,424242,12,1,random-connected:424242:12:0,0,True,False,1,60.0,success,success,0,valid,,,40915042,40847792,7,7,12,1,14,5,2,1,3,1,1,2,6,5,4,0,0,0,1,1,6,5,0,15334,17834,5417,2875,2875,9208,1916,5208,333,250,10833,1750,4167,67250,,,,,,,,,,,,,,,
1,paper-scaling-pilot,random-connected,compact-mrd,dominance::biclique::experiment::construct + compressed flow construction/execution/cover recovery + indexed completion,424242,12,1,random-connected:424242:12:0,0,True,False,2,60.0,success,success,0,valid,,,40480958,40412833,7,7,12,1,14,5,2,1,3,,1,2,6,5,4,0,0,0,1,1,,,0,11667,15500,5333,2875,,11708,3333,4750,542,166,11375,1833,5167,68125,,,,,,,,,,,,,,,
1,paper-scaling-pilot,random-connected,exact-cover-oracle,exact-cover-oracle::solve (independent bitset branch-and-bound),424242,12,1,random-connected:424242:12:0,0,True,False,3,60.0,success,success,0,valid,,,40056542,40009209,7,7,12,1,14,5,0,0,0,,0,0,,,4,,,,,,,,0,12208,,,,,,,44875,,,,,875,47333,,,,,,,,,,,,,,,
1,paper-scaling-pilot,random-connected,explicit-hopcroft-karp,sg-oracle::grid::build_conflict_graph + Hopcroft-Karp + Konig cover + indexed completion,424242,12,1,random-connected:424242:12:0,0,False,True,0,60.0,success,success,0,valid,,,39751875,39705458,7,7,12,1,14,5,2,1,3,1,0,0,,,4,,,,1,1,,,0,11208,13541,5208,,3375,,,1500,458,125,11333,1834,4500,46417,,,,,14,5,,,3,1,1,2,6,5,
1,paper-scaling-pilot,random-connected,explicit-c0-flow,DominanceEmbedding::explicit_graph + C0 edge bicliques + explicit flow construction/execution/cover recovery + indexed completion,424242,12,1,random-connected:424242:12:0,0,False,True,1,60.0,success,success,0,valid,,,39529875,39465875,7,7,12,1,14,5,2,1,3,1,1,2,6,5,4,0,0,0,1,1,6,5,0,12666,13791,5167,2500,2584,9000,1916,4542,375,208,12333,1834,4375,64000,,,,,14,5,,,3,1,1,2,6,5,
1,paper-scaling-pilot,random-connected,compact-mrd,dominance::biclique::experiment::construct + compressed flow construction/execution/cover recovery + indexed completion,424242,12,1,random-connected:424242:12:0,0,False,True,2,60.0,success,success,0,valid,,,39770083,39702749,7,7,12,1,14,5,2,1,3,,1,2,6,5,4,0,0,0,1,1,,,0,13125,15083,5666,2625,,12375,2917,5500,417,166,11542,1833,4125,67334,,,,,14,5,,,3,1,1,2,6,5,
1,paper-scaling-pilot,random-connected,exact-cover-oracle,exact-cover-oracle::solve (independent bitset branch-and-bound),424242,12,1,random-connected:424242:12:0,0,False,True,3,60.0,success,success,0,valid,,,40532917,40485042,7,7,12,1,14,5,0,0,0,,0,0,,,4,,,,,,,,0,11333,,,,,,,45958,,,,,875,47875,,,,,14,5,,,3,1,1,2,6,5,
1,paper-scaling-pilot,random-connected,explicit-hopcroft-karp,sg-oracle::grid::build_conflict_graph + Hopcroft-Karp + Konig cover + indexed completion,424242,12,1,random-connected:424242:12:1,1,False,True,0,60.0,success,success,0,valid,,,40932417,40863292,7,7,12,1,14,5,2,1,3,1,0,0,,,4,,,,1,1,,,0,15417,19375,5625,,4125,,,1417,334,166,11917,2375,5583,69125,,,,,14,5,,,3,1,1,2,6,5,
1,paper-scaling-pilot,random-connected,explicit-c0-flow,DominanceEmbedding::explicit_graph + C0 edge bicliques + explicit flow construction/execution/cover recovery + indexed completion,424242,12,1,random-connected:424242:12:1,1,False,True,1,60.0,success,success,0,valid,,,40302041,40237499,7,7,12,1,14,5,2,1,3,1,1,2,6,5,4,0,0,0,1,1,6,5,0,15417,16041,4667,2625,2958,8875,2042,5292,500,125,10459,1958,4125,64542,,,,,14,5,,,3,1,1,2,6,5,
1,paper-scaling-pilot,random-connected,compact-mrd,dominance::biclique::experiment::construct + compressed flow construction/execution/cover recovery + indexed completion,424242,12,1,random-connected:424242:12:1,1,False,True,2,60.0,success,success,0,valid,,,40704208,40633583,7,7,12,1,14,5,2,1,3,,1,2,6,5,4,0,0,0,1,1,,,0,18417,18709,5000,2834,,12708,3000,5667,375,167,10333,2000,5167,70625,,,,,14,5,,,3,1,1,2,6,5,
1,paper-scaling-pilot,random-connected,exact-cover-oracle,exact-cover-oracle::solve (independent bitset branch-and-bound),424242,12,1,random-connected:424242:12:1,1,False,True,3,60.0,success,success,0,valid,,,40703959,40659626,7,7,12,1,14,5,0,0,0,,0,0,,,4,,,,,,,,0,10792,,,,,,,42375,,,,,792,44333,,,,,14,5,,,3,1,1,2,6,5,
1,paper-scaling-pilot,random-connected,explicit-hopcroft-karp,sg-oracle::grid::build_conflict_graph + Hopcroft-Karp + Konig cover + indexed completion,424242,12,1,random-connected:424242:12:2,2,False,True,0,60.0,success,success,0,valid,,,39674208,39621749,7,7,12,1,14,5,2,1,3,1,0,0,,,4,,,,1,1,,,0,14125,18542,6125,,3625,,,1291,334,125,11250,1916,4542,52459,,,,,14,5,,,3,1,1,2,6,5,
1,paper-scaling-pilot,random-connected,explicit-c0-flow,DominanceEmbedding::explicit_graph + C0 edge bicliques + explicit flow construction/execution/cover recovery + indexed completion,424242,12,1,random-connected:424242:12:2,2,False,True,1,60.0,success,success,0,valid,,,40052875,39991291,7,7,12,1,14,5,2,1,3,1,1,2,6,5,4,0,0,0,1,1,6,5,0,11250,13667,5208,2584,2959,8584,1833,4750,375,166,10083,2000,4459,61584,,,,,14,5,,,3,1,1,2,6,5,
1,paper-scaling-pilot,random-connected,compact-mrd,dominance::biclique::experiment::construct + compressed flow construction/execution/cover recovery + indexed completion,424242,12,1,random-connected:424242:12:2,2,False,True,2,60.0,success,success,0,valid,,,39791792,39725584,7,7,12,1,14,5,2,1,3,,1,2,6,5,4,0,0,0,1,1,,,0,10833,14084,5458,2750,,11958,2917,4875,459,291,10583,1958,5667,66208,,,,,14,5,,,3,1,1,2,6,5,
1,paper-scaling-pilot,random-connected,exact-cover-oracle,exact-cover-oracle::solve (independent bitset branch-and-bound),424242,12,1,random-connected:424242:12:2,2,False,True,3,60.0,success,success,0,valid,,,40146709,40102834,7,7,12,1,14,5,0,0,0,,0,0,,,4,,,,,,,,0,12375,,,,,,,42000,,,,,833,43875,,,,,14,5,,,3,1,1,2,6,5,
1,paper-scaling-pilot,random-connected,explicit-hopcroft-karp,sg-oracle::grid::build_conflict_graph + Hopcroft-Karp + Konig cover + indexed completion,424242,12,1,random-connected:424242:12:3,3,False,True,0,60.0,success,success,0,valid,,,40381959,40333376,7,7,12,1,14,5,2,1,3,1,0,0,,,4,,,,1,1,,,0,13000,14250,5375,,3541,,,1333,1000,167,11500,2000,4583,48583,,,,,14,5,,,3,1,1,2,6,5,
1,paper-scaling-pilot,random-connected,explicit-c0-flow,DominanceEmbedding::explicit_graph + C0 edge bicliques + explicit flow construction/execution/cover recovery + indexed completion,424242,12,1,random-connected:424242:12:3,3,False,True,1,60.0,success,success,0,valid,,,40366250,40261083,7,7,12,1,14,5,2,1,3,1,1,2,6,5,4,0,0,0,1,1,6,5,0,14542,45667,7166,2959,3125,10875,2208,5625,375,167,11000,2125,8291,105167,,,,,14,5,,,3,1,1,2,6,5,
1,paper-scaling-pilot,random-connected,compact-mrd,dominance::biclique::experiment::construct + compressed flow construction/execution/cover recovery + indexed completion,424242,12,1,random-connected:424242:12:3,3,False,True,2,60.0,success,success,0,valid,,,41347500,41266667,7,7,12,1,14,5,2,1,3,,1,2,6,5,4,0,0,0,1,1,,,0,13333,20833,6667,3292,,15083,3250,5042,750,84,12958,1917,4958,80833,,,,,14,5,,,3,1,1,2,6,5,
1,paper-scaling-pilot,random-connected,exact-cover-oracle,exact-cover-oracle::solve (independent bitset branch-and-bound),424242,12,1,random-connected:424242:12:3,3,False,True,3,60.0,success,success,0,valid,,,39857500,39813917,7,7,12,1,14,5,0,0,0,,0,0,,,4,,,,,,,,0,11291,,,,,,,41625,,,,,750,43583,,,,,14,5,,,3,1,1,2,6,5,
1,paper-scaling-pilot,random-connected,explicit-hopcroft-karp,sg-oracle::grid::build_conflict_graph + Hopcroft-Karp + Konig cover + indexed completion,424242,12,1,random-connected:424242:12:4,4,False,True,0,60.0,success,success,0,valid,,,40553500,40502541,7,7,12,1,14,5,2,1,3,1,0,0,,,4,,,,1,1,,,0,13250,18667,5209,,3375,,,1292,292,125,11209,1916,4418,50959,,,,,14,5,,,3,1,1,2,6,5,
1,paper-scaling-pilot,random-connected,explicit-c0-flow,DominanceEmbedding::explicit_graph + C0 edge bicliques + explicit flow construction/execution/cover recovery + indexed completion,424242,12,1,random-connected:424242:12:4,4,False,True,1,60.0,success,success,0,valid,,,40646542,40582875,7,7,12,1,14,5,2,1,3,1,1,2,6,5,4,0,0,0,1,1,6,5,0,10625,16000,5459,2667,2625,8458,1917,4458,333,209,10166,1917,4333,63667,,,,,14,5,,,3,1,1,2,6,5,
1,paper-scaling-pilot,random-connected,compact-mrd,dominance::biclique::experiment::construct + compressed flow construction/execution/cover recovery + indexed completion,424242,12,1,random-connected:424242:12:4,4,False,True,2,60.0,success,success,0,valid,,,40309500,40239625,7,7,12,1,14,5,2,1,3,,1,2,6,5,4,0,0,0,1,1,,,0,11208,17084,5542,3042,,12834,3084,5166,500,250,10083,2167,5541,69875,,,,,14,5,,,3,1,1,2,6,5,
1,paper-scaling-pilot,random-connected,exact-cover-oracle,exact-cover-oracle::solve (independent bitset branch-and-bound),424242,12,1,random-connected:424242:12:4,4,False,True,3,60.0,success,success,0,valid,,,40359708,40312000,7,7,12,1,14,5,0,0,0,,0,0,,,4,,,,,,,,0,12833,,,,,,,45667,,,,,916,47708,,,,,14,5,,,3,1,1,2,6,5,
1,paper-scaling-pilot,random-connected,explicit-hopcroft-karp,sg-oracle::grid::build_conflict_graph + Hopcroft-Karp + Konig cover + indexed completion,424242,18,1,random-connected:424242:18:0,0,True,False,0,60.0,success,success,0,valid,,,40712500,40653791,9,9,18,1,16,6,2,2,4,3,0,0,,,5,,,,2,2,,,0,15500,22542,5333,,3459,,,1333,375,167,12875,2541,4709,58709,,,,,,,,,,,,,,,
1,paper-scaling-pilot,random-connected,explicit-c0-flow,DominanceEmbedding::explicit_graph + C0 edge bicliques + explicit flow construction/execution/cover recovery + indexed completion,424242,18,1,random-connected:424242:18:0,0,True,False,1,60.0,success,success,0,valid,,,40677000,40605000,9,9,18,1,16,6,2,2,4,3,3,6,9,10,5,0,0,0,2,2,9,10,0,12917,16667,5041,2584,2875,10792,2375,5333,375,83,12417,2125,5124,72000,,,,,,,,,,,,,,,
1,paper-scaling-pilot,random-connected,compact-mrd,dominance::biclique::experiment::construct + compressed flow construction/execution/cover recovery + indexed completion,424242,18,1,random-connected:424242:18:0,0,True,False,2,60.0,success,success,0,valid,,,40535458,40460375,9,9,18,1,16,6,2,2,4,,3,6,9,10,5,0,0,0,2,2,,,0,12958,17083,5333,2667,,16291,3167,5291,458,209,11833,2542,4584,75083,,,,,,,,,,,,,,,
1,paper-scaling-pilot,random-connected,exact-cover-oracle,exact-cover-oracle::solve (independent bitset branch-and-bound),424242,18,1,random-connected:424242:18:0,0,True,False,3,60.0,success,success,0,valid,,,40564209,40470167,9,9,18,1,16,6,0,0,0,,0,0,,,5,,,,,,,,0,12000,,,,,,,91250,,,,,1000,94042,,,,,,,,,,,,,,,
1,paper-scaling-pilot,random-connected,explicit-hopcroft-karp,sg-oracle::grid::build_conflict_graph + Hopcroft-Karp + Konig cover + indexed completion,424242,18,1,random-connected:424242:18:0,0,False,True,0,60.0,success,success,0,valid,,,39990459,39940750,9,9,18,1,16,6,2,2,4,3,0,0,,,5,,,,2,2,,,0,12625,15417,4917,,3500,,,1333,375,167,12000,2250,4833,49709,,,,,16,6,,,4,3,3,6,9,10,
1,paper-scaling-pilot,random-connected,explicit-c0-flow,DominanceEmbedding::explicit_graph + C0 edge bicliques + explicit flow construction/execution/cover recovery + indexed completion,424242,18,1,random-connected:424242:18:0,0,False,True,1,60.0,success,success,0,valid,,,40504292,40427334,9,9,18,1,16,6,2,2,4,3,3,6,9,10,5,0,0,0,2,2,9,10,0,13458,19250,5417,2750,2833,12625,2417,6167,458,125,12334,2208,5041,76958,,,,,16,6,,,4,3,3,6,9,10,
1,paper-scaling-pilot,random-connected,compact-mrd,dominance::biclique::experiment::construct + compressed flow construction/execution/cover recovery + indexed completion,424242,18,1,random-connected:424242:18:0,0,False,True,2,60.0,success,success,0,valid,,,41055292,40982042,9,9,18,1,16,6,2,2,4,,3,6,9,10,5,0,0,0,2,2,,,0,11583,15500,5125,2542,,14375,3291,5417,375,208,13750,2459,4500,73250,,,,,16,6,,,4,3,3,6,9,10,
1,paper-scaling-pilot,random-connected,exact-cover-oracle,exact-cover-oracle::solve (independent bitset branch-and-bound),424242,18,1,random-connected:424242:18:0,0,False,True,3,60.0,success,success,0,valid,,,40754875,40668875,9,9,18,1,16,6,0,0,0,,0,0,,,5,,,,,,,,0,13292,,,,,,,83833,,,,,1625,86000,,,,,16,6,,,4,3,3,6,9,10,
1,paper-scaling-pilot,random-connected,explicit-hopcroft-karp,sg-oracle::grid::build_conflict_graph + Hopcroft-Karp + Konig cover + indexed completion,424242,18,1,random-connected:424242:18:1,1,False,True,0,60.0,success,success,0,valid,,,40311208,40257958,9,9,18,1,16,6,2,2,4,3,0,0,,,5,,,,2,2,,,0,11791,17958,5042,,3709,,,1459,375,166,12083,2167,5125,53250,,,,,16,6,,,4,3,3,6,9,10,
1,paper-scaling-pilot,random-connected,explicit-c0-flow,DominanceEmbedding::explicit_graph + C0 edge bicliques + explicit flow construction/execution/cover recovery + indexed completion,424242,18,1,random-connected:424242:18:1,1,False,True,1,60.0,success,success,0,valid,,,40204208,40131875,9,9,18,1,16,6,2,2,4,3,3,6,9,10,5,0,0,0,2,2,9,10,0,14041,17750,5042,2958,2917,11167,2250,4917,459,83,12125,2250,4459,72333,,,,,16,6,,,4,3,3,6,9,10,
1,paper-scaling-pilot,random-connected,compact-mrd,dominance::biclique::experiment::construct + compressed flow construction/execution/cover recovery + indexed completion,424242,18,1,random-connected:424242:18:1,1,False,True,2,60.0,success,success,0,valid,,,40082958,40010916,9,9,18,1,16,6,2,2,4,,3,6,9,10,5,0,0,0,2,2,,,0,12709,15500,5458,2542,,15500,3083,5167,459,166,11959,2125,4666,72042,,,,,16,6,,,4,3,3,6,9,10,
1,paper-scaling-pilot,random-connected,exact-cover-oracle,exact-cover-oracle::solve (independent bitset branch-and-bound),424242,18,1,random-connected:424242:18:1,1,False,True,3,60.0,success,success,0,valid,,,40349666,40257291,9,9,18,1,16,6,0,0,0,,0,0,,,5,,,,,,,,0,13708,,,,,,,89917,,,,,1541,92375,,,,,16,6,,,4,3,3,6,9,10,
1,paper-scaling-pilot,random-connected,explicit-hopcroft-karp,sg-oracle::grid::build_conflict_graph + Hopcroft-Karp + Konig cover + indexed completion,424242,18,1,random-connected:424242:18:2,2,False,True,0,60.0,success,success,0,valid,,,40518750,40465667,9,9,18,1,16,6,2,2,4,3,0,0,,,5,,,,2,2,,,0,14458,16917,5291,,3417,,,1416,583,167,12917,2708,4583,53083,,,,,16,6,,,4,3,3,6,9,10,
1,paper-scaling-pilot,random-connected,explicit-c0-flow,DominanceEmbedding::explicit_graph + C0 edge bicliques + explicit flow construction/execution/cover recovery + indexed completion,424242,18,1,random-connected:424242:18:2,2,False,True,1,60.0,success,success,0,valid,,,39941333,39865333,9,9,18,1,16,6,2,2,4,3,3,6,9,10,5,0,0,0,2,2,9,10,0,13125,16500,5209,2792,3125,12750,2416,5708,750,167,12917,2375,4959,76000,,,,,16,6,,,4,3,3,6,9,10,
1,paper-scaling-pilot,random-connected,compact-mrd,dominance::biclique::experiment::construct + compressed flow construction/execution/cover recovery + indexed completion,424242,18,1,random-connected:424242:18:2,2,False,True,2,60.0,success,success,0,valid,,,39951041,39873416,9,9,18,1,16,6,2,2,4,,3,6,9,10,5,0,0,0,2,2,,,0,12250,20042,5208,2750,,14500,3209,5458,500,208,13250,2625,4667,77625,,,,,16,6,,,4,3,3,6,9,10,
1,paper-scaling-pilot,random-connected,exact-cover-oracle,exact-cover-oracle::solve (independent bitset branch-and-bound),424242,18,1,random-connected:424242:18:2,2,False,True,3,60.0,success,success,0,valid,,,39516833,39428249,9,9,18,1,16,6,0,0,0,,0,0,,,5,,,,,,,,0,11375,,,,,,,85750,,,,,1500,88584,,,,,16,6,,,4,3,3,6,9,10,
1,paper-scaling-pilot,random-connected,explicit-hopcroft-karp,sg-oracle::grid::build_conflict_graph + Hopcroft-Karp + Konig cover + indexed completion,424242,18,1,random-connected:424242:18:3,3,False,True,0,60.0,success,success,0,valid,,,40450875,40394500,9,9,18,1,16,6,2,2,4,3,0,0,,,5,,,,2,2,,,0,15667,20459,5416,,3458,,,1417,292,125,13125,2583,4750,56375,,,,,16,6,,,4,3,3,6,9,10,
1,paper-scaling-pilot,random-connected,explicit-c0-flow,DominanceEmbedding::explicit_graph + C0 edge bicliques + explicit flow construction/execution/cover recovery + indexed completion,424242,18,1,random-connected:424242:18:3,3,False,True,1,60.0,success,success,0,valid,,,40629333,40556792,9,9,18,1,16,6,2,2,4,3,3,6,9,10,5,0,0,0,2,2,9,10,0,12292,15416,5458,2917,2958,11625,2250,5625,417,167,12709,2125,5041,72541,,,,,16,6,,,4,3,3,6,9,10,
1,paper-scaling-pilot,random-connected,compact-mrd,dominance::biclique::experiment::construct + compressed flow construction/execution/cover recovery + indexed completion,424242,18,1,random-connected:424242:18:3,3,False,True,2,60.0,success,success,0,valid,,,39482584,39410042,9,9,18,1,16,6,2,2,4,,3,6,9,10,5,0,0,0,2,2,,,0,11583,16375,5083,2584,,14584,3291,5917,416,125,11833,2209,4667,72542,,,,,16,6,,,4,3,3,6,9,10,
1,paper-scaling-pilot,random-connected,exact-cover-oracle,exact-cover-oracle::solve (independent bitset branch-and-bound),424242,18,1,random-connected:424242:18:3,3,False,True,3,60.0,success,success,0,valid,,,40339791,40254207,9,9,18,1,16,6,0,0,0,,0,0,,,5,,,,,,,,0,14417,,,,,,,83791,,,,,1500,85584,,,,,16,6,,,4,3,3,6,9,10,
1,paper-scaling-pilot,random-connected,explicit-hopcroft-karp,sg-oracle::grid::build_conflict_graph + Hopcroft-Karp + Konig cover + indexed completion,424242,18,1,random-connected:424242:18:4,4,False,True,0,60.0,success,success,0,valid,,,40697083,40639041,9,9,18,1,16,6,2,2,4,3,0,0,,,5,,,,2,2,,,0,13375,19208,5625,,4167,,,1375,334,167,13375,2625,5626,58042,,,,,16,6,,,4,3,3,6,9,10,
1,paper-scaling-pilot,random-connected,explicit-c0-flow,DominanceEmbedding::explicit_graph + C0 edge bicliques + explicit flow construction/execution/cover recovery + indexed completion,424242,18,1,random-connected:424242:18:4,4,False,True,1,60.0,success,success,0,valid,,,40074542,39998751,9,9,18,1,16,6,2,2,4,3,3,6,9,10,5,0,0,0,2,2,9,10,0,14583,19125,5333,2709,3041,10875,2292,6208,333,125,13083,2584,4750,75791,,,,,16,6,,,4,3,3,6,9,10,
1,paper-scaling-pilot,random-connected,compact-mrd,dominance::biclique::experiment::construct + compressed flow construction/execution/cover recovery + indexed completion,424242,18,1,random-connected:424242:18:4,4,False,True,2,60.0,success,success,0,valid,,,40011833,39926792,9,9,18,1,16,6,2,2,4,,3,6,9,10,5,0,0,0,2,2,,,0,15417,22333,6083,3167,,17209,3292,5750,500,125,13375,2667,4875,85041,,,,,16,6,,,4,3,3,6,9,10,
1,paper-scaling-pilot,random-connected,exact-cover-oracle,exact-cover-oracle::solve (independent bitset branch-and-bound),424242,18,1,random-connected:424242:18:4,4,False,True,3,60.0,success,success,0,valid,,,40623833,40534167,9,9,18,1,16,6,0,0,0,,0,0,,,5,,,,,,,,0,14084,,,,,,,87791,,,,,1417,89666,,,,,16,6,,,4,3,3,6,9,10,
1,paper-scaling-pilot,random-connected,explicit-hopcroft-karp,sg-oracle::grid::build_conflict_graph + Hopcroft-Karp + Konig cover + indexed completion,424242,27,1,random-connected:424242:27:0,0,True,False,0,60.0,success,success,0,valid,,,39705750,39644500,11,11,27,1,22,9,4,3,7,7,0,0,,,6,,,,3,3,,,0,18958,22292,6416,,4167,,,1500,584,208,13250,2375,5208,61250,,,,,,,,,,,,,,,
1,paper-scaling-pilot,random-connected,explicit-c0-flow,DominanceEmbedding::explicit_graph + C0 edge bicliques + explicit flow construction/execution/cover recovery + indexed completion,424242,27,1,random-connected:424242:27:0,0,True,False,1,60.0,success,success,0,valid,,,40218667,40136501,11,11,27,1,22,9,4,3,7,7,7,14,16,21,6,0,0,0,3,3,16,21,0,15167,20625,6083,3000,3084,12041,2417,6541,875,125,13208,2459,5000,82166,,,,,,,,,,,,,,,
1,paper-scaling-pilot,random-connected,compact-mrd,dominance::biclique::experiment::construct + compressed flow construction/execution/cover recovery + indexed completion,424242,27,1,random-connected:424242:27:0,0,True,False,2,60.0,success,success,0,valid,,,40474958,40391000,11,11,27,1,22,9,4,3,7,,4,10,13,17,6,0,0,0,3,3,,,0,17291,19791,6333,2833,,19083,3458,6542,542,125,12625,2250,4583,83958,,,,,,,,,,,,,,,
1,paper-scaling-pilot,random-connected,exact-cover-oracle,exact-cover-oracle::solve (independent bitset branch-and-bound),424242,27,1,random-connected:424242:27:0,0,True,False,3,60.0,success,success,0,valid,,,40274541,39944583,11,11,27,1,22,9,0,0,0,,0,0,,,6,,,,,,,,0,16291,,,,,,,328000,,,,,917,329958,,,,,,,,,,,,,,,
1,paper-scaling-pilot,random-connected,explicit-hopcroft-karp,sg-oracle::grid::build_conflict_graph + Hopcroft-Karp + Konig cover + indexed completion,424242,27,1,random-connected:424242:27:0,0,False,True,0,60.0,success,success,0,valid,,,40220542,40162375,11,11,27,1,22,9,4,3,7,7,0,0,,,6,,,,3,3,,,0,15041,20375,5958,,3917,,,1709,417,125,13208,2125,4875,58167,,,,,22,9,,,7,7,4,10,13,17,
1,paper-scaling-pilot,random-connected,explicit-c0-flow,DominanceEmbedding::explicit_graph + C0 edge bicliques + explicit flow construction/execution/cover recovery + indexed completion,424242,27,1,random-connected:424242:27:0,0,False,True,1,60.0,success,success,0,valid,,,40413167,40328250,11,11,27,1,22,9,4,3,7,7,7,14,16,21,6,0,0,0,3,3,16,21,0,17958,21459,6708,3292,3042,12959,2541,6375,1125,291,13167,2375,4833,84917,,,,,22,9,,,7,7,4,10,13,17,
1,paper-scaling-pilot,random-connected,compact-mrd,dominance::biclique::experiment::construct + compressed flow construction/execution/cover recovery + indexed completion,424242,27,1,random-connected:424242:27:0,0,False,True,2,60.0,success,success,0,valid,,,40521042,40433751,11,11,27,1,22,9,4,3,7,,4,10,13,17,6,0,0,0,3,3,,,0,17000,21958,6834,2833,,18667,3583,6459,500,166,12958,2250,4749,87291,,,,,22,9,,,7,7,4,10,13,17,
1,paper-scaling-pilot,random-connected,exact-cover-oracle,exact-cover-oracle::solve (independent bitset branch-and-bound),424242,27,1,random-connected:424242:27:0,0,False,True,3,60.0,success,success,0,valid,,,40549625,40209458,11,11,27,1,22,9,0,0,0,,0,0,,,6,,,,,,,,0,14666,,,,,,,338041,,,,,1000,340167,,,,,22,9,,,7,7,4,10,13,17,
1,paper-scaling-pilot,random-connected,explicit-hopcroft-karp,sg-oracle::grid::build_conflict_graph + Hopcroft-Karp + Konig cover + indexed completion,424242,27,1,random-connected:424242:27:1,1,False,True,0,60.0,success,success,0,valid,,,39801541,39739416,11,11,27,1,22,9,4,3,7,7,0,0,,,6,,,,3,3,,,0,16542,22083,7042,,4417,,,1750,542,83,13208,2375,5167,62125,,,,,22,9,,,7,7,4,10,13,17,
1,paper-scaling-pilot,random-connected,explicit-c0-flow,DominanceEmbedding::explicit_graph + C0 edge bicliques + explicit flow construction/execution/cover recovery + indexed completion,424242,27,1,random-connected:424242:27:1,1,False,True,1,60.0,success,success,0,valid,,,40278625,40197750,11,11,27,1,22,9,4,3,7,7,7,14,16,21,6,0,0,0,3,3,16,21,0,15083,20083,6292,2875,3125,13041,2666,6167,417,42,12583,2500,4875,80875,,,,,22,9,,,7,7,4,10,13,17,
1,paper-scaling-pilot,random-connected,compact-mrd,dominance::biclique::experiment::construct + compressed flow construction/execution/cover recovery + indexed completion,424242,27,1,random-connected:424242:27:1,1,False,True,2,60.0,success,success,0,valid,,,40314125,40227042,11,11,27,1,22,9,4,3,7,,4,10,13,17,6,0,0,0,3,3,,,0,14959,21584,6542,3083,,17542,4042,6542,500,125,12917,2208,4833,87083,,,,,22,9,,,7,7,4,10,13,17,
1,paper-scaling-pilot,random-connected,exact-cover-oracle,exact-cover-oracle::solve (independent bitset branch-and-bound),424242,27,1,random-connected:424242:27:1,1,False,True,3,60.0,success,success,0,valid,,,40707000,40371917,11,11,27,1,22,9,0,0,0,,0,0,,,6,,,,,,,,0,15708,,,,,,,333625,,,,,1000,335083,,,,,22,9,,,7,7,4,10,13,17,
1,paper-scaling-pilot,random-connected,explicit-hopcroft-karp,sg-oracle::grid::build_conflict_graph + Hopcroft-Karp + Konig cover + indexed completion,424242,27,1,random-connected:424242:27:2,2,False,True,0,60.0,success,success,0,valid,,,40559833,40499666,11,11,27,1,22,9,4,3,7,7,0,0,,,6,,,,3,3,,,0,16166,19709,6292,,4458,,,1542,709,250,13166,2417,6042,60167,,,,,22,9,,,7,7,4,10,13,17,
1,paper-scaling-pilot,random-connected,explicit-c0-flow,DominanceEmbedding::explicit_graph + C0 edge bicliques + explicit flow construction/execution/cover recovery + indexed completion,424242,27,1,random-connected:424242:27:2,2,False,True,1,60.0,success,success,0,valid,,,40764542,40678917,11,11,27,1,22,9,4,3,7,7,7,14,16,21,6,0,0,0,3,3,16,21,0,16125,23292,6792,3084,3375,13542,2708,6375,459,250,12417,2375,5083,85625,,,,,22,9,,,7,7,4,10,13,17,
1,paper-scaling-pilot,random-connected,compact-mrd,dominance::biclique::experiment::construct + compressed flow construction/execution/cover recovery + indexed completion,424242,27,1,random-connected:424242:27:2,2,False,True,2,60.0,success,success,0,valid,,,40662166,40573416,11,11,27,1,22,9,4,3,7,,4,10,13,17,6,0,0,0,3,3,,,0,16125,20125,6583,3083,,20208,4417,6625,500,84,13166,2292,4834,88750,,,,,22,9,,,7,7,4,10,13,17,
1,paper-scaling-pilot,random-connected,exact-cover-oracle,exact-cover-oracle::solve (independent bitset branch-and-bound),424242,27,1,random-connected:424242:27:2,2,False,True,3,60.0,success,success,0,valid,,,41318250,40977292,11,11,27,1,22,9,0,0,0,,0,0,,,6,,,,,,,,0,13666,,,,,,,338625,,,,,1125,340958,,,,,22,9,,,7,7,4,10,13,17,
1,paper-scaling-pilot,random-connected,explicit-hopcroft-karp,sg-oracle::grid::build_conflict_graph + Hopcroft-Karp + Konig cover + indexed completion,424242,27,1,random-connected:424242:27:3,3,False,True,0,60.0,success,success,0,valid,,,40519042,40459625,11,11,27,1,22,9,4,3,7,7,0,0,,,6,,,,3,3,,,0,18500,20083,6291,,3959,,,1458,500,167,13375,2416,5625,59417,,,,,22,9,,,7,7,4,10,13,17,
1,paper-scaling-pilot,random-connected,explicit-c0-flow,DominanceEmbedding::explicit_graph + C0 edge bicliques + explicit flow construction/execution/cover recovery + indexed completion,424242,27,1,random-connected:424242:27:3,3,False,True,1,60.0,success,success,0,valid,,,40550083,40470708,11,11,27,1,22,9,4,3,7,7,7,14,16,21,6,0,0,0,3,3,16,21,0,14042,19000,5750,3125,3167,12125,2625,6209,541,83,12708,2417,5709,79375,,,,,22,9,,,7,7,4,10,13,17,
1,paper-scaling-pilot,random-connected,compact-mrd,dominance::biclique::experiment::construct + compressed flow construction/execution/cover recovery + indexed completion,424242,27,1,random-connected:424242:27:3,3,False,True,2,60.0,success,success,0,valid,,,40774125,40690416,11,11,27,1,22,9,4,3,7,,4,10,13,17,6,0,0,0,3,3,,,0,12042,20333,5959,2917,,17542,3416,6125,583,125,12709,2291,5709,83709,,,,,22,9,,,7,7,4,10,13,17,
1,paper-scaling-pilot,random-connected,exact-cover-oracle,exact-cover-oracle::solve (independent bitset branch-and-bound),424242,27,1,random-connected:424242:27:3,3,False,True,3,60.0,success,success,0,valid,,,40963666,40626957,11,11,27,1,22,9,0,0,0,,0,0,,,6,,,,,,,,0,15125,,,,,,,334791,,,,,1000,336709,,,,,22,9,,,7,7,4,10,13,17,
1,paper-scaling-pilot,random-connected,explicit-hopcroft-karp,sg-oracle::grid::build_conflict_graph + Hopcroft-Karp + Konig cover + indexed completion,424242,27,1,random-connected:424242:27:4,4,False,True,0,60.0,success,success,0,valid,,,40585667,40529083,11,11,27,1,22,9,4,3,7,7,0,0,,,6,,,,3,3,,,0,16333,19292,6208,,3667,,,1542,541,42,12791,2042,5667,56584,,,,,22,9,,,7,7,4,10,13,17,
1,paper-scaling-pilot,random-connected,explicit-c0-flow,DominanceEmbedding::explicit_graph + C0 edge bicliques + explicit flow construction/execution/cover recovery + indexed completion,424242,27,1,random-connected:424242:27:4,4,False,True,1,60.0,success,success,0,valid,,,40519500,40434208,11,11,27,1,22,9,4,3,7,7,7,14,16,21,6,0,0,0,3,3,16,21,0,14709,20666,6667,3125,3125,13583,3083,6292,709,250,12875,2375,5834,85292,,,,,22,9,,,7,7,4,10,13,17,
1,paper-scaling-pilot,random-connected,compact-mrd,dominance::biclique::experiment::construct + compressed flow construction/execution/cover recovery + indexed completion,424242,27,1,random-connected:424242:27:4,4,False,True,2,60.0,success,success,0,valid,,,40847875,40758916,11,11,27,1,22,9,4,3,7,,4,10,13,17,6,0,0,0,3,3,,,0,13292,21666,6292,3000,,19459,4334,6417,666,167,12541,2209,5583,88959,,,,,22,9,,,7,7,4,10,13,17,
1,paper-scaling-pilot,random-connected,exact-cover-oracle,exact-cover-oracle::solve (independent bitset branch-and-bound),424242,27,1,random-connected:424242:27:4,4,False,True,3,60.0,success,success,0,valid,,,40865541,40531833,11,11,27,1,22,9,0,0,0,,0,0,,,6,,,,,,,,0,14458,,,,,,,331542,,,,,1084,333708,,,,,22,9,,,7,7,4,10,13,17,
1,paper-scaling-pilot,random-connected,explicit-hopcroft-karp,sg-oracle::grid::build_conflict_graph + Hopcroft-Karp + Konig cover + indexed completion,424242,40,1,random-connected:424242:40:0,0,True,False,0,60.0,success,success,0,valid,,,40575125,40505375,13,13,40,1,26,11,4,4,8,9,0,0,,,7,,,,3,3,,,0,18833,25250,6625,,4250,,,1500,1041,167,15959,3250,6917,69750,,,,,,,,,,,,,,,
1,paper-scaling-pilot,random-connected,explicit-c0-flow,DominanceEmbedding::explicit_graph + C0 edge bicliques + explicit flow construction/execution/cover recovery + indexed completion,424242,40,1,random-connected:424242:40:0,0,True,False,1,60.0,success,success,0,valid,,,40395000,40299375,13,13,40,1,26,11,4,4,8,9,9,18,19,26,7,0,0,0,3,3,19,26,0,18916,25375,6083,3000,3083,14917,3334,7000,625,125,16000,2791,6709,95625,,,,,,,,,,,,,,,
1,paper-scaling-pilot,random-connected,compact-mrd,dominance::biclique::experiment::construct + compressed flow construction/execution/cover recovery + indexed completion,424242,40,1,random-connected:424242:40:0,0,True,False,2,60.0,success,success,0,valid,,,40681334,40574293,13,13,40,1,26,11,4,4,8,,6,14,16,22,7,0,0,0,3,3,,,0,23542,26958,7375,2791,,22375,5167,8708,541,292,15917,2958,7417,107041,,,,,,,,,,,,,,,
1,paper-scaling-pilot,random-connected,exact-cover-oracle,exact-cover-oracle::solve (independent bitset branch-and-bound),424242,40,1,random-connected:424242:40:0,0,True,False,3,60.0,success,success,0,valid,,,42530417,40541084,13,13,40,1,26,11,0,0,0,,0,0,,,7,,,,,,,,0,15250,,,,,,,1987125,,,,,1333,1989333,,,,,,,,,,,,,,,
1,paper-scaling-pilot,random-connected,explicit-hopcroft-karp,sg-oracle::grid::build_conflict_graph + Hopcroft-Karp + Konig cover + indexed completion,424242,40,1,random-connected:424242:40:0,0,False,True,0,60.0,success,success,0,valid,,,40438792,40367959,13,13,40,1,26,11,4,4,8,9,0,0,,,7,,,,3,3,,,0,17500,27333,6417,,3916,,,1667,417,208,16417,2791,6208,70833,,,,,26,11,,,8,9,6,14,16,22,
1,paper-scaling-pilot,random-connected,explicit-c0-flow,DominanceEmbedding::explicit_graph + C0 edge bicliques + explicit flow construction/execution/cover recovery + indexed completion,424242,40,1,random-connected:424242:40:0,0,False,True,1,60.0,success,success,0,valid,,,40615500,40485125,13,13,40,1,26,11,4,4,8,9,9,18,19,26,7,0,0,0,3,3,19,26,0,13458,25959,5500,2666,3584,45208,5334,6459,667,208,17667,3000,7416,130375,,,,,26,11,,,8,9,6,14,16,22,
1,paper-scaling-pilot,random-connected,compact-mrd,dominance::biclique::experiment::construct + compressed flow construction/execution/cover recovery + indexed completion,424242,40,1,random-connected:424242:40:0,0,False,True,2,60.0,success,success,0,valid,,,39989666,39891832,13,13,40,1,26,11,4,4,8,,6,14,16,22,7,0,0,0,3,3,,,0,16000,25292,5833,3375,,21333,4125,7708,541,167,15625,2750,5167,97834,,,,,26,11,,,8,9,6,14,16,22,
1,paper-scaling-pilot,random-connected,exact-cover-oracle,exact-cover-oracle::solve (independent bitset branch-and-bound),424242,40,1,random-connected:424242:40:0,0,False,True,3,60.0,success,success,0,valid,,,42333750,40391083,13,13,40,1,26,11,0,0,0,,0,0,,,7,,,,,,,,0,16167,,,,,,,1941083,,,,,1209,1942667,,,,,26,11,,,8,9,6,14,16,22,
1,paper-scaling-pilot,random-connected,explicit-hopcroft-karp,sg-oracle::grid::build_conflict_graph + Hopcroft-Karp + Konig cover + indexed completion,424242,40,1,random-connected:424242:40:1,1,False,True,0,60.0,success,success,0,valid,,,41780833,41711833,13,13,40,1,26,11,4,4,8,9,0,0,,,7,,,,3,3,,,0,19291,26208,6334,,3875,,,1500,500,250,16542,2875,6167,69000,,,,,26,11,,,8,9,6,14,16,22,
1,paper-scaling-pilot,random-connected,explicit-c0-flow,DominanceEmbedding::explicit_graph + C0 edge bicliques + explicit flow construction/execution/cover recovery + indexed completion,424242,40,1,random-connected:424242:40:1,1,False,True,1,60.0,success,success,0,valid,,,41370333,41273458,13,13,40,1,26,11,4,4,8,9,9,18,19,26,7,0,0,0,3,3,19,26,0,16333,26417,5833,3541,2917,14750,3584,7375,625,42,15584,3208,6542,96875,,,,,26,11,,,8,9,6,14,16,22,
1,paper-scaling-pilot,random-connected,compact-mrd,dominance::biclique::experiment::construct + compressed flow construction/execution/cover recovery + indexed completion,424242,40,1,random-connected:424242:40:1,1,False,True,2,60.0,success,success,0,valid,,,40998583,40901458,13,13,40,1,26,11,4,4,8,,6,14,16,22,7,0,0,0,3,3,,,0,19917,25083,5625,2833,,20417,4958,6625,541,167,15541,3250,6251,97125,,,,,26,11,,,8,9,6,14,16,22,
1,paper-scaling-pilot,random-connected,exact-cover-oracle,exact-cover-oracle::solve (independent bitset branch-and-bound),424242,40,1,random-connected:424242:40:1,1,False,True,3,60.0,success,success,0,valid,,,42468375,40430917,13,13,40,1,26,11,0,0,0,,0,0,,,7,,,,,,,,0,16459,,,,,,,2035500,,,,,1291,2037458,,,,,26,11,,,8,9,6,14,16,22,
1,paper-scaling-pilot,random-connected,explicit-hopcroft-karp,sg-oracle::grid::build_conflict_graph + Hopcroft-Karp + Konig cover + indexed completion,424242,40,1,random-connected:424242:40:2,2,False,True,0,60.0,success,success,0,valid,,,40725458,40657125,13,13,40,1,26,11,4,4,8,9,0,0,,,7,,,,3,3,,,0,19167,25834,6125,,3833,,,1625,417,125,16125,2791,6334,68333,,,,,26,11,,,8,9,6,14,16,22,
1,paper-scaling-pilot,random-connected,explicit-c0-flow,DominanceEmbedding::explicit_graph + C0 edge bicliques + explicit flow construction/execution/cover recovery + indexed completion,424242,40,1,random-connected:424242:40:2,2,False,True,1,60.0,success,success,0,valid,,,40589500,40494833,13,13,40,1,26,11,4,4,8,9,9,18,19,26,7,0,0,0,3,3,19,26,0,17208,24667,5666,2750,3250,14875,3208,7208,625,208,15792,2708,7000,94667,,,,,26,11,,,8,9,6,14,16,22,
1,paper-scaling-pilot,random-connected,compact-mrd,dominance::biclique::experiment::construct + compressed flow construction/execution/cover recovery + indexed completion,424242,40,1,random-connected:424242:40:2,2,False,True,2,60.0,success,success,0,valid,,,40519125,40416625,13,13,40,1,26,11,4,4,8,,6,14,16,22,7,0,0,0,3,3,,,0,15875,25833,5792,2958,,21666,3917,9458,584,209,16417,2708,6001,102500,,,,,26,11,,,8,9,6,14,16,22,
1,paper-scaling-pilot,random-connected,exact-cover-oracle,exact-cover-oracle::solve (independent bitset branch-and-bound),424242,40,1,random-connected:424242:40:2,2,False,True,3,60.0,success,success,0,valid,,,41847041,39899916,13,13,40,1,26,11,0,0,0,,0,0,,,7,,,,,,,,0,16709,,,,,,,1944917,,,,,1542,1947125,,,,,26,11,,,8,9,6,14,16,22,
1,paper-scaling-pilot,random-connected,explicit-hopcroft-karp,sg-oracle::grid::build_conflict_graph + Hopcroft-Karp + Konig cover + indexed completion,424242,40,1,random-connected:424242:40:3,3,False,True,0,60.0,success,success,0,valid,,,40307792,40231292,13,13,40,1,26,11,4,4,8,9,0,0,,,7,,,,3,3,,,0,20709,27208,7916,,4500,,,2334,1000,209,17792,2667,6916,76500,,,,,26,11,,,8,9,6,14,16,22,
1,paper-scaling-pilot,random-connected,explicit-c0-flow,DominanceEmbedding::explicit_graph + C0 edge bicliques + explicit flow construction/execution/cover recovery + indexed completion,424242,40,1,random-connected:424242:40:3,3,False,True,1,60.0,success,success,0,valid,,,40965083,40872166,13,13,40,1,26,11,4,4,8,9,9,18,19,26,7,0,0,0,3,3,19,26,0,15792,24666,5667,3666,3042,13792,3542,6291,417,84,15083,3000,6792,92917,,,,,26,11,,,8,9,6,14,16,22,
1,paper-scaling-pilot,random-connected,compact-mrd,dominance::biclique::experiment::construct + compressed flow construction/execution/cover recovery + indexed completion,424242,40,1,random-connected:424242:40:3,3,False,True,2,60.0,success,success,0,valid,,,39841375,39743750,13,13,40,1,26,11,4,4,8,,6,14,16,22,7,0,0,0,3,3,,,0,16208,24791,7000,2625,,20084,3542,8208,375,208,15708,2917,5833,97625,,,,,26,11,,,8,9,6,14,16,22,
1,paper-scaling-pilot,random-connected,exact-cover-oracle,exact-cover-oracle::solve (independent bitset branch-and-bound),424242,40,1,random-connected:424242:40:3,3,False,True,3,60.0,success,success,0,valid,,,42474500,40486958,13,13,40,1,26,11,0,0,0,,0,0,,,7,,,,,,,,0,15208,,,,,,,1985584,,,,,1375,1987542,,,,,26,11,,,8,9,6,14,16,22,
1,paper-scaling-pilot,random-connected,explicit-hopcroft-karp,sg-oracle::grid::build_conflict_graph + Hopcroft-Karp + Konig cover + indexed completion,424242,40,1,random-connected:424242:40:4,4,False,True,0,60.0,success,success,0,valid,,,40842958,40771167,13,13,40,1,26,11,4,4,8,9,0,0,,,7,,,,3,3,,,0,20958,26708,6958,,4292,,,2166,542,167,15750,2917,6958,71791,,,,,26,11,,,8,9,6,14,16,22,
1,paper-scaling-pilot,random-connected,explicit-c0-flow,DominanceEmbedding::explicit_graph + C0 edge bicliques + explicit flow construction/execution/cover recovery + indexed completion,424242,40,1,random-connected:424242:40:4,4,False,True,1,60.0,success,success,0,valid,,,40502500,40407583,13,13,40,1,26,11,4,4,8,9,9,18,19,26,7,0,0,0,3,3,19,26,0,16750,27083,5583,2791,3125,14042,3750,6375,333,125,16083,2750,6542,94917,,,,,26,11,,,8,9,6,14,16,22,
1,paper-scaling-pilot,random-connected,compact-mrd,dominance::biclique::experiment::construct + compressed flow construction/execution/cover recovery + indexed completion,424242,40,1,random-connected:424242:40:4,4,False,True,2,60.0,success,success,0,valid,,,40464666,40369708,13,13,40,1,26,11,4,4,8,,6,14,16,22,7,0,0,0,3,3,,,0,16709,25042,5292,2584,,20833,4000,7375,500,167,15209,2666,5166,94958,,,,,26,11,,,8,9,6,14,16,22,
1,paper-scaling-pilot,random-connected,exact-cover-oracle,exact-cover-oracle::solve (independent bitset branch-and-bound),424242,40,1,random-connected:424242:40:4,4,False,True,3,60.0,success,success,0,valid,,,42851792,40862959,13,13,40,1,26,11,0,0,0,,0,0,,,7,,,,,,,,0,19875,,,,,,,1987250,,,,,1292,1988833,,,,,26,11,,,8,9,6,14,16,22,
1,paper-scaling-pilot,random-connected,explicit-hopcroft-karp,sg-oracle::grid::build_conflict_graph + Hopcroft-Karp + Konig cover + indexed completion,424242,60,1,random-connected:424242:60:0,0,True,False,0,60.0,success,success,0,valid,,,40966500,40885792,16,16,60,1,28,12,2,4,6,3,0,0,,,9,,,,2,2,,,0,24167,30250,7042,,4458,,,1625,375,209,20250,3583,7417,80708,,,,,,,,,,,,,,,
1,paper-scaling-pilot,random-connected,explicit-c0-flow,DominanceEmbedding::explicit_graph + C0 edge bicliques + explicit flow construction/execution/cover recovery + indexed completion,424242,60,1,random-connected:424242:60:0,0,True,False,1,60.0,success,success,0,valid,,,40284292,40183959,16,16,60,1,28,12,2,4,6,3,3,6,11,12,9,0,0,0,2,2,11,12,0,20375,32083,5458,2667,2875,11542,2375,6959,291,83,19916,3459,6542,100333,,,,,,,,,,,,,,,
1,paper-scaling-pilot,random-connected,compact-mrd,dominance::biclique::experiment::construct + compressed flow construction/execution/cover recovery + indexed completion,424242,60,1,random-connected:424242:60:0,0,True,False,2,60.0,success,success,0,valid,,,40568500,40465083,16,16,60,1,28,12,2,4,6,,2,5,10,11,9,0,0,0,2,2,,,0,14292,30542,5667,2708,,17333,3292,6542,375,167,20833,3750,5876,103417,,,,,,,,,,,,,,,
1,paper-scaling-pilot,random-connected,exact-cover-oracle,exact-cover-oracle::solve (bitset branch-and-bound; predeclared cell limit),424242,60,1,random-connected:424242:60:0,0,True,False,3,60.0,unsupported,unsupported,0,unsupported,foreground cell count 60 exceeds oracle limit 40,,40561875,,16,16,60,1,28,12,,,,,,,,,,,,,,,,,0,17375,,,,,,,,,,,,,,,,,,,,,,,,,,,,
1,paper-scaling-pilot,random-connected,explicit-hopcroft-karp,sg-oracle::grid::build_conflict_graph + Hopcroft-Karp + Konig cover + indexed completion,424242,60,1,random-connected:424242:60:0,0,False,True,0,60.0,success,success,0,valid,,,40069375,39992583,16,16,60,1,28,12,2,4,6,3,0,0,,,9,,,,2,2,,,0,13750,30917,5791,,3500,,,1291,375,166,19041,3417,6833,76792,,,,,28,12,,,6,3,2,5,10,11,
1,paper-scaling-pilot,random-connected,explicit-c0-flow,DominanceEmbedding::explicit_graph + C0 edge bicliques + explicit flow construction/execution/cover recovery + indexed completion,424242,60,1,random-connected:424242:60:0,0,False,True,1,60.0,success,success,0,valid,,,40444000,40344500,16,16,60,1,28,12,2,4,6,3,3,6,11,12,9,0,0,0,2,2,11,12,0,16791,30000,6125,2625,2833,11666,3041,6584,500,208,20291,3625,5708,99500,,,,,28,12,,,6,3,2,5,10,11,
1,paper-scaling-pilot,random-connected,compact-mrd,dominance::biclique::experiment::construct + compressed flow construction/execution/cover recovery + indexed completion,424242,60,1,random-connected:424242:60:0,0,False,True,2,60.0,success,success,0,valid,,,41029917,40925334,16,16,60,1,28,12,2,4,6,,2,5,10,11,9,0,0,0,2,2,,,0,16125,30875,6083,2792,,18000,3250,6459,417,41,20667,3792,5832,104583,,,,,28,12,,,6,3,2,5,10,11,
1,paper-scaling-pilot,random-connected,exact-cover-oracle,exact-cover-oracle::solve (bitset branch-and-bound; predeclared cell limit),424242,60,1,random-connected:424242:60:0,0,False,True,3,60.0,unsupported,unsupported,0,unsupported,foreground cell count 60 exceeds oracle limit 40,,40178875,,16,16,60,1,28,12,,,,,,,,,,,,,,,,,0,16959,,,,,,,,,,,,,,,,,,28,12,,,6,3,2,5,10,11,
1,paper-scaling-pilot,random-connected,explicit-hopcroft-karp,sg-oracle::grid::build_conflict_graph + Hopcroft-Karp + Konig cover + indexed completion,424242,60,1,random-connected:424242:60:1,1,False,True,0,60.0,success,success,0,valid,,,39959875,39881959,16,16,60,1,28,12,2,4,6,3,0,0,,,9,,,,2,2,,,0,19125,30541,5709,,3750,,,1584,292,84,20791,3417,6125,77916,,,,,28,12,,,6,3,2,5,10,11,
1,paper-scaling-pilot,random-connected,explicit-c0-flow,DominanceEmbedding::explicit_graph + C0 edge bicliques + explicit flow construction/execution/cover recovery + indexed completion,424242,60,1,random-connected:424242:60:1,1,False,True,1,60.0,success,success,0,valid,,,40813625,40717125,16,16,60,1,28,12,2,4,6,3,3,6,11,12,9,0,0,0,2,2,11,12,0,16917,30458,5459,2667,3000,10875,3167,5625,333,166,18792,3291,6333,96500,,,,,28,12,,,6,3,2,5,10,11,
1,paper-scaling-pilot,random-connected,compact-mrd,dominance::biclique::experiment::construct + compressed flow construction/execution/cover recovery + indexed completion,424242,60,1,random-connected:424242:60:1,1,False,True,2,60.0,success,success,0,valid,,,40399083,40297292,16,16,60,1,28,12,2,4,6,,2,5,10,11,9,0,0,0,2,2,,,0,15958,31541,5458,2625,,17416,3167,5584,500,166,19083,3208,5917,101791,,,,,28,12,,,6,3,2,5,10,11,
1,paper-scaling-pilot,random-connected,exact-cover-oracle,exact-cover-oracle::solve (bitset branch-and-bound; predeclared cell limit),424242,60,1,random-connected:424242:60:1,1,False,True,3,60.0,unsupported,unsupported,0,unsupported,foreground cell count 60 exceeds oracle limit 40,,40314666,,16,16,60,1,28,12,,,,,,,,,,,,,,,,,0,18959,,,,,,,,,,,,,,,,,,28,12,,,6,3,2,5,10,11,
1,paper-scaling-pilot,random-connected,explicit-hopcroft-karp,sg-oracle::grid::build_conflict_graph + Hopcroft-Karp + Konig cover + indexed completion,424242,60,1,random-connected:424242:60:2,2,False,True,0,60.0,success,success,0,valid,,,40052208,39974374,16,16,60,1,28,12,2,4,6,3,0,0,,,9,,,,2,2,,,0,20250,30250,6000,,3583,,,1625,333,125,20667,3375,6500,77834,,,,,28,12,,,6,3,2,5,10,11,
1,paper-scaling-pilot,random-connected,explicit-c0-flow,DominanceEmbedding::explicit_graph + C0 edge bicliques + explicit flow construction/execution/cover recovery + indexed completion,424242,60,1,random-connected:424242:60:2,2,False,True,1,60.0,success,success,0,valid,,,40742459,40644376,16,16,60,1,28,12,2,4,6,3,3,6,11,12,9,0,0,0,2,2,11,12,0,20083,29834,6541,2500,2958,11416,3125,5667,375,83,19833,3333,6501,98083,,,,,28,12,,,6,3,2,5,10,11,
1,paper-scaling-pilot,random-connected,compact-mrd,dominance::biclique::experiment::construct + compressed flow construction/execution/cover recovery + indexed completion,424242,60,1,random-connected:424242:60:2,2,False,True,2,60.0,success,success,0,valid,,,40509041,40407582,16,16,60,1,28,12,2,4,6,,2,5,10,11,9,0,0,0,2,2,,,0,15083,29708,5542,2666,,18459,3458,5667,1000,125,19125,3417,6041,101459,,,,,28,12,,,6,3,2,5,10,11,
1,paper-scaling-pilot,random-connected,exact-cover-oracle,exact-cover-oracle::solve (bitset branch-and-bound; predeclared cell limit),424242,60,1,random-connected:424242:60:2,2,False,True,3,60.0,unsupported,unsupported,0,unsupported,foreground cell count 60 exceeds oracle limit 40,,40065334,,16,16,60,1,28,12,,,,,,,,,,,,,,,,,0,18125,,,,,,,,,,,,,,,,,,28,12,,,6,3,2,5,10,11,
1,paper-scaling-pilot,random-connected,explicit-hopcroft-karp,sg-oracle::grid::build_conflict_graph + Hopcroft-Karp + Konig cover + indexed completion,424242,60,1,random-connected:424242:60:3,3,False,True,0,60.0,success,success,0,valid,,,40279042,40198875,16,16,60,1,28,12,2,4,6,3,0,0,,,9,,,,2,2,,,0,24375,30292,6541,,3750,,,1333,292,125,20958,3500,7250,80167,,,,,28,12,,,6,3,2,5,10,11,
1,paper-scaling-pilot,random-connected,explicit-c0-flow,DominanceEmbedding::explicit_graph + C0 edge bicliques + explicit flow construction/execution/cover recovery + indexed completion,424242,60,1,random-connected:424242:60:3,3,False,True,1,60.0,success,success,0,valid,,,40311667,40214875,16,16,60,1,28,12,2,4,6,3,3,6,11,12,9,0,0,0,2,2,11,12,0,19417,29000,5958,2583,2875,11667,2167,5416,500,83,19708,3417,6833,96792,,,,,28,12,,,6,3,2,5,10,11,
1,paper-scaling-pilot,random-connected,compact-mrd,dominance::biclique::experiment::construct + compressed flow construction/execution/cover recovery + indexed completion,424242,60,1,random-connected:424242:60:3,3,False,True,2,60.0,success,success,0,valid,,,40542542,40441625,16,16,60,1,28,12,2,4,6,,2,5,10,11,9,0,0,0,2,2,,,0,22083,29417,5834,2583,,17917,3041,5625,458,167,20125,3250,5750,100917,,,,,28,12,,,6,3,2,5,10,11,
1,paper-scaling-pilot,random-connected,exact-cover-oracle,exact-cover-oracle::solve (bitset branch-and-bound; predeclared cell limit),424242,60,1,random-connected:424242:60:3,3,False,True,3,60.0,unsupported,unsupported,0,unsupported,foreground cell count 60 exceeds oracle limit 40,,40186875,,16,16,60,1,28,12,,,,,,,,,,,,,,,,,0,16875,,,,,,,,,,,,,,,,,,28,12,,,6,3,2,5,10,11,
1,paper-scaling-pilot,random-connected,explicit-hopcroft-karp,sg-oracle::grid::build_conflict_graph + Hopcroft-Karp + Konig cover + indexed completion,424242,60,1,random-connected:424242:60:4,4,False,True,0,60.0,success,success,0,valid,,,40306750,40227834,16,16,60,1,28,12,2,4,6,3,0,0,,,9,,,,2,2,,,0,18750,31500,6042,,3667,,,1458,375,167,19292,3666,7583,78916,,,,,28,12,,,6,3,2,5,10,11,
1,paper-scaling-pilot,random-connected,explicit-c0-flow,DominanceEmbedding::explicit_graph + C0 edge bicliques + explicit flow construction/execution/cover recovery + indexed completion,424242,60,1,random-connected:424242:60:4,4,False,True,1,60.0,success,success,0,valid,,,40223458,40123416,16,16,60,1,28,12,2,4,6,3,3,6,11,12,9,0,0,0,2,2,11,12,0,18666,31458,6584,2625,2792,11167,2208,6625,292,125,18791,3417,7041,100042,,,,,28,12,,,6,3,2,5,10,11,
1,paper-scaling-pilot,random-connected,compact-mrd,dominance::biclique::experiment::construct + compressed flow construction/execution/cover recovery + indexed completion,424242,60,1,random-connected:424242:60:4,4,False,True,2,60.0,success,success,0,valid,,,39985792,39886042,16,16,60,1,28,12,2,4,6,,2,5,10,11,9,0,0,0,2,2,,,0,14166,30375,5500,2834,,16709,3208,5750,417,166,19459,3625,5666,99750,,,,,28,12,,,6,3,2,5,10,11,
1,paper-scaling-pilot,random-connected,exact-cover-oracle,exact-cover-oracle::solve (bitset branch-and-bound; predeclared cell limit),424242,60,1,random-connected:424242:60:4,4,False,True,3,60.0,unsupported,unsupported,0,unsupported,foreground cell count 60 exceeds oracle limit 40,,39868208,,16,16,60,1,28,12,,,,,,,,,,,,,,,,,0,17125,,,,,,,,,,,,,,,,,,28,12,,,6,3,2,5,10,11,
1,paper-scaling-pilot,dense-conflict,explicit-hopcroft-karp,sg-oracle::grid::build_conflict_graph + Hopcroft-Karp + Konig cover + indexed completion,424242,8,1,dense-conflict:424242:8:0,0,True,False,0,60.0,success,success,0,valid,,,40471750,40323791,13,13,137,1,68,32,16,16,32,96,0,0,,,17,,,,16,16,,,0,10625,54542,8667,,6875,,,3584,375,292,54291,4750,6500,147959,,,,,,,,,,,,,,,
1,paper-scaling-pilot,dense-conflict,exact-cover-oracle,exact-cover-oracle::solve (bitset branch-and-bound; predeclared cell limit),424242,8,1,dense-conflict:424242:8:0,0,True,False,1,60.0,unsupported,unsupported,0,unsupported,foreground cell count 137 exceeds oracle limit 40,,40383958,,13,13,137,1,68,32,,,,,,,,,,,,,,,,,0,8833,,,,,,,,,,,,,,,,,,,,,,,,,,,,
1,paper-scaling-pilot,dense-conflict,explicit-c0-flow,DominanceEmbedding::explicit_graph + C0 edge bicliques + explicit flow construction/execution/cover recovery + indexed completion,424242,8,1,dense-conflict:424242:8:0,0,True,False,2,60.0,success,success,0,valid,,,41047333,40841249,13,13,137,1,68,32,16,16,32,96,96,192,130,224,17,0,0,0,16,16,130,224,0,8583,56375,8500,3250,5750,56042,7333,18750,583,41,25334,5041,6959,206084,,,,,,,,,,,,,,,
1,paper-scaling-pilot,dense-conflict,compact-mrd,dominance::biclique::experiment::construct + compressed flow construction/execution/cover recovery + indexed completion,424242,8,1,dense-conflict:424242:8:0,0,True,False,3,60.0,success,success,0,valid,,,40609541,40403708,13,13,137,1,68,32,16,16,32,,24,84,58,116,17,0,0,0,16,16,,,0,8917,54625,8750,3292,,70917,5875,16042,708,250,25083,4583,6251,205833,,,,,,,,,,,,,,,
1,paper-scaling-pilot,dense-conflict,explicit-hopcroft-karp,sg-oracle::grid::build_conflict_graph + Hopcroft-Karp + Konig cover + indexed completion,424242,8,1,dense-conflict:424242:8:0,0,False,True,0,60.0,success,success,0,valid,,,41039375,40920667,13,13,137,1,68,32,16,16,32,96,0,0,,,17,,,,16,16,,,0,10167,53417,8625,,6958,,,3541,417,166,25042,4875,7666,118708,,,,,68,32,,,32,96,24,84,58,116,
1,paper-scaling-pilot,dense-conflict,exact-cover-oracle,exact-cover-oracle::solve (bitset branch-and-bound; predeclared cell limit),424242,8,1,dense-conflict:424242:8:0,0,False,True,1,60.0,unsupported,unsupported,0,unsupported,foreground cell count 137 exceeds oracle limit 40,,40805375,,13,13,137,1,68,32,,,,,,,,,,,,,,,,,0,8500,,,,,,,,,,,,,,,,,,68,32,,,32,96,24,84,58,116,
1,paper-scaling-pilot,dense-conflict,explicit-c0-flow,DominanceEmbedding::explicit_graph + C0 edge bicliques + explicit flow construction/execution/cover recovery + indexed completion,424242,8,1,dense-conflict:424242:8:0,0,False,True,2,60.0,success,success,0,valid,,,40809333,40601000,13,13,137,1,68,32,16,16,32,96,96,192,130,224,17,0,0,0,16,16,130,224,0,9750,65458,9584,3333,6250,47667,6875,18875,667,125,24541,4875,5876,208333,,,,,68,32,,,32,96,24,84,58,116,
1,paper-scaling-pilot,dense-conflict,compact-mrd,dominance::biclique::experiment::construct + compressed flow construction/execution/cover recovery + indexed completion,424242,8,1,dense-conflict:424242:8:0,0,False,True,3,60.0,success,success,0,valid,,,41095583,40883583,13,13,137,1,68,32,16,16,32,,24,84,58,116,17,0,0,0,16,16,,,0,9959,52750,7583,3333,,77792,5750,15291,709,250,26042,5417,6792,212000,,,,,68,32,,,32,96,24,84,58,116,
1,paper-scaling-pilot,dense-conflict,explicit-hopcroft-karp,sg-oracle::grid::build_conflict_graph + Hopcroft-Karp + Konig cover + indexed completion,424242,8,1,dense-conflict:424242:8:1,1,False,True,0,60.0,success,success,0,valid,,,40707292,40589334,13,13,137,1,68,32,16,16,32,96,0,0,,,17,,,,16,16,,,0,11209,54792,8625,,6792,,,2625,333,167,25041,4750,7250,117958,,,,,68,32,,,32,96,24,84,58,116,
1,paper-scaling-pilot,dense-conflict,exact-cover-oracle,exact-cover-oracle::solve (bitset branch-and-bound; predeclared cell limit),424242,8,1,dense-conflict:424242:8:1,1,False,True,1,60.0,unsupported,unsupported,0,unsupported,foreground cell count 137 exceeds oracle limit 40,,40250625,,13,13,137,1,68,32,,,,,,,,,,,,,,,,,0,10334,,,,,,,,,,,,,,,,,,68,32,,,32,96,24,84,58,116,
1,paper-scaling-pilot,dense-conflict,explicit-c0-flow,DominanceEmbedding::explicit_graph + C0 edge bicliques + explicit flow construction/execution/cover recovery + indexed completion,424242,8,1,dense-conflict:424242:8:1,1,False,True,2,60.0,success,success,0,valid,,,40433750,40235958,13,13,137,1,68,32,16,16,32,96,96,192,130,224,17,0,0,0,16,16,130,224,0,10250,55166,8834,3333,5709,47084,8625,19042,625,167,24375,4750,7251,197792,,,,,68,32,,,32,96,24,84,58,116,
1,paper-scaling-pilot,dense-conflict,compact-mrd,dominance::biclique::experiment::construct + compressed flow construction/execution/cover recovery + indexed completion,424242,8,1,dense-conflict:424242:8:1,1,False,True,3,60.0,success,success,0,valid,,,40281334,40073792,13,13,137,1,68,32,16,16,32,,24,84,58,116,17,0,0,0,16,16,,,0,10500,55208,9000,3209,,72291,5333,14875,500,125,24500,5583,7084,207542,,,,,68,32,,,32,96,24,84,58,116,
1,paper-scaling-pilot,dense-conflict,explicit-hopcroft-karp,sg-oracle::grid::build_conflict_graph + Hopcroft-Karp + Konig cover + indexed completion,424242,8,1,dense-conflict:424242:8:2,2,False,True,0,60.0,success,success,0,valid,,,40383500,40269667,13,13,137,1,68,32,16,16,32,96,0,0,,,17,,,,16,16,,,0,9166,52084,8750,,6292,,,2667,416,42,24208,4875,6583,113833,,,,,68,32,,,32,96,24,84,58,116,
1,paper-scaling-pilot,dense-conflict,exact-cover-oracle,exact-cover-oracle::solve (bitset branch-and-bound; predeclared cell limit),424242,8,1,dense-conflict:424242:8:2,2,False,True,1,60.0,unsupported,unsupported,0,unsupported,foreground cell count 137 exceeds oracle limit 40,,40598375,,13,13,137,1,68,32,,,,,,,,,,,,,,,,,0,10584,,,,,,,,,,,,,,,,,,68,32,,,32,96,24,84,58,116,
1,paper-scaling-pilot,dense-conflict,explicit-c0-flow,DominanceEmbedding::explicit_graph + C0 edge bicliques + explicit flow construction/execution/cover recovery + indexed completion,424242,8,1,dense-conflict:424242:8:2,2,False,True,2,60.0,success,success,0,valid,,,40164333,39967625,13,13,137,1,68,32,16,16,32,96,96,192,130,224,17,0,0,0,16,16,130,224,0,13250,54667,9292,3250,5958,48875,6583,18625,666,167,24625,4542,6417,196708,,,,,68,32,,,32,96,24,84,58,116,
1,paper-scaling-pilot,dense-conflict,compact-mrd,dominance::biclique::experiment::construct + compressed flow construction/execution/cover recovery + indexed completion,424242,8,1,dense-conflict:424242:8:2,2,False,True,3,60.0,success,success,0,valid,,,40086667,39873125,13,13,137,1,68,32,16,16,32,,24,84,58,116,17,0,0,0,16,16,,,0,12083,53167,9042,3084,,77458,5875,14875,666,125,24916,5667,7375,213542,,,,,68,32,,,32,96,24,84,58,116,
1,paper-scaling-pilot,dense-conflict,explicit-hopcroft-karp,sg-oracle::grid::build_conflict_graph + Hopcroft-Karp + Konig cover + indexed completion,424242,8,1,dense-conflict:424242:8:3,3,False,True,0,60.0,success,success,0,valid,,,40371750,40251709,13,13,137,1,68,32,16,16,32,96,0,0,,,17,,,,16,16,,,0,10083,57833,9167,,6459,,,2792,333,167,24292,4583,6792,120041,,,,,68,32,,,32,96,24,84,58,116,
1,paper-scaling-pilot,dense-conflict,exact-cover-oracle,exact-cover-oracle::solve (bitset branch-and-bound; predeclared cell limit),424242,8,1,dense-conflict:424242:8:3,3,False,True,1,60.0,unsupported,unsupported,0,unsupported,foreground cell count 137 exceeds oracle limit 40,,40353625,,13,13,137,1,68,32,,,,,,,,,,,,,,,,,0,9291,,,,,,,,,,,,,,,,,,68,32,,,32,96,24,84,58,116,
1,paper-scaling-pilot,dense-conflict,explicit-c0-flow,DominanceEmbedding::explicit_graph + C0 edge bicliques + explicit flow construction/execution/cover recovery + indexed completion,424242,8,1,dense-conflict:424242:8:3,3,False,True,2,60.0,success,success,0,valid,,,41222875,41030125,13,13,137,1,68,32,16,16,32,96,96,192,130,224,17,0,0,0,16,16,130,224,0,11208,51167,8292,3250,5375,48500,5459,20041,708,125,23917,4875,7334,192750,,,,,68,32,,,32,96,24,84,58,116,
1,paper-scaling-pilot,dense-conflict,compact-mrd,dominance::biclique::experiment::construct + compressed flow construction/execution/cover recovery + indexed completion,424242,8,1,dense-conflict:424242:8:3,3,False,True,3,60.0,success,success,0,valid,,,40263208,40052917,13,13,137,1,68,32,16,16,32,,24,84,58,116,17,0,0,0,16,16,,,0,8666,55959,7667,3083,,74625,5667,14791,709,209,24750,4750,7501,210291,,,,,68,32,,,32,96,24,84,58,116,
1,paper-scaling-pilot,dense-conflict,explicit-hopcroft-karp,sg-oracle::grid::build_conflict_graph + Hopcroft-Karp + Konig cover + indexed completion,424242,8,1,dense-conflict:424242:8:4,4,False,True,0,60.0,success,success,0,valid,,,42012084,41891459,13,13,137,1,68,32,16,16,32,96,0,0,,,17,,,,16,16,,,0,9500,53417,7333,,7084,,,2666,417,125,25542,6416,8375,120625,,,,,68,32,,,32,96,24,84,58,116,
1,paper-scaling-pilot,dense-conflict,exact-cover-oracle,exact-cover-oracle::solve (bitset branch-and-bound; predeclared cell limit),424242,8,1,dense-conflict:424242:8:4,4,False,True,1,60.0,unsupported,unsupported,0,unsupported,foreground cell count 137 exceeds oracle limit 40,,41091084,,13,13,137,1,68,32,,,,,,,,,,,,,,,,,0,10333,,,,,,,,,,,,,,,,,,68,32,,,32,96,24,84,58,116,
1,paper-scaling-pilot,dense-conflict,explicit-c0-flow,DominanceEmbedding::explicit_graph + C0 edge bicliques + explicit flow construction/execution/cover recovery + indexed completion,424242,8,1,dense-conflict:424242:8:4,4,False,True,2,60.0,success,success,0,valid,,,41220208,41016583,13,13,137,1,68,32,16,16,32,96,96,192,130,224,17,0,0,0,16,16,130,224,0,9667,58250,8875,6042,6625,46125,8458,17791,625,42,24291,5250,8626,203625,,,,,68,32,,,32,96,24,84,58,116,
1,paper-scaling-pilot,dense-conflict,compact-mrd,dominance::biclique::experiment::construct + compressed flow construction/execution/cover recovery + indexed completion,424242,8,1,dense-conflict:424242:8:4,4,False,True,3,60.0,success,success,0,valid,,,41283375,41078666,13,13,137,1,68,32,16,16,32,,24,84,58,116,17,0,0,0,16,16,,,0,10000,53375,8709,3375,,71417,5000,15583,542,209,24875,5458,6001,204709,,,,,68,32,,,32,96,24,84,58,116,
1,paper-scaling-pilot,dense-conflict,explicit-hopcroft-karp,sg-oracle::grid::build_conflict_graph + Hopcroft-Karp + Konig cover + indexed completion,424242,12,1,dense-conflict:424242:12:0,0,True,False,0,60.0,success,success,0,valid,,,41138708,40958750,17,17,249,1,100,48,24,24,48,192,0,0,,,25,,,,24,24,,,0,8792,79250,10584,,8333,,,3958,333,209,34292,24166,7834,179958,,,,,,,,,,,,,,,
1,paper-scaling-pilot,dense-conflict,exact-cover-oracle,exact-cover-oracle::solve (bitset branch-and-bound; predeclared cell limit),424242,12,1,dense-conflict:424242:12:0,0,True,False,1,60.0,unsupported,unsupported,0,unsupported,foreground cell count 249 exceeds oracle limit 40,,41404875,,17,17,249,1,100,48,,,,,,,,,,,,,,,,,0,12916,,,,,,,,,,,,,,,,,,,,,,,,,,,,
1,paper-scaling-pilot,dense-conflict,explicit-c0-flow,DominanceEmbedding::explicit_graph + C0 edge bicliques + explicit flow construction/execution/cover recovery + indexed completion,424242,12,1,dense-conflict:424242:12:0,0,True,False,2,60.0,success,success,0,valid,,,41550500,41253667,17,17,249,1,100,48,24,24,48,192,192,384,242,432,25,0,0,0,24,24,242,432,0,11291,79167,17208,3792,9500,77166,11167,26833,792,167,35791,7334,7583,296833,,,,,,,,,,,,,,,
1,paper-scaling-pilot,dense-conflict,compact-mrd,dominance::biclique::experiment::construct + compressed flow construction/execution/cover recovery + indexed completion,424242,12,1,dense-conflict:424242:12:0,0,True,False,3,60.0,success,success,0,valid,,,41164208,40799667,17,17,249,1,100,48,24,24,48,,46,145,96,193,25,0,0,0,24,24,,,0,10792,121792,13750,7500,,107583,6583,21833,875,208,50583,7917,9624,364541,,,,,,,,,,,,,,,
1,paper-scaling-pilot,dense-conflict,explicit-hopcroft-karp,sg-oracle::grid::build_conflict_graph + Hopcroft-Karp + Konig cover + indexed completion,424242,12,1,dense-conflict:424242:12:0,0,False,True,0,60.0,success,success,0,valid,,,41146750,40969125,17,17,249,1,100,48,24,24,48,192,0,0,,,25,,,,24,24,,,0,9417,82000,13333,,8917,,,4875,416,167,41291,7250,8126,177625,,,,,100,48,,,48,192,46,145,96,193,
1,paper-scaling-pilot,dense-conflict,exact-cover-oracle,exact-cover-oracle::solve (bitset branch-and-bound; predeclared cell limit),424242,12,1,dense-conflict:424242:12:0,0,False,True,1,60.0,unsupported,unsupported,0,unsupported,foreground cell count 249 exceeds oracle limit 40,,40493334,,17,17,249,1,100,48,,,,,,,,,,,,,,,,,0,9125,,,,,,,,,,,,,,,,,,100,48,,,48,192,46,145,96,193,
1,paper-scaling-pilot,dense-conflict,explicit-c0-flow,DominanceEmbedding::explicit_graph + C0 edge bicliques + explicit flow construction/execution/cover recovery + indexed completion,424242,12,1,dense-conflict:424242:12:0,0,False,True,2,60.0,success,success,0,valid,,,40704750,40421375,17,17,249,1,100,48,24,24,48,192,192,384,242,432,25,0,0,0,24,24,242,432,0,10625,79125,11542,3792,7916,74750,9667,27458,708,208,35250,7042,7333,283375,,,,,100,48,,,48,192,46,145,96,193,
1,paper-scaling-pilot,dense-conflict,compact-mrd,dominance::biclique::experiment::construct + compressed flow construction/execution/cover recovery + indexed completion,424242,12,1,dense-conflict:424242:12:0,0,False,True,3,60.0,success,success,0,valid,,,40495708,40203333,17,17,249,1,100,48,24,24,48,,46,145,96,193,25,0,0,0,24,24,,,0,10541,81625,10375,3375,,108208,5542,20250,709,125,33916,6959,7625,292375,,,,,100,48,,,48,192,46,145,96,193,
1,paper-scaling-pilot,dense-conflict,explicit-hopcroft-karp,sg-oracle::grid::build_conflict_graph + Hopcroft-Karp + Konig cover + indexed completion,424242,12,1,dense-conflict:424242:12:1,1,False,True,0,60.0,success,success,0,valid,,,40581708,40418708,17,17,249,1,100,48,24,24,48,192,0,0,,,25,,,,24,24,,,0,10667,79500,9417,,8667,,,4125,458,167,34916,7084,7625,163000,,,,,100,48,,,48,192,46,145,96,193,
1,paper-scaling-pilot,dense-conflict,exact-cover-oracle,exact-cover-oracle::solve (bitset branch-and-bound; predeclared cell limit),424242,12,1,dense-conflict:424242:12:1,1,False,True,1,60.0,unsupported,unsupported,0,unsupported,foreground cell count 249 exceeds oracle limit 40,,40037417,,17,17,249,1,100,48,,,,,,,,,,,,,,,,,0,9125,,,,,,,,,,,,,,,,,,100,48,,,48,192,46,145,96,193,
1,paper-scaling-pilot,dense-conflict,explicit-c0-flow,DominanceEmbedding::explicit_graph + C0 edge bicliques + explicit flow construction/execution/cover recovery + indexed completion,424242,12,1,dense-conflict:424242:12:1,1,False,True,2,60.0,success,success,0,valid,,,40294375,40003208,17,17,249,1,100,48,24,24,48,192,192,384,242,432,25,0,0,0,24,24,242,432,0,14459,82208,11209,3334,8375,77458,9959,26750,958,167,35209,7125,7875,291167,,,,,100,48,,,48,192,46,145,96,193,
1,paper-scaling-pilot,dense-conflict,compact-mrd,dominance::biclique::experiment::construct + compressed flow construction/execution/cover recovery + indexed completion,424242,12,1,dense-conflict:424242:12:1,1,False,True,3,60.0,success,success,0,valid,,,40510916,40220124,17,17,249,1,100,48,24,24,48,,46,145,96,193,25,0,0,0,24,24,,,0,9958,82417,11458,3917,,100125,5875,21042,834,166,34209,7083,8542,290792,,,,,100,48,,,48,192,46,145,96,193,
1,paper-scaling-pilot,dense-conflict,explicit-hopcroft-karp,sg-oracle::grid::build_conflict_graph + Hopcroft-Karp + Konig cover + indexed completion,424242,12,1,dense-conflict:424242:12:2,2,False,True,0,60.0,success,success,0,valid,,,40336792,40169501,17,17,249,1,100,48,24,24,48,192,0,0,,,25,,,,24,24,,,0,9625,79417,11792,,8584,,,4334,375,209,34584,7041,9126,167291,,,,,100,48,,,48,192,46,145,96,193,
1,paper-scaling-pilot,dense-conflict,exact-cover-oracle,exact-cover-oracle::solve (bitset branch-and-bound; predeclared cell limit),424242,12,1,dense-conflict:424242:12:2,2,False,True,1,60.0,unsupported,unsupported,0,unsupported,foreground cell count 249 exceeds oracle limit 40,,40738667,,17,17,249,1,100,48,,,,,,,,,,,,,,,,,0,9416,,,,,,,,,,,,,,,,,,100,48,,,48,192,46,145,96,193,
1,paper-scaling-pilot,dense-conflict,explicit-c0-flow,DominanceEmbedding::explicit_graph + C0 edge bicliques + explicit flow construction/execution/cover recovery + indexed completion,424242,12,1,dense-conflict:424242:12:2,2,False,True,2,60.0,success,success,0,valid,,,40554250,40265125,17,17,249,1,100,48,24,24,48,192,192,384,242,432,25,0,0,0,24,24,242,432,0,9125,82208,11292,3667,7875,75792,9917,27875,666,167,35375,6958,7626,289125,,,,,100,48,,,48,192,46,145,96,193,
1,paper-scaling-pilot,dense-conflict,compact-mrd,dominance::biclique::experiment::construct + compressed flow construction/execution/cover recovery + indexed completion,424242,12,1,dense-conflict:424242:12:2,2,False,True,3,60.0,success,success,0,valid,,,41621917,41302500,17,17,249,1,100,48,24,24,48,,46,145,96,193,25,0,0,0,24,24,,,0,9459,84625,10792,3541,,100417,6541,19917,625,125,35083,7500,8334,319417,,,,,100,48,,,48,192,46,145,96,193,
1,paper-scaling-pilot,dense-conflict,explicit-hopcroft-karp,sg-oracle::grid::build_conflict_graph + Hopcroft-Karp + Konig cover + indexed completion,424242,12,1,dense-conflict:424242:12:3,3,False,True,0,60.0,success,success,0,valid,,,42256959,42085834,17,17,249,1,100,48,24,24,48,192,0,0,,,25,,,,24,24,,,0,13875,83500,11708,,9667,,,4250,666,84,34250,7583,7917,171125,,,,,100,48,,,48,192,46,145,96,193,
1,paper-scaling-pilot,dense-conflict,exact-cover-oracle,exact-cover-oracle::solve (bitset branch-and-bound; predeclared cell limit),424242,12,1,dense-conflict:424242:12:3,3,False,True,1,60.0,unsupported,unsupported,0,unsupported,foreground cell count 249 exceeds oracle limit 40,,41444125,,17,17,249,1,100,48,,,,,,,,,,,,,,,,,0,11167,,,,,,,,,,,,,,,,,,100,48,,,48,192,46,145,96,193,
1,paper-scaling-pilot,dense-conflict,explicit-c0-flow,DominanceEmbedding::explicit_graph + C0 edge bicliques + explicit flow construction/execution/cover recovery + indexed completion,424242,12,1,dense-conflict:424242:12:3,3,False,True,2,60.0,success,success,0,valid,,,40666167,40366167,17,17,249,1,100,48,24,24,48,192,192,384,242,432,25,0,0,0,24,24,242,432,0,10458,82250,11042,3542,8167,84666,9542,26958,667,125,35666,7250,7583,300000,,,,,100,48,,,48,192,46,145,96,193,
1,paper-scaling-pilot,dense-conflict,compact-mrd,dominance::biclique::experiment::construct + compressed flow construction/execution/cover recovery + indexed completion,424242,12,1,dense-conflict:424242:12:3,3,False,True,3,60.0,success,success,0,valid,,,40787250,40500500,17,17,249,1,100,48,24,24,48,,46,145,96,193,25,0,0,0,24,24,,,0,9958,78583,10042,3666,,100459,7708,19375,916,167,35916,7375,7750,286750,,,,,100,48,,,48,192,46,145,96,193,
1,paper-scaling-pilot,dense-conflict,explicit-hopcroft-karp,sg-oracle::grid::build_conflict_graph + Hopcroft-Karp + Konig cover + indexed completion,424242,12,1,dense-conflict:424242:12:4,4,False,True,0,60.0,success,success,0,valid,,,40168334,40004667,17,17,249,1,100,48,24,24,48,192,0,0,,,25,,,,24,24,,,0,9042,79584,10458,,8542,,,4166,750,83,33875,7208,7667,163667,,,,,100,48,,,48,192,46,145,96,193,
1,paper-scaling-pilot,dense-conflict,exact-cover-oracle,exact-cover-oracle::solve (bitset branch-and-bound; predeclared cell limit),424242,12,1,dense-conflict:424242:12:4,4,False,True,1,60.0,unsupported,unsupported,0,unsupported,foreground cell count 249 exceeds oracle limit 40,,40300709,,17,17,249,1,100,48,,,,,,,,,,,,,,,,,0,11667,,,,,,,,,,,,,,,,,,100,48,,,48,192,46,145,96,193,
1,paper-scaling-pilot,dense-conflict,explicit-c0-flow,DominanceEmbedding::explicit_graph + C0 edge bicliques + explicit flow construction/execution/cover recovery + indexed completion,424242,12,1,dense-conflict:424242:12:4,4,False,True,2,60.0,success,success,0,valid,,,40077542,39777459,17,17,249,1,100,48,24,24,48,192,192,384,242,432,25,0,0,0,24,24,242,432,0,11083,86166,13167,4083,7167,80208,10333,28292,750,42,36458,8459,7666,300083,,,,,100,48,,,48,192,46,145,96,193,
1,paper-scaling-pilot,dense-conflict,compact-mrd,dominance::biclique::experiment::construct + compressed flow construction/execution/cover recovery + indexed completion,424242,12,1,dense-conflict:424242:12:4,4,False,True,3,60.0,success,success,0,valid,,,40948917,40668333,17,17,249,1,100,48,24,24,48,,46,145,96,193,25,0,0,0,24,24,,,0,9500,78167,9416,3625,,98708,5375,20791,667,250,34500,7125,7667,280584,,,,,100,48,,,48,192,46,145,96,193,
1,paper-scaling-pilot,dense-conflict,explicit-hopcroft-karp,sg-oracle::grid::build_conflict_graph + Hopcroft-Karp + Konig cover + indexed completion,424242,18,1,dense-conflict:424242:18:0,0,True,False,0,60.0,success,success,0,valid,,,41059292,40805250,23,23,477,1,148,72,36,36,72,396,0,0,,,37,,,,36,36,,,0,10209,125125,13875,,13833,,,4125,500,208,54042,10000,10625,254042,,,,,,,,,,,,,,,
1,paper-scaling-pilot,dense-conflict,exact-cover-oracle,exact-cover-oracle::solve (bitset branch-and-bound; predeclared cell limit),424242,18,1,dense-conflict:424242:18:0,0,True,False,1,60.0,unsupported,unsupported,0,unsupported,foreground cell count 477 exceeds oracle limit 40,,40945375,,23,23,477,1,148,72,,,,,,,,,,,,,,,,,0,12042,,,,,,,,,,,,,,,,,,,,,,,,,,,,
1,paper-scaling-pilot,dense-conflict,explicit-c0-flow,DominanceEmbedding::explicit_graph + C0 edge bicliques + explicit flow construction/execution/cover recovery + indexed completion,424242,18,1,dense-conflict:424242:18:0,0,True,False,2,60.0,success,success,0,valid,,,40764166,40277416,23,23,477,1,148,72,36,36,72,396,396,792,470,864,37,0,0,0,36,36,470,864,0,11166,141667,14167,5375,15000,136458,20917,46208,917,209,54458,9209,9750,486750,,,,,,,,,,,,,,,
1,paper-scaling-pilot,dense-conflict,compact-mrd,dominance::biclique::experiment::construct + compressed flow construction/execution/cover recovery + indexed completion,424242,18,1,dense-conflict:424242:18:0,0,True,False,3,60.0,success,success,0,valid,,,42397292,41976292,23,23,477,1,148,72,36,36,72,,61,218,135,290,37,0,0,0,36,36,,,0,9166,124375,13292,4791,,150125,7708,25209,708,250,53250,8875,9833,421000,,,,,,,,,,,,,,,
1,paper-scaling-pilot,dense-conflict,explicit-hopcroft-karp,sg-oracle::grid::build_conflict_graph + Hopcroft-Karp + Konig cover + indexed completion,424242,18,1,dense-conflict:424242:18:0,0,False,True,0,60.0,success,success,0,valid,,,41205542,40958167,23,23,477,1,148,72,36,36,72,396,0,0,,,37,,,,36,36,,,0,8917,122375,13417,,14875,,,4000,458,125,53209,9166,10042,247375,,,,,148,72,,,72,396,61,218,135,290,
1,paper-scaling-pilot,dense-conflict,exact-cover-oracle,exact-cover-oracle::solve (bitset branch-and-bound; predeclared cell limit),424242,18,1,dense-conflict:424242:18:0,0,False,True,1,60.0,unsupported,unsupported,0,unsupported,foreground cell count 477 exceeds oracle limit 40,,40859042,,23,23,477,1,148,72,,,,,,,,,,,,,,,,,0,8875,,,,,,,,,,,,,,,,,,148,72,,,72,396,61,218,135,290,
1,paper-scaling-pilot,dense-conflict,explicit-c0-flow,DominanceEmbedding::explicit_graph + C0 edge bicliques + explicit flow construction/execution/cover recovery + indexed completion,424242,18,1,dense-conflict:424242:18:0,0,False,True,2,60.0,success,success,0,valid,,,40890584,40425376,23,23,477,1,148,72,36,36,72,396,396,792,470,864,37,0,0,0,36,36,470,864,0,8791,125583,12750,5583,12542,140708,18208,44208,1042,250,53917,9542,9833,465208,,,,,148,72,,,72,396,61,218,135,290,
1,paper-scaling-pilot,dense-conflict,compact-mrd,dominance::biclique::experiment::construct + compressed flow construction/execution/cover recovery + indexed completion,424242,18,1,dense-conflict:424242:18:0,0,False,True,3,60.0,success,success,0,valid,,,40518083,40091041,23,23,477,1,148,72,36,36,72,,61,218,135,290,37,0,0,0,36,36,,,0,9042,123833,13625,4791,,152833,7584,26542,708,209,53083,9625,11167,427042,,,,,148,72,,,72,396,61,218,135,290,
1,paper-scaling-pilot,dense-conflict,explicit-hopcroft-karp,sg-oracle::grid::build_conflict_graph + Hopcroft-Karp + Konig cover + indexed completion,424242,18,1,dense-conflict:424242:18:1,1,False,True,0,60.0,success,success,0,valid,,,40606833,40354708,23,23,477,1,148,72,36,36,72,396,0,0,,,37,,,,36,36,,,0,9292,125250,15000,,12709,,,4208,500,125,54542,10291,10292,252125,,,,,148,72,,,72,396,61,218,135,290,
1,paper-scaling-pilot,dense-conflict,exact-cover-oracle,exact-cover-oracle::solve (bitset branch-and-bound; predeclared cell limit),424242,18,1,dense-conflict:424242:18:1,1,False,True,1,60.0,unsupported,unsupported,0,unsupported,foreground cell count 477 exceeds oracle limit 40,,40493500,,23,23,477,1,148,72,,,,,,,,,,,,,,,,,0,8917,,,,,,,,,,,,,,,,,,148,72,,,72,396,61,218,135,290,
1,paper-scaling-pilot,dense-conflict,explicit-c0-flow,DominanceEmbedding::explicit_graph + C0 edge bicliques + explicit flow construction/execution/cover recovery + indexed completion,424242,18,1,dense-conflict:424242:18:1,1,False,True,2,60.0,success,success,0,valid,,,41291083,40819833,23,23,477,1,148,72,36,36,72,396,396,792,470,864,37,0,0,0,36,36,470,864,0,10959,126625,13125,5750,13500,136209,19000,46750,1708,83,55291,9417,10292,471250,,,,,148,72,,,72,396,61,218,135,290,
1,paper-scaling-pilot,dense-conflict,compact-mrd,dominance::biclique::experiment::construct + compressed flow construction/execution/cover recovery + indexed completion,424242,18,1,dense-conflict:424242:18:1,1,False,True,3,60.0,success,success,0,valid,,,41800542,41366834,23,23,477,1,148,72,36,36,72,,61,218,135,290,37,0,0,0,36,36,,,0,11166,128625,15417,5042,,153500,8416,25167,834,125,55250,9458,11250,433708,,,,,148,72,,,72,396,61,218,135,290,
1,paper-scaling-pilot,dense-conflict,explicit-hopcroft-karp,sg-oracle::grid::build_conflict_graph + Hopcroft-Karp + Konig cover + indexed completion,424242,18,1,dense-conflict:424242:18:2,2,False,True,0,60.0,success,success,0,valid,,,41133000,40882584,23,23,477,1,148,72,36,36,72,396,0,0,,,37,,,,36,36,,,0,8833,125583,12792,,13125,,,4125,500,208,55500,10041,10250,250416,,,,,148,72,,,72,396,61,218,135,290,
1,paper-scaling-pilot,dense-conflict,exact-cover-oracle,exact-cover-oracle::solve (bitset branch-and-bound; predeclared cell limit),424242,18,1,dense-conflict:424242:18:2,2,False,True,1,60.0,unsupported,unsupported,0,unsupported,foreground cell count 477 exceeds oracle limit 40,,41193208,,23,23,477,1,148,72,,,,,,,,,,,,,,,,,0,10541,,,,,,,,,,,,,,,,,,148,72,,,72,396,61,218,135,290,
1,paper-scaling-pilot,dense-conflict,explicit-c0-flow,DominanceEmbedding::explicit_graph + C0 edge bicliques + explicit flow construction/execution/cover recovery + indexed completion,424242,18,1,dense-conflict:424242:18:2,2,False,True,2,60.0,success,success,0,valid,,,41022875,40569083,23,23,477,1,148,72,36,36,72,396,396,792,470,864,37,0,0,0,36,36,470,864,0,9000,121917,12959,4792,12416,132458,20000,43583,1041,167,54083,10292,10916,453792,,,,,148,72,,,72,396,61,218,135,290,
1,paper-scaling-pilot,dense-conflict,compact-mrd,dominance::biclique::experiment::construct + compressed flow construction/execution/cover recovery + indexed completion,424242,18,1,dense-conflict:424242:18:2,2,False,True,3,60.0,success,success,0,valid,,,42572625,42148625,23,23,477,1,148,72,36,36,72,,61,218,135,290,37,0,0,0,36,36,,,0,12417,126625,12667,4708,,150833,7792,25041,1000,167,53208,8875,10875,424000,,,,,148,72,,,72,396,61,218,135,290,
1,paper-scaling-pilot,dense-conflict,explicit-hopcroft-karp,sg-oracle::grid::build_conflict_graph + Hopcroft-Karp + Konig cover + indexed completion,424242,18,1,dense-conflict:424242:18:3,3,False,True,0,60.0,success,success,0,valid,,,41104083,40851374,23,23,477,1,148,72,36,36,72,396,0,0,,,37,,,,36,36,,,0,12041,126292,14750,,12792,,,3833,500,208,54708,10750,10209,252709,,,,,148,72,,,72,396,61,218,135,290,
1,paper-scaling-pilot,dense-conflict,exact-cover-oracle,exact-cover-oracle::solve (bitset branch-and-bound; predeclared cell limit),424242,18,1,dense-conflict:424242:18:3,3,False,True,1,60.0,unsupported,unsupported,0,unsupported,foreground cell count 477 exceeds oracle limit 40,,41586750,,23,23,477,1,148,72,,,,,,,,,,,,,,,,,0,10792,,,,,,,,,,,,,,,,,,148,72,,,72,396,61,218,135,290,
1,paper-scaling-pilot,dense-conflict,explicit-c0-flow,DominanceEmbedding::explicit_graph + C0 edge bicliques + explicit flow construction/execution/cover recovery + indexed completion,424242,18,1,dense-conflict:424242:18:3,3,False,True,2,60.0,success,success,0,valid,,,41490417,40997083,23,23,477,1,148,72,36,36,72,396,396,792,470,864,37,0,0,0,36,36,470,864,0,11166,136916,13750,4625,12583,152291,19708,45500,1208,125,54750,10083,11084,493334,,,,,148,72,,,72,396,61,218,135,290,
1,paper-scaling-pilot,dense-conflict,compact-mrd,dominance::biclique::experiment::construct + compressed flow construction/execution/cover recovery + indexed completion,424242,18,1,dense-conflict:424242:18:3,3,False,True,3,60.0,success,success,0,valid,,,41241750,40801000,23,23,477,1,148,72,36,36,72,,61,218,135,290,37,0,0,0,36,36,,,0,11833,129375,13875,4834,,158291,10709,25791,833,125,55500,9417,10417,440750,,,,,148,72,,,72,396,61,218,135,290,
1,paper-scaling-pilot,dense-conflict,explicit-hopcroft-karp,sg-oracle::grid::build_conflict_graph + Hopcroft-Karp + Konig cover + indexed completion,424242,18,1,dense-conflict:424242:18:4,4,False,True,0,60.0,success,success,0,valid,,,41133833,40883041,23,23,477,1,148,72,36,36,72,396,0,0,,,37,,,,36,36,,,0,9625,127667,13583,,12416,,,3667,417,208,53875,9334,10792,250792,,,,,148,72,,,72,396,61,218,135,290,
1,paper-scaling-pilot,dense-conflict,exact-cover-oracle,exact-cover-oracle::solve (bitset branch-and-bound; predeclared cell limit),424242,18,1,dense-conflict:424242:18:4,4,False,True,1,60.0,unsupported,unsupported,0,unsupported,foreground cell count 477 exceeds oracle limit 40,,40462708,,23,23,477,1,148,72,,,,,,,,,,,,,,,,,0,9583,,,,,,,,,,,,,,,,,,148,72,,,72,396,61,218,135,290,
1,paper-scaling-pilot,dense-conflict,explicit-c0-flow,DominanceEmbedding::explicit_graph + C0 edge bicliques + explicit flow construction/execution/cover recovery + indexed completion,424242,18,1,dense-conflict:424242:18:4,4,False,True,2,60.0,success,success,0,valid,,,41065125,40590375,23,23,477,1,148,72,36,36,72,396,396,792,470,864,37,0,0,0,36,36,470,864,0,11166,121417,13958,5250,12125,140500,22541,48209,1209,209,56875,10917,10667,474750,,,,,148,72,,,72,396,61,218,135,290,
1,paper-scaling-pilot,dense-conflict,compact-mrd,dominance::biclique::experiment::construct + compressed flow construction/execution/cover recovery + indexed completion,424242,18,1,dense-conflict:424242:18:4,4,False,True,3,60.0,success,success,0,valid,,,41153375,40604125,23,23,477,1,148,72,36,36,72,,61,218,135,290,37,0,0,0,36,36,,,0,9708,128041,13792,4458,,224708,10375,61125,1167,375,62167,9792,10916,549250,,,,,148,72,,,72,396,61,218,135,290,
1,paper-scaling-pilot,dense-conflict,explicit-hopcroft-karp,sg-oracle::grid::build_conflict_graph + Hopcroft-Karp + Konig cover + indexed completion,424242,27,1,dense-conflict:424242:27:0,0,True,False,0,60.0,success,success,0,valid,,,40890833,40473042,33,33,1017,1,228,112,56,56,112,896,0,0,,,57,,,,56,56,,,0,8916,214042,15250,,21875,,,4916,333,209,99375,14042,16500,417791,,,,,,,,,,,,,,,
1,paper-scaling-pilot,dense-conflict,exact-cover-oracle,exact-cover-oracle::solve (bitset branch-and-bound; predeclared cell limit),424242,27,1,dense-conflict:424242:27:0,0,True,False,1,60.0,unsupported,unsupported,0,unsupported,foreground cell count 1017 exceeds oracle limit 40,,40028834,,33,33,1017,1,228,112,,,,,,,,,,,,,,,,,0,11333,,,,,,,,,,,,,,,,,,,,,,,,,,,,
1,paper-scaling-pilot,dense-conflict,explicit-c0-flow,DominanceEmbedding::explicit_graph + C0 edge bicliques + explicit flow construction/execution/cover recovery + indexed completion,424242,27,1,dense-conflict:424242:27:0,0,True,False,2,60.0,success,success,0,valid,,,40873459,40012625,33,33,1017,1,228,112,56,56,112,896,896,1792,1010,1904,57,0,0,0,56,56,1010,1904,0,9375,213709,14167,5166,20750,294000,37000,79125,1791,209,100375,12708,16500,860834,,,,,,,,,,,,,,,
1,paper-scaling-pilot,dense-conflict,compact-mrd,dominance::biclique::experiment::construct + compressed flow construction/execution/cover recovery + indexed completion,424242,27,1,dense-conflict:424242:27:0,0,True,False,3,60.0,success,success,0,valid,,,41068167,40393875,33,33,1017,1,228,112,56,56,112,,104,371,218,483,57,0,0,0,56,56,,,0,10458,210750,14667,4958,,229541,10250,35208,959,166,99959,13208,16417,674292,,,,,,,,,,,,,,,
1,paper-scaling-pilot,dense-conflict,explicit-hopcroft-karp,sg-oracle::grid::build_conflict_graph + Hopcroft-Karp + Konig cover + indexed completion,424242,27,1,dense-conflict:424242:27:0,0,False,True,0,60.0,success,success,0,valid,,,41330250,40889250,33,33,1017,1,228,112,56,56,112,896,0,0,,,57,,,,56,56,,,0,9875,234375,15792,,22125,,,5208,417,292,99792,13500,17375,441000,,,,,228,112,,,112,896,104,371,218,483,
1,paper-scaling-pilot,dense-conflict,exact-cover-oracle,exact-cover-oracle::solve (bitset branch-and-bound; predeclared cell limit),424242,27,1,dense-conflict:424242:27:0,0,False,True,1,60.0,unsupported,unsupported,0,unsupported,foreground cell count 1017 exceeds oracle limit 40,,41261833,,33,33,1017,1,228,112,,,,,,,,,,,,,,,,,0,9875,,,,,,,,,,,,,,,,,,228,112,,,112,896,104,371,218,483,
1,paper-scaling-pilot,dense-conflict,explicit-c0-flow,DominanceEmbedding::explicit_graph + C0 edge bicliques + explicit flow construction/execution/cover recovery + indexed completion,424242,27,1,dense-conflict:424242:27:0,0,False,True,2,60.0,success,success,0,valid,,,41668541,40798833,33,33,1017,1,228,112,56,56,112,896,896,1792,1010,1904,57,0,0,0,56,56,1010,1904,0,11667,218250,14708,4917,19958,295917,37333,79083,1625,167,98708,15875,16083,869708,,,,,228,112,,,112,896,104,371,218,483,
1,paper-scaling-pilot,dense-conflict,compact-mrd,dominance::biclique::experiment::construct + compressed flow construction/execution/cover recovery + indexed completion,424242,27,1,dense-conflict:424242:27:0,0,False,True,3,60.0,success,success,0,valid,,,41382291,40692125,33,33,1017,1,228,112,56,56,112,,104,371,218,483,57,0,0,0,56,56,,,0,11250,226166,14375,5083,,234958,7708,33292,875,125,99792,13667,17041,690166,,,,,228,112,,,112,896,104,371,218,483,
1,paper-scaling-pilot,dense-conflict,explicit-hopcroft-karp,sg-oracle::grid::build_conflict_graph + Hopcroft-Karp + Konig cover + indexed completion,424242,27,1,dense-conflict:424242:27:1,1,False,True,0,60.0,success,success,0,valid,,,40852916,40439999,33,33,1017,1,228,112,56,56,112,896,0,0,,,57,,,,56,56,,,0,10458,214042,14542,,18917,,,4666,375,166,99666,12834,16458,412917,,,,,228,112,,,112,896,104,371,218,483,
1,paper-scaling-pilot,dense-conflict,exact-cover-oracle,exact-cover-oracle::solve (bitset branch-and-bound; predeclared cell limit),424242,27,1,dense-conflict:424242:27:1,1,False,True,1,60.0,unsupported,unsupported,0,unsupported,foreground cell count 1017 exceeds oracle limit 40,,40419458,,33,33,1017,1,228,112,,,,,,,,,,,,,,,,,0,11584,,,,,,,,,,,,,,,,,,228,112,,,112,896,104,371,218,483,
1,paper-scaling-pilot,dense-conflict,explicit-c0-flow,DominanceEmbedding::explicit_graph + C0 edge bicliques + explicit flow construction/execution/cover recovery + indexed completion,424242,27,1,dense-conflict:424242:27:1,1,False,True,2,60.0,success,success,0,valid,,,42189959,41134251,33,33,1017,1,228,112,56,56,112,896,896,1792,1010,1904,57,0,0,0,56,56,1010,1904,0,8792,231042,14709,4500,19500,304334,48500,218459,2500,292,107583,14917,18875,1055708,,,,,228,112,,,112,896,104,371,218,483,
1,paper-scaling-pilot,dense-conflict,compact-mrd,dominance::biclique::experiment::construct + compressed flow construction/execution/cover recovery + indexed completion,424242,27,1,dense-conflict:424242:27:1,1,False,True,3,60.0,success,success,0,valid,,,41650791,40989624,33,33,1017,1,228,112,56,56,112,,104,371,218,483,57,0,0,0,56,56,,,0,11000,209333,15416,5167,,218792,11292,33042,1125,250,99625,13583,16542,661167,,,,,228,112,,,112,896,104,371,218,483,
1,paper-scaling-pilot,dense-conflict,explicit-hopcroft-karp,sg-oracle::grid::build_conflict_graph + Hopcroft-Karp + Konig cover + indexed completion,424242,27,1,dense-conflict:424242:27:2,2,False,True,0,60.0,success,success,0,valid,,,40976625,40540375,33,33,1017,1,228,112,56,56,112,896,0,0,,,57,,,,56,56,,,0,9417,216958,16542,,21958,,,4708,500,83,111500,13542,16625,436250,,,,,228,112,,,112,896,104,371,218,483,
1,paper-scaling-pilot,dense-conflict,exact-cover-oracle,exact-cover-oracle::solve (bitset branch-and-bound; predeclared cell limit),424242,27,1,dense-conflict:424242:27:2,2,False,True,1,60.0,unsupported,unsupported,0,unsupported,foreground cell count 1017 exceeds oracle limit 40,,40774250,,33,33,1017,1,228,112,,,,,,,,,,,,,,,,,0,10875,,,,,,,,,,,,,,,,,,228,112,,,112,896,104,371,218,483,
1,paper-scaling-pilot,dense-conflict,explicit-c0-flow,DominanceEmbedding::explicit_graph + C0 edge bicliques + explicit flow construction/execution/cover recovery + indexed completion,424242,27,1,dense-conflict:424242:27:2,2,False,True,2,60.0,success,success,0,valid,,,41144417,40258167,33,33,1017,1,228,112,56,56,112,896,896,1792,1010,1904,57,0,0,0,56,56,1010,1904,0,12791,225750,14250,5750,22541,293416,42958,79667,1792,125,102042,14208,16543,886250,,,,,228,112,,,112,896,104,371,218,483,
1,paper-scaling-pilot,dense-conflict,compact-mrd,dominance::biclique::experiment::construct + compressed flow construction/execution/cover recovery + indexed completion,424242,27,1,dense-conflict:424242:27:2,2,False,True,3,60.0,success,success,0,valid,,,41070250,40386083,33,33,1017,1,228,112,56,56,112,,104,371,218,483,57,0,0,0,56,56,,,0,9541,214250,15083,5083,,234500,12292,33166,958,167,100666,13417,16624,684167,,,,,228,112,,,112,896,104,371,218,483,
1,paper-scaling-pilot,dense-conflict,explicit-hopcroft-karp,sg-oracle::grid::build_conflict_graph + Hopcroft-Karp + Konig cover + indexed completion,424242,27,1,dense-conflict:424242:27:3,3,False,True,0,60.0,success,success,0,valid,,,41441333,41027041,33,33,1017,1,228,112,56,56,112,896,0,0,,,57,,,,56,56,,,0,9208,212584,14791,,21167,,,5125,541,250,99500,13125,15917,414292,,,,,228,112,,,112,896,104,371,218,483,
1,paper-scaling-pilot,dense-conflict,exact-cover-oracle,exact-cover-oracle::solve (bitset branch-and-bound; predeclared cell limit),424242,27,1,dense-conflict:424242:27:3,3,False,True,1,60.0,unsupported,unsupported,0,unsupported,foreground cell count 1017 exceeds oracle limit 40,,40872625,,33,33,1017,1,228,112,,,,,,,,,,,,,,,,,0,10292,,,,,,,,,,,,,,,,,,228,112,,,112,896,104,371,218,483,
1,paper-scaling-pilot,dense-conflict,explicit-c0-flow,DominanceEmbedding::explicit_graph + C0 edge bicliques + explicit flow construction/execution/cover recovery + indexed completion,424242,27,1,dense-conflict:424242:27:3,3,False,True,2,60.0,success,success,0,valid,,,42387334,41436334,33,33,1017,1,228,112,56,56,112,896,896,1792,1010,1904,57,0,0,0,56,56,1010,1904,0,10083,282250,15792,5291,20333,308833,45666,77250,1625,250,98083,15708,17542,951000,,,,,228,112,,,112,896,104,371,218,483,
1,paper-scaling-pilot,dense-conflict,compact-mrd,dominance::biclique::experiment::construct + compressed flow construction/execution/cover recovery + indexed completion,424242,27,1,dense-conflict:424242:27:3,3,False,True,3,60.0,success,success,0,valid,,,42068333,41396625,33,33,1017,1,228,112,56,56,112,,104,371,218,483,57,0,0,0,56,56,,,0,9667,204000,15833,4625,,238792,8458,33083,916,167,100125,12875,16917,671708,,,,,228,112,,,112,896,104,371,218,483,
1,paper-scaling-pilot,dense-conflict,explicit-hopcroft-karp,sg-oracle::grid::build_conflict_graph + Hopcroft-Karp + Konig cover + indexed completion,424242,27,1,dense-conflict:424242:27:4,4,False,True,0,60.0,success,success,0,valid,,,41352875,40932250,33,33,1017,1,228,112,56,56,112,896,0,0,,,57,,,,56,56,,,0,11000,215791,15125,,22584,,,5208,458,208,99833,14042,16334,420625,,,,,228,112,,,112,896,104,371,218,483,
1,paper-scaling-pilot,dense-conflict,exact-cover-oracle,exact-cover-oracle::solve (bitset branch-and-bound; predeclared cell limit),424242,27,1,dense-conflict:424242:27:4,4,False,True,1,60.0,unsupported,unsupported,0,unsupported,foreground cell count 1017 exceeds oracle limit 40,,40348250,,33,33,1017,1,228,112,,,,,,,,,,,,,,,,,0,9709,,,,,,,,,,,,,,,,,,228,112,,,112,896,104,371,218,483,
1,paper-scaling-pilot,dense-conflict,explicit-c0-flow,DominanceEmbedding::explicit_graph + C0 edge bicliques + explicit flow construction/execution/cover recovery + indexed completion,424242,27,1,dense-conflict:424242:27:4,4,False,True,2,60.0,success,success,0,valid,,,41602208,40738250,33,33,1017,1,228,112,56,56,112,896,896,1792,1010,1904,57,0,0,0,56,56,1010,1904,0,11375,212125,15875,4709,23667,295000,36584,76084,2041,625,103333,13250,15542,863958,,,,,228,112,,,112,896,104,371,218,483,
1,paper-scaling-pilot,dense-conflict,compact-mrd,dominance::biclique::experiment::construct + compressed flow construction/execution/cover recovery + indexed completion,424242,27,1,dense-conflict:424242:27:4,4,False,True,3,60.0,success,success,0,valid,,,41554166,40880499,33,33,1017,1,228,112,56,56,112,,104,371,218,483,57,0,0,0,56,56,,,0,11167,217250,14916,5334,,221541,10291,32792,1041,209,99959,13000,16459,673667,,,,,228,112,,,112,896,104,371,218,483,
1,paper-scaling-pilot,dense-conflict,explicit-hopcroft-karp,sg-oracle::grid::build_conflict_graph + Hopcroft-Karp + Konig cover + indexed completion,424242,40,1,dense-conflict:424242:40:0,0,True,False,0,60.0,success,success,0,valid,,,43285500,42543208,45,45,1929,1,324,160,80,80,160,1760,0,0,,,81,,,,80,80,,,0,11583,386458,21500,,44000,,,6834,583,83,179625,21042,23666,742292,,,,,,,,,,,,,,,
1,paper-scaling-pilot,dense-conflict,exact-cover-oracle,exact-cover-oracle::solve (bitset branch-and-bound; predeclared cell limit),424242,40,1,dense-conflict:424242:40:0,0,True,False,1,60.0,unsupported,unsupported,0,unsupported,foreground cell count 1929 exceeds oracle limit 40,,43091375,,45,45,1929,1,324,160,,,,,,,,,,,,,,,,,0,10750,,,,,,,,,,,,,,,,,,,,,,,,,,,,
1,paper-scaling-pilot,dense-conflict,explicit-c0-flow,DominanceEmbedding::explicit_graph + C0 edge bicliques + explicit flow construction/execution/cover recovery + indexed completion,424242,40,1,dense-conflict:424242:40:0,0,True,False,2,60.0,success,success,0,valid,,,43052083,41548375,45,45,1929,1,324,160,80,80,160,1760,1760,3520,1922,3680,81,0,0,0,80,80,1922,3680,0,13709,365333,18750,6208,37083,551542,62083,134416,2750,209,173458,19917,23208,1503708,,,,,,,,,,,,,,,
1,paper-scaling-pilot,dense-conflict,compact-mrd,dominance::biclique::experiment::construct + compressed flow construction/execution/cover recovery + indexed completion,424242,40,1,dense-conflict:424242:40:0,0,True,False,3,60.0,success,success,0,valid,,,42290459,41258001,45,45,1929,1,324,160,80,80,160,,136,524,298,684,81,0,0,0,80,80,,,0,9041,394792,19459,6167,,276542,12667,42833,1167,250,175958,19375,23042,1032458,,,,,,,,,,,,,,,
1,paper-scaling-pilot,dense-conflict,explicit-hopcroft-karp,sg-oracle::grid::build_conflict_graph + Hopcroft-Karp + Konig cover + indexed completion,424242,40,1,dense-conflict:424242:40:0,0,False,True,0,60.0,success,success,0,valid,,,42357875,41640916,45,45,1929,1,324,160,80,80,160,1760,0,0,,,81,,,,80,80,,,0,12958,376916,19250,,38667,,,6583,542,83,176167,20125,22916,716959,,,,,324,160,,,160,1760,136,524,298,684,
1,paper-scaling-pilot,dense-conflict,exact-cover-oracle,exact-cover-oracle::solve (bitset branch-and-bound; predeclared cell limit),424242,40,1,dense-conflict:424242:40:0,0,False,True,1,60.0,unsupported,unsupported,0,unsupported,foreground cell count 1929 exceeds oracle limit 40,,41896458,,45,45,1929,1,324,160,,,,,,,,,,,,,,,,,0,10875,,,,,,,,,,,,,,,,,,324,160,,,160,1760,136,524,298,684,
1,paper-scaling-pilot,dense-conflict,explicit-c0-flow,DominanceEmbedding::explicit_graph + C0 edge bicliques + explicit flow construction/execution/cover recovery + indexed completion,424242,40,1,dense-conflict:424242:40:0,0,False,True,2,60.0,success,success,0,valid,,,42248542,40699417,45,45,1929,1,324,160,80,80,160,1760,1760,3520,1922,3680,81,0,0,0,80,80,1922,3680,0,9709,388209,19583,6125,39708,536333,61708,172000,2833,125,174500,19958,22500,1549125,,,,,324,160,,,160,1760,136,524,298,684,
1,paper-scaling-pilot,dense-conflict,compact-mrd,dominance::biclique::experiment::construct + compressed flow construction/execution/cover recovery + indexed completion,424242,40,1,dense-conflict:424242:40:0,0,False,True,3,60.0,success,success,0,valid,,,42640875,41583042,45,45,1929,1,324,160,80,80,160,,136,524,298,684,81,0,0,0,80,80,,,0,11291,394625,20625,5958,,297041,10625,47208,1125,83,175666,19334,22292,1057833,,,,,324,160,,,160,1760,136,524,298,684,
1,paper-scaling-pilot,dense-conflict,explicit-hopcroft-karp,sg-oracle::grid::build_conflict_graph + Hopcroft-Karp + Konig cover + indexed completion,424242,40,1,dense-conflict:424242:40:1,1,False,True,0,60.0,success,success,0,valid,,,41838458,41143958,45,45,1929,1,324,160,80,80,160,1760,0,0,,,81,,,,80,80,,,0,10083,357000,19250,,36917,,,6625,542,125,176084,20208,23124,694500,,,,,324,160,,,160,1760,136,524,298,684,
1,paper-scaling-pilot,dense-conflict,exact-cover-oracle,exact-cover-oracle::solve (bitset branch-and-bound; predeclared cell limit),424242,40,1,dense-conflict:424242:40:1,1,False,True,1,60.0,unsupported,unsupported,0,unsupported,foreground cell count 1929 exceeds oracle limit 40,,40442833,,45,45,1929,1,324,160,,,,,,,,,,,,,,,,,0,11042,,,,,,,,,,,,,,,,,,324,160,,,160,1760,136,524,298,684,
1,paper-scaling-pilot,dense-conflict,explicit-c0-flow,DominanceEmbedding::explicit_graph + C0 edge bicliques + explicit flow construction/execution/cover recovery + indexed completion,424242,40,1,dense-conflict:424242:40:1,1,False,True,2,60.0,success,success,0,valid,,,42123750,40551500,45,45,1929,1,324,160,80,80,160,1760,1760,3520,1922,3680,81,0,0,0,80,80,1922,3680,0,9833,360625,20542,6209,39416,589167,62375,150667,2625,167,174833,19375,23499,1572250,,,,,324,160,,,160,1760,136,524,298,684,
1,paper-scaling-pilot,dense-conflict,compact-mrd,dominance::biclique::experiment::construct + compressed flow construction/execution/cover recovery + indexed completion,424242,40,1,dense-conflict:424242:40:1,1,False,True,3,60.0,success,success,0,valid,,,42512792,41470250,45,45,1929,1,324,160,80,80,160,,136,524,298,684,81,0,0,0,80,80,,,0,9459,392792,19208,6083,,284666,15417,41542,1250,209,177125,18958,24084,1042542,,,,,324,160,,,160,1760,136,524,298,684,
1,paper-scaling-pilot,dense-conflict,explicit-hopcroft-karp,sg-oracle::grid::build_conflict_graph + Hopcroft-Karp + Konig cover + indexed completion,424242,40,1,dense-conflict:424242:40:2,2,False,True,0,60.0,success,success,0,valid,,,42518958,41812583,45,45,1929,1,324,160,80,80,160,1760,0,0,,,81,,,,80,80,,,0,11417,362708,18791,,41167,,,7083,500,167,175625,20583,22333,706375,,,,,324,160,,,160,1760,136,524,298,684,
1,paper-scaling-pilot,dense-conflict,exact-cover-oracle,exact-cover-oracle::solve (bitset branch-and-bound; predeclared cell limit),424242,40,1,dense-conflict:424242:40:2,2,False,True,1,60.0,unsupported,unsupported,0,unsupported,foreground cell count 1929 exceeds oracle limit 40,,41101500,,45,45,1929,1,324,160,,,,,,,,,,,,,,,,,0,11042,,,,,,,,,,,,,,,,,,324,160,,,160,1760,136,524,298,684,
1,paper-scaling-pilot,dense-conflict,explicit-c0-flow,DominanceEmbedding::explicit_graph + C0 edge bicliques + explicit flow construction/execution/cover recovery + indexed completion,424242,40,1,dense-conflict:424242:40:2,2,False,True,2,60.0,success,success,0,valid,,,42296458,40790042,45,45,1929,1,324,160,80,80,160,1760,1760,3520,1922,3680,81,0,0,0,80,80,1922,3680,0,9583,371708,19042,5708,37958,546000,64666,137459,2417,83,174000,20250,22125,1506416,,,,,324,160,,,160,1760,136,524,298,684,
1,paper-scaling-pilot,dense-conflict,compact-mrd,dominance::biclique::experiment::construct + compressed flow construction/execution/cover recovery + indexed completion,424242,40,1,dense-conflict:424242:40:2,2,False,True,3,60.0,success,success,0,valid,,,41371083,40335791,45,45,1929,1,324,160,80,80,160,,136,524,298,684,81,0,0,0,80,80,,,0,9666,383375,22042,6291,,282542,13750,42958,1042,208,176584,18916,22875,1035292,,,,,324,160,,,160,1760,136,524,298,684,
1,paper-scaling-pilot,dense-conflict,explicit-hopcroft-karp,sg-oracle::grid::build_conflict_graph + Hopcroft-Karp + Konig cover + indexed completion,424242,40,1,dense-conflict:424242:40:3,3,False,True,0,60.0,success,success,0,valid,,,42117041,41380375,45,45,1929,1,324,160,80,80,160,1760,0,0,,,81,,,,80,80,,,0,11083,381125,32208,,40750,,,6917,375,208,174916,19584,22667,736666,,,,,324,160,,,160,1760,136,524,298,684,
1,paper-scaling-pilot,dense-conflict,exact-cover-oracle,exact-cover-oracle::solve (bitset branch-and-bound; predeclared cell limit),424242,40,1,dense-conflict:424242:40:3,3,False,True,1,60.0,unsupported,unsupported,0,unsupported,foreground cell count 1929 exceeds oracle limit 40,,41041459,,45,45,1929,1,324,160,,,,,,,,,,,,,,,,,0,9625,,,,,,,,,,,,,,,,,,324,160,,,160,1760,136,524,298,684,
1,paper-scaling-pilot,dense-conflict,explicit-c0-flow,DominanceEmbedding::explicit_graph + C0 edge bicliques + explicit flow construction/execution/cover recovery + indexed completion,424242,40,1,dense-conflict:424242:40:3,3,False,True,2,60.0,success,success,0,valid,,,42630000,41017792,45,45,1929,1,324,160,80,80,160,1760,1760,3520,1922,3680,81,0,0,0,80,80,1922,3680,0,12167,368625,19375,7541,40625,606333,73667,148125,2625,84,174333,19834,23458,1612208,,,,,324,160,,,160,1760,136,524,298,684,
1,paper-scaling-pilot,dense-conflict,compact-mrd,dominance::biclique::experiment::construct + compressed flow construction/execution/cover recovery + indexed completion,424242,40,1,dense-conflict:424242:40:3,3,False,True,3,60.0,success,success,0,valid,,,42908667,41778875,45,45,1929,1,324,160,80,80,160,,136,524,298,684,81,0,0,0,80,80,,,0,10125,466875,20500,6541,,283542,15500,50250,1083,167,177250,20166,26042,1129792,,,,,324,160,,,160,1760,136,524,298,684,
1,paper-scaling-pilot,dense-conflict,explicit-hopcroft-karp,sg-oracle::grid::build_conflict_graph + Hopcroft-Karp + Konig cover + indexed completion,424242,40,1,dense-conflict:424242:40:4,4,False,True,0,60.0,success,success,0,valid,,,41608000,40899292,45,45,1929,1,324,160,80,80,160,1760,0,0,,,81,,,,80,80,,,0,12792,362125,21833,,40417,,,6958,625,208,177000,20625,22375,708708,,,,,324,160,,,160,1760,136,524,298,684,
1,paper-scaling-pilot,dense-conflict,exact-cover-oracle,exact-cover-oracle::solve (bitset branch-and-bound; predeclared cell limit),424242,40,1,dense-conflict:424242:40:4,4,False,True,1,60.0,unsupported,unsupported,0,unsupported,foreground cell count 1929 exceeds oracle limit 40,,40871917,,45,45,1929,1,324,160,,,,,,,,,,,,,,,,,0,9209,,,,,,,,,,,,,,,,,,324,160,,,160,1760,136,524,298,684,
1,paper-scaling-pilot,dense-conflict,explicit-c0-flow,DominanceEmbedding::explicit_graph + C0 edge bicliques + explicit flow construction/execution/cover recovery + indexed completion,424242,40,1,dense-conflict:424242:40:4,4,False,True,2,60.0,success,success,0,valid,,,42992500,41485000,45,45,1929,1,324,160,80,80,160,1760,1760,3520,1922,3680,81,0,0,0,80,80,1922,3680,0,11708,374959,19709,6084,36541,542500,61958,139792,2750,166,174667,20041,22292,1507500,,,,,324,160,,,160,1760,136,524,298,684,
1,paper-scaling-pilot,dense-conflict,compact-mrd,dominance::biclique::experiment::construct + compressed flow construction/execution/cover recovery + indexed completion,424242,40,1,dense-conflict:424242:40:4,4,False,True,3,60.0,success,success,0,valid,,,42122000,41103292,45,45,1929,1,324,160,80,80,160,,136,524,298,684,81,0,0,0,80,80,,,0,11333,371291,19584,7084,,278833,15416,43792,1125,208,177125,19000,22625,1018708,,,,,324,160,,,160,1760,136,524,298,684,
1,paper-scaling-pilot,dense-conflict,explicit-hopcroft-karp,sg-oracle::grid::build_conflict_graph + Hopcroft-Karp + Konig cover + indexed completion,424242,60,1,dense-conflict:424242:60:0,0,True,False,0,60.0,success,success,0,valid,,,43359417,42039709,65,65,4089,1,484,240,120,120,240,3840,0,0,,,121,,,,120,120,,,0,11208,651834,21625,,86750,,,10375,1042,167,356125,34875,42542,1319708,,,,,,,,,,,,,,,
1,paper-scaling-pilot,dense-conflict,exact-cover-oracle,exact-cover-oracle::solve (bitset branch-and-bound; predeclared cell limit),424242,60,1,dense-conflict:424242:60:0,0,True,False,1,60.0,unsupported,unsupported,0,unsupported,foreground cell count 4089 exceeds oracle limit 40,,42060125,,65,65,4089,1,484,240,,,,,,,,,,,,,,,,,0,9416,,,,,,,,,,,,,,,,,,,,,,,,,,,,
1,paper-scaling-pilot,dense-conflict,explicit-c0-flow,DominanceEmbedding::explicit_graph + C0 edge bicliques + explicit flow construction/execution/cover recovery + indexed completion,424242,60,1,dense-conflict:424242:60:0,0,True,False,2,60.0,success,success,0,valid,,,45096833,41894708,65,65,4089,1,484,240,120,120,240,3840,3840,7680,4082,7920,121,0,0,0,120,120,4082,7920,0,11458,669959,21834,5333,85708,1365709,115166,268458,5458,1125,357958,33958,45959,3202125,,,,,,,,,,,,,,,
1,paper-scaling-pilot,dense-conflict,compact-mrd,dominance::biclique::experiment::construct + compressed flow construction/execution/cover recovery + indexed completion,424242,60,1,dense-conflict:424242:60:0,0,True,False,3,60.0,success,success,0,valid,,,43135458,41391333,65,65,4089,1,484,240,120,120,240,,188,796,430,1036,121,0,0,0,120,120,,,0,13000,692375,23000,6292,,387292,15125,59083,1250,250,359750,35833,41083,1744125,,,,,,,,,,,,,,,
1,paper-scaling-pilot,dense-conflict,explicit-hopcroft-karp,sg-oracle::grid::build_conflict_graph + Hopcroft-Karp + Konig cover + indexed completion,424242,60,1,dense-conflict:424242:60:0,0,False,True,0,60.0,success,success,0,valid,,,43007291,41477124,65,65,4089,1,484,240,120,120,240,3840,0,0,,,121,,,,120,120,,,0,10042,659167,20084,,87667,,,14750,500,167,532625,35500,45250,1530167,,,,,484,240,,,240,3840,188,796,430,1036,
1,paper-scaling-pilot,dense-conflict,exact-cover-oracle,exact-cover-oracle::solve (bitset branch-and-bound; predeclared cell limit),424242,60,1,dense-conflict:424242:60:0,0,False,True,1,60.0,unsupported,unsupported,0,unsupported,foreground cell count 4089 exceeds oracle limit 40,,42205042,,65,65,4089,1,484,240,,,,,,,,,,,,,,,,,0,15500,,,,,,,,,,,,,,,,,,484,240,,,240,3840,188,796,430,1036,
1,paper-scaling-pilot,dense-conflict,explicit-c0-flow,DominanceEmbedding::explicit_graph + C0 edge bicliques + explicit flow construction/execution/cover recovery + indexed completion,424242,60,1,dense-conflict:424242:60:0,0,False,True,2,60.0,success,success,0,valid,,,44625584,41485793,65,65,4089,1,484,240,120,120,240,3840,3840,7680,4082,7920,121,0,0,0,120,120,4082,7920,0,14542,648333,22750,5750,83667,1251042,117917,336375,6208,333,365375,34583,43833,3139791,,,,,484,240,,,240,3840,188,796,430,1036,
1,paper-scaling-pilot,dense-conflict,compact-mrd,dominance::biclique::experiment::construct + compressed flow construction/execution/cover recovery + indexed completion,424242,60,1,dense-conflict:424242:60:0,0,False,True,3,60.0,success,success,0,valid,,,42530959,40836500,65,65,4089,1,484,240,120,120,240,,188,796,430,1036,121,0,0,0,120,120,,,0,13334,639750,23875,5292,,390166,14542,59833,1250,834,358458,34583,40334,1694459,,,,,484,240,,,240,3840,188,796,430,1036,
1,paper-scaling-pilot,dense-conflict,explicit-hopcroft-karp,sg-oracle::grid::build_conflict_graph + Hopcroft-Karp + Konig cover + indexed completion,424242,60,1,dense-conflict:424242:60:1,1,False,True,0,60.0,success,success,0,valid,,,43563625,42167792,65,65,4089,1,484,240,120,120,240,3840,0,0,,,121,,,,120,120,,,0,15042,649875,22917,,98875,,,11250,625,208,400417,37416,44876,1395833,,,,,484,240,,,240,3840,188,796,430,1036,
1,paper-scaling-pilot,dense-conflict,exact-cover-oracle,exact-cover-oracle::solve (bitset branch-and-bound; predeclared cell limit),424242,60,1,dense-conflict:424242:60:1,1,False,True,1,60.0,unsupported,unsupported,0,unsupported,foreground cell count 4089 exceeds oracle limit 40,,40874083,,65,65,4089,1,484,240,,,,,,,,,,,,,,,,,0,12917,,,,,,,,,,,,,,,,,,484,240,,,240,3840,188,796,430,1036,
1,paper-scaling-pilot,dense-conflict,explicit-c0-flow,DominanceEmbedding::explicit_graph + C0 edge bicliques + explicit flow construction/execution/cover recovery + indexed completion,424242,60,1,dense-conflict:424242:60:1,1,False,True,2,60.0,success,success,0,valid,,,44199041,41079208,65,65,4089,1,484,240,120,120,240,3840,3840,7680,4082,7920,121,0,0,0,120,120,4082,7920,0,10166,637916,22709,5708,87875,1296625,117250,252625,5333,208,356041,34459,41124,3119833,,,,,484,240,,,240,3840,188,796,430,1036,
1,paper-scaling-pilot,dense-conflict,compact-mrd,dominance::biclique::experiment::construct + compressed flow construction/execution/cover recovery + indexed completion,424242,60,1,dense-conflict:424242:60:1,1,False,True,3,60.0,success,success,0,valid,,,43529875,41787750,65,65,4089,1,484,240,120,120,240,,188,796,430,1036,121,0,0,0,120,120,,,0,11500,669167,24833,5375,,407209,17167,56542,1208,916,358750,33583,42292,1742125,,,,,484,240,,,240,3840,188,796,430,1036,
1,paper-scaling-pilot,dense-conflict,explicit-hopcroft-karp,sg-oracle::grid::build_conflict_graph + Hopcroft-Karp + Konig cover + indexed completion,424242,60,1,dense-conflict:424242:60:2,2,False,True,0,60.0,success,success,0,valid,,,42995458,41658250,65,65,4089,1,484,240,120,120,240,3840,0,0,,,121,,,,120,120,,,0,19167,650375,22958,,85708,,,10417,458,166,360541,34417,49875,1337208,,,,,484,240,,,240,3840,188,796,430,1036,
1,paper-scaling-pilot,dense-conflict,exact-cover-oracle,exact-cover-oracle::solve (bitset branch-and-bound; predeclared cell limit),424242,60,1,dense-conflict:424242:60:2,2,False,True,1,60.0,unsupported,unsupported,0,unsupported,foreground cell count 4089 exceeds oracle limit 40,,41057208,,65,65,4089,1,484,240,,,,,,,,,,,,,,,,,0,13875,,,,,,,,,,,,,,,,,,484,240,,,240,3840,188,796,430,1036,
1,paper-scaling-pilot,dense-conflict,explicit-c0-flow,DominanceEmbedding::explicit_graph + C0 edge bicliques + explicit flow construction/execution/cover recovery + indexed completion,424242,60,1,dense-conflict:424242:60:2,2,False,True,2,60.0,success,success,0,valid,,,45831916,42656749,65,65,4089,1,484,240,120,120,240,3840,3840,7680,4082,7920,121,0,0,0,120,120,4082,7920,0,18375,670250,21500,5417,84583,1339417,120583,253417,5334,167,354708,35125,45167,3175167,,,,,484,240,,,240,3840,188,796,430,1036,
1,paper-scaling-pilot,dense-conflict,compact-mrd,dominance::biclique::experiment::construct + compressed flow construction/execution/cover recovery + indexed completion,424242,60,1,dense-conflict:424242:60:2,2,False,True,3,60.0,success,success,0,valid,,,43186625,41477459,65,65,4089,1,484,240,120,120,240,,188,796,430,1036,121,0,0,0,120,120,,,0,9875,646417,21959,5958,,373458,16750,55417,1166,167,360167,33208,41209,1709166,,,,,484,240,,,240,3840,188,796,430,1036,
1,paper-scaling-pilot,dense-conflict,explicit-hopcroft-karp,sg-oracle::grid::build_conflict_graph + Hopcroft-Karp + Konig cover + indexed completion,424242,60,1,dense-conflict:424242:60:3,3,False,True,0,60.0,success,success,0,valid,,,42972625,41642083,65,65,4089,1,484,240,120,120,240,3840,0,0,,,121,,,,120,120,,,0,13833,656917,24250,,86666,,,10459,459,209,359333,34250,41375,1330542,,,,,484,240,,,240,3840,188,796,430,1036,
1,paper-scaling-pilot,dense-conflict,exact-cover-oracle,exact-cover-oracle::solve (bitset branch-and-bound; predeclared cell limit),424242,60,1,dense-conflict:424242:60:3,3,False,True,1,60.0,unsupported,unsupported,0,unsupported,foreground cell count 4089 exceeds oracle limit 40,,41518167,,65,65,4089,1,484,240,,,,,,,,,,,,,,,,,0,10083,,,,,,,,,,,,,,,,,,484,240,,,240,3840,188,796,430,1036,
1,paper-scaling-pilot,dense-conflict,explicit-c0-flow,DominanceEmbedding::explicit_graph + C0 edge bicliques + explicit flow construction/execution/cover recovery + indexed completion,424242,60,1,dense-conflict:424242:60:3,3,False,True,2,60.0,success,success,0,valid,,,44836625,41571667,65,65,4089,1,484,240,120,120,240,3840,3840,7680,4082,7920,121,0,0,0,120,120,4082,7920,0,10416,646208,24375,5750,87000,1381375,120833,300375,5125,1417,353834,33791,42042,3264958,,,,,484,240,,,240,3840,188,796,430,1036,
1,paper-scaling-pilot,dense-conflict,compact-mrd,dominance::biclique::experiment::construct + compressed flow construction/execution/cover recovery + indexed completion,424242,60,1,dense-conflict:424242:60:3,3,False,True,3,60.0,success,success,0,valid,,,43647542,41949708,65,65,4089,1,484,240,120,120,240,,188,796,430,1036,121,0,0,0,120,120,,,0,15834,657750,21833,6125,,374583,18458,56292,1333,250,362667,35416,41458,1697834,,,,,484,240,,,240,3840,188,796,430,1036,
1,paper-scaling-pilot,dense-conflict,explicit-hopcroft-karp,sg-oracle::grid::build_conflict_graph + Hopcroft-Karp + Konig cover + indexed completion,424242,60,1,dense-conflict:424242:60:4,4,False,True,0,60.0,success,success,0,valid,,,42436792,41134417,65,65,4089,1,484,240,120,120,240,3840,0,0,,,121,,,,120,120,,,0,11333,634792,22625,,82708,,,10375,875,208,360291,33542,40875,1302375,,,,,484,240,,,240,3840,188,796,430,1036,
1,paper-scaling-pilot,dense-conflict,exact-cover-oracle,exact-cover-oracle::solve (bitset branch-and-bound; predeclared cell limit),424242,60,1,dense-conflict:424242:60:4,4,False,True,1,60.0,unsupported,unsupported,0,unsupported,foreground cell count 4089 exceeds oracle limit 40,,42729125,,65,65,4089,1,484,240,,,,,,,,,,,,,,,,,0,10375,,,,,,,,,,,,,,,,,,484,240,,,240,3840,188,796,430,1036,
1,paper-scaling-pilot,dense-conflict,explicit-c0-flow,DominanceEmbedding::explicit_graph + C0 edge bicliques + explicit flow construction/execution/cover recovery + indexed completion,424242,60,1,dense-conflict:424242:60:4,4,False,True,2,60.0,success,success,0,valid,,,45485292,42438209,65,65,4089,1,484,240,120,120,240,3840,3840,7680,4082,7920,121,0,0,0,120,120,4082,7920,0,10167,644125,21000,5541,85000,1281791,114917,239584,5083,1291,352042,33666,42043,3047083,,,,,484,240,,,240,3840,188,796,430,1036,
1,paper-scaling-pilot,dense-conflict,compact-mrd,dominance::biclique::experiment::construct + compressed flow construction/execution/cover recovery + indexed completion,424242,60,1,dense-conflict:424242:60:4,4,False,True,3,60.0,success,success,0,valid,,,42830666,41109749,65,65,4089,1,484,240,120,120,240,,188,796,430,1036,121,0,0,0,120,120,,,0,11917,651542,22375,5291,,410083,16000,55125,1333,167,361667,33791,41167,1720917,,,,,484,240,,,240,3840,188,796,430,1036,
1,paper-scaling-pilot,sparse-conflict,explicit-hopcroft-karp,sg-oracle::grid::build_conflict_graph + Hopcroft-Karp + Konig cover + indexed completion,424242,8,1,sparse-conflict:424242:8:0,0,True,False,0,60.0,success,success,0,valid,,,40654625,40553292,17,5,69,1,36,16,6,0,6,0,0,0,,,11,,,,0,0,,,0,17917,50500,7458,,2583,,,2584,625,417,18125,3583,7042,101333,,,,,,,,,,,,,,,
1,paper-scaling-pilot,sparse-conflict,explicit-c0-flow,DominanceEmbedding::explicit_graph + C0 edge bicliques + explicit flow construction/execution/cover recovery + indexed completion,424242,8,1,sparse-conflict:424242:8:0,0,True,False,1,60.0,success,success,0,valid,,,40709166,40605375,17,5,69,1,36,16,6,0,6,0,0,0,8,6,11,0,0,0,0,0,8,6,0,6875,44625,5917,3041,1792,5167,2834,4917,291,167,19250,3125,5417,103791,,,,,,,,,,,,,,,
1,paper-scaling-pilot,sparse-conflict,compact-mrd,dominance::biclique::experiment::construct + compressed flow construction/execution/cover recovery + indexed completion,424242,8,1,sparse-conflict:424242:8:0,0,True,False,2,60.0,success,success,0,valid,,,41759709,41654417,17,5,69,1,36,16,6,0,6,,0,0,8,6,11,0,0,0,0,0,,,0,6625,43167,5584,3833,,7458,3500,5584,417,125,18375,2959,6458,105292,,,,,,,,,,,,,,,
1,paper-scaling-pilot,sparse-conflict,exact-cover-oracle,exact-cover-oracle::solve (bitset branch-and-bound; predeclared cell limit),424242,8,1,sparse-conflict:424242:8:0,0,True,False,3,60.0,unsupported,unsupported,0,unsupported,foreground cell count 69 exceeds oracle limit 40,,41499583,,17,5,69,1,36,16,,,,,,,,,,,,,,,,,0,6791,,,,,,,,,,,,,,,,,,,,,,,,,,,,
1,paper-scaling-pilot,sparse-conflict,explicit-hopcroft-karp,sg-oracle::grid::build_conflict_graph + Hopcroft-Karp + Konig cover + indexed completion,424242,8,1,sparse-conflict:424242:8:0,0,False,True,0,60.0,success,success,0,valid,,,40250042,40161792,17,5,69,1,36,16,6,0,6,0,0,0,,,11,,,,0,0,,,0,6834,41125,5709,,2458,,,2333,542,208,18500,3750,5792,88250,,,,,36,16,,,6,0,0,0,8,6,
1,paper-scaling-pilot,sparse-conflict,explicit-c0-flow,DominanceEmbedding::explicit_graph + C0 edge bicliques + explicit flow construction/execution/cover recovery + indexed completion,424242,8,1,sparse-conflict:424242:8:0,0,False,True,1,60.0,success,success,0,valid,,,40444709,40343917,17,5,69,1,36,16,6,0,6,0,0,0,8,6,11,0,0,0,0,0,8,6,0,6750,40750,5917,4083,1708,4875,2709,4584,375,375,18792,3166,5667,100792,,,,,36,16,,,6,0,0,0,8,6,
1,paper-scaling-pilot,sparse-conflict,compact-mrd,dominance::biclique::experiment::construct + compressed flow construction/execution/cover recovery + indexed completion,424242,8,1,sparse-conflict:424242:8:0,0,False,True,2,60.0,success,success,0,valid,,,41143625,41039500,17,5,69,1,36,16,6,0,6,,0,0,8,6,11,0,0,0,0,0,,,0,6709,43750,6042,3125,,6375,3541,4834,583,167,18875,3250,5709,104125,,,,,36,16,,,6,0,0,0,8,6,
1,paper-scaling-pilot,sparse-conflict,exact-cover-oracle,exact-cover-oracle::solve (bitset branch-and-bound; predeclared cell limit),424242,8,1,sparse-conflict:424242:8:0,0,False,True,3,60.0,unsupported,unsupported,0,unsupported,foreground cell count 69 exceeds oracle limit 40,,41006125,,17,5,69,1,36,16,,,,,,,,,,,,,,,,,0,7209,,,,,,,,,,,,,,,,,,36,16,,,6,0,0,0,8,6,
1,paper-scaling-pilot,sparse-conflict,explicit-hopcroft-karp,sg-oracle::grid::build_conflict_graph + Hopcroft-Karp + Konig cover + indexed completion,424242,8,1,sparse-conflict:424242:8:1,1,False,True,0,60.0,success,success,0,valid,,,40345958,40255875,17,5,69,1,36,16,6,0,6,0,0,0,,,11,,,,0,0,,,0,7000,42333,6375,,2500,,,2167,583,125,18125,4042,6166,90083,,,,,36,16,,,6,0,0,0,8,6,
1,paper-scaling-pilot,sparse-conflict,explicit-c0-flow,DominanceEmbedding::explicit_graph + C0 edge bicliques + explicit flow construction/execution/cover recovery + indexed completion,424242,8,1,sparse-conflict:424242:8:1,1,False,True,1,60.0,success,success,0,valid,,,41614875,41512042,17,5,69,1,36,16,6,0,6,0,0,0,8,6,11,0,0,0,0,0,8,6,0,6958,41583,5833,3875,1792,5000,3000,5000,834,42,19167,3833,5333,102833,,,,,36,16,,,6,0,0,0,8,6,
1,paper-scaling-pilot,sparse-conflict,compact-mrd,dominance::biclique::experiment::construct + compressed flow construction/execution/cover recovery + indexed completion,424242,8,1,sparse-conflict:424242:8:1,1,False,True,2,60.0,success,success,0,valid,,,41253958,41145958,17,5,69,1,36,16,6,0,6,,0,0,8,6,11,0,0,0,0,0,,,0,6750,42917,5959,3167,,8250,3625,5834,416,250,19292,4208,5709,108000,,,,,36,16,,,6,0,0,0,8,6,
1,paper-scaling-pilot,sparse-conflict,exact-cover-oracle,exact-cover-oracle::solve (bitset branch-and-bound; predeclared cell limit),424242,8,1,sparse-conflict:424242:8:1,1,False,True,3,60.0,unsupported,unsupported,0,unsupported,foreground cell count 69 exceeds oracle limit 40,,41002916,,17,5,69,1,36,16,,,,,,,,,,,,,,,,,0,8000,,,,,,,,,,,,,,,,,,36,16,,,6,0,0,0,8,6,
1,paper-scaling-pilot,sparse-conflict,explicit-hopcroft-karp,sg-oracle::grid::build_conflict_graph + Hopcroft-Karp + Konig cover + indexed completion,424242,8,1,sparse-conflict:424242:8:2,2,False,True,0,60.0,success,success,0,valid,,,40355959,40257834,17,5,69,1,36,16,6,0,6,0,0,0,,,11,,,,0,0,,,0,7125,44792,7083,,2750,,,2583,833,333,19167,3333,6917,98125,,,,,36,16,,,6,0,0,0,8,6,
1,paper-scaling-pilot,sparse-conflict,explicit-c0-flow,DominanceEmbedding::explicit_graph + C0 edge bicliques + explicit flow construction/execution/cover recovery + indexed completion,424242,8,1,sparse-conflict:424242:8:2,2,False,True,1,60.0,success,success,0,valid,,,40781583,40666708,17,5,69,1,36,16,6,0,6,0,0,0,8,6,11,0,0,0,0,0,8,6,0,7000,48875,6167,4208,1666,5167,3000,6125,417,166,21959,3000,5624,114875,,,,,36,16,,,6,0,0,0,8,6,
1,paper-scaling-pilot,sparse-conflict,compact-mrd,dominance::biclique::experiment::construct + compressed flow construction/execution/cover recovery + indexed completion,424242,8,1,sparse-conflict:424242:8:2,2,False,True,2,60.0,success,success,0,valid,,,40292375,40184792,17,5,69,1,36,16,6,0,6,,0,0,8,6,11,0,0,0,0,0,,,0,10125,44333,6167,4000,,7458,3750,4833,458,167,19250,3250,5666,107583,,,,,36,16,,,6,0,0,0,8,6,
1,paper-scaling-pilot,sparse-conflict,exact-cover-oracle,exact-cover-oracle::solve (bitset branch-and-bound; predeclared cell limit),424242,8,1,sparse-conflict:424242:8:2,2,False,True,3,60.0,unsupported,unsupported,0,unsupported,foreground cell count 69 exceeds oracle limit 40,,40622708,,17,5,69,1,36,16,,,,,,,,,,,,,,,,,0,7583,,,,,,,,,,,,,,,,,,36,16,,,6,0,0,0,8,6,
1,paper-scaling-pilot,sparse-conflict,explicit-hopcroft-karp,sg-oracle::grid::build_conflict_graph + Hopcroft-Karp + Konig cover + indexed completion,424242,8,1,sparse-conflict:424242:8:3,3,False,True,0,60.0,success,success,0,valid,,,40515291,40427624,17,5,69,1,36,16,6,0,6,0,0,0,,,11,,,,0,0,,,0,7292,41125,5625,,2458,,,2167,583,167,18708,3250,5709,87667,,,,,36,16,,,6,0,0,0,8,6,
1,paper-scaling-pilot,sparse-conflict,explicit-c0-flow,DominanceEmbedding::explicit_graph + C0 edge bicliques + explicit flow construction/execution/cover recovery + indexed completion,424242,8,1,sparse-conflict:424242:8:3,3,False,True,1,60.0,success,success,0,valid,,,40690833,40584916,17,5,69,1,36,16,6,0,6,0,0,0,8,6,11,0,0,0,0,0,8,6,0,7584,43334,5916,3542,1666,6125,2708,5042,417,167,19208,3292,5875,105917,,,,,36,16,,,6,0,0,0,8,6,
1,paper-scaling-pilot,sparse-conflict,compact-mrd,dominance::biclique::experiment::construct + compressed flow construction/execution/cover recovery + indexed completion,424242,8,1,sparse-conflict:424242:8:3,3,False,True,2,60.0,success,success,0,valid,,,40812625,40711000,17,5,69,1,36,16,6,0,6,,0,0,8,6,11,0,0,0,0,0,,,0,6791,41042,5416,2666,,7459,3458,4834,416,167,19041,3875,5751,101625,,,,,36,16,,,6,0,0,0,8,6,
1,paper-scaling-pilot,sparse-conflict,exact-cover-oracle,exact-cover-oracle::solve (bitset branch-and-bound; predeclared cell limit),424242,8,1,sparse-conflict:424242:8:3,3,False,True,3,60.0,unsupported,unsupported,0,unsupported,foreground cell count 69 exceeds oracle limit 40,,39981334,,17,5,69,1,36,16,,,,,,,,,,,,,,,,,0,7292,,,,,,,,,,,,,,,,,,36,16,,,6,0,0,0,8,6,
1,paper-scaling-pilot,sparse-conflict,explicit-hopcroft-karp,sg-oracle::grid::build_conflict_graph + Hopcroft-Karp + Konig cover + indexed completion,424242,8,1,sparse-conflict:424242:8:4,4,False,True,0,60.0,success,success,0,valid,,,40605875,40515875,17,5,69,1,36,16,6,0,6,0,0,0,,,11,,,,0,0,,,0,6958,43584,5833,,2416,,,2209,541,209,18250,3917,5709,90000,,,,,36,16,,,6,0,0,0,8,6,
1,paper-scaling-pilot,sparse-conflict,explicit-c0-flow,DominanceEmbedding::explicit_graph + C0 edge bicliques + explicit flow construction/execution/cover recovery + indexed completion,424242,8,1,sparse-conflict:424242:8:4,4,False,True,1,60.0,success,success,0,valid,,,40563875,40460916,17,5,69,1,36,16,6,0,6,0,0,0,8,6,11,0,0,0,0,0,8,6,0,7125,43292,6042,2959,1916,4917,2875,4958,458,167,19000,3375,5418,102959,,,,,36,16,,,6,0,0,0,8,6,
1,paper-scaling-pilot,sparse-conflict,compact-mrd,dominance::biclique::experiment::construct + compressed flow construction/execution/cover recovery + indexed completion,424242,8,1,sparse-conflict:424242:8:4,4,False,True,2,60.0,success,success,0,valid,,,43814125,43707583,17,5,69,1,36,16,6,0,6,,0,0,8,6,11,0,0,0,0,0,,,0,7250,45208,6084,3000,,6959,3583,5708,417,250,18708,3250,5667,106542,,,,,36,16,,,6,0,0,0,8,6,
1,paper-scaling-pilot,sparse-conflict,exact-cover-oracle,exact-cover-oracle::solve (bitset branch-and-bound; predeclared cell limit),424242,8,1,sparse-conflict:424242:8:4,4,False,True,3,60.0,unsupported,unsupported,0,unsupported,foreground cell count 69 exceeds oracle limit 40,,42694625,,17,5,69,1,36,16,,,,,,,,,,,,,,,,,0,7250,,,,,,,,,,,,,,,,,,36,16,,,6,0,0,0,8,6,
1,paper-scaling-pilot,sparse-conflict,explicit-hopcroft-karp,sg-oracle::grid::build_conflict_graph + Hopcroft-Karp + Konig cover + indexed completion,424242,12,1,sparse-conflict:424242:12:0,0,True,False,0,60.0,success,success,0,valid,,,41421333,41310458,25,5,101,1,52,24,10,0,10,0,0,0,,,15,,,,0,0,,,0,10250,60291,7250,,2500,,,2417,833,125,21959,3166,6584,110875,,,,,,,,,,,,,,,
1,paper-scaling-pilot,sparse-conflict,explicit-c0-flow,DominanceEmbedding::explicit_graph + C0 edge bicliques + explicit flow construction/execution/cover recovery + indexed completion,424242,12,1,sparse-conflict:424242:12:0,0,True,False,1,60.0,success,success,0,valid,,,41085875,40953583,25,5,101,1,52,24,10,0,10,0,0,0,12,10,15,0,0,0,0,0,12,10,0,7792,62459,8458,3167,1958,5000,3209,7125,292,250,23541,3459,6208,132292,,,,,,,,,,,,,,,
1,paper-scaling-pilot,sparse-conflict,compact-mrd,dominance::biclique::experiment::construct + compressed flow construction/execution/cover recovery + indexed completion,424242,12,1,sparse-conflict:424242:12:0,0,True,False,2,60.0,success,success,0,valid,,,40992000,40855875,25,5,101,1,52,24,10,0,10,,0,0,12,10,15,0,0,0,0,0,,,0,6833,60583,7167,3000,,7625,3625,5208,500,125,22708,3417,15208,136125,,,,,,,,,,,,,,,
1,paper-scaling-pilot,sparse-conflict,exact-cover-oracle,exact-cover-oracle::solve (bitset branch-and-bound; predeclared cell limit),424242,12,1,sparse-conflict:424242:12:0,0,True,False,3,60.0,unsupported,unsupported,0,unsupported,foreground cell count 101 exceeds oracle limit 40,,40965416,,25,5,101,1,52,24,,,,,,,,,,,,,,,,,0,7041,,,,,,,,,,,,,,,,,,,,,,,,,,,,
1,paper-scaling-pilot,sparse-conflict,explicit-hopcroft-karp,sg-oracle::grid::build_conflict_graph + Hopcroft-Karp + Konig cover + indexed completion,424242,12,1,sparse-conflict:424242:12:0,0,False,True,0,60.0,success,success,0,valid,,,41231333,41122916,25,5,101,1,52,24,10,0,10,0,0,0,,,15,,,,0,0,,,0,6875,57375,8333,,2542,,,2167,583,125,22083,3292,5916,108417,,,,,52,24,,,10,0,0,0,12,10,
1,paper-scaling-pilot,sparse-conflict,explicit-c0-flow,DominanceEmbedding::explicit_graph + C0 edge bicliques + explicit flow construction/execution/cover recovery + indexed completion,424242,12,1,sparse-conflict:424242:12:0,0,False,True,1,60.0,success,success,0,valid,,,41467084,41335292,25,5,101,1,52,24,10,0,10,0,0,0,12,10,15,0,0,0,0,0,12,10,0,7000,60916,6959,3209,1666,5792,2917,6542,459,41,24291,6625,5917,131792,,,,,52,24,,,10,0,0,0,12,10,
1,paper-scaling-pilot,sparse-conflict,compact-mrd,dominance::biclique::experiment::construct + compressed flow construction/execution/cover recovery + indexed completion,424242,12,1,sparse-conflict:424242:12:0,0,False,True,2,60.0,success,success,0,valid,,,40408083,40279750,25,5,101,1,52,24,10,0,10,,0,0,12,10,15,0,0,0,0,0,,,0,6833,59209,7791,3292,,7667,3625,5584,542,250,23750,3666,5959,128333,,,,,52,24,,,10,0,0,0,12,10,
1,paper-scaling-pilot,sparse-conflict,exact-cover-oracle,exact-cover-oracle::solve (bitset branch-and-bound; predeclared cell limit),424242,12,1,sparse-conflict:424242:12:0,0,False,True,3,60.0,unsupported,unsupported,0,unsupported,foreground cell count 101 exceeds oracle limit 40,,41126834,,25,5,101,1,52,24,,,,,,,,,,,,,,,,,0,11792,,,,,,,,,,,,,,,,,,52,24,,,10,0,0,0,12,10,
1,paper-scaling-pilot,sparse-conflict,explicit-hopcroft-karp,sg-oracle::grid::build_conflict_graph + Hopcroft-Karp + Konig cover + indexed completion,424242,12,1,sparse-conflict:424242:12:1,1,False,True,0,60.0,success,success,0,valid,,,40675875,40564166,25,5,101,1,52,24,10,0,10,0,0,0,,,15,,,,0,0,,,0,7000,60167,7292,,2458,,,2417,625,167,22625,3250,5958,111709,,,,,52,24,,,10,0,0,0,12,10,
1,paper-scaling-pilot,sparse-conflict,explicit-c0-flow,DominanceEmbedding::explicit_graph + C0 edge bicliques + explicit flow construction/execution/cover recovery + indexed completion,424242,12,1,sparse-conflict:424242:12:1,1,False,True,1,60.0,success,success,0,valid,,,40631792,40499751,25,5,101,1,52,24,10,0,10,0,0,0,12,10,15,0,0,0,0,0,12,10,0,10125,61375,7958,3250,1792,6333,3208,6083,666,167,23375,3375,6959,132041,,,,,52,24,,,10,0,0,0,12,10,
1,paper-scaling-pilot,sparse-conflict,compact-mrd,dominance::biclique::experiment::construct + compressed flow construction/execution/cover recovery + indexed completion,424242,12,1,sparse-conflict:424242:12:1,1,False,True,2,60.0,success,success,0,valid,,,40193458,40060750,25,5,101,1,52,24,10,0,10,,0,0,12,10,15,0,0,0,0,0,,,0,6917,59542,7166,3750,,10250,3750,5959,625,84,23542,4125,6708,132708,,,,,52,24,,,10,0,0,0,12,10,
1,paper-scaling-pilot,sparse-conflict,exact-cover-oracle,exact-cover-oracle::solve (bitset branch-and-bound; predeclared cell limit),424242,12,1,sparse-conflict:424242:12:1,1,False,True,3,60.0,unsupported,unsupported,0,unsupported,foreground cell count 101 exceeds oracle limit 40,,40124500,,25,5,101,1,52,24,,,,,,,,,,,,,,,,,0,7500,,,,,,,,,,,,,,,,,,52,24,,,10,0,0,0,12,10,
1,paper-scaling-pilot,sparse-conflict,explicit-hopcroft-karp,sg-oracle::grid::build_conflict_graph + Hopcroft-Karp + Konig cover + indexed completion,424242,12,1,sparse-conflict:424242:12:2,2,False,True,0,60.0,success,success,0,valid,,,40098084,39987959,25,5,101,1,52,24,10,0,10,0,0,0,,,15,,,,0,0,,,0,7125,59375,7458,,2500,,,2333,583,125,22709,3291,5875,110125,,,,,52,24,,,10,0,0,0,12,10,
1,paper-scaling-pilot,sparse-conflict,explicit-c0-flow,DominanceEmbedding::explicit_graph + C0 edge bicliques + explicit flow construction/execution/cover recovery + indexed completion,424242,12,1,sparse-conflict:424242:12:2,2,False,True,1,60.0,success,success,0,valid,,,40146833,40021000,25,5,101,1,52,24,10,0,10,0,0,0,12,10,15,0,0,0,0,0,12,10,0,6708,58292,7583,3000,1875,5000,3125,5250,250,42,23542,3417,6042,125833,,,,,52,24,,,10,0,0,0,12,10,
1,paper-scaling-pilot,sparse-conflict,compact-mrd,dominance::biclique::experiment::construct + compressed flow construction/execution/cover recovery + indexed completion,424242,12,1,sparse-conflict:424242:12:2,2,False,True,2,60.0,success,success,0,valid,,,40451334,40324376,25,5,101,1,52,24,10,0,10,,0,0,12,10,15,0,0,0,0,0,,,0,7208,58792,8417,3208,,7541,3750,5667,416,125,23000,3458,6001,126958,,,,,52,24,,,10,0,0,0,12,10,
1,paper-scaling-pilot,sparse-conflict,exact-cover-oracle,exact-cover-oracle::solve (bitset branch-and-bound; predeclared cell limit),424242,12,1,sparse-conflict:424242:12:2,2,False,True,3,60.0,unsupported,unsupported,0,unsupported,foreground cell count 101 exceeds oracle limit 40,,40746666,,25,5,101,1,52,24,,,,,,,,,,,,,,,,,0,7000,,,,,,,,,,,,,,,,,,52,24,,,10,0,0,0,12,10,
1,paper-scaling-pilot,sparse-conflict,explicit-hopcroft-karp,sg-oracle::grid::build_conflict_graph + Hopcroft-Karp + Konig cover + indexed completion,424242,12,1,sparse-conflict:424242:12:3,3,False,True,0,60.0,success,success,0,valid,,,40735125,40625791,25,5,101,1,52,24,10,0,10,0,0,0,,,15,,,,0,0,,,0,6750,58209,8417,,2458,,,2250,667,83,21958,3334,5708,109334,,,,,52,24,,,10,0,0,0,12,10,
1,paper-scaling-pilot,sparse-conflict,explicit-c0-flow,DominanceEmbedding::explicit_graph + C0 edge bicliques + explicit flow construction/execution/cover recovery + indexed completion,424242,12,1,sparse-conflict:424242:12:3,3,False,True,1,60.0,success,success,0,valid,,,41430542,41308501,25,5,101,1,52,24,10,0,10,0,0,0,12,10,15,0,0,0,0,0,12,10,0,7000,57000,6917,3291,1708,5167,3000,6083,292,41,23125,3334,5791,122041,,,,,52,24,,,10,0,0,0,12,10,
1,paper-scaling-pilot,sparse-conflict,compact-mrd,dominance::biclique::experiment::construct + compressed flow construction/execution/cover recovery + indexed completion,424242,12,1,sparse-conflict:424242:12:3,3,False,True,2,60.0,success,success,0,valid,,,41143042,41016334,25,5,101,1,52,24,10,0,10,,0,0,12,10,15,0,0,0,0,0,,,0,7125,58417,7458,3958,,7458,3750,5375,583,166,22750,3958,6459,126708,,,,,52,24,,,10,0,0,0,12,10,
1,paper-scaling-pilot,sparse-conflict,exact-cover-oracle,exact-cover-oracle::solve (bitset branch-and-bound; predeclared cell limit),424242,12,1,sparse-conflict:424242:12:3,3,False,True,3,60.0,unsupported,unsupported,0,unsupported,foreground cell count 101 exceeds oracle limit 40,,41220542,,25,5,101,1,52,24,,,,,,,,,,,,,,,,,0,7542,,,,,,,,,,,,,,,,,,52,24,,,10,0,0,0,12,10,
1,paper-scaling-pilot,sparse-conflict,explicit-hopcroft-karp,sg-oracle::grid::build_conflict_graph + Hopcroft-Karp + Konig cover + indexed completion,424242,12,1,sparse-conflict:424242:12:4,4,False,True,0,60.0,success,success,0,valid,,,41230750,41121834,25,5,101,1,52,24,10,0,10,0,0,0,,,15,,,,0,0,,,0,6833,57459,8000,,2583,,,2291,625,166,22625,3541,5709,108916,,,,,52,24,,,10,0,0,0,12,10,
1,paper-scaling-pilot,sparse-conflict,explicit-c0-flow,DominanceEmbedding::explicit_graph + C0 edge bicliques + explicit flow construction/execution/cover recovery + indexed completion,424242,12,1,sparse-conflict:424242:12:4,4,False,True,1,60.0,success,success,0,valid,,,41055459,40928501,25,5,101,1,52,24,10,0,10,0,0,0,12,10,15,0,0,0,0,0,12,10,0,7750,58291,7792,3083,1833,5792,3125,6250,375,250,24250,3625,5751,126958,,,,,52,24,,,10,0,0,0,12,10,
1,paper-scaling-pilot,sparse-conflict,compact-mrd,dominance::biclique::experiment::construct + compressed flow construction/execution/cover recovery + indexed completion,424242,12,1,sparse-conflict:424242:12:4,4,False,True,2,60.0,success,success,0,valid,,,40544708,40414416,25,5,101,1,52,24,10,0,10,,0,0,12,10,15,0,0,0,0,0,,,0,6709,58959,6667,3834,,7375,3791,5375,583,209,26000,3375,6958,130292,,,,,52,24,,,10,0,0,0,12,10,
1,paper-scaling-pilot,sparse-conflict,exact-cover-oracle,exact-cover-oracle::solve (bitset branch-and-bound; predeclared cell limit),424242,12,1,sparse-conflict:424242:12:4,4,False,True,3,60.0,unsupported,unsupported,0,unsupported,foreground cell count 101 exceeds oracle limit 40,,41422041,,25,5,101,1,52,24,,,,,,,,,,,,,,,,,0,6917,,,,,,,,,,,,,,,,,,52,24,,,10,0,0,0,12,10,
1,paper-scaling-pilot,sparse-conflict,explicit-hopcroft-karp,sg-oracle::grid::build_conflict_graph + Hopcroft-Karp + Konig cover + indexed completion,424242,18,1,sparse-conflict:424242:18:0,0,True,False,0,60.0,success,success,0,valid,,,41367750,41220917,37,5,149,1,76,36,16,0,16,0,0,0,,,21,,,,0,0,,,0,7833,83791,7959,,2625,,,2292,625,167,27625,6667,7833,146833,,,,,,,,,,,,,,,
1,paper-scaling-pilot,sparse-conflict,explicit-c0-flow,DominanceEmbedding::explicit_graph + C0 edge bicliques + explicit flow construction/execution/cover recovery + indexed completion,424242,18,1,sparse-conflict:424242:18:0,0,True,False,1,60.0,success,success,0,valid,,,41408250,41257083,37,5,149,1,76,36,16,0,16,0,0,0,18,16,21,0,0,0,0,0,18,16,0,6625,74875,8625,3334,1625,5292,3042,5750,458,167,27667,5666,7459,151167,,,,,,,,,,,,,,,
1,paper-scaling-pilot,sparse-conflict,compact-mrd,dominance::biclique::experiment::construct + compressed flow construction/execution/cover recovery + indexed completion,424242,18,1,sparse-conflict:424242:18:0,0,True,False,2,60.0,success,success,0,valid,,,40829292,40666750,37,5,149,1,76,36,16,0,16,,0,0,18,16,21,0,0,0,0,0,,,0,7000,81667,8791,3583,,7833,3750,6042,500,167,28708,5334,8333,162542,,,,,,,,,,,,,,,
1,paper-scaling-pilot,sparse-conflict,exact-cover-oracle,exact-cover-oracle::solve (bitset branch-and-bound; predeclared cell limit),424242,18,1,sparse-conflict:424242:18:0,0,True,False,3,60.0,unsupported,unsupported,0,unsupported,foreground cell count 149 exceeds oracle limit 40,,40874833,,37,5,149,1,76,36,,,,,,,,,,,,,,,,,0,6833,,,,,,,,,,,,,,,,,,,,,,,,,,,,
1,paper-scaling-pilot,sparse-conflict,explicit-hopcroft-karp,sg-oracle::grid::build_conflict_graph + Hopcroft-Karp + Konig cover + indexed completion,424242,18,1,sparse-conflict:424242:18:0,0,False,True,0,60.0,success,success,0,valid,,,39979583,39837500,37,5,149,1,76,36,16,0,16,0,0,0,,,21,,,,0,0,,,0,6792,78542,9375,,2542,,,2292,625,166,26750,6209,8083,142083,,,,,76,36,,,16,0,0,0,18,16,
1,paper-scaling-pilot,sparse-conflict,explicit-c0-flow,DominanceEmbedding::explicit_graph + C0 edge bicliques + explicit flow construction/execution/cover recovery + indexed completion,424242,18,1,sparse-conflict:424242:18:0,0,False,True,1,60.0,success,success,0,valid,,,40745709,40593792,37,5,149,1,76,36,16,0,16,0,0,0,18,16,21,0,0,0,0,0,18,16,0,6833,76500,7375,3667,1875,4833,3000,5500,333,208,28875,5625,6792,151917,,,,,76,36,,,16,0,0,0,18,16,
1,paper-scaling-pilot,sparse-conflict,compact-mrd,dominance::biclique::experiment::construct + compressed flow construction/execution/cover recovery + indexed completion,424242,18,1,sparse-conflict:424242:18:0,0,False,True,2,60.0,success,success,0,valid,,,40274166,40120666,37,5,149,1,76,36,16,0,16,,0,0,18,16,21,0,0,0,0,0,,,0,6708,74708,7458,4167,,7625,3625,5834,459,125,28958,6042,7083,153500,,,,,76,36,,,16,0,0,0,18,16,
1,paper-scaling-pilot,sparse-conflict,exact-cover-oracle,exact-cover-oracle::solve (bitset branch-and-bound; predeclared cell limit),424242,18,1,sparse-conflict:424242:18:0,0,False,True,3,60.0,unsupported,unsupported,0,unsupported,foreground cell count 149 exceeds oracle limit 40,,40702417,,37,5,149,1,76,36,,,,,,,,,,,,,,,,,0,6834,,,,,,,,,,,,,,,,,,76,36,,,16,0,0,0,18,16,
1,paper-scaling-pilot,sparse-conflict,explicit-hopcroft-karp,sg-oracle::grid::build_conflict_graph + Hopcroft-Karp + Konig cover + indexed completion,424242,18,1,sparse-conflict:424242:18:1,1,False,True,0,60.0,success,success,0,valid,,,41129166,40989457,37,5,149,1,76,36,16,0,16,0,0,0,,,21,,,,0,0,,,0,6709,77125,9292,,2459,,,2208,625,209,26666,6042,7958,139709,,,,,76,36,,,16,0,0,0,18,16,
1,paper-scaling-pilot,sparse-conflict,explicit-c0-flow,DominanceEmbedding::explicit_graph + C0 edge bicliques + explicit flow construction/execution/cover recovery + indexed completion,424242,18,1,sparse-conflict:424242:18:1,1,False,True,1,60.0,success,success,0,valid,,,41219041,41065582,37,5,149,1,76,36,16,0,16,0,0,0,18,16,21,0,0,0,0,0,18,16,0,8000,78000,7292,3042,1666,5833,2834,5666,292,125,27834,5833,7666,153459,,,,,76,36,,,16,0,0,0,18,16,
1,paper-scaling-pilot,sparse-conflict,compact-mrd,dominance::biclique::experiment::construct + compressed flow construction/execution/cover recovery + indexed completion,424242,18,1,sparse-conflict:424242:18:1,1,False,True,2,60.0,success,success,0,valid,,,41828583,41665083,37,5,149,1,76,36,16,0,16,,0,0,18,16,21,0,0,0,0,0,,,0,7417,79333,9541,3167,,8625,3875,6375,416,250,29291,6375,8459,163500,,,,,76,36,,,16,0,0,0,18,16,
1,paper-scaling-pilot,sparse-conflict,exact-cover-oracle,exact-cover-oracle::solve (bitset branch-and-bound; predeclared cell limit),424242,18,1,sparse-conflict:424242:18:1,1,False,True,3,60.0,unsupported,unsupported,0,unsupported,foreground cell count 149 exceeds oracle limit 40,,41232417,,37,5,149,1,76,36,,,,,,,,,,,,,,,,,0,7125,,,,,,,,,,,,,,,,,,76,36,,,16,0,0,0,18,16,
1,paper-scaling-pilot,sparse-conflict,explicit-hopcroft-karp,sg-oracle::grid::build_conflict_graph + Hopcroft-Karp + Konig cover + indexed completion,424242,18,1,sparse-conflict:424242:18:2,2,False,True,0,60.0,success,success,0,valid,,,40895000,40754666,37,5,149,1,76,36,16,0,16,0,0,0,,,21,,,,0,0,,,0,7083,78084,8208,,2500,,,2292,625,125,26959,6750,8166,140334,,,,,76,36,,,16,0,0,0,18,16,
1,paper-scaling-pilot,sparse-conflict,explicit-c0-flow,DominanceEmbedding::explicit_graph + C0 edge bicliques + explicit flow construction/execution/cover recovery + indexed completion,424242,18,1,sparse-conflict:424242:18:2,2,False,True,1,60.0,success,success,0,valid,,,41100167,40944834,37,5,149,1,76,36,16,0,16,0,0,0,18,16,21,0,0,0,0,0,18,16,0,7708,77250,7792,4167,1625,5917,2833,6000,292,166,27625,6500,8041,155333,,,,,76,36,,,16,0,0,0,18,16,
1,paper-scaling-pilot,sparse-conflict,compact-mrd,dominance::biclique::experiment::construct + compressed flow construction/execution/cover recovery + indexed completion,424242,18,1,sparse-conflict:424242:18:2,2,False,True,2,60.0,success,success,0,valid,,,42034250,41870084,37,5,149,1,76,36,16,0,16,,0,0,18,16,21,0,0,0,0,0,,,0,7208,83083,10458,3750,,8125,3958,5875,458,125,28375,5375,6833,164166,,,,,76,36,,,16,0,0,0,18,16,
1,paper-scaling-pilot,sparse-conflict,exact-cover-oracle,exact-cover-oracle::solve (bitset branch-and-bound; predeclared cell limit),424242,18,1,sparse-conflict:424242:18:2,2,False,True,3,60.0,unsupported,unsupported,0,unsupported,foreground cell count 149 exceeds oracle limit 40,,41022417,,37,5,149,1,76,36,,,,,,,,,,,,,,,,,0,7208,,,,,,,,,,,,,,,,,,76,36,,,16,0,0,0,18,16,
1,paper-scaling-pilot,sparse-conflict,explicit-hopcroft-karp,sg-oracle::grid::build_conflict_graph + Hopcroft-Karp + Konig cover + indexed completion,424242,18,1,sparse-conflict:424242:18:3,3,False,True,0,60.0,success,success,0,valid,,,41573083,41435749,37,5,149,1,76,36,16,0,16,0,0,0,,,21,,,,0,0,,,0,6417,77125,7500,,2375,,,2291,542,125,27667,4916,7626,137334,,,,,76,36,,,16,0,0,0,18,16,
1,paper-scaling-pilot,sparse-conflict,explicit-c0-flow,DominanceEmbedding::explicit_graph + C0 edge bicliques + explicit flow construction/execution/cover recovery + indexed completion,424242,18,1,sparse-conflict:424242:18:3,3,False,True,1,60.0,success,success,0,valid,,,42190291,42016583,37,5,149,1,76,36,16,0,16,0,0,0,18,16,21,0,0,0,0,0,18,16,0,8416,75583,9458,4292,2458,10042,4041,7084,916,417,31458,9125,9500,173708,,,,,76,36,,,16,0,0,0,18,16,
1,paper-scaling-pilot,sparse-conflict,compact-mrd,dominance::biclique::experiment::construct + compressed flow construction/execution/cover recovery + indexed completion,424242,18,1,sparse-conflict:424242:18:3,3,False,True,2,60.0,success,success,0,valid,,,41765541,41608291,37,5,149,1,76,36,16,0,16,,0,0,18,16,21,0,0,0,0,0,,,0,6958,77666,7417,3750,,8666,3750,5958,584,166,29375,6000,6875,157250,,,,,76,36,,,16,0,0,0,18,16,
1,paper-scaling-pilot,sparse-conflict,exact-cover-oracle,exact-cover-oracle::solve (bitset branch-and-bound; predeclared cell limit),424242,18,1,sparse-conflict:424242:18:3,3,False,True,3,60.0,unsupported,unsupported,0,unsupported,foreground cell count 149 exceeds oracle limit 40,,40655666,,37,5,149,1,76,36,,,,,,,,,,,,,,,,,0,6875,,,,,,,,,,,,,,,,,,76,36,,,16,0,0,0,18,16,
1,paper-scaling-pilot,sparse-conflict,explicit-hopcroft-karp,sg-oracle::grid::build_conflict_graph + Hopcroft-Karp + Konig cover + indexed completion,424242,18,1,sparse-conflict:424242:18:4,4,False,True,0,60.0,success,success,0,valid,,,41183041,41038624,37,5,149,1,76,36,16,0,16,0,0,0,,,21,,,,0,0,,,0,7375,78584,7916,,2417,,,2500,667,83,28334,5875,7041,144417,,,,,76,36,,,16,0,0,0,18,16,
1,paper-scaling-pilot,sparse-conflict,explicit-c0-flow,DominanceEmbedding::explicit_graph + C0 edge bicliques + explicit flow construction/execution/cover recovery + indexed completion,424242,18,1,sparse-conflict:424242:18:4,4,False,True,1,60.0,success,success,0,valid,,,40664292,40513333,37,5,149,1,76,36,16,0,16,0,0,0,18,16,21,0,0,0,0,0,18,16,0,6625,73375,6750,3792,1625,7875,3208,5583,250,41,28167,5833,6834,150959,,,,,76,36,,,16,0,0,0,18,16,
1,paper-scaling-pilot,sparse-conflict,compact-mrd,dominance::biclique::experiment::construct + compressed flow construction/execution/cover recovery + indexed completion,424242,18,1,sparse-conflict:424242:18:4,4,False,True,2,60.0,success,success,0,valid,,,41309958,41147124,37,5,149,1,76,36,16,0,16,,0,0,18,16,21,0,0,0,0,0,,,0,7709,79333,8708,3042,,7917,4458,6833,625,166,29291,6584,8041,162834,,,,,76,36,,,16,0,0,0,18,16,
1,paper-scaling-pilot,sparse-conflict,exact-cover-oracle,exact-cover-oracle::solve (bitset branch-and-bound; predeclared cell limit),424242,18,1,sparse-conflict:424242:18:4,4,False,True,3,60.0,unsupported,unsupported,0,unsupported,foreground cell count 149 exceeds oracle limit 40,,40715166,,37,5,149,1,76,36,,,,,,,,,,,,,,,,,0,7667,,,,,,,,,,,,,,,,,,76,36,,,16,0,0,0,18,16,
1,paper-scaling-pilot,sparse-conflict,explicit-hopcroft-karp,sg-oracle::grid::build_conflict_graph + Hopcroft-Karp + Konig cover + indexed completion,424242,27,1,sparse-conflict:424242:27:0,0,True,False,0,60.0,success,success,0,valid,,,41320709,41138959,55,5,221,1,112,54,25,0,25,0,0,0,,,30,,,,0,0,,,0,7667,110250,9542,,2833,,,2542,750,166,34292,5333,7750,181750,,,,,,,,,,,,,,,
1,paper-scaling-pilot,sparse-conflict,explicit-c0-flow,DominanceEmbedding::explicit_graph + C0 edge bicliques + explicit flow construction/execution/cover recovery + indexed completion,424242,27,1,sparse-conflict:424242:27:0,0,True,False,1,60.0,success,success,0,valid,,,41331500,41133333,55,5,221,1,112,54,25,0,25,0,0,0,27,25,30,0,0,0,0,0,27,25,0,7000,109917,9417,3167,1791,5667,3042,7708,417,83,34208,6333,7542,198167,,,,,,,,,,,,,,,
1,paper-scaling-pilot,sparse-conflict,compact-mrd,dominance::biclique::experiment::construct + compressed flow construction/execution/cover recovery + indexed completion,424242,27,1,sparse-conflict:424242:27:0,0,True,False,2,60.0,success,success,0,valid,,,41721500,41520292,55,5,221,1,112,54,25,0,25,,0,0,27,25,30,0,0,0,0,0,,,0,7333,109875,9416,3167,,10916,3333,7833,375,167,34542,5250,7583,201208,,,,,,,,,,,,,,,
1,paper-scaling-pilot,sparse-conflict,exact-cover-oracle,exact-cover-oracle::solve (bitset branch-and-bound; predeclared cell limit),424242,27,1,sparse-conflict:424242:27:0,0,True,False,3,60.0,unsupported,unsupported,0,unsupported,foreground cell count 221 exceeds oracle limit 40,,41648125,,55,5,221,1,112,54,,,,,,,,,,,,,,,,,0,7875,,,,,,,,,,,,,,,,,,,,,,,,,,,,
1,paper-scaling-pilot,sparse-conflict,explicit-hopcroft-karp,sg-oracle::grid::build_conflict_graph + Hopcroft-Karp + Konig cover + indexed completion,424242,27,1,sparse-conflict:424242:27:0,0,False,True,0,60.0,success,success,0,valid,,,41383500,41195792,55,5,221,1,112,54,25,0,25,0,0,0,,,30,,,,0,0,,,0,7416,113417,9958,,2833,,,3000,1458,250,34875,5750,8083,187708,,,,,112,54,,,25,0,0,0,27,25,
1,paper-scaling-pilot,sparse-conflict,explicit-c0-flow,DominanceEmbedding::explicit_graph + C0 edge bicliques + explicit flow construction/execution/cover recovery + indexed completion,424242,27,1,sparse-conflict:424242:27:0,0,False,True,1,60.0,success,success,0,valid,,,42296167,42090542,55,5,221,1,112,54,25,0,25,0,0,0,27,25,30,0,0,0,0,0,27,25,0,51917,115041,8209,3500,1875,6042,3917,8875,291,42,34833,5500,7750,205625,,,,,112,54,,,25,0,0,0,27,25,
1,paper-scaling-pilot,sparse-conflict,compact-mrd,dominance::biclique::experiment::construct + compressed flow construction/execution/cover recovery + indexed completion,424242,27,1,sparse-conflict:424242:27:0,0,False,True,2,60.0,success,success,0,valid,,,40727500,40515208,55,5,221,1,112,54,25,0,25,,0,0,27,25,30,0,0,0,0,0,,,0,7167,117167,9792,3542,,12417,3667,8083,500,42,34250,6417,8000,212292,,,,,112,54,,,25,0,0,0,27,25,
1,paper-scaling-pilot,sparse-conflict,exact-cover-oracle,exact-cover-oracle::solve (bitset branch-and-bound; predeclared cell limit),424242,27,1,sparse-conflict:424242:27:0,0,False,True,3,60.0,unsupported,unsupported,0,unsupported,foreground cell count 221 exceeds oracle limit 40,,41137583,,55,5,221,1,112,54,,,,,,,,,,,,,,,,,0,6625,,,,,,,,,,,,,,,,,,112,54,,,25,0,0,0,27,25,
1,paper-scaling-pilot,sparse-conflict,explicit-hopcroft-karp,sg-oracle::grid::build_conflict_graph + Hopcroft-Karp + Konig cover + indexed completion,424242,27,1,sparse-conflict:424242:27:1,1,False,True,0,60.0,success,success,0,valid,,,41675208,41480958,55,5,221,1,112,54,25,0,25,0,0,0,,,30,,,,0,0,,,0,7875,113166,10167,,2834,,,2750,2833,250,37417,6375,9250,194250,,,,,112,54,,,25,0,0,0,27,25,
1,paper-scaling-pilot,sparse-conflict,explicit-c0-flow,DominanceEmbedding::explicit_graph + C0 edge bicliques + explicit flow construction/execution/cover recovery + indexed completion,424242,27,1,sparse-conflict:424242:27:1,1,False,True,1,60.0,success,success,0,valid,,,41307750,41107042,55,5,221,1,112,54,25,0,25,0,0,0,27,25,30,0,0,0,0,0,27,25,0,6875,110791,9375,4209,1834,5333,3083,8083,333,83,35500,5541,7751,200708,,,,,112,54,,,25,0,0,0,27,25,
1,paper-scaling-pilot,sparse-conflict,compact-mrd,dominance::biclique::experiment::construct + compressed flow construction/execution/cover recovery + indexed completion,424242,27,1,sparse-conflict:424242:27:1,1,False,True,2,60.0,success,success,0,valid,,,42117334,41907750,55,5,221,1,112,54,25,0,25,,0,0,27,25,30,0,0,0,0,0,,,0,7417,114333,10083,3792,,12334,4375,7667,500,83,34458,5417,7791,209584,,,,,112,54,,,25,0,0,0,27,25,
1,paper-scaling-pilot,sparse-conflict,exact-cover-oracle,exact-cover-oracle::solve (bitset branch-and-bound; predeclared cell limit),424242,27,1,sparse-conflict:424242:27:1,1,False,True,3,60.0,unsupported,unsupported,0,unsupported,foreground cell count 221 exceeds oracle limit 40,,41435500,,55,5,221,1,112,54,,,,,,,,,,,,,,,,,0,7333,,,,,,,,,,,,,,,,,,112,54,,,25,0,0,0,27,25,
1,paper-scaling-pilot,sparse-conflict,explicit-hopcroft-karp,sg-oracle::grid::build_conflict_graph + Hopcroft-Karp + Konig cover + indexed completion,424242,27,1,sparse-conflict:424242:27:2,2,False,True,0,60.0,success,success,0,valid,,,41376000,41189833,55,5,221,1,112,54,25,0,25,0,0,0,,,30,,,,0,0,,,0,7875,112208,8625,,2458,,,2333,1625,167,34125,5667,7542,186167,,,,,112,54,,,25,0,0,0,27,25,
1,paper-scaling-pilot,sparse-conflict,explicit-c0-flow,DominanceEmbedding::explicit_graph + C0 edge bicliques + explicit flow construction/execution/cover recovery + indexed completion,424242,27,1,sparse-conflict:424242:27:2,2,False,True,1,60.0,success,success,0,valid,,,41567542,41368792,55,5,221,1,112,54,25,0,25,0,0,0,27,25,30,0,0,0,0,0,27,25,0,6500,110708,10542,3166,1917,5500,3000,7708,375,166,34417,5375,7458,198750,,,,,112,54,,,25,0,0,0,27,25,
1,paper-scaling-pilot,sparse-conflict,compact-mrd,dominance::biclique::experiment::construct + compressed flow construction/execution/cover recovery + indexed completion,424242,27,1,sparse-conflict:424242:27:2,2,False,True,2,60.0,success,success,0,valid,,,40957917,40751708,55,5,221,1,112,54,25,0,25,,0,0,27,25,30,0,0,0,0,0,,,0,6917,110458,9709,3291,,11708,3334,8500,459,250,35833,6292,7625,206209,,,,,112,54,,,25,0,0,0,27,25,
1,paper-scaling-pilot,sparse-conflict,exact-cover-oracle,exact-cover-oracle::solve (bitset branch-and-bound; predeclared cell limit),424242,27,1,sparse-conflict:424242:27:2,2,False,True,3,60.0,unsupported,unsupported,0,unsupported,foreground cell count 221 exceeds oracle limit 40,,40842208,,55,5,221,1,112,54,,,,,,,,,,,,,,,,,0,7166,,,,,,,,,,,,,,,,,,112,54,,,25,0,0,0,27,25,
1,paper-scaling-pilot,sparse-conflict,explicit-hopcroft-karp,sg-oracle::grid::build_conflict_graph + Hopcroft-Karp + Konig cover + indexed completion,424242,27,1,sparse-conflict:424242:27:3,3,False,True,0,60.0,success,success,0,valid,,,41080750,40871750,55,5,221,1,112,54,25,0,25,0,0,0,,,30,,,,0,0,,,0,7291,121125,18875,,3542,,,3625,1166,208,36125,7750,8126,209000,,,,,112,54,,,25,0,0,0,27,25,
1,paper-scaling-pilot,sparse-conflict,explicit-c0-flow,DominanceEmbedding::explicit_graph + C0 edge bicliques + explicit flow construction/execution/cover recovery + indexed completion,424242,27,1,sparse-conflict:424242:27:3,3,False,True,1,60.0,success,success,0,valid,,,42160042,41951334,55,5,221,1,112,54,25,0,25,0,0,0,27,25,30,0,0,0,0,0,27,25,0,7333,113667,11542,3583,2125,5667,3083,8417,542,125,35833,6833,7834,208708,,,,,112,54,,,25,0,0,0,27,25,
1,paper-scaling-pilot,sparse-conflict,compact-mrd,dominance::biclique::experiment::construct + compressed flow construction/execution/cover recovery + indexed completion,424242,27,1,sparse-conflict:424242:27:3,3,False,True,2,60.0,success,success,0,valid,,,42153250,41943458,55,5,221,1,112,54,25,0,25,,0,0,27,25,30,0,0,0,0,0,,,0,6958,112459,7959,3250,,11417,4250,8125,500,125,34542,5208,7625,209792,,,,,112,54,,,25,0,0,0,27,25,
1,paper-scaling-pilot,sparse-conflict,exact-cover-oracle,exact-cover-oracle::solve (bitset branch-and-bound; predeclared cell limit),424242,27,1,sparse-conflict:424242:27:3,3,False,True,3,60.0,unsupported,unsupported,0,unsupported,foreground cell count 221 exceeds oracle limit 40,,41501042,,55,5,221,1,112,54,,,,,,,,,,,,,,,,,0,8500,,,,,,,,,,,,,,,,,,112,54,,,25,0,0,0,27,25,
1,paper-scaling-pilot,sparse-conflict,explicit-hopcroft-karp,sg-oracle::grid::build_conflict_graph + Hopcroft-Karp + Konig cover + indexed completion,424242,27,1,sparse-conflict:424242:27:4,4,False,True,0,60.0,success,success,0,valid,,,41121667,40938709,55,5,221,1,112,54,25,0,25,0,0,0,,,30,,,,0,0,,,0,8583,108417,10667,,2375,,,2541,1334,166,34458,6584,7625,182958,,,,,112,54,,,25,0,0,0,27,25,
1,paper-scaling-pilot,sparse-conflict,explicit-c0-flow,DominanceEmbedding::explicit_graph + C0 edge bicliques + explicit flow construction/execution/cover recovery + indexed completion,424242,27,1,sparse-conflict:424242:27:4,4,False,True,1,60.0,success,success,0,valid,,,41790667,41585959,55,5,221,1,112,54,25,0,25,0,0,0,27,25,30,0,0,0,0,0,27,25,0,7917,114833,11083,3417,1625,4917,3167,8000,375,125,34500,5542,7667,204708,,,,,112,54,,,25,0,0,0,27,25,
1,paper-scaling-pilot,sparse-conflict,compact-mrd,dominance::biclique::experiment::construct + compressed flow construction/execution/cover recovery + indexed completion,424242,27,1,sparse-conflict:424242:27:4,4,False,True,2,60.0,success,success,0,valid,,,41635917,41418792,55,5,221,1,112,54,25,0,25,,0,0,27,25,30,0,0,0,0,0,,,0,7958,114583,11500,3542,,12916,3542,8541,709,208,37458,6667,7833,217125,,,,,112,54,,,25,0,0,0,27,25,
1,paper-scaling-pilot,sparse-conflict,exact-cover-oracle,exact-cover-oracle::solve (bitset branch-and-bound; predeclared cell limit),424242,27,1,sparse-conflict:424242:27:4,4,False,True,3,60.0,unsupported,unsupported,0,unsupported,foreground cell count 221 exceeds oracle limit 40,,41216208,,55,5,221,1,112,54,,,,,,,,,,,,,,,,,0,6750,,,,,,,,,,,,,,,,,,112,54,,,25,0,0,0,27,25,
1,paper-scaling-pilot,sparse-conflict,explicit-hopcroft-karp,sg-oracle::grid::build_conflict_graph + Hopcroft-Karp + Konig cover + indexed completion,424242,40,1,sparse-conflict:424242:40:0,0,True,False,0,60.0,success,success,0,valid,,,41996667,41758958,81,5,325,1,164,80,38,0,38,0,0,0,,,43,,,,0,0,,,0,6833,149125,10875,,2792,,,2750,1709,209,44250,6542,10375,237709,,,,,,,,,,,,,,,
1,paper-scaling-pilot,sparse-conflict,explicit-c0-flow,DominanceEmbedding::explicit_graph + C0 edge bicliques + explicit flow construction/execution/cover recovery + indexed completion,424242,40,1,sparse-conflict:424242:40:0,0,True,False,1,60.0,success,success,0,valid,,,42209167,41940167,81,5,325,1,164,80,38,0,38,0,0,0,40,38,43,0,0,0,0,0,40,38,0,7542,152458,13083,4625,2125,6166,3583,11167,458,167,45083,8875,10875,269000,,,,,,,,,,,,,,,
1,paper-scaling-pilot,sparse-conflict,compact-mrd,dominance::biclique::experiment::construct + compressed flow construction/execution/cover recovery + indexed completion,424242,40,1,sparse-conflict:424242:40:0,0,True,False,2,60.0,success,success,0,valid,,,42329333,42074041,81,5,325,1,164,80,38,0,38,,0,0,40,38,43,0,0,0,0,0,,,0,6750,143250,11375,4834,,10500,3667,9083,375,166,44209,8000,9291,255292,,,,,,,,,,,,,,,
1,paper-scaling-pilot,sparse-conflict,exact-cover-oracle,exact-cover-oracle::solve (bitset branch-and-bound; predeclared cell limit),424242,40,1,sparse-conflict:424242:40:0,0,True,False,3,60.0,unsupported,unsupported,0,unsupported,foreground cell count 325 exceeds oracle limit 40,,42009958,,81,5,325,1,164,80,,,,,,,,,,,,,,,,,0,6958,,,,,,,,,,,,,,,,,,,,,,,,,,,,
1,paper-scaling-pilot,sparse-conflict,explicit-hopcroft-karp,sg-oracle::grid::build_conflict_graph + Hopcroft-Karp + Konig cover + indexed completion,424242,40,1,sparse-conflict:424242:40:0,0,False,True,0,60.0,success,success,0,valid,,,41609333,41356667,81,5,325,1,164,80,38,0,38,0,0,0,,,43,,,,0,0,,,0,6667,154667,11875,,3292,,,3667,2291,167,49959,6708,10167,252666,,,,,164,80,,,38,0,0,0,40,38,
1,paper-scaling-pilot,sparse-conflict,explicit-c0-flow,DominanceEmbedding::explicit_graph + C0 edge bicliques + explicit flow construction/execution/cover recovery + indexed completion,424242,40,1,sparse-conflict:424242:40:0,0,False,True,1,60.0,success,success,0,valid,,,40967917,40714875,81,5,325,1,164,80,38,0,38,0,0,0,40,38,43,0,0,0,0,0,40,38,0,7083,146458,11792,3458,2375,5042,3416,8709,292,125,45291,6667,10042,253042,,,,,164,80,,,38,0,0,0,40,38,
1,paper-scaling-pilot,sparse-conflict,compact-mrd,dominance::biclique::experiment::construct + compressed flow construction/execution/cover recovery + indexed completion,424242,40,1,sparse-conflict:424242:40:0,0,False,True,2,60.0,success,success,0,valid,,,41282833,41028042,81,5,325,1,164,80,38,0,38,,0,0,40,38,43,0,0,0,0,0,,,0,6625,143875,11542,4458,,10042,3500,10416,375,167,44083,7542,8999,254791,,,,,164,80,,,38,0,0,0,40,38,
1,paper-scaling-pilot,sparse-conflict,exact-cover-oracle,exact-cover-oracle::solve (bitset branch-and-bound; predeclared cell limit),424242,40,1,sparse-conflict:424242:40:0,0,False,True,3,60.0,unsupported,unsupported,0,unsupported,foreground cell count 325 exceeds oracle limit 40,,41542958,,81,5,325,1,164,80,,,,,,,,,,,,,,,,,0,9166,,,,,,,,,,,,,,,,,,164,80,,,38,0,0,0,40,38,
1,paper-scaling-pilot,sparse-conflict,explicit-hopcroft-karp,sg-oracle::grid::build_conflict_graph + Hopcroft-Karp + Konig cover + indexed completion,424242,40,1,sparse-conflict:424242:40:1,1,False,True,0,60.0,success,success,0,valid,,,41767584,41534626,81,5,325,1,164,80,38,0,38,0,0,0,,,43,,,,0,0,,,0,8458,143500,10500,,3000,,,2875,2500,83,42916,6625,10875,232958,,,,,164,80,,,38,0,0,0,40,38,
1,paper-scaling-pilot,sparse-conflict,explicit-c0-flow,DominanceEmbedding::explicit_graph + C0 edge bicliques + explicit flow construction/execution/cover recovery + indexed completion,424242,40,1,sparse-conflict:424242:40:1,1,False,True,1,60.0,success,success,0,valid,,,42199292,41949709,81,5,325,1,164,80,38,0,38,0,0,0,40,38,43,0,0,0,0,0,40,38,0,6750,145125,10209,4208,2333,5250,3417,8167,291,167,44333,7542,8916,249583,,,,,164,80,,,38,0,0,0,40,38,
1,paper-scaling-pilot,sparse-conflict,compact-mrd,dominance::biclique::experiment::construct + compressed flow construction/execution/cover recovery + indexed completion,424242,40,1,sparse-conflict:424242:40:1,1,False,True,2,60.0,success,success,0,valid,,,42325250,42052625,81,5,325,1,164,80,38,0,38,,0,0,40,38,43,0,0,0,0,0,,,0,6875,160708,11292,3584,,9917,3541,10000,542,166,45667,6625,11084,272625,,,,,164,80,,,38,0,0,0,40,38,
1,paper-scaling-pilot,sparse-conflict,exact-cover-oracle,exact-cover-oracle::solve (bitset branch-and-bound; predeclared cell limit),424242,40,1,sparse-conflict:424242:40:1,1,False,True,3,60.0,unsupported,unsupported,0,unsupported,foreground cell count 325 exceeds oracle limit 40,,42221125,,81,5,325,1,164,80,,,,,,,,,,,,,,,,,0,6875,,,,,,,,,,,,,,,,,,164,80,,,38,0,0,0,40,38,
1,paper-scaling-pilot,sparse-conflict,explicit-hopcroft-karp,sg-oracle::grid::build_conflict_graph + Hopcroft-Karp + Konig cover + indexed completion,424242,40,1,sparse-conflict:424242:40:2,2,False,True,0,60.0,success,success,0,valid,,,41325166,41087416,81,5,325,1,164,80,38,0,38,0,0,0,,,43,,,,0,0,,,0,6959,145042,10208,,3041,,,3875,2292,250,46541,6542,10375,237750,,,,,164,80,,,38,0,0,0,40,38,
1,paper-scaling-pilot,sparse-conflict,explicit-c0-flow,DominanceEmbedding::explicit_graph + C0 edge bicliques + explicit flow construction/execution/cover recovery + indexed completion,424242,40,1,sparse-conflict:424242:40:2,2,False,True,1,60.0,success,success,0,valid,,,42484292,42229959,81,5,325,1,164,80,38,0,38,0,0,0,40,38,43,0,0,0,0,0,40,38,0,7125,147542,10500,4334,2708,4959,3500,10125,334,166,43500,7000,8833,254333,,,,,164,80,,,38,0,0,0,40,38,
1,paper-scaling-pilot,sparse-conflict,compact-mrd,dominance::biclique::experiment::construct + compressed flow construction/execution/cover recovery + indexed completion,424242,40,1,sparse-conflict:424242:40:2,2,False,True,2,60.0,success,success,0,valid,,,42107708,41842708,81,5,325,1,164,80,38,0,38,,0,0,40,38,43,0,0,0,0,0,,,0,7041,149209,13792,4708,,10375,3500,11000,542,208,46291,6542,9500,265000,,,,,164,80,,,38,0,0,0,40,38,
1,paper-scaling-pilot,sparse-conflict,exact-cover-oracle,exact-cover-oracle::solve (bitset branch-and-bound; predeclared cell limit),424242,40,1,sparse-conflict:424242:40:2,2,False,True,3,60.0,unsupported,unsupported,0,unsupported,foreground cell count 325 exceeds oracle limit 40,,40596750,,81,5,325,1,164,80,,,,,,,,,,,,,,,,,0,7125,,,,,,,,,,,,,,,,,,164,80,,,38,0,0,0,40,38,
1,paper-scaling-pilot,sparse-conflict,explicit-hopcroft-karp,sg-oracle::grid::build_conflict_graph + Hopcroft-Karp + Konig cover + indexed completion,424242,40,1,sparse-conflict:424242:40:3,3,False,True,0,60.0,success,success,0,valid,,,41483042,41246292,81,5,325,1,164,80,38,0,38,0,0,0,,,43,,,,0,0,,,0,7250,145583,10917,,2708,,,2708,1875,84,44375,6833,11167,236750,,,,,164,80,,,38,0,0,0,40,38,
1,paper-scaling-pilot,sparse-conflict,explicit-c0-flow,DominanceEmbedding::explicit_graph + C0 edge bicliques + explicit flow construction/execution/cover recovery + indexed completion,424242,40,1,sparse-conflict:424242:40:3,3,False,True,1,60.0,success,success,0,valid,,,41642458,41391416,81,5,325,1,164,80,38,0,38,0,0,0,40,38,43,0,0,0,0,0,40,38,0,7209,144208,10125,5000,1834,4792,3417,9875,500,167,43625,6709,9500,251042,,,,,164,80,,,38,0,0,0,40,38,
1,paper-scaling-pilot,sparse-conflict,compact-mrd,dominance::biclique::experiment::construct + compressed flow construction/execution/cover recovery + indexed completion,424242,40,1,sparse-conflict:424242:40:3,3,False,True,2,60.0,success,success,0,valid,,,41204250,40894375,81,5,325,1,164,80,38,0,38,,0,0,40,38,43,0,0,0,0,0,,,0,7708,188916,12417,4791,,12250,3917,11125,625,167,45083,7542,12500,309875,,,,,164,80,,,38,0,0,0,40,38,
1,paper-scaling-pilot,sparse-conflict,exact-cover-oracle,exact-cover-oracle::solve (bitset branch-and-bound; predeclared cell limit),424242,40,1,sparse-conflict:424242:40:3,3,False,True,3,60.0,unsupported,unsupported,0,unsupported,foreground cell count 325 exceeds oracle limit 40,,41881500,,81,5,325,1,164,80,,,,,,,,,,,,,,,,,0,7125,,,,,,,,,,,,,,,,,,164,80,,,38,0,0,0,40,38,
1,paper-scaling-pilot,sparse-conflict,explicit-hopcroft-karp,sg-oracle::grid::build_conflict_graph + Hopcroft-Karp + Konig cover + indexed completion,424242,40,1,sparse-conflict:424242:40:4,4,False,True,0,60.0,success,success,0,valid,,,41225584,40987334,81,5,325,1,164,80,38,0,38,0,0,0,,,43,,,,0,0,,,0,7083,149625,11333,,3000,,,2583,1000,42,44125,6500,10708,238250,,,,,164,80,,,38,0,0,0,40,38,
1,paper-scaling-pilot,sparse-conflict,explicit-c0-flow,DominanceEmbedding::explicit_graph + C0 edge bicliques + explicit flow construction/execution/cover recovery + indexed completion,424242,40,1,sparse-conflict:424242:40:4,4,False,True,1,60.0,success,success,0,valid,,,41419334,41162250,81,5,325,1,164,80,38,0,38,0,0,0,40,38,43,0,0,0,0,0,40,38,0,7083,147458,10334,4250,2500,5000,3292,11125,375,209,45125,7458,9250,257084,,,,,164,80,,,38,0,0,0,40,38,
1,paper-scaling-pilot,sparse-conflict,compact-mrd,dominance::biclique::experiment::construct + compressed flow construction/execution/cover recovery + indexed completion,424242,40,1,sparse-conflict:424242:40:4,4,False,True,2,60.0,success,success,0,valid,,,42424916,42170332,81,5,325,1,164,80,38,0,38,,0,0,40,38,43,0,0,0,0,0,,,0,7000,145500,10625,5584,,9708,3417,8458,417,209,44583,6834,9499,254584,,,,,164,80,,,38,0,0,0,40,38,
1,paper-scaling-pilot,sparse-conflict,exact-cover-oracle,exact-cover-oracle::solve (bitset branch-and-bound; predeclared cell limit),424242,40,1,sparse-conflict:424242:40:4,4,False,True,3,60.0,unsupported,unsupported,0,unsupported,foreground cell count 325 exceeds oracle limit 40,,41559875,,81,5,325,1,164,80,,,,,,,,,,,,,,,,,0,8417,,,,,,,,,,,,,,,,,,164,80,,,38,0,0,0,40,38,
1,paper-scaling-pilot,sparse-conflict,explicit-hopcroft-karp,sg-oracle::grid::build_conflict_graph + Hopcroft-Karp + Konig cover + indexed completion,424242,60,1,sparse-conflict:424242:60:0,0,True,False,0,60.0,success,success,0,valid,,,41589625,41215375,121,5,485,1,244,120,58,0,58,0,0,0,,,63,,,,0,0,,,0,6916,226291,38000,,2792,,,3500,2541,167,61250,11792,15000,374250,,,,,,,,,,,,,,,
1,paper-scaling-pilot,sparse-conflict,explicit-c0-flow,DominanceEmbedding::explicit_graph + C0 edge bicliques + explicit flow construction/execution/cover recovery + indexed completion,424242,60,1,sparse-conflict:424242:60:0,0,True,False,1,60.0,success,success,0,valid,,,41840791,41484957,121,5,485,1,244,120,58,0,58,0,0,0,60,58,63,0,0,0,0,0,60,58,0,7125,223375,14750,3917,1875,5459,3291,9000,375,208,59125,8083,13042,355834,,,,,,,,,,,,,,,
1,paper-scaling-pilot,sparse-conflict,compact-mrd,dominance::biclique::experiment::construct + compressed flow construction/execution/cover recovery + indexed completion,424242,60,1,sparse-conflict:424242:60:0,0,True,False,2,60.0,success,success,0,valid,,,41164792,40806417,121,5,485,1,244,120,58,0,58,,0,0,60,58,63,0,0,0,0,0,,,0,6625,214458,12875,5000,,11667,3583,9042,417,167,58625,9625,20125,358375,,,,,,,,,,,,,,,
1,paper-scaling-pilot,sparse-conflict,exact-cover-oracle,exact-cover-oracle::solve (bitset branch-and-bound; predeclared cell limit),424242,60,1,sparse-conflict:424242:60:0,0,True,False,3,60.0,unsupported,unsupported,0,unsupported,foreground cell count 485 exceeds oracle limit 40,,41866583,,121,5,485,1,244,120,,,,,,,,,,,,,,,,,0,6958,,,,,,,,,,,,,,,,,,,,,,,,,,,,
1,paper-scaling-pilot,sparse-conflict,explicit-hopcroft-karp,sg-oracle::grid::build_conflict_graph + Hopcroft-Karp + Konig cover + indexed completion,424242,60,1,sparse-conflict:424242:60:0,0,False,True,0,60.0,success,success,0,valid,,,41239042,40913709,121,5,485,1,244,120,58,0,58,0,0,0,,,63,,,,0,0,,,0,6875,212834,12959,,2666,,,2459,1750,125,57875,9292,12959,325333,,,,,244,120,,,58,0,0,0,60,58,
1,paper-scaling-pilot,sparse-conflict,explicit-c0-flow,DominanceEmbedding::explicit_graph + C0 edge bicliques + explicit flow construction/execution/cover recovery + indexed completion,424242,60,1,sparse-conflict:424242:60:0,0,False,True,1,60.0,success,success,0,valid,,,41614083,41267625,121,5,485,1,244,120,58,0,58,0,0,0,60,58,63,0,0,0,0,0,60,58,0,7667,219209,12083,4083,1833,5500,3166,9083,459,166,57875,7958,11917,346458,,,,,244,120,,,58,0,0,0,60,58,
1,paper-scaling-pilot,sparse-conflict,compact-mrd,dominance::biclique::experiment::construct + compressed flow construction/execution/cover recovery + indexed completion,424242,60,1,sparse-conflict:424242:60:0,0,False,True,2,60.0,success,success,0,valid,,,41641417,41285584,121,5,485,1,244,120,58,0,58,,0,0,60,58,63,0,0,0,0,0,,,0,6584,220958,12875,4417,,11500,3417,10000,458,292,58250,7458,12542,355833,,,,,244,120,,,58,0,0,0,60,58,
1,paper-scaling-pilot,sparse-conflict,exact-cover-oracle,exact-cover-oracle::solve (bitset branch-and-bound; predeclared cell limit),424242,60,1,sparse-conflict:424242:60:0,0,False,True,3,60.0,unsupported,unsupported,0,unsupported,foreground cell count 485 exceeds oracle limit 40,,41201250,,121,5,485,1,244,120,,,,,,,,,,,,,,,,,0,7584,,,,,,,,,,,,,,,,,,244,120,,,58,0,0,0,60,58,
1,paper-scaling-pilot,sparse-conflict,explicit-hopcroft-karp,sg-oracle::grid::build_conflict_graph + Hopcroft-Karp + Konig cover + indexed completion,424242,60,1,sparse-conflict:424242:60:1,1,False,True,0,60.0,success,success,0,valid,,,41304083,40977541,121,5,485,1,244,120,58,0,58,0,0,0,,,63,,,,0,0,,,0,7291,212792,15417,,2792,,,2667,1833,125,57458,7917,12416,326542,,,,,244,120,,,58,0,0,0,60,58,
1,paper-scaling-pilot,sparse-conflict,explicit-c0-flow,DominanceEmbedding::explicit_graph + C0 edge bicliques + explicit flow construction/execution/cover recovery + indexed completion,424242,60,1,sparse-conflict:424242:60:1,1,False,True,1,60.0,success,success,0,valid,,,41805875,41455709,121,5,485,1,244,120,58,0,58,0,0,0,60,58,63,0,0,0,0,0,60,58,0,7834,214334,12375,4792,2000,6083,3333,10875,334,167,60500,8916,13251,350166,,,,,244,120,,,58,0,0,0,60,58,
1,paper-scaling-pilot,sparse-conflict,compact-mrd,dominance::biclique::experiment::construct + compressed flow construction/execution/cover recovery + indexed completion,424242,60,1,sparse-conflict:424242:60:1,1,False,True,2,60.0,success,success,0,valid,,,42129125,41776042,121,5,485,1,244,120,58,0,58,,0,0,60,58,63,0,0,0,0,0,,,0,6875,217583,13042,4458,,11666,3209,8917,875,166,59209,7958,12250,353083,,,,,244,120,,,58,0,0,0,60,58,
1,paper-scaling-pilot,sparse-conflict,exact-cover-oracle,exact-cover-oracle::solve (bitset branch-and-bound; predeclared cell limit),424242,60,1,sparse-conflict:424242:60:1,1,False,True,3,60.0,unsupported,unsupported,0,unsupported,foreground cell count 485 exceeds oracle limit 40,,41642084,,121,5,485,1,244,120,,,,,,,,,,,,,,,,,0,6917,,,,,,,,,,,,,,,,,,244,120,,,58,0,0,0,60,58,
1,paper-scaling-pilot,sparse-conflict,explicit-hopcroft-karp,sg-oracle::grid::build_conflict_graph + Hopcroft-Karp + Konig cover + indexed completion,424242,60,1,sparse-conflict:424242:60:2,2,False,True,0,60.0,success,success,0,valid,,,41998542,41626708,121,5,485,1,244,120,58,0,58,0,0,0,,,63,,,,0,0,,,0,6833,243542,13500,,3000,,,4708,2625,167,68083,9417,13125,371834,,,,,244,120,,,58,0,0,0,60,58,
1,paper-scaling-pilot,sparse-conflict,explicit-c0-flow,DominanceEmbedding::explicit_graph + C0 edge bicliques + explicit flow construction/execution/cover recovery + indexed completion,424242,60,1,sparse-conflict:424242:60:2,2,False,True,1,60.0,success,success,0,valid,,,41236833,40891458,121,5,485,1,244,120,58,0,58,0,0,0,60,58,63,0,0,0,0,0,60,58,0,6917,214750,11958,4416,1875,6208,3333,9833,417,84,57917,7833,12667,345375,,,,,244,120,,,58,0,0,0,60,58,
1,paper-scaling-pilot,sparse-conflict,compact-mrd,dominance::biclique::experiment::construct + compressed flow construction/execution/cover recovery + indexed completion,424242,60,1,sparse-conflict:424242:60:2,2,False,True,2,60.0,success,success,0,valid,,,41062417,40714667,121,5,485,1,244,120,58,0,58,,0,0,60,58,63,0,0,0,0,0,,,0,7000,211166,13792,4583,,10833,3291,9458,1000,167,58667,8750,13833,347750,,,,,244,120,,,58,0,0,0,60,58,
1,paper-scaling-pilot,sparse-conflict,exact-cover-oracle,exact-cover-oracle::solve (bitset branch-and-bound; predeclared cell limit),424242,60,1,sparse-conflict:424242:60:2,2,False,True,3,60.0,unsupported,unsupported,0,unsupported,foreground cell count 485 exceeds oracle limit 40,,41241208,,121,5,485,1,244,120,,,,,,,,,,,,,,,,,0,7208,,,,,,,,,,,,,,,,,,244,120,,,58,0,0,0,60,58,
1,paper-scaling-pilot,sparse-conflict,explicit-hopcroft-karp,sg-oracle::grid::build_conflict_graph + Hopcroft-Karp + Konig cover + indexed completion,424242,60,1,sparse-conflict:424242:60:3,3,False,True,0,60.0,success,success,0,valid,,,41840500,41505625,121,5,485,1,244,120,58,0,58,0,0,0,,,63,,,,0,0,,,0,8000,219250,13917,,3292,,,2791,1083,209,58791,8917,12958,334875,,,,,244,120,,,58,0,0,0,60,58,
1,paper-scaling-pilot,sparse-conflict,explicit-c0-flow,DominanceEmbedding::explicit_graph + C0 edge bicliques + explicit flow construction/execution/cover recovery + indexed completion,424242,60,1,sparse-conflict:424242:60:3,3,False,True,1,60.0,success,success,0,valid,,,41270458,40928833,121,5,485,1,244,120,58,0,58,0,0,0,60,58,63,0,0,0,0,0,60,58,0,6834,214125,11958,3916,1834,4959,3250,9167,333,209,58584,8083,11917,341625,,,,,244,120,,,58,0,0,0,60,58,
1,paper-scaling-pilot,sparse-conflict,compact-mrd,dominance::biclique::experiment::construct + compressed flow construction/execution/cover recovery + indexed completion,424242,60,1,sparse-conflict:424242:60:3,3,False,True,2,60.0,success,success,0,valid,,,41526333,41174916,121,5,485,1,244,120,58,0,58,,0,0,60,58,63,0,0,0,0,0,,,0,7209,214959,11209,4584,,11791,3625,9958,541,125,59042,9375,12208,351417,,,,,244,120,,,58,0,0,0,60,58,
1,paper-scaling-pilot,sparse-conflict,exact-cover-oracle,exact-cover-oracle::solve (bitset branch-and-bound; predeclared cell limit),424242,60,1,sparse-conflict:424242:60:3,3,False,True,3,60.0,unsupported,unsupported,0,unsupported,foreground cell count 485 exceeds oracle limit 40,,41481667,,121,5,485,1,244,120,,,,,,,,,,,,,,,,,0,6875,,,,,,,,,,,,,,,,,,244,120,,,58,0,0,0,60,58,
1,paper-scaling-pilot,sparse-conflict,explicit-hopcroft-karp,sg-oracle::grid::build_conflict_graph + Hopcroft-Karp + Konig cover + indexed completion,424242,60,1,sparse-conflict:424242:60:4,4,False,True,0,60.0,success,success,0,valid,,,42050667,41693834,121,5,485,1,244,120,58,0,58,0,0,0,,,63,,,,0,0,,,0,7458,240125,12167,,2875,,,2667,2084,125,60458,8458,13543,356833,,,,,244,120,,,58,0,0,0,60,58,
1,paper-scaling-pilot,sparse-conflict,explicit-c0-flow,DominanceEmbedding::explicit_graph + C0 edge bicliques + explicit flow construction/execution/cover recovery + indexed completion,424242,60,1,sparse-conflict:424242:60:4,4,False,True,1,60.0,success,success,0,valid,,,42520333,42163916,121,5,485,1,244,120,58,0,58,0,0,0,60,58,63,0,0,0,0,0,60,58,0,39292,219833,14917,4583,1875,5541,3625,12334,458,250,59000,8083,11917,356417,,,,,244,120,,,58,0,0,0,60,58,
1,paper-scaling-pilot,sparse-conflict,compact-mrd,dominance::biclique::experiment::construct + compressed flow construction/execution/cover recovery + indexed completion,424242,60,1,sparse-conflict:424242:60:4,4,False,True,2,60.0,success,success,0,valid,,,41808875,41431875,121,5,485,1,244,120,58,0,58,,0,0,60,58,63,0,0,0,0,0,,,0,7125,231833,12291,5042,,12583,3917,10292,500,167,64042,10250,13125,377000,,,,,244,120,,,58,0,0,0,60,58,
1,paper-scaling-pilot,sparse-conflict,exact-cover-oracle,exact-cover-oracle::solve (bitset branch-and-bound; predeclared cell limit),424242,60,1,sparse-conflict:424242:60:4,4,False,True,3,60.0,unsupported,unsupported,0,unsupported,foreground cell count 485 exceeds oracle limit 40,,40524125,,121,5,485,1,244,120,,,,,,,,,,,,,,,,,0,6916,,,,,,,,,,,,,,,,,,244,120,,,58,0,0,0,60,58,
1,paper-scaling-pilot,comb-staircase,explicit-c0-flow,DominanceEmbedding::explicit_graph + C0 edge bicliques + explicit flow construction/execution/cover recovery + indexed completion,424242,8,1,comb-staircase:424242:8:0,0,True,False,0,60.0,success,success,0,valid,,,41190167,41064542,17,9,81,1,34,15,7,0,7,0,0,0,9,7,9,0,0,0,0,0,9,7,0,18125,67000,6583,2917,1708,4958,2875,4875,333,208,19083,3250,6250,125625,,,,,,,,,,,,,,,
1,paper-scaling-pilot,comb-staircase,compact-mrd,dominance::biclique::experiment::construct + compressed flow construction/execution/cover recovery + indexed completion,424242,8,1,comb-staircase:424242:8:0,0,True,False,1,60.0,success,success,0,valid,,,41472000,41341375,17,9,81,1,34,15,7,0,7,,0,0,9,7,9,0,0,0,0,0,,,0,9166,66875,6542,3083,,7750,4000,5250,375,125,19750,4000,6334,130625,,,,,,,,,,,,,,,
1,paper-scaling-pilot,comb-staircase,exact-cover-oracle,exact-cover-oracle::solve (bitset branch-and-bound; predeclared cell limit),424242,8,1,comb-staircase:424242:8:0,0,True,False,2,60.0,unsupported,unsupported,0,unsupported,foreground cell count 81 exceeds oracle limit 40,,41443667,,17,9,81,1,34,15,,,,,,,,,,,,,,,,,0,9333,,,,,,,,,,,,,,,,,,,,,,,,,,,,
1,paper-scaling-pilot,comb-staircase,explicit-hopcroft-karp,sg-oracle::grid::build_conflict_graph + Hopcroft-Karp + Konig cover + indexed completion,424242,8,1,comb-staircase:424242:8:0,0,True,False,3,60.0,success,success,0,valid,,,41324791,41210583,17,9,81,1,34,15,7,0,7,0,0,0,,,9,,,,0,0,,,0,8792,68959,5875,,2375,,,2083,500,250,18667,3625,7583,114208,,,,,,,,,,,,,,,
1,paper-scaling-pilot,comb-staircase,explicit-c0-flow,DominanceEmbedding::explicit_graph + C0 edge bicliques + explicit flow construction/execution/cover recovery + indexed completion,424242,8,1,comb-staircase:424242:8:0,0,False,True,0,60.0,success,success,0,valid,,,41392459,41261834,17,9,81,1,34,15,7,0,7,0,0,0,9,7,9,0,0,0,0,0,9,7,0,8625,67833,5625,3083,1667,6416,2708,6792,541,125,20000,3083,7125,130625,,,,,34,15,,,7,0,0,0,9,7,
1,paper-scaling-pilot,comb-staircase,compact-mrd,dominance::biclique::experiment::construct + compressed flow construction/execution/cover recovery + indexed completion,424242,8,1,comb-staircase:424242:8:0,0,False,True,1,60.0,success,success,0,valid,,,41564958,41439625,17,9,81,1,34,15,7,0,7,,0,0,9,7,9,0,0,0,0,0,,,0,8417,67084,6041,3000,,6542,3500,5125,333,125,19083,3334,5833,125333,,,,,34,15,,,7,0,0,0,9,7,
1,paper-scaling-pilot,comb-staircase,exact-cover-oracle,exact-cover-oracle::solve (bitset branch-and-bound; predeclared cell limit),424242,8,1,comb-staircase:424242:8:0,0,False,True,2,60.0,unsupported,unsupported,0,unsupported,foreground cell count 81 exceeds oracle limit 40,,41250083,,17,9,81,1,34,15,,,,,,,,,,,,,,,,,0,8833,,,,,,,,,,,,,,,,,,34,15,,,7,0,0,0,9,7,
1,paper-scaling-pilot,comb-staircase,explicit-hopcroft-karp,sg-oracle::grid::build_conflict_graph + Hopcroft-Karp + Konig cover + indexed completion,424242,8,1,comb-staircase:424242:8:0,0,False,True,3,60.0,success,success,0,valid,,,40818041,40706333,17,9,81,1,34,15,7,0,7,0,0,0,,,9,,,,0,0,,,0,9875,63834,6458,,2833,,,2500,708,167,19375,3041,7459,111708,,,,,34,15,,,7,0,0,0,9,7,
1,paper-scaling-pilot,comb-staircase,explicit-c0-flow,DominanceEmbedding::explicit_graph + C0 edge bicliques + explicit flow construction/execution/cover recovery + indexed completion,424242,8,1,comb-staircase:424242:8:1,1,False,True,0,60.0,success,success,0,valid,,,40770209,40636834,17,9,81,1,34,15,7,0,7,0,0,0,9,7,9,0,0,0,0,0,9,7,0,8709,68917,8000,3083,1750,5625,2750,5666,709,41,19958,2792,8250,133375,,,,,34,15,,,7,0,0,0,9,7,
1,paper-scaling-pilot,comb-staircase,compact-mrd,dominance::biclique::experiment::construct + compressed flow construction/execution/cover recovery + indexed completion,424242,8,1,comb-staircase:424242:8:1,1,False,True,1,60.0,success,success,0,valid,,,41949625,41819583,17,9,81,1,34,15,7,0,7,,0,0,9,7,9,0,0,0,0,0,,,0,8500,66917,7666,2958,,8042,3666,5292,458,167,19709,2791,7042,130042,,,,,34,15,,,7,0,0,0,9,7,
1,paper-scaling-pilot,comb-staircase,exact-cover-oracle,exact-cover-oracle::solve (bitset branch-and-bound; predeclared cell limit),424242,8,1,comb-staircase:424242:8:1,1,False,True,2,60.0,unsupported,unsupported,0,unsupported,foreground cell count 81 exceeds oracle limit 40,,41235500,,17,9,81,1,34,15,,,,,,,,,,,,,,,,,0,12542,,,,,,,,,,,,,,,,,,34,15,,,7,0,0,0,9,7,
1,paper-scaling-pilot,comb-staircase,explicit-hopcroft-karp,sg-oracle::grid::build_conflict_graph + Hopcroft-Karp + Konig cover + indexed completion,424242,8,1,comb-staircase:424242:8:1,1,False,True,3,60.0,success,success,0,valid,,,41631583,41511833,17,9,81,1,34,15,7,0,7,0,0,0,,,9,,,,0,0,,,0,9458,64583,6375,,2500,,,2125,583,166,19458,3042,16249,119750,,,,,34,15,,,7,0,0,0,9,7,
1,paper-scaling-pilot,comb-staircase,explicit-c0-flow,DominanceEmbedding::explicit_graph + C0 edge bicliques + explicit flow construction/execution/cover recovery + indexed completion,424242,8,1,comb-staircase:424242:8:2,2,False,True,0,60.0,success,success,0,valid,,,41005834,40881542,17,9,81,1,34,15,7,0,7,0,0,0,9,7,9,0,0,0,0,0,9,7,0,8792,63292,7334,2834,1959,5625,2959,5292,375,125,19667,3166,6292,124292,,,,,34,15,,,7,0,0,0,9,7,
1,paper-scaling-pilot,comb-staircase,compact-mrd,dominance::biclique::experiment::construct + compressed flow construction/execution/cover recovery + indexed completion,424242,8,1,comb-staircase:424242:8:2,2,False,True,1,60.0,success,success,0,valid,,,41544584,41418167,17,9,81,1,34,15,7,0,7,,0,0,9,7,9,0,0,0,0,0,,,0,8250,65292,6541,3083,,7250,3584,5292,542,208,19083,2750,6917,126417,,,,,34,15,,,7,0,0,0,9,7,
1,paper-scaling-pilot,comb-staircase,exact-cover-oracle,exact-cover-oracle::solve (bitset branch-and-bound; predeclared cell limit),424242,8,1,comb-staircase:424242:8:2,2,False,True,2,60.0,unsupported,unsupported,0,unsupported,foreground cell count 81 exceeds oracle limit 40,,40850750,,17,9,81,1,34,15,,,,,,,,,,,,,,,,,0,8958,,,,,,,,,,,,,,,,,,34,15,,,7,0,0,0,9,7,
1,paper-scaling-pilot,comb-staircase,explicit-hopcroft-karp,sg-oracle::grid::build_conflict_graph + Hopcroft-Karp + Konig cover + indexed completion,424242,8,1,comb-staircase:424242:8:2,2,False,True,3,60.0,success,success,0,valid,,,41071042,40966292,17,9,81,1,34,15,7,0,7,0,0,0,,,9,,,,0,0,,,0,8708,60250,7208,,2583,,,2083,583,84,18708,2708,5834,104750,,,,,34,15,,,7,0,0,0,9,7,
1,paper-scaling-pilot,comb-staircase,explicit-c0-flow,DominanceEmbedding::explicit_graph + C0 edge bicliques + explicit flow construction/execution/cover recovery + indexed completion,424242,8,1,comb-staircase:424242:8:3,3,False,True,0,60.0,success,success,0,valid,,,41291916,41165666,17,9,81,1,34,15,7,0,7,0,0,0,9,7,9,0,0,0,0,0,9,7,0,8292,65583,6292,3125,1958,5083,3083,5541,500,125,19209,2833,7166,126250,,,,,34,15,,,7,0,0,0,9,7,
1,paper-scaling-pilot,comb-staircase,compact-mrd,dominance::biclique::experiment::construct + compressed flow construction/execution/cover recovery + indexed completion,424242,8,1,comb-staircase:424242:8:3,3,False,True,1,60.0,success,success,0,valid,,,41536625,41409583,17,9,81,1,34,15,7,0,7,,0,0,9,7,9,0,0,0,0,0,,,0,9166,66875,5917,3083,,7625,3750,4875,542,167,18959,2708,7251,127042,,,,,34,15,,,7,0,0,0,9,7,
1,paper-scaling-pilot,comb-staircase,exact-cover-oracle,exact-cover-oracle::solve (bitset branch-and-bound; predeclared cell limit),424242,8,1,comb-staircase:424242:8:3,3,False,True,2,60.0,unsupported,unsupported,0,unsupported,foreground cell count 81 exceeds oracle limit 40,,40996417,,17,9,81,1,34,15,,,,,,,,,,,,,,,,,0,8666,,,,,,,,,,,,,,,,,,34,15,,,7,0,0,0,9,7,
1,paper-scaling-pilot,comb-staircase,explicit-hopcroft-karp,sg-oracle::grid::build_conflict_graph + Hopcroft-Karp + Konig cover + indexed completion,424242,8,1,comb-staircase:424242:8:3,3,False,True,3,60.0,success,success,0,valid,,,40795208,40680666,17,9,81,1,34,15,7,0,7,0,0,0,,,9,,,,0,0,,,0,8791,67375,7292,,2500,,,2250,667,125,18291,2792,7917,114542,,,,,34,15,,,7,0,0,0,9,7,
1,paper-scaling-pilot,comb-staircase,explicit-c0-flow,DominanceEmbedding::explicit_graph + C0 edge bicliques + explicit flow construction/execution/cover recovery + indexed completion,424242,8,1,comb-staircase:424242:8:4,4,False,True,0,60.0,success,success,0,valid,,,40775417,40648292,17,9,81,1,34,15,7,0,7,0,0,0,9,7,9,0,0,0,0,0,9,7,0,10125,63375,6125,3125,2125,4791,3125,5208,500,42,21708,3167,8208,127125,,,,,34,15,,,7,0,0,0,9,7,
1,paper-scaling-pilot,comb-staircase,compact-mrd,dominance::biclique::experiment::construct + compressed flow construction/execution/cover recovery + indexed completion,424242,8,1,comb-staircase:424242:8:4,4,False,True,1,60.0,success,success,0,valid,,,41193625,41062791,17,9,81,1,34,15,7,0,7,,0,0,9,7,9,0,0,0,0,0,,,0,9125,64125,6875,3041,,8250,4291,6500,375,208,19833,2958,8334,130834,,,,,34,15,,,7,0,0,0,9,7,
1,paper-scaling-pilot,comb-staircase,exact-cover-oracle,exact-cover-oracle::solve (bitset branch-and-bound; predeclared cell limit),424242,8,1,comb-staircase:424242:8:4,4,False,True,2,60.0,unsupported,unsupported,0,unsupported,foreground cell count 81 exceeds oracle limit 40,,41065375,,17,9,81,1,34,15,,,,,,,,,,,,,,,,,0,8625,,,,,,,,,,,,,,,,,,34,15,,,7,0,0,0,9,7,
1,paper-scaling-pilot,comb-staircase,explicit-hopcroft-karp,sg-oracle::grid::build_conflict_graph + Hopcroft-Karp + Konig cover + indexed completion,424242,8,1,comb-staircase:424242:8:4,4,False,True,3,60.0,success,success,0,valid,,,40941458,40836916,17,9,81,1,34,15,7,0,7,0,0,0,,,9,,,,0,0,,,0,8500,61375,6083,,2417,,,2125,584,166,18459,2625,5791,104542,,,,,34,15,,,7,0,0,0,9,7,
1,paper-scaling-pilot,comb-staircase,explicit-c0-flow,DominanceEmbedding::explicit_graph + C0 edge bicliques + explicit flow construction/execution/cover recovery + indexed completion,424242,12,1,comb-staircase:424242:12:0,0,True,False,0,60.0,success,success,0,valid,,,41087125,40883875,25,13,169,1,50,23,11,0,11,0,0,0,13,11,13,0,0,0,0,0,13,11,0,12709,120792,6916,3000,1792,5459,2834,5584,458,83,29750,3167,17667,203250,,,,,,,,,,,,,,,
1,paper-scaling-pilot,comb-staircase,compact-mrd,dominance::biclique::experiment::construct + compressed flow construction/execution/cover recovery + indexed completion,424242,12,1,comb-staircase:424242:12:0,0,True,False,1,60.0,success,success,0,valid,,,41890458,41697624,25,13,169,1,50,23,11,0,11,,0,0,13,11,13,0,0,0,0,0,,,0,8833,119166,7000,3375,,7333,3875,5625,542,166,29541,3209,7291,192834,,,,,,,,,,,,,,,
1,paper-scaling-pilot,comb-staircase,exact-cover-oracle,exact-cover-oracle::solve (bitset branch-and-bound; predeclared cell limit),424242,12,1,comb-staircase:424242:12:0,0,True,False,2,60.0,unsupported,unsupported,0,unsupported,foreground cell count 169 exceeds oracle limit 40,,41515625,,25,13,169,1,50,23,,,,,,,,,,,,,,,,,0,9625,,,,,,,,,,,,,,,,,,,,,,,,,,,,
1,paper-scaling-pilot,comb-staircase,explicit-hopcroft-karp,sg-oracle::grid::build_conflict_graph + Hopcroft-Karp + Konig cover + indexed completion,424242,12,1,comb-staircase:424242:12:0,0,True,False,3,60.0,success,success,0,valid,,,42043917,41862708,25,13,169,1,50,23,11,0,11,0,0,0,,,13,,,,0,0,,,0,10750,123667,7334,,2375,,,2166,708,167,29125,3125,7499,181209,,,,,,,,,,,,,,,
1,paper-scaling-pilot,comb-staircase,explicit-c0-flow,DominanceEmbedding::explicit_graph + C0 edge bicliques + explicit flow construction/execution/cover recovery + indexed completion,424242,12,1,comb-staircase:424242:12:0,0,False,True,0,60.0,success,success,0,valid,,,41461750,41259458,25,13,169,1,50,23,11,0,11,0,0,0,13,11,13,0,0,0,0,0,13,11,0,8667,123083,7375,3167,1916,5333,3000,5875,333,333,33000,3541,8917,202292,,,,,50,23,,,11,0,0,0,13,11,
1,paper-scaling-pilot,comb-staircase,compact-mrd,dominance::biclique::experiment::construct + compressed flow construction/execution/cover recovery + indexed completion,424242,12,1,comb-staircase:424242:12:0,0,False,True,1,60.0,success,success,0,valid,,,41049417,40852375,25,13,169,1,50,23,11,0,11,,0,0,13,11,13,0,0,0,0,0,,,0,9167,123584,6291,3083,,6666,3667,5958,667,83,29792,3375,7458,197042,,,,,50,23,,,11,0,0,0,13,11,
1,paper-scaling-pilot,comb-staircase,exact-cover-oracle,exact-cover-oracle::solve (bitset branch-and-bound; predeclared cell limit),424242,12,1,comb-staircase:424242:12:0,0,False,True,2,60.0,unsupported,unsupported,0,unsupported,foreground cell count 169 exceeds oracle limit 40,,40805208,,25,13,169,1,50,23,,,,,,,,,,,,,,,,,0,8292,,,,,,,,,,,,,,,,,,50,23,,,11,0,0,0,13,11,
1,paper-scaling-pilot,comb-staircase,explicit-hopcroft-karp,sg-oracle::grid::build_conflict_graph + Hopcroft-Karp + Konig cover + indexed completion,424242,12,1,comb-staircase:424242:12:0,0,False,True,3,60.0,success,success,0,valid,,,41198625,41021750,25,13,169,1,50,23,11,0,11,0,0,0,,,13,,,,0,0,,,0,9083,118833,6500,,2541,,,2292,583,166,28792,3333,8792,176875,,,,,50,23,,,11,0,0,0,13,11,
1,paper-scaling-pilot,comb-staircase,explicit-c0-flow,DominanceEmbedding::explicit_graph + C0 edge bicliques + explicit flow construction/execution/cover recovery + indexed completion,424242,12,1,comb-staircase:424242:12:1,1,False,True,0,60.0,success,success,0,valid,,,41758542,41564667,25,13,169,1,50,23,11,0,11,0,0,0,13,11,13,0,0,0,0,0,13,11,0,8625,119709,7875,3084,1833,4958,3042,6042,375,125,30125,3292,7709,193875,,,,,50,23,,,11,0,0,0,13,11,
1,paper-scaling-pilot,comb-staircase,compact-mrd,dominance::biclique::experiment::construct + compressed flow construction/execution/cover recovery + indexed completion,424242,12,1,comb-staircase:424242:12:1,1,False,True,1,60.0,success,success,0,valid,,,41619625,41418959,25,13,169,1,50,23,11,0,11,,0,0,13,11,13,0,0,0,0,0,,,0,9209,118209,7250,3208,,7542,3875,5541,500,166,29791,5750,13167,200666,,,,,50,23,,,11,0,0,0,13,11,
1,paper-scaling-pilot,comb-staircase,exact-cover-oracle,exact-cover-oracle::solve (bitset branch-and-bound; predeclared cell limit),424242,12,1,comb-staircase:424242:12:1,1,False,True,2,60.0,unsupported,unsupported,0,unsupported,foreground cell count 169 exceeds oracle limit 40,,41727458,,25,13,169,1,50,23,,,,,,,,,,,,,,,,,0,11292,,,,,,,,,,,,,,,,,,50,23,,,11,0,0,0,13,11,
1,paper-scaling-pilot,comb-staircase,explicit-hopcroft-karp,sg-oracle::grid::build_conflict_graph + Hopcroft-Karp + Konig cover + indexed completion,424242,12,1,comb-staircase:424242:12:1,1,False,True,3,60.0,success,success,0,valid,,,41443875,41261084,25,13,169,1,50,23,11,0,11,0,0,0,,,13,,,,0,0,,,0,8375,119833,7417,,3000,,,2666,1292,500,29084,3541,9251,182791,,,,,50,23,,,11,0,0,0,13,11,
1,paper-scaling-pilot,comb-staircase,explicit-c0-flow,DominanceEmbedding::explicit_graph + C0 edge bicliques + explicit flow construction/execution/cover recovery + indexed completion,424242,12,1,comb-staircase:424242:12:2,2,False,True,0,60.0,success,success,0,valid,,,40499917,40306917,25,13,169,1,50,23,11,0,11,0,0,0,13,11,13,0,0,0,0,0,13,11,0,8375,120750,6709,3125,1792,5000,3291,5250,292,208,29625,3458,7500,193000,,,,,50,23,,,11,0,0,0,13,11,
1,paper-scaling-pilot,comb-staircase,compact-mrd,dominance::biclique::experiment::construct + compressed flow construction/execution/cover recovery + indexed completion,424242,12,1,comb-staircase:424242:12:2,2,False,True,1,60.0,success,success,0,valid,,,41980541,41789166,25,13,169,1,50,23,11,0,11,,0,0,13,11,13,0,0,0,0,0,,,0,8750,116083,7333,3250,,6750,3583,6333,542,125,30417,3250,7750,191375,,,,,50,23,,,11,0,0,0,13,11,
1,paper-scaling-pilot,comb-staircase,exact-cover-oracle,exact-cover-oracle::solve (bitset branch-and-bound; predeclared cell limit),424242,12,1,comb-staircase:424242:12:2,2,False,True,2,60.0,unsupported,unsupported,0,unsupported,foreground cell count 169 exceeds oracle limit 40,,41079875,,25,13,169,1,50,23,,,,,,,,,,,,,,,,,0,8583,,,,,,,,,,,,,,,,,,50,23,,,11,0,0,0,13,11,
1,paper-scaling-pilot,comb-staircase,explicit-hopcroft-karp,sg-oracle::grid::build_conflict_graph + Hopcroft-Karp + Konig cover + indexed completion,424242,12,1,comb-staircase:424242:12:2,2,False,True,3,60.0,success,success,0,valid,,,40990625,40804375,25,13,169,1,50,23,11,0,11,0,0,0,,,13,,,,0,0,,,0,8625,126916,6625,,2500,,,2334,584,125,28833,3375,9541,186250,,,,,50,23,,,11,0,0,0,13,11,
1,paper-scaling-pilot,comb-staircase,explicit-c0-flow,DominanceEmbedding::explicit_graph + C0 edge bicliques + explicit flow construction/execution/cover recovery + indexed completion,424242,12,1,comb-staircase:424242:12:3,3,False,True,0,60.0,success,success,0,valid,,,41312917,41123292,25,13,169,1,50,23,11,0,11,0,0,0,13,11,13,0,0,0,0,0,13,11,0,12542,117875,5917,3000,1834,5625,2875,5541,250,125,29750,3459,7666,189625,,,,,50,23,,,11,0,0,0,13,11,
1,paper-scaling-pilot,comb-staircase,compact-mrd,dominance::biclique::experiment::construct + compressed flow construction/execution/cover recovery + indexed completion,424242,12,1,comb-staircase:424242:12:3,3,False,True,1,60.0,success,success,0,valid,,,41819500,41626125,25,13,169,1,50,23,11,0,11,,0,0,13,11,13,0,0,0,0,0,,,0,8583,118042,7083,3250,,6875,3750,5625,500,125,29791,3500,8709,193375,,,,,50,23,,,11,0,0,0,13,11,
1,paper-scaling-pilot,comb-staircase,exact-cover-oracle,exact-cover-oracle::solve (bitset branch-and-bound; predeclared cell limit),424242,12,1,comb-staircase:424242:12:3,3,False,True,2,60.0,unsupported,unsupported,0,unsupported,foreground cell count 169 exceeds oracle limit 40,,41553666,,25,13,169,1,50,23,,,,,,,,,,,,,,,,,0,9750,,,,,,,,,,,,,,,,,,50,23,,,11,0,0,0,13,11,
1,paper-scaling-pilot,comb-staircase,explicit-hopcroft-karp,sg-oracle::grid::build_conflict_graph + Hopcroft-Karp + Konig cover + indexed completion,424242,12,1,comb-staircase:424242:12:3,3,False,True,3,60.0,success,success,0,valid,,,41520208,41339917,25,13,169,1,50,23,11,0,11,0,0,0,,,13,,,,0,0,,,0,10125,118833,6834,,2916,,,2292,625,125,31667,3541,7834,180291,,,,,50,23,,,11,0,0,0,13,11,
1,paper-scaling-pilot,comb-staircase,explicit-c0-flow,DominanceEmbedding::explicit_graph + C0 edge bicliques + explicit flow construction/execution/cover recovery + indexed completion,424242,12,1,comb-staircase:424242:12:4,4,False,True,0,60.0,success,success,0,valid,,,42463875,42270167,25,13,169,1,50,23,11,0,11,0,0,0,13,11,13,0,0,0,0,0,13,11,0,9125,118667,6375,3083,1833,5958,3292,5791,584,166,30042,3125,8583,193708,,,,,50,23,,,11,0,0,0,13,11,
1,paper-scaling-pilot,comb-staircase,compact-mrd,dominance::biclique::experiment::construct + compressed flow construction/execution/cover recovery + indexed completion,424242,12,1,comb-staircase:424242:12:4,4,False,True,1,60.0,success,success,0,valid,,,41063958,40859625,25,13,169,1,50,23,11,0,11,,0,0,13,11,13,0,0,0,0,0,,,0,9250,127166,7042,3542,,7458,4250,5833,542,292,30500,3250,8500,204333,,,,,50,23,,,11,0,0,0,13,11,
1,paper-scaling-pilot,comb-staircase,exact-cover-oracle,exact-cover-oracle::solve (bitset branch-and-bound; predeclared cell limit),424242,12,1,comb-staircase:424242:12:4,4,False,True,2,60.0,unsupported,unsupported,0,unsupported,foreground cell count 169 exceeds oracle limit 40,,40674666,,25,13,169,1,50,23,,,,,,,,,,,,,,,,,0,8792,,,,,,,,,,,,,,,,,,50,23,,,11,0,0,0,13,11,
1,paper-scaling-pilot,comb-staircase,explicit-hopcroft-karp,sg-oracle::grid::build_conflict_graph + Hopcroft-Karp + Konig cover + indexed completion,424242,12,1,comb-staircase:424242:12:4,4,False,True,3,60.0,success,success,0,valid,,,40734792,40556334,25,13,169,1,50,23,11,0,11,0,0,0,,,13,,,,0,0,,,0,9083,118458,6708,,2625,,,2666,625,292,30209,3375,7750,178458,,,,,50,23,,,11,0,0,0,13,11,
1,paper-scaling-pilot,comb-staircase,explicit-c0-flow,DominanceEmbedding::explicit_graph + C0 edge bicliques + explicit flow construction/execution/cover recovery + indexed completion,424242,18,1,comb-staircase:424242:18:0,0,True,False,0,60.0,success,success,0,valid,,,41794666,41450916,37,19,361,1,74,35,17,0,17,0,0,0,19,17,19,0,0,0,0,0,19,17,0,8542,238000,7625,3208,1833,5834,2958,6958,417,125,53125,4875,11834,343750,,,,,,,,,,,,,,,
1,paper-scaling-pilot,comb-staircase,compact-mrd,dominance::biclique::experiment::construct + compressed flow construction/execution/cover recovery + indexed completion,424242,18,1,comb-staircase:424242:18:0,0,True,False,1,60.0,success,success,0,valid,,,41597000,41251000,37,19,361,1,74,35,17,0,17,,0,0,19,17,19,0,0,0,0,0,,,0,8417,234500,7708,3375,,11250,4083,6000,667,167,54042,4833,12000,346000,,,,,,,,,,,,,,,
1,paper-scaling-pilot,comb-staircase,exact-cover-oracle,exact-cover-oracle::solve (bitset branch-and-bound; predeclared cell limit),424242,18,1,comb-staircase:424242:18:0,0,True,False,2,60.0,unsupported,unsupported,0,unsupported,foreground cell count 361 exceeds oracle limit 40,,41834167,,37,19,361,1,74,35,,,,,,,,,,,,,,,,,0,8625,,,,,,,,,,,,,,,,,,,,,,,,,,,,
1,paper-scaling-pilot,comb-staircase,explicit-hopcroft-karp,sg-oracle::grid::build_conflict_graph + Hopcroft-Karp + Konig cover + indexed completion,424242,18,1,comb-staircase:424242:18:0,0,True,False,3,60.0,success,success,0,valid,,,42093542,41776751,37,19,361,1,74,35,17,0,17,0,0,0,,,19,,,,0,0,,,0,9042,230125,7291,,2542,,,2416,667,125,52833,4500,10833,316791,,,,,,,,,,,,,,,
1,paper-scaling-pilot,comb-staircase,explicit-c0-flow,DominanceEmbedding::explicit_graph + C0 edge bicliques + explicit flow construction/execution/cover recovery + indexed completion,424242,18,1,comb-staircase:424242:18:0,0,False,True,0,60.0,success,success,0,valid,,,41263791,40918041,37,19,361,1,74,35,17,0,17,0,0,0,19,17,19,0,0,0,0,0,19,17,0,9084,240250,7250,3375,1792,5666,2916,6375,417,125,53625,4791,12125,345750,,,,,74,35,,,17,0,0,0,19,17,
1,paper-scaling-pilot,comb-staircase,compact-mrd,dominance::biclique::experiment::construct + compressed flow construction/execution/cover recovery + indexed completion,424242,18,1,comb-staircase:424242:18:0,0,False,True,1,60.0,success,success,0,valid,,,40889916,40550208,37,19,361,1,74,35,17,0,17,,0,0,19,17,19,0,0,0,0,0,,,0,8958,234709,7791,3375,,7542,3875,6292,500,125,53459,4750,10874,339708,,,,,74,35,,,17,0,0,0,19,17,
1,paper-scaling-pilot,comb-staircase,exact-cover-oracle,exact-cover-oracle::solve (bitset branch-and-bound; predeclared cell limit),424242,18,1,comb-staircase:424242:18:0,0,False,True,2,60.0,unsupported,unsupported,0,unsupported,foreground cell count 361 exceeds oracle limit 40,,40534708,,37,19,361,1,74,35,,,,,,,,,,,,,,,,,0,8958,,,,,,,,,,,,,,,,,,74,35,,,17,0,0,0,19,17,
1,paper-scaling-pilot,comb-staircase,explicit-hopcroft-karp,sg-oracle::grid::build_conflict_graph + Hopcroft-Karp + Konig cover + indexed completion,424242,18,1,comb-staircase:424242:18:0,0,False,True,3,60.0,success,success,0,valid,,,41335542,41013584,37,19,361,1,74,35,17,0,17,0,0,0,,,19,,,,0,0,,,0,8625,232000,7208,,2417,,,2375,667,291,53042,5417,11916,321958,,,,,74,35,,,17,0,0,0,19,17,
1,paper-scaling-pilot,comb-staircase,explicit-c0-flow,DominanceEmbedding::explicit_graph + C0 edge bicliques + explicit flow construction/execution/cover recovery + indexed completion,424242,18,1,comb-staircase:424242:18:1,1,False,True,0,60.0,success,success,0,valid,,,41058125,40727334,37,19,361,1,74,35,17,0,17,0,0,0,19,17,19,0,0,0,0,0,19,17,0,8916,227667,6500,3458,2042,5625,2875,6042,584,84,53333,4750,11751,330791,,,,,74,35,,,17,0,0,0,19,17,
1,paper-scaling-pilot,comb-staircase,compact-mrd,dominance::biclique::experiment::construct + compressed flow construction/execution/cover recovery + indexed completion,424242,18,1,comb-staircase:424242:18:1,1,False,True,1,60.0,success,success,0,valid,,,42583791,42243333,37,19,361,1,74,35,17,0,17,,0,0,19,17,19,0,0,0,0,0,,,0,9833,233000,8000,3333,,8875,3791,6709,375,250,53541,4542,11416,340458,,,,,74,35,,,17,0,0,0,19,17,
1,paper-scaling-pilot,comb-staircase,exact-cover-oracle,exact-cover-oracle::solve (bitset branch-and-bound; predeclared cell limit),424242,18,1,comb-staircase:424242:18:1,1,False,True,2,60.0,unsupported,unsupported,0,unsupported,foreground cell count 361 exceeds oracle limit 40,,41512292,,37,19,361,1,74,35,,,,,,,,,,,,,,,,,0,8459,,,,,,,,,,,,,,,,,,74,35,,,17,0,0,0,19,17,
1,paper-scaling-pilot,comb-staircase,explicit-hopcroft-karp,sg-oracle::grid::build_conflict_graph + Hopcroft-Karp + Konig cover + indexed completion,424242,18,1,comb-staircase:424242:18:1,1,False,True,3,60.0,success,success,0,valid,,,43414291,43070583,37,19,361,1,74,35,17,0,17,0,0,0,,,19,,,,0,0,,,0,10083,244583,6875,,2375,,,2459,667,125,58000,5000,17458,343708,,,,,74,35,,,17,0,0,0,19,17,
1,paper-scaling-pilot,comb-staircase,explicit-c0-flow,DominanceEmbedding::explicit_graph + C0 edge bicliques + explicit flow construction/execution/cover recovery + indexed completion,424242,18,1,comb-staircase:424242:18:2,2,False,True,0,60.0,success,success,0,valid,,,41935584,41601251,37,19,361,1,74,35,17,0,17,0,0,0,19,17,19,0,0,0,0,0,19,17,0,8917,229625,8292,3125,1792,5250,3083,5959,292,208,53500,4750,11834,334333,,,,,74,35,,,17,0,0,0,19,17,
1,paper-scaling-pilot,comb-staircase,compact-mrd,dominance::biclique::experiment::construct + compressed flow construction/execution/cover recovery + indexed completion,424242,18,1,comb-staircase:424242:18:2,2,False,True,1,60.0,success,success,0,valid,,,41981833,41629667,37,19,361,1,74,35,17,0,17,,0,0,19,17,19,0,0,0,0,0,,,0,8583,242417,8916,3292,,8000,3875,5958,541,125,55542,4791,12042,352166,,,,,74,35,,,17,0,0,0,19,17,
1,paper-scaling-pilot,comb-staircase,exact-cover-oracle,exact-cover-oracle::solve (bitset branch-and-bound; predeclared cell limit),424242,18,1,comb-staircase:424242:18:2,2,False,True,2,60.0,unsupported,unsupported,0,unsupported,foreground cell count 361 exceeds oracle limit 40,,42428833,,37,19,361,1,74,35,,,,,,,,,,,,,,,,,0,8958,,,,,,,,,,,,,,,,,,74,35,,,17,0,0,0,19,17,
1,paper-scaling-pilot,comb-staircase,explicit-hopcroft-karp,sg-oracle::grid::build_conflict_graph + Hopcroft-Karp + Konig cover + indexed completion,424242,18,1,comb-staircase:424242:18:2,2,False,True,3,60.0,success,success,0,valid,,,42992458,42658000,37,19,361,1,74,35,17,0,17,0,0,0,,,19,,,,0,0,,,0,8667,240541,7083,,2500,,,2375,542,167,58500,4708,11917,334458,,,,,74,35,,,17,0,0,0,19,17,
1,paper-scaling-pilot,comb-staircase,explicit-c0-flow,DominanceEmbedding::explicit_graph + C0 edge bicliques + explicit flow construction/execution/cover recovery + indexed completion,424242,18,1,comb-staircase:424242:18:3,3,False,True,0,60.0,success,success,0,valid,,,41261542,40920042,37,19,361,1,74,35,17,0,17,0,0,0,19,17,19,0,0,0,0,0,19,17,0,9750,236334,7542,3458,2000,5083,3084,6250,292,292,53708,4792,12167,341500,,,,,74,35,,,17,0,0,0,19,17,
1,paper-scaling-pilot,comb-staircase,compact-mrd,dominance::biclique::experiment::construct + compressed flow construction/execution/cover recovery + indexed completion,424242,18,1,comb-staircase:424242:18:3,3,False,True,1,60.0,success,success,0,valid,,,41803875,41459583,37,19,361,1,74,35,17,0,17,,0,0,19,17,19,0,0,0,0,0,,,0,8208,234958,7458,3292,,8708,4375,6708,458,167,53750,4750,12707,344292,,,,,74,35,,,17,0,0,0,19,17,
1,paper-scaling-pilot,comb-staircase,exact-cover-oracle,exact-cover-oracle::solve (bitset branch-and-bound; predeclared cell limit),424242,18,1,comb-staircase:424242:18:3,3,False,True,2,60.0,unsupported,unsupported,0,unsupported,foreground cell count 361 exceeds oracle limit 40,,40543291,,37,19,361,1,74,35,,,,,,,,,,,,,,,,,0,8667,,,,,,,,,,,,,,,,,,74,35,,,17,0,0,0,19,17,
1,paper-scaling-pilot,comb-staircase,explicit-hopcroft-karp,sg-oracle::grid::build_conflict_graph + Hopcroft-Karp + Konig cover + indexed completion,424242,18,1,comb-staircase:424242:18:3,3,False,True,3,60.0,success,success,0,valid,,,41371333,41048542,37,19,361,1,74,35,17,0,17,0,0,0,,,19,,,,0,0,,,0,8834,235709,7500,,2667,,,2458,750,125,52250,4625,10792,322791,,,,,74,35,,,17,0,0,0,19,17,
1,paper-scaling-pilot,comb-staircase,explicit-c0-flow,DominanceEmbedding::explicit_graph + C0 edge bicliques + explicit flow construction/execution/cover recovery + indexed completion,424242,18,1,comb-staircase:424242:18:4,4,False,True,0,60.0,success,success,0,valid,,,41223541,40884791,37,19,361,1,74,35,17,0,17,0,0,0,19,17,19,0,0,0,0,0,19,17,0,10125,232083,8167,3458,2041,5375,3084,6083,417,42,53250,5208,13292,338750,,,,,74,35,,,17,0,0,0,19,17,
1,paper-scaling-pilot,comb-staircase,compact-mrd,dominance::biclique::experiment::construct + compressed flow construction/execution/cover recovery + indexed completion,424242,18,1,comb-staircase:424242:18:4,4,False,True,1,60.0,success,success,0,valid,,,40832209,40490876,37,19,361,1,74,35,17,0,17,,0,0,19,17,19,0,0,0,0,0,,,0,9541,232667,7666,3208,,8167,3791,6083,417,166,55459,5291,11959,341333,,,,,74,35,,,17,0,0,0,19,17,
1,paper-scaling-pilot,comb-staircase,exact-cover-oracle,exact-cover-oracle::solve (bitset branch-and-bound; predeclared cell limit),424242,18,1,comb-staircase:424242:18:4,4,False,True,2,60.0,unsupported,unsupported,0,unsupported,foreground cell count 361 exceeds oracle limit 40,,40874667,,37,19,361,1,74,35,,,,,,,,,,,,,,,,,0,9208,,,,,,,,,,,,,,,,,,74,35,,,17,0,0,0,19,17,
1,paper-scaling-pilot,comb-staircase,explicit-hopcroft-karp,sg-oracle::grid::build_conflict_graph + Hopcroft-Karp + Konig cover + indexed completion,424242,18,1,comb-staircase:424242:18:4,4,False,True,3,60.0,success,success,0,valid,,,42759916,42438041,37,19,361,1,74,35,17,0,17,0,0,0,,,19,,,,0,0,,,0,9666,230375,8541,,2667,,,2791,750,125,52708,4708,11959,321875,,,,,74,35,,,17,0,0,0,19,17,
1,paper-scaling-pilot,comb-staircase,explicit-c0-flow,DominanceEmbedding::explicit_graph + C0 edge bicliques + explicit flow construction/execution/cover recovery + indexed completion,424242,27,1,comb-staircase:424242:27:0,0,True,False,0,60.0,success,success,0,valid,,,41676125,41442708,27,27,378,1,56,26,0,0,0,0,0,0,2,,27,0,0,0,0,0,2,0,0,8542,91709,5709,2625,1709,5250,1125,3625,333,83,87208,5500,11625,233417,,,,,,,,,,,,,,,
1,paper-scaling-pilot,comb-staircase,compact-mrd,dominance::biclique::experiment::construct + compressed flow construction/execution/cover recovery + indexed completion,424242,27,1,comb-staircase:424242:27:0,0,True,False,1,60.0,success,success,0,valid,,,41003791,40781208,27,27,378,1,56,26,0,0,0,,0,0,2,,27,0,0,0,0,0,,,0,8000,87375,5917,2541,,4833,1667,3792,334,166,85875,5208,11458,222583,,,,,,,,,,,,,,,
1,paper-scaling-pilot,comb-staircase,exact-cover-oracle,exact-cover-oracle::solve (bitset branch-and-bound; predeclared cell limit),424242,27,1,comb-staircase:424242:27:0,0,True,False,2,60.0,unsupported,unsupported,0,unsupported,foreground cell count 378 exceeds oracle limit 40,,41134208,,27,27,378,1,56,26,,,,,,,,,,,,,,,,,0,11167,,,,,,,,,,,,,,,,,,,,,,,,,,,,
1,paper-scaling-pilot,comb-staircase,explicit-hopcroft-karp,sg-oracle::grid::build_conflict_graph + Hopcroft-Karp + Konig cover + indexed completion,424242,27,1,comb-staircase:424242:27:0,0,True,False,3,60.0,success,success,0,valid,,,42395709,42173292,27,27,378,1,56,26,0,0,0,0,0,0,,,27,,,,0,0,,,0,8584,95958,5417,,2417,,,208,333,83,87166,5542,10500,222417,,,,,,,,,,,,,,,
1,paper-scaling-pilot,comb-staircase,explicit-c0-flow,DominanceEmbedding::explicit_graph + C0 edge bicliques + explicit flow construction/execution/cover recovery + indexed completion,424242,27,1,comb-staircase:424242:27:0,0,False,True,0,60.0,success,success,0,valid,,,41825333,41474249,27,27,378,1,56,26,0,0,0,0,0,0,2,,27,0,0,0,0,0,2,0,0,8250,101792,6583,2542,1750,5166,958,3792,250,41,132541,6250,71833,351084,,,,,56,26,,,0,0,0,0,2,,
1,paper-scaling-pilot,comb-staircase,compact-mrd,dominance::biclique::experiment::construct + compressed flow construction/execution/cover recovery + indexed completion,424242,27,1,comb-staircase:424242:27:0,0,False,True,1,60.0,success,success,0,valid,,,42055500,41825125,27,27,378,1,56,26,0,0,0,,0,0,2,,27,0,0,0,0,0,,,0,8000,90875,6500,2500,,5125,1750,3667,375,125,87292,5417,11250,230375,,,,,56,26,,,0,0,0,0,2,,
1,paper-scaling-pilot,comb-staircase,exact-cover-oracle,exact-cover-oracle::solve (bitset branch-and-bound; predeclared cell limit),424242,27,1,comb-staircase:424242:27:0,0,False,True,2,60.0,unsupported,unsupported,0,unsupported,foreground cell count 378 exceeds oracle limit 40,,40571083,,27,27,378,1,56,26,,,,,,,,,,,,,,,,,0,8916,,,,,,,,,,,,,,,,,,56,26,,,0,0,0,0,2,,
1,paper-scaling-pilot,comb-staircase,explicit-hopcroft-karp,sg-oracle::grid::build_conflict_graph + Hopcroft-Karp + Konig cover + indexed completion,424242,27,1,comb-staircase:424242:27:0,0,False,True,3,60.0,success,success,0,valid,,,40800000,40578584,27,27,378,1,56,26,0,0,0,0,0,0,,,27,,,,0,0,,,0,7792,95292,6583,,2583,,,208,334,125,85958,5375,11876,221416,,,,,56,26,,,0,0,0,0,2,,
1,paper-scaling-pilot,comb-staircase,explicit-c0-flow,DominanceEmbedding::explicit_graph + C0 edge bicliques + explicit flow construction/execution/cover recovery + indexed completion,424242,27,1,comb-staircase:424242:27:1,1,False,True,0,60.0,success,success,0,valid,,,41013750,40781375,27,27,378,1,56,26,0,0,0,0,0,0,2,,27,0,0,0,0,0,2,0,0,8333,92375,6583,2708,1917,4791,959,3792,250,250,85958,5667,12916,232375,,,,,56,26,,,0,0,0,0,2,,
1,paper-scaling-pilot,comb-staircase,compact-mrd,dominance::biclique::experiment::construct + compressed flow construction/execution/cover recovery + indexed completion,424242,27,1,comb-staircase:424242:27:1,1,False,True,1,60.0,success,success,0,valid,,,41103125,40869625,27,27,378,1,56,26,0,0,0,,0,0,2,,27,0,0,0,0,0,,,0,8166,96000,6459,2584,,4959,1625,3750,375,125,86083,5500,12291,233500,,,,,56,26,,,0,0,0,0,2,,
1,paper-scaling-pilot,comb-staircase,exact-cover-oracle,exact-cover-oracle::solve (bitset branch-and-bound; predeclared cell limit),424242,27,1,comb-staircase:424242:27:1,1,False,True,2,60.0,unsupported,unsupported,0,unsupported,foreground cell count 378 exceeds oracle limit 40,,40659542,,27,27,378,1,56,26,,,,,,,,,,,,,,,,,0,8208,,,,,,,,,,,,,,,,,,56,26,,,0,0,0,0,2,,
1,paper-scaling-pilot,comb-staircase,explicit-hopcroft-karp,sg-oracle::grid::build_conflict_graph + Hopcroft-Karp + Konig cover + indexed completion,424242,27,1,comb-staircase:424242:27:1,1,False,True,3,60.0,success,success,0,valid,,,41031750,40818125,27,27,378,1,56,26,0,0,0,0,0,0,,,27,,,,0,0,,,0,7708,87042,6250,,2584,,,208,625,125,86167,5291,11208,213625,,,,,56,26,,,0,0,0,0,2,,
1,paper-scaling-pilot,comb-staircase,explicit-c0-flow,DominanceEmbedding::explicit_graph + C0 edge bicliques + explicit flow construction/execution/cover recovery + indexed completion,424242,27,1,comb-staircase:424242:27:2,2,False,True,0,60.0,success,success,0,valid,,,40706834,40476584,27,27,378,1,56,26,0,0,0,0,0,0,2,,27,0,0,0,0,0,2,0,0,8000,90125,6083,2916,1750,6375,959,3791,333,0,86541,5584,11666,230250,,,,,56,26,,,0,0,0,0,2,,
1,paper-scaling-pilot,comb-staircase,compact-mrd,dominance::biclique::experiment::construct + compressed flow construction/execution/cover recovery + indexed completion,424242,27,1,comb-staircase:424242:27:2,2,False,True,1,60.0,success,success,0,valid,,,40676209,40429417,27,27,378,1,56,26,0,0,0,,0,0,2,,27,0,0,0,0,0,,,0,8917,104292,6833,2875,,4833,1667,3958,791,292,88208,5833,11417,246792,,,,,56,26,,,0,0,0,0,2,,
1,paper-scaling-pilot,comb-staircase,exact-cover-oracle,exact-cover-oracle::solve (bitset branch-and-bound; predeclared cell limit),424242,27,1,comb-staircase:424242:27:2,2,False,True,2,60.0,unsupported,unsupported,0,unsupported,foreground cell count 378 exceeds oracle limit 40,,41273583,,27,27,378,1,56,26,,,,,,,,,,,,,,,,,0,8041,,,,,,,,,,,,,,,,,,56,26,,,0,0,0,0,2,,
1,paper-scaling-pilot,comb-staircase,explicit-hopcroft-karp,sg-oracle::grid::build_conflict_graph + Hopcroft-Karp + Konig cover + indexed completion,424242,27,1,comb-staircase:424242:27:2,2,False,True,3,60.0,success,success,0,valid,,,42324625,42100709,27,27,378,1,56,26,0,0,0,0,0,0,,,27,,,,0,0,,,0,8209,92541,6167,,2541,,,250,333,125,86250,7959,10625,223916,,,,,56,26,,,0,0,0,0,2,,
1,paper-scaling-pilot,comb-staircase,explicit-c0-flow,DominanceEmbedding::explicit_graph + C0 edge bicliques + explicit flow construction/execution/cover recovery + indexed completion,424242,27,1,comb-staircase:424242:27:3,3,False,True,0,60.0,success,success,0,valid,,,41223375,40987750,27,27,378,1,56,26,0,0,0,0,0,0,2,,27,0,0,0,0,0,2,0,0,7958,96292,6625,2625,1667,5708,917,3709,459,42,86750,5208,11209,235625,,,,,56,26,,,0,0,0,0,2,,
1,paper-scaling-pilot,comb-staircase,compact-mrd,dominance::biclique::experiment::construct + compressed flow construction/execution/cover recovery + indexed completion,424242,27,1,comb-staircase:424242:27:3,3,False,True,1,60.0,success,success,0,valid,,,40989375,40762833,27,27,378,1,56,26,0,0,0,,0,0,2,,27,0,0,0,0,0,,,0,8750,91041,5625,2500,,4291,1584,3625,541,209,86708,5583,12084,226542,,,,,56,26,,,0,0,0,0,2,,
1,paper-scaling-pilot,comb-staircase,exact-cover-oracle,exact-cover-oracle::solve (bitset branch-and-bound; predeclared cell limit),424242,27,1,comb-staircase:424242:27:3,3,False,True,2,60.0,unsupported,unsupported,0,unsupported,foreground cell count 378 exceeds oracle limit 40,,40549459,,27,27,378,1,56,26,,,,,,,,,,,,,,,,,0,8583,,,,,,,,,,,,,,,,,,56,26,,,0,0,0,0,2,,
1,paper-scaling-pilot,comb-staircase,explicit-hopcroft-karp,sg-oracle::grid::build_conflict_graph + Hopcroft-Karp + Konig cover + indexed completion,424242,27,1,comb-staircase:424242:27:3,3,False,True,3,60.0,success,success,0,valid,,,40547875,40322750,27,27,378,1,56,26,0,0,0,0,0,0,,,27,,,,0,0,,,0,8916,97334,5667,,2500,,,333,500,209,88250,5250,10958,225125,,,,,56,26,,,0,0,0,0,2,,
1,paper-scaling-pilot,comb-staircase,explicit-c0-flow,DominanceEmbedding::explicit_graph + C0 edge bicliques + explicit flow construction/execution/cover recovery + indexed completion,424242,27,1,comb-staircase:424242:27:4,4,False,True,0,60.0,success,success,0,valid,,,68101833,67855083,27,27,378,1,56,26,0,0,0,0,0,0,2,,27,0,0,0,0,0,2,0,0,8875,95292,6334,3292,2166,5917,1083,4167,625,125,93500,5875,11500,246750,,,,,56,26,,,0,0,0,0,2,,
1,paper-scaling-pilot,comb-staircase,compact-mrd,dominance::biclique::experiment::construct + compressed flow construction/execution/cover recovery + indexed completion,424242,27,1,comb-staircase:424242:27:4,4,False,True,1,60.0,success,success,0,valid,,,41393959,41164709,27,27,378,1,56,26,0,0,0,,0,0,2,,27,0,0,0,0,0,,,0,8542,90209,6625,2792,,4584,1709,3792,333,125,86917,5791,10792,229250,,,,,56,26,,,0,0,0,0,2,,
1,paper-scaling-pilot,comb-staircase,exact-cover-oracle,exact-cover-oracle::solve (bitset branch-and-bound; predeclared cell limit),424242,27,1,comb-staircase:424242:27:4,4,False,True,2,60.0,unsupported,unsupported,0,unsupported,foreground cell count 378 exceeds oracle limit 40,,41204958,,27,27,378,1,56,26,,,,,,,,,,,,,,,,,0,9709,,,,,,,,,,,,,,,,,,56,26,,,0,0,0,0,2,,
1,paper-scaling-pilot,comb-staircase,explicit-hopcroft-karp,sg-oracle::grid::build_conflict_graph + Hopcroft-Karp + Konig cover + indexed completion,424242,27,1,comb-staircase:424242:27:4,4,False,True,3,60.0,success,success,0,valid,,,41328667,41108792,27,27,378,1,56,26,0,0,0,0,0,0,,,27,,,,0,0,,,0,8875,95166,5458,,2584,,,166,458,125,86167,5333,11792,219875,,,,,56,26,,,0,0,0,0,2,,
1,paper-scaling-pilot,comb-staircase,explicit-c0-flow,DominanceEmbedding::explicit_graph + C0 edge bicliques + explicit flow construction/execution/cover recovery + indexed completion,424242,40,1,comb-staircase:424242:40:0,0,True,False,0,60.0,success,success,0,valid,,,43946542,42564834,81,41,1681,1,162,79,39,0,39,0,0,0,41,39,41,0,0,0,0,0,41,39,0,12208,1020167,12125,3625,2042,7084,3667,8458,375,83,259791,17375,36583,1381708,,,,,,,,,,,,,,,
1,paper-scaling-pilot,comb-staircase,compact-mrd,dominance::biclique::experiment::construct + compressed flow construction/execution/cover recovery + indexed completion,424242,40,1,comb-staircase:424242:40:0,0,True,False,1,60.0,success,success,0,valid,,,43262083,41835124,81,41,1681,1,162,79,39,0,39,,0,0,41,39,41,0,0,0,0,0,,,0,9125,1102083,12167,5708,,10625,4250,8708,1084,167,215125,20875,37000,1426959,,,,,,,,,,,,,,,
1,paper-scaling-pilot,comb-staircase,exact-cover-oracle,exact-cover-oracle::solve (bitset branch-and-bound; predeclared cell limit),424242,40,1,comb-staircase:424242:40:0,0,True,False,2,60.0,unsupported,unsupported,0,unsupported,foreground cell count 1681 exceeds oracle limit 40,,42358834,,81,41,1681,1,162,79,,,,,,,,,,,,,,,,,0,9417,,,,,,,,,,,,,,,,,,,,,,,,,,,,
1,paper-scaling-pilot,comb-staircase,explicit-hopcroft-karp,sg-oracle::grid::build_conflict_graph + Hopcroft-Karp + Konig cover + indexed completion,424242,40,1,comb-staircase:424242:40:0,0,True,False,3,60.0,success,success,0,valid,,,43327167,42008626,81,41,1681,1,162,79,39,0,39,0,0,0,,,41,,,,0,0,,,0,10833,1032833,9250,,2541,,,2375,834,83,215000,13791,33209,1318541,,,,,,,,,,,,,,,
1,paper-scaling-pilot,comb-staircase,explicit-c0-flow,DominanceEmbedding::explicit_graph + C0 edge bicliques + explicit flow construction/execution/cover recovery + indexed completion,424242,40,1,comb-staircase:424242:40:0,0,False,True,0,60.0,success,success,0,valid,,,42435958,41091291,81,41,1681,1,162,79,39,0,39,0,0,0,41,39,41,0,0,0,0,0,41,39,0,9375,1038458,9625,4666,2083,6000,3375,8750,417,167,214500,14958,32000,1344667,,,,,162,79,,,39,0,0,0,41,39,
1,paper-scaling-pilot,comb-staircase,compact-mrd,dominance::biclique::experiment::construct + compressed flow construction/execution/cover recovery + indexed completion,424242,40,1,comb-staircase:424242:40:0,0,False,True,1,60.0,success,success,0,valid,,,42939625,41601291,81,41,1681,1,162,79,39,0,39,,0,0,41,39,41,0,0,0,0,0,,,0,10416,1032500,10583,3625,,9167,3666,8334,541,167,215250,13709,31666,1338334,,,,,162,79,,,39,0,0,0,41,39,
1,paper-scaling-pilot,comb-staircase,exact-cover-oracle,exact-cover-oracle::solve (bitset branch-and-bound; predeclared cell limit),424242,40,1,comb-staircase:424242:40:0,0,False,True,2,60.0,unsupported,unsupported,0,unsupported,foreground cell count 1681 exceeds oracle limit 40,,42099958,,81,41,1681,1,162,79,,,,,,,,,,,,,,,,,0,9042,,,,,,,,,,,,,,,,,,162,79,,,39,0,0,0,41,39,
1,paper-scaling-pilot,comb-staircase,explicit-hopcroft-karp,sg-oracle::grid::build_conflict_graph + Hopcroft-Karp + Konig cover + indexed completion,424242,40,1,comb-staircase:424242:40:0,0,False,True,3,60.0,success,success,0,valid,,,43477833,42134083,81,41,1681,1,162,79,39,0,39,0,0,0,,,41,,,,0,0,,,0,9583,1046833,10250,,2583,,,2625,916,167,222833,14250,33542,1343750,,,,,162,79,,,39,0,0,0,41,39,
1,paper-scaling-pilot,comb-staircase,explicit-c0-flow,DominanceEmbedding::explicit_graph + C0 edge bicliques + explicit flow construction/execution/cover recovery + indexed completion,424242,40,1,comb-staircase:424242:40:1,1,False,True,0,60.0,success,success,0,valid,,,43625792,42209917,81,41,1681,1,162,79,39,0,39,0,0,0,41,39,41,0,0,0,0,0,41,39,0,9166,1102459,10875,3666,2000,6000,3333,11250,375,250,214791,13792,37709,1415875,,,,,162,79,,,39,0,0,0,41,39,
1,paper-scaling-pilot,comb-staircase,compact-mrd,dominance::biclique::experiment::construct + compressed flow construction/execution/cover recovery + indexed completion,424242,40,1,comb-staircase:424242:40:1,1,False,True,1,60.0,success,success,0,valid,,,44021583,42680416,81,41,1681,1,162,79,39,0,39,,0,0,41,39,41,0,0,0,0,0,,,0,18709,1026709,10750,3750,,9458,3458,8667,583,125,219541,14125,32709,1341167,,,,,162,79,,,39,0,0,0,41,39,
1,paper-scaling-pilot,comb-staircase,exact-cover-oracle,exact-cover-oracle::solve (bitset branch-and-bound; predeclared cell limit),424242,40,1,comb-staircase:424242:40:1,1,False,True,2,60.0,unsupported,unsupported,0,unsupported,foreground cell count 1681 exceeds oracle limit 40,,42152875,,81,41,1681,1,162,79,,,,,,,,,,,,,,,,,0,8625,,,,,,,,,,,,,,,,,,162,79,,,39,0,0,0,41,39,
1,paper-scaling-pilot,comb-staircase,explicit-hopcroft-karp,sg-oracle::grid::build_conflict_graph + Hopcroft-Karp + Konig cover + indexed completion,424242,40,1,comb-staircase:424242:40:1,1,False,True,3,60.0,success,success,0,valid,,,43734000,42418083,81,41,1681,1,162,79,39,0,39,0,0,0,,,41,,,,0,0,,,0,9584,1028334,9584,,2583,,,2500,791,167,217125,13875,32667,1315917,,,,,162,79,,,39,0,0,0,41,39,
1,paper-scaling-pilot,comb-staircase,explicit-c0-flow,DominanceEmbedding::explicit_graph + C0 edge bicliques + explicit flow construction/execution/cover recovery + indexed completion,424242,40,1,comb-staircase:424242:40:2,2,False,True,0,60.0,success,success,0,valid,,,43241041,41912708,81,41,1681,1,162,79,39,0,39,0,0,0,41,39,41,0,0,0,0,0,41,39,0,9542,1021708,11417,3708,1875,5208,3334,8167,750,125,216375,13750,33168,1328333,,,,,162,79,,,39,0,0,0,41,39,
1,paper-scaling-pilot,comb-staircase,compact-mrd,dominance::biclique::experiment::construct + compressed flow construction/execution/cover recovery + indexed completion,424242,40,1,comb-staircase:424242:40:2,2,False,True,1,60.0,success,success,0,valid,,,43168375,41822250,81,41,1681,1,162,79,39,0,39,,0,0,41,39,41,0,0,0,0,0,,,0,9500,1034958,10500,3459,,9000,3292,8208,542,167,218958,14625,32792,1346125,,,,,162,79,,,39,0,0,0,41,39,
1,paper-scaling-pilot,comb-staircase,exact-cover-oracle,exact-cover-oracle::solve (bitset branch-and-bound; predeclared cell limit),424242,40,1,comb-staircase:424242:40:2,2,False,True,2,60.0,unsupported,unsupported,0,unsupported,foreground cell count 1681 exceeds oracle limit 40,,41866875,,81,41,1681,1,162,79,,,,,,,,,,,,,,,,,0,8959,,,,,,,,,,,,,,,,,,162,79,,,39,0,0,0,41,39,
1,paper-scaling-pilot,comb-staircase,explicit-hopcroft-karp,sg-oracle::grid::build_conflict_graph + Hopcroft-Karp + Konig cover + indexed completion,424242,40,1,comb-staircase:424242:40:2,2,False,True,3,60.0,success,success,0,valid,,,43223875,41898083,81,41,1681,1,162,79,39,0,39,0,0,0,,,41,,,,0,0,,,0,9333,1036916,11375,,3000,,,2708,875,125,214750,14833,32125,1325792,,,,,162,79,,,39,0,0,0,41,39,
1,paper-scaling-pilot,comb-staircase,explicit-c0-flow,DominanceEmbedding::explicit_graph + C0 edge bicliques + explicit flow construction/execution/cover recovery + indexed completion,424242,40,1,comb-staircase:424242:40:3,3,False,True,0,60.0,success,success,0,valid,,,42853083,41516166,81,41,1681,1,162,79,39,0,39,0,0,0,41,39,41,0,0,0,0,0,41,39,0,9166,1020792,10541,4792,1834,6083,3541,8375,625,208,225000,14125,32000,1336917,,,,,162,79,,,39,0,0,0,41,39,
1,paper-scaling-pilot,comb-staircase,compact-mrd,dominance::biclique::experiment::construct + compressed flow construction/execution/cover recovery + indexed completion,424242,40,1,comb-staircase:424242:40:3,3,False,True,1,60.0,success,success,0,valid,,,42675042,41340417,81,41,1681,1,162,79,39,0,39,,0,0,41,39,41,0,0,0,0,0,,,0,9708,1027917,9958,4584,,9375,3834,8291,459,208,214500,13792,32834,1334625,,,,,162,79,,,39,0,0,0,41,39,
1,paper-scaling-pilot,comb-staircase,exact-cover-oracle,exact-cover-oracle::solve (bitset branch-and-bound; predeclared cell limit),424242,40,1,comb-staircase:424242:40:3,3,False,True,2,60.0,unsupported,unsupported,0,unsupported,foreground cell count 1681 exceeds oracle limit 40,,41323583,,81,41,1681,1,162,79,,,,,,,,,,,,,,,,,0,8916,,,,,,,,,,,,,,,,,,162,79,,,39,0,0,0,41,39,
1,paper-scaling-pilot,comb-staircase,explicit-hopcroft-karp,sg-oracle::grid::build_conflict_graph + Hopcroft-Karp + Konig cover + indexed completion,424242,40,1,comb-staircase:424242:40:3,3,False,True,3,60.0,success,success,0,valid,,,42950375,41628084,81,41,1681,1,162,79,39,0,39,0,0,0,,,41,,,,0,0,,,0,9417,1032459,10333,,2667,,,2792,875,125,213542,15500,34958,1322291,,,,,162,79,,,39,0,0,0,41,39,
1,paper-scaling-pilot,comb-staircase,explicit-c0-flow,DominanceEmbedding::explicit_graph + C0 edge bicliques + explicit flow construction/execution/cover recovery + indexed completion,424242,40,1,comb-staircase:424242:40:4,4,False,True,0,60.0,success,success,0,valid,,,42626333,41312791,81,41,1681,1,162,79,39,0,39,0,0,0,41,39,41,0,0,0,0,0,41,39,0,9709,1011583,9500,4250,1834,5041,3084,8459,625,208,213625,14958,31834,1313542,,,,,162,79,,,39,0,0,0,41,39,
1,paper-scaling-pilot,comb-staircase,compact-mrd,dominance::biclique::experiment::construct + compressed flow construction/execution/cover recovery + indexed completion,424242,40,1,comb-staircase:424242:40:4,4,False,True,1,60.0,success,success,0,valid,,,42888541,41551958,81,41,1681,1,162,79,39,0,39,,0,0,41,39,41,0,0,0,0,0,,,0,9625,1031000,10000,4500,,9250,3458,8250,417,125,214458,14042,31666,1336583,,,,,162,79,,,39,0,0,0,41,39,
1,paper-scaling-pilot,comb-staircase,exact-cover-oracle,exact-cover-oracle::solve (bitset branch-and-bound; predeclared cell limit),424242,40,1,comb-staircase:424242:40:4,4,False,True,2,60.0,unsupported,unsupported,0,unsupported,foreground cell count 1681 exceeds oracle limit 40,,41849834,,81,41,1681,1,162,79,,,,,,,,,,,,,,,,,0,9333,,,,,,,,,,,,,,,,,,162,79,,,39,0,0,0,41,39,
1,paper-scaling-pilot,comb-staircase,explicit-hopcroft-karp,sg-oracle::grid::build_conflict_graph + Hopcroft-Karp + Konig cover + indexed completion,424242,40,1,comb-staircase:424242:40:4,4,False,True,3,60.0,success,success,0,valid,,,42617125,41314083,81,41,1681,1,162,79,39,0,39,0,0,0,,,41,,,,0,0,,,0,9041,1019750,8958,,2500,,,2583,750,208,213125,14125,32624,1303042,,,,,162,79,,,39,0,0,0,41,39,
1,paper-scaling-pilot,comb-staircase,explicit-c0-flow,DominanceEmbedding::explicit_graph + C0 edge bicliques + explicit flow construction/execution/cover recovery + indexed completion,424242,60,1,comb-staircase:424242:60:0,0,True,False,0,60.0,success,success,0,valid,,,47108167,43944292,121,61,3721,1,242,119,59,0,59,0,0,0,61,59,61,0,0,0,0,0,61,59,0,9416,2463208,11250,3958,1958,5292,3709,10917,291,83,466583,65292,115583,3163875,,,,,,,,,,,,,,,
1,paper-scaling-pilot,comb-staircase,compact-mrd,dominance::biclique::experiment::construct + compressed flow construction/execution/cover recovery + indexed completion,424242,60,1,comb-staircase:424242:60:0,0,True,False,1,60.0,success,success,0,valid,,,47149458,44084624,121,61,3721,1,242,119,59,0,59,,0,0,61,59,61,0,0,0,0,0,,,0,10292,2466500,12542,3709,,13250,3459,8875,459,250,457042,27583,58875,3064834,,,,,,,,,,,,,,,
1,paper-scaling-pilot,comb-staircase,exact-cover-oracle,exact-cover-oracle::solve (bitset branch-and-bound; predeclared cell limit),424242,60,1,comb-staircase:424242:60:0,0,True,False,2,60.0,unsupported,unsupported,0,unsupported,foreground cell count 3721 exceeds oracle limit 40,,43081959,,121,61,3721,1,242,119,,,,,,,,,,,,,,,,,0,9667,,,,,,,,,,,,,,,,,,,,,,,,,,,,
1,paper-scaling-pilot,comb-staircase,explicit-hopcroft-karp,sg-oracle::grid::build_conflict_graph + Hopcroft-Karp + Konig cover + indexed completion,424242,60,1,comb-staircase:424242:60:0,0,True,False,3,60.0,success,success,0,valid,,,46307125,43283417,121,61,3721,1,242,119,59,0,59,0,0,0,,,61,,,,0,0,,,0,9458,2431542,11416,,2542,,,2584,958,292,471583,29125,60626,3023708,,,,,,,,,,,,,,,
1,paper-scaling-pilot,comb-staircase,explicit-c0-flow,DominanceEmbedding::explicit_graph + C0 edge bicliques + explicit flow construction/execution/cover recovery + indexed completion,424242,60,1,comb-staircase:424242:60:0,0,False,True,0,60.0,success,success,0,valid,,,46233166,43180875,121,61,3721,1,242,119,59,0,59,0,0,0,61,59,61,0,0,0,0,0,61,59,0,10209,2456042,11875,3583,1875,6208,3375,9500,500,166,461083,28875,56958,3052291,,,,,242,119,,,59,0,0,0,61,59,
1,paper-scaling-pilot,comb-staircase,compact-mrd,dominance::biclique::experiment::construct + compressed flow construction/execution/cover recovery + indexed completion,424242,60,1,comb-staircase:424242:60:0,0,False,True,1,60.0,success,success,0,valid,,,48050208,44986958,121,61,3721,1,242,119,59,0,59,,0,0,61,59,61,0,0,0,0,0,,,0,10583,2463959,11084,4666,,10334,4041,9750,500,41,460791,27750,57875,3063250,,,,,242,119,,,59,0,0,0,61,59,
1,paper-scaling-pilot,comb-staircase,exact-cover-oracle,exact-cover-oracle::solve (bitset branch-and-bound; predeclared cell limit),424242,60,1,comb-staircase:424242:60:0,0,False,True,2,60.0,unsupported,unsupported,0,unsupported,foreground cell count 3721 exceeds oracle limit 40,,43223334,,121,61,3721,1,242,119,,,,,,,,,,,,,,,,,0,9583,,,,,,,,,,,,,,,,,,242,119,,,59,0,0,0,61,59,
1,paper-scaling-pilot,comb-staircase,explicit-hopcroft-karp,sg-oracle::grid::build_conflict_graph + Hopcroft-Karp + Konig cover + indexed completion,424242,60,1,comb-staircase:424242:60:0,0,False,True,3,60.0,success,success,0,valid,,,46615833,43532541,121,61,3721,1,242,119,59,0,59,0,0,0,,,61,,,,0,0,,,0,10000,2454625,11833,,2625,,,2792,1125,166,499875,31083,66500,3083292,,,,,242,119,,,59,0,0,0,61,59,
1,paper-scaling-pilot,comb-staircase,explicit-c0-flow,DominanceEmbedding::explicit_graph + C0 edge bicliques + explicit flow construction/execution/cover recovery + indexed completion,424242,60,1,comb-staircase:424242:60:1,1,False,True,0,60.0,success,success,0,valid,,,46746375,43542708,121,61,3721,1,242,119,59,0,59,0,0,0,61,59,61,0,0,0,0,0,61,59,0,10125,2594375,12292,4500,2042,5875,3500,10458,500,167,467000,27583,63375,3203667,,,,,242,119,,,59,0,0,0,61,59,
1,paper-scaling-pilot,comb-staircase,compact-mrd,dominance::biclique::experiment::construct + compressed flow construction/execution/cover recovery + indexed completion,424242,60,1,comb-staircase:424242:60:1,1,False,True,1,60.0,success,success,0,valid,,,46676792,43647584,121,61,3721,1,242,119,59,0,59,,0,0,61,59,61,0,0,0,0,0,,,0,10042,2428542,11416,3709,,10625,3708,9917,500,166,461542,27792,58583,3029208,,,,,242,119,,,59,0,0,0,61,59,
1,paper-scaling-pilot,comb-staircase,exact-cover-oracle,exact-cover-oracle::solve (bitset branch-and-bound; predeclared cell limit),424242,60,1,comb-staircase:424242:60:1,1,False,True,2,60.0,unsupported,unsupported,0,unsupported,foreground cell count 3721 exceeds oracle limit 40,,44247291,,121,61,3721,1,242,119,,,,,,,,,,,,,,,,,0,10542,,,,,,,,,,,,,,,,,,242,119,,,59,0,0,0,61,59,
1,paper-scaling-pilot,comb-staircase,explicit-hopcroft-karp,sg-oracle::grid::build_conflict_graph + Hopcroft-Karp + Konig cover + indexed completion,424242,60,1,comb-staircase:424242:60:1,1,False,True,3,60.0,success,success,0,valid,,,47389750,44183083,121,61,3721,1,242,119,59,0,59,0,0,0,,,61,,,,0,0,,,0,10666,2464583,33125,,10792,,,5750,1500,334,580625,31792,63666,3206667,,,,,242,119,,,59,0,0,0,61,59,
1,paper-scaling-pilot,comb-staircase,explicit-c0-flow,DominanceEmbedding::explicit_graph + C0 edge bicliques + explicit flow construction/execution/cover recovery + indexed completion,424242,60,1,comb-staircase:424242:60:2,2,False,True,0,60.0,success,success,0,valid,,,46812833,43743541,121,61,3721,1,242,119,59,0,59,0,0,0,61,59,61,0,0,0,0,0,61,59,0,9916,2460166,12417,3417,2000,5042,3291,8292,292,166,467250,34125,60250,3069292,,,,,242,119,,,59,0,0,0,61,59,
1,paper-scaling-pilot,comb-staircase,compact-mrd,dominance::biclique::experiment::construct + compressed flow construction/execution/cover recovery + indexed completion,424242,60,1,comb-staircase:424242:60:2,2,False,True,1,60.0,success,success,0,valid,,,46260625,43227083,121,61,3721,1,242,119,59,0,59,,0,0,61,59,61,0,0,0,0,0,,,0,10084,2441541,11250,3583,,9917,3750,9375,458,125,455042,28750,58041,3033542,,,,,242,119,,,59,0,0,0,61,59,
1,paper-scaling-pilot,comb-staircase,exact-cover-oracle,exact-cover-oracle::solve (bitset branch-and-bound; predeclared cell limit),424242,60,1,comb-staircase:424242:60:2,2,False,True,2,60.0,unsupported,unsupported,0,unsupported,foreground cell count 3721 exceeds oracle limit 40,,44038209,,121,61,3721,1,242,119,,,,,,,,,,,,,,,,,0,9459,,,,,,,,,,,,,,,,,,242,119,,,59,0,0,0,61,59,
1,paper-scaling-pilot,comb-staircase,explicit-hopcroft-karp,sg-oracle::grid::build_conflict_graph + Hopcroft-Karp + Konig cover + indexed completion,424242,60,1,comb-staircase:424242:60:2,2,False,True,3,60.0,success,success,0,valid,,,46844167,43797834,121,61,3721,1,242,119,59,0,59,0,0,0,,,61,,,,0,0,,,0,9542,2468417,11208,,2583,,,2667,875,167,458000,27417,59250,3046333,,,,,242,119,,,59,0,0,0,61,59,
1,paper-scaling-pilot,comb-staircase,explicit-c0-flow,DominanceEmbedding::explicit_graph + C0 edge bicliques + explicit flow construction/execution/cover recovery + indexed completion,424242,60,1,comb-staircase:424242:60:3,3,False,True,0,60.0,success,success,0,valid,,,46296166,43271333,121,61,3721,1,242,119,59,0,59,0,0,0,61,59,61,0,0,0,0,0,61,59,0,10250,2423417,12250,3834,2125,5709,3458,9000,417,208,464750,28833,58875,3024833,,,,,242,119,,,59,0,0,0,61,59,
1,paper-scaling-pilot,comb-staircase,compact-mrd,dominance::biclique::experiment::construct + compressed flow construction/execution/cover recovery + indexed completion,424242,60,1,comb-staircase:424242:60:3,3,False,True,1,60.0,success,success,0,valid,,,47183167,44005917,121,61,3721,1,242,119,59,0,59,,0,0,61,59,61,0,0,0,0,0,,,0,10750,2550917,14833,4667,,9791,3958,12708,500,208,479917,27250,59416,3177250,,,,,242,119,,,59,0,0,0,61,59,
1,paper-scaling-pilot,comb-staircase,exact-cover-oracle,exact-cover-oracle::solve (bitset branch-and-bound; predeclared cell limit),424242,60,1,comb-staircase:424242:60:3,3,False,True,2,60.0,unsupported,unsupported,0,unsupported,foreground cell count 3721 exceeds oracle limit 40,,47524084,,121,61,3721,1,242,119,,,,,,,,,,,,,,,,,0,11792,,,,,,,,,,,,,,,,,,242,119,,,59,0,0,0,61,59,
1,paper-scaling-pilot,comb-staircase,explicit-hopcroft-karp,sg-oracle::grid::build_conflict_graph + Hopcroft-Karp + Konig cover + indexed completion,424242,60,1,comb-staircase:424242:60:3,3,False,True,3,60.0,success,success,0,valid,,,60324000,57224959,121,61,3721,1,242,119,59,0,59,0,0,0,,,61,,,,0,0,,,0,10000,2506583,14042,,2750,,,2750,958,125,463250,27833,67834,3099041,,,,,242,119,,,59,0,0,0,61,59,
1,paper-scaling-pilot,comb-staircase,explicit-c0-flow,DominanceEmbedding::explicit_graph + C0 edge bicliques + explicit flow construction/execution/cover recovery + indexed completion,424242,60,1,comb-staircase:424242:60:4,4,False,True,0,60.0,success,success,0,valid,,,49331292,46269959,121,61,3721,1,242,119,59,0,59,0,0,0,61,59,61,0,0,0,0,0,61,59,0,10458,2462125,13583,3666,2375,5458,3500,9333,333,84,461000,27708,59709,3061333,,,,,242,119,,,59,0,0,0,61,59,
1,paper-scaling-pilot,comb-staircase,compact-mrd,dominance::biclique::experiment::construct + compressed flow construction/execution/cover recovery + indexed completion,424242,60,1,comb-staircase:424242:60:4,4,False,True,1,60.0,success,success,0,valid,,,48209208,45092916,121,61,3721,1,242,119,59,0,59,,0,0,61,59,61,0,0,0,0,0,,,0,9750,2501708,12333,3542,,13375,3666,9709,583,83,470084,27916,60292,3116292,,,,,242,119,,,59,0,0,0,61,59,
1,paper-scaling-pilot,comb-staircase,exact-cover-oracle,exact-cover-oracle::solve (bitset branch-and-bound; predeclared cell limit),424242,60,1,comb-staircase:424242:60:4,4,False,True,2,60.0,unsupported,unsupported,0,unsupported,foreground cell count 3721 exceeds oracle limit 40,,43576292,,121,61,3721,1,242,119,,,,,,,,,,,,,,,,,0,11791,,,,,,,,,,,,,,,,,,242,119,,,59,0,0,0,61,59,
1,paper-scaling-pilot,comb-staircase,explicit-hopcroft-karp,sg-oracle::grid::build_conflict_graph + Hopcroft-Karp + Konig cover + indexed completion,424242,60,1,comb-staircase:424242:60:4,4,False,True,3,60.0,success,success,0,valid,,,46563959,43534584,121,61,3721,1,242,119,59,0,59,0,0,0,,,61,,,,0,0,,,0,9541,2455375,10667,,2666,,,2500,917,167,459416,28417,57083,3029375,,,,,242,119,,,59,0,0,0,61,59,
1,paper-scaling-pilot,supported-holes,explicit-hopcroft-karp,sg-oracle::grid::build_conflict_graph + Hopcroft-Karp + Konig cover + indexed completion,424242,8,1,supported-holes:424242:8:0,0,True,False,0,60.0,success,success,0,valid,,,41321417,41215167,21,7,139,1,36,32,14,0,14,0,0,0,,,11,,,,0,0,,,0,8792,55417,6708,,2500,,,2458,666,83,20667,3583,6292,106250,,,,,,,,,,,,,,,
1,paper-scaling-pilot,supported-holes,explicit-c0-flow,DominanceEmbedding::explicit_graph + C0 edge bicliques + explicit flow construction/execution/cover recovery + indexed completion,424242,8,1,supported-holes:424242:8:0,0,True,False,1,60.0,success,success,0,valid,,,41778167,41648292,21,7,139,1,36,32,14,0,14,0,0,0,16,14,11,0,0,0,0,0,16,14,0,8833,58750,6875,3541,2084,6334,3875,6292,416,84,22083,3750,7542,129875,,,,,,,,,,,,,,,
1,paper-scaling-pilot,supported-holes,compact-mrd,dominance::biclique::experiment::construct + compressed flow construction/execution/cover recovery + indexed completion,424242,8,1,supported-holes:424242:8:0,0,True,False,2,60.0,success,success,0,valid,,,41234792,41023625,21,7,139,1,36,32,14,0,14,,0,0,16,14,11,0,0,0,0,0,,,0,8292,115125,13000,6292,,20792,4625,6584,500,208,22125,3917,7416,211167,,,,,,,,,,,,,,,
1,paper-scaling-pilot,supported-holes,exact-cover-oracle,exact-cover-oracle::solve (bitset branch-and-bound; predeclared cell limit),424242,8,1,supported-holes:424242:8:0,0,True,False,3,60.0,unsupported,unsupported,0,unsupported,foreground cell count 139 exceeds oracle limit 40,,40834791,,21,7,139,1,36,32,,,,,,,,,,,,,,,,,0,7500,,,,,,,,,,,,,,,,,,,,,,,,,,,,
1,paper-scaling-pilot,supported-holes,explicit-hopcroft-karp,sg-oracle::grid::build_conflict_graph + Hopcroft-Karp + Konig cover + indexed completion,424242,8,1,supported-holes:424242:8:0,0,False,True,0,60.0,success,success,0,valid,,,41018166,40905458,21,7,139,1,36,32,14,0,14,0,0,0,,,11,,,,0,0,,,0,8625,61042,6625,,2333,,,2625,708,166,19708,3333,7584,112708,,,,,36,32,,,14,0,0,0,16,14,
1,paper-scaling-pilot,supported-holes,explicit-c0-flow,DominanceEmbedding::explicit_graph + C0 edge bicliques + explicit flow construction/execution/cover recovery + indexed completion,424242,8,1,supported-holes:424242:8:0,0,False,True,1,60.0,success,success,0,valid,,,41986917,41863126,21,7,139,1,36,32,14,0,14,0,0,0,16,14,11,0,0,0,0,0,16,14,0,8541,56167,8042,3083,1834,5792,3000,5667,458,41,20625,3375,7375,123791,,,,,36,32,,,14,0,0,0,16,14,
1,paper-scaling-pilot,supported-holes,compact-mrd,dominance::biclique::experiment::construct + compressed flow construction/execution/cover recovery + indexed completion,424242,8,1,supported-holes:424242:8:0,0,False,True,2,60.0,success,success,0,valid,,,41561250,41434958,21,7,139,1,36,32,14,0,14,,0,0,16,14,11,0,0,0,0,0,,,0,6500,61583,6708,3000,,7292,3833,5791,500,125,20458,3250,6126,126292,,,,,36,32,,,14,0,0,0,16,14,
1,paper-scaling-pilot,supported-holes,exact-cover-oracle,exact-cover-oracle::solve (bitset branch-and-bound; predeclared cell limit),424242,8,1,supported-holes:424242:8:0,0,False,True,3,60.0,unsupported,unsupported,0,unsupported,foreground cell count 139 exceeds oracle limit 40,,40070417,,21,7,139,1,36,32,,,,,,,,,,,,,,,,,0,7792,,,,,,,,,,,,,,,,,,36,32,,,14,0,0,0,16,14,
1,paper-scaling-pilot,supported-holes,explicit-hopcroft-karp,sg-oracle::grid::build_conflict_graph + Hopcroft-Karp + Konig cover + indexed completion,424242,8,1,supported-holes:424242:8:1,1,False,True,0,60.0,success,success,0,valid,,,41768000,41654834,21,7,139,1,36,32,14,0,14,0,0,0,,,11,,,,0,0,,,0,8833,58292,6917,,2583,,,2250,666,167,21625,3750,7626,113166,,,,,36,32,,,14,0,0,0,16,14,
1,paper-scaling-pilot,supported-holes,explicit-c0-flow,DominanceEmbedding::explicit_graph + C0 edge bicliques + explicit flow construction/execution/cover recovery + indexed completion,424242,8,1,supported-holes:424242:8:1,1,False,True,1,60.0,success,success,0,valid,,,41060750,40934458,21,7,139,1,36,32,14,0,14,0,0,0,16,14,11,0,0,0,0,0,16,14,0,7334,61541,6625,3000,1750,5167,2834,5416,375,125,20333,3417,7041,126292,,,,,36,32,,,14,0,0,0,16,14,
1,paper-scaling-pilot,supported-holes,compact-mrd,dominance::biclique::experiment::construct + compressed flow construction/execution/cover recovery + indexed completion,424242,8,1,supported-holes:424242:8:1,1,False,True,2,60.0,success,success,0,valid,,,40835000,40710333,21,7,139,1,36,32,14,0,14,,0,0,16,14,11,0,0,0,0,0,,,0,8666,56666,7917,3083,,8042,3750,5709,541,125,20334,3541,6917,124667,,,,,36,32,,,14,0,0,0,16,14,
1,paper-scaling-pilot,supported-holes,exact-cover-oracle,exact-cover-oracle::solve (bitset branch-and-bound; predeclared cell limit),424242,8,1,supported-holes:424242:8:1,1,False,True,3,60.0,unsupported,unsupported,0,unsupported,foreground cell count 139 exceeds oracle limit 40,,41227000,,21,7,139,1,36,32,,,,,,,,,,,,,,,,,0,6750,,,,,,,,,,,,,,,,,,36,32,,,14,0,0,0,16,14,
1,paper-scaling-pilot,supported-holes,explicit-hopcroft-karp,sg-oracle::grid::build_conflict_graph + Hopcroft-Karp + Konig cover + indexed completion,424242,8,1,supported-holes:424242:8:2,2,False,True,0,60.0,success,success,0,valid,,,41871500,41755833,21,7,139,1,36,32,14,0,14,0,0,0,,,11,,,,0,0,,,0,11500,58833,8083,,2708,,,3083,708,208,21750,3375,7667,115667,,,,,36,32,,,14,0,0,0,16,14,
1,paper-scaling-pilot,supported-holes,explicit-c0-flow,DominanceEmbedding::explicit_graph + C0 edge bicliques + explicit flow construction/execution/cover recovery + indexed completion,424242,8,1,supported-holes:424242:8:2,2,False,True,1,60.0,success,success,0,valid,,,40433000,40300625,21,7,139,1,36,32,14,0,14,0,0,0,16,14,11,0,0,0,0,0,16,14,0,8750,59125,6667,3250,1709,5625,3125,6125,292,250,21500,10292,6291,132375,,,,,36,32,,,14,0,0,0,16,14,
1,paper-scaling-pilot,supported-holes,compact-mrd,dominance::biclique::experiment::construct + compressed flow construction/execution/cover recovery + indexed completion,424242,8,1,supported-holes:424242:8:2,2,False,True,2,60.0,success,success,0,valid,,,41708042,41579625,21,7,139,1,36,32,14,0,14,,0,0,16,14,11,0,0,0,0,0,,,0,9916,57917,7750,3292,,8917,3875,5916,375,166,21583,3583,6375,128417,,,,,36,32,,,14,0,0,0,16,14,
1,paper-scaling-pilot,supported-holes,exact-cover-oracle,exact-cover-oracle::solve (bitset branch-and-bound; predeclared cell limit),424242,8,1,supported-holes:424242:8:2,2,False,True,3,60.0,unsupported,unsupported,0,unsupported,foreground cell count 139 exceeds oracle limit 40,,40939166,,21,7,139,1,36,32,,,,,,,,,,,,,,,,,0,8125,,,,,,,,,,,,,,,,,,36,32,,,14,0,0,0,16,14,
1,paper-scaling-pilot,supported-holes,explicit-hopcroft-karp,sg-oracle::grid::build_conflict_graph + Hopcroft-Karp + Konig cover + indexed completion,424242,8,1,supported-holes:424242:8:3,3,False,True,0,60.0,success,success,0,valid,,,42214833,42105541,21,7,139,1,36,32,14,0,14,0,0,0,,,11,,,,0,0,,,0,7209,57042,6708,,2458,,,2375,625,208,20333,3542,7416,109292,,,,,36,32,,,14,0,0,0,16,14,
1,paper-scaling-pilot,supported-holes,explicit-c0-flow,DominanceEmbedding::explicit_graph + C0 edge bicliques + explicit flow construction/execution/cover recovery + indexed completion,424242,8,1,supported-holes:424242:8:3,3,False,True,1,60.0,success,success,0,valid,,,40680875,40553250,21,7,139,1,36,32,14,0,14,0,0,0,16,14,11,0,0,0,0,0,16,14,0,7750,60292,7083,3000,1833,5958,2958,5667,250,250,22125,3625,6042,127625,,,,,36,32,,,14,0,0,0,16,14,
1,paper-scaling-pilot,supported-holes,compact-mrd,dominance::biclique::experiment::construct + compressed flow construction/execution/cover recovery + indexed completion,424242,8,1,supported-holes:424242:8:3,3,False,True,2,60.0,success,success,0,valid,,,41290834,41163459,21,7,139,1,36,32,14,0,14,,0,0,16,14,11,0,0,0,0,0,,,0,9375,59792,6792,3042,,8125,3334,5959,375,292,20542,3292,7166,127375,,,,,36,32,,,14,0,0,0,16,14,
1,paper-scaling-pilot,supported-holes,exact-cover-oracle,exact-cover-oracle::solve (bitset branch-and-bound; predeclared cell limit),424242,8,1,supported-holes:424242:8:3,3,False,True,3,60.0,unsupported,unsupported,0,unsupported,foreground cell count 139 exceeds oracle limit 40,,41639125,,21,7,139,1,36,32,,,,,,,,,,,,,,,,,0,8042,,,,,,,,,,,,,,,,,,36,32,,,14,0,0,0,16,14,
1,paper-scaling-pilot,supported-holes,explicit-hopcroft-karp,sg-oracle::grid::build_conflict_graph + Hopcroft-Karp + Konig cover + indexed completion,424242,8,1,supported-holes:424242:8:4,4,False,True,0,60.0,success,success,0,valid,,,41943958,41835041,21,7,139,1,36,32,14,0,14,0,0,0,,,11,,,,0,0,,,0,12625,55334,7709,,2542,,,2333,1375,167,20083,3792,6667,108917,,,,,36,32,,,14,0,0,0,16,14,
1,paper-scaling-pilot,supported-holes,explicit-c0-flow,DominanceEmbedding::explicit_graph + C0 edge bicliques + explicit flow construction/execution/cover recovery + indexed completion,424242,8,1,supported-holes:424242:8:4,4,False,True,1,60.0,success,success,0,valid,,,41889667,41765792,21,7,139,1,36,32,14,0,14,0,0,0,16,14,11,0,0,0,0,0,16,14,0,7292,56917,7209,3125,1792,4917,2958,5625,291,167,21375,4000,6417,123875,,,,,36,32,,,14,0,0,0,16,14,
1,paper-scaling-pilot,supported-holes,compact-mrd,dominance::biclique::experiment::construct + compressed flow construction/execution/cover recovery + indexed completion,424242,8,1,supported-holes:424242:8:4,4,False,True,2,60.0,success,success,0,valid,,,41726917,41596292,21,7,139,1,36,32,14,0,14,,0,0,16,14,11,0,0,0,0,0,,,0,8875,58209,9750,3375,,8083,3833,6292,375,125,21333,3417,7458,130625,,,,,36,32,,,14,0,0,0,16,14,
1,paper-scaling-pilot,supported-holes,exact-cover-oracle,exact-cover-oracle::solve (bitset branch-and-bound; predeclared cell limit),424242,8,1,supported-holes:424242:8:4,4,False,True,3,60.0,unsupported,unsupported,0,unsupported,foreground cell count 139 exceeds oracle limit 40,,40721167,,21,7,139,1,36,32,,,,,,,,,,,,,,,,,0,8208,,,,,,,,,,,,,,,,,,36,32,,,14,0,0,0,16,14,
1,paper-scaling-pilot,supported-holes,explicit-hopcroft-karp,sg-oracle::grid::build_conflict_graph + Hopcroft-Karp + Konig cover + indexed completion,424242,12,1,supported-holes:424242:12:0,0,True,False,0,60.0,success,success,0,valid,,,40469458,40337249,29,7,191,1,52,48,22,0,22,0,0,0,,,15,,,,0,0,,,0,8000,73333,7959,,2625,,,3209,833,167,25416,4500,7209,132209,,,,,,,,,,,,,,,
1,paper-scaling-pilot,supported-holes,explicit-c0-flow,DominanceEmbedding::explicit_graph + C0 edge bicliques + explicit flow construction/execution/cover recovery + indexed completion,424242,12,1,supported-holes:424242:12:0,0,True,False,1,60.0,success,success,0,valid,,,40762250,40612000,29,7,191,1,52,48,22,0,22,0,0,0,24,22,15,0,0,0,0,0,24,22,0,7041,73875,8042,3333,1917,5084,3292,8208,458,42,25916,4959,6999,150250,,,,,,,,,,,,,,,
1,paper-scaling-pilot,supported-holes,compact-mrd,dominance::biclique::experiment::construct + compressed flow construction/execution/cover recovery + indexed completion,424242,12,1,supported-holes:424242:12:0,0,True,False,2,60.0,success,success,0,valid,,,40184875,40028709,29,7,191,1,52,48,22,0,22,,0,0,24,22,15,0,0,0,0,0,,,0,6875,71583,9708,5459,,10916,3625,9042,417,125,27167,4083,6916,156166,,,,,,,,,,,,,,,
1,paper-scaling-pilot,supported-holes,exact-cover-oracle,exact-cover-oracle::solve (bitset branch-and-bound; predeclared cell limit),424242,12,1,supported-holes:424242:12:0,0,True,False,3,60.0,unsupported,unsupported,0,unsupported,foreground cell count 191 exceeds oracle limit 40,,40140875,,29,7,191,1,52,48,,,,,,,,,,,,,,,,,0,7083,,,,,,,,,,,,,,,,,,,,,,,,,,,,
1,paper-scaling-pilot,supported-holes,explicit-hopcroft-karp,sg-oracle::grid::build_conflict_graph + Hopcroft-Karp + Konig cover + indexed completion,424242,12,1,supported-holes:424242:12:0,0,False,True,0,60.0,success,success,0,valid,,,40315916,40189250,29,7,191,1,52,48,22,0,22,0,0,0,,,15,,,,0,0,,,0,8709,70792,7541,,2417,,,2375,709,166,24791,4209,6791,126666,,,,,52,48,,,22,0,0,0,24,22,
1,paper-scaling-pilot,supported-holes,explicit-c0-flow,DominanceEmbedding::explicit_graph + C0 edge bicliques + explicit flow construction/execution/cover recovery + indexed completion,424242,12,1,supported-holes:424242:12:0,0,False,True,1,60.0,success,success,0,valid,,,40451375,40300417,29,7,191,1,52,48,22,0,22,0,0,0,24,22,15,0,0,0,0,0,24,22,0,9916,75375,8333,4209,2125,4875,3042,7666,417,125,25667,4792,7458,150958,,,,,52,48,,,22,0,0,0,24,22,
1,paper-scaling-pilot,supported-holes,compact-mrd,dominance::biclique::experiment::construct + compressed flow construction/execution/cover recovery + indexed completion,424242,12,1,supported-holes:424242:12:0,0,False,True,2,60.0,success,success,0,valid,,,40493042,40345917,29,7,191,1,52,48,22,0,22,,0,0,24,22,15,0,0,0,0,0,,,0,7167,71333,7875,3125,,8917,3459,7333,500,208,25625,4667,6501,147125,,,,,52,48,,,22,0,0,0,24,22,
1,paper-scaling-pilot,supported-holes,exact-cover-oracle,exact-cover-oracle::solve (bitset branch-and-bound; predeclared cell limit),424242,12,1,supported-holes:424242:12:0,0,False,True,3,60.0,unsupported,unsupported,0,unsupported,foreground cell count 191 exceeds oracle limit 40,,40662666,,29,7,191,1,52,48,,,,,,,,,,,,,,,,,0,8250,,,,,,,,,,,,,,,,,,52,48,,,22,0,0,0,24,22,
1,paper-scaling-pilot,supported-holes,explicit-hopcroft-karp,sg-oracle::grid::build_conflict_graph + Hopcroft-Karp + Konig cover + indexed completion,424242,12,1,supported-holes:424242:12:1,1,False,True,0,60.0,success,success,0,valid,,,41110375,40976333,29,7,191,1,52,48,22,0,22,0,0,0,,,15,,,,0,0,,,0,7750,76041,7750,,2500,,,3041,1125,83,26041,3834,6832,134042,,,,,52,48,,,22,0,0,0,24,22,
1,paper-scaling-pilot,supported-holes,explicit-c0-flow,DominanceEmbedding::explicit_graph + C0 edge bicliques + explicit flow construction/execution/cover recovery + indexed completion,424242,12,1,supported-holes:424242:12:1,1,False,True,1,60.0,success,success,0,valid,,,41369250,41137417,29,7,191,1,52,48,22,0,22,0,0,0,24,22,15,0,0,0,0,0,24,22,0,8083,150917,9458,5167,2166,5458,3500,7833,417,208,26708,4875,7916,231833,,,,,52,48,,,22,0,0,0,24,22,
1,paper-scaling-pilot,supported-holes,compact-mrd,dominance::biclique::experiment::construct + compressed flow construction/execution/cover recovery + indexed completion,424242,12,1,supported-holes:424242:12:1,1,False,True,2,60.0,success,success,0,valid,,,42346584,42194668,29,7,191,1,52,48,22,0,22,,0,0,24,22,15,0,0,0,0,0,,,0,8791,74292,8000,3334,,9834,3666,7542,416,292,26625,4666,7000,151916,,,,,52,48,,,22,0,0,0,24,22,
1,paper-scaling-pilot,supported-holes,exact-cover-oracle,exact-cover-oracle::solve (bitset branch-and-bound; predeclared cell limit),424242,12,1,supported-holes:424242:12:1,1,False,True,3,60.0,unsupported,unsupported,0,unsupported,foreground cell count 191 exceeds oracle limit 40,,41016375,,29,7,191,1,52,48,,,,,,,,,,,,,,,,,0,7125,,,,,,,,,,,,,,,,,,52,48,,,22,0,0,0,24,22,
1,paper-scaling-pilot,supported-holes,explicit-hopcroft-karp,sg-oracle::grid::build_conflict_graph + Hopcroft-Karp + Konig cover + indexed completion,424242,12,1,supported-holes:424242:12:2,2,False,True,0,60.0,success,success,0,valid,,,40665708,40534541,29,7,191,1,52,48,22,0,22,0,0,0,,,15,,,,0,0,,,0,7375,73250,7958,,2542,,,2458,792,167,25125,4541,7251,131167,,,,,52,48,,,22,0,0,0,24,22,
1,paper-scaling-pilot,supported-holes,explicit-c0-flow,DominanceEmbedding::explicit_graph + C0 edge bicliques + explicit flow construction/execution/cover recovery + indexed completion,424242,12,1,supported-holes:424242:12:2,2,False,True,1,60.0,success,success,0,valid,,,41443458,41289625,29,7,191,1,52,48,22,0,22,0,0,0,24,22,15,0,0,0,0,0,24,22,0,7125,81375,7500,3333,1833,5084,3125,7167,583,83,25333,4584,7250,153833,,,,,52,48,,,22,0,0,0,24,22,
1,paper-scaling-pilot,supported-holes,compact-mrd,dominance::biclique::experiment::construct + compressed flow construction/execution/cover recovery + indexed completion,424242,12,1,supported-holes:424242:12:2,2,False,True,2,60.0,success,success,0,valid,,,41127917,40978375,29,7,191,1,52,48,22,0,22,,0,0,24,22,15,0,0,0,0,0,,,0,7042,72542,7709,4000,,9125,3208,7625,542,250,25667,4875,7041,149542,,,,,52,48,,,22,0,0,0,24,22,
1,paper-scaling-pilot,supported-holes,exact-cover-oracle,exact-cover-oracle::solve (bitset branch-and-bound; predeclared cell limit),424242,12,1,supported-holes:424242:12:2,2,False,True,3,60.0,unsupported,unsupported,0,unsupported,foreground cell count 191 exceeds oracle limit 40,,40901000,,29,7,191,1,52,48,,,,,,,,,,,,,,,,,0,9208,,,,,,,,,,,,,,,,,,52,48,,,22,0,0,0,24,22,
1,paper-scaling-pilot,supported-holes,explicit-hopcroft-karp,sg-oracle::grid::build_conflict_graph + Hopcroft-Karp + Konig cover + indexed completion,424242,12,1,supported-holes:424242:12:3,3,False,True,0,60.0,success,success,0,valid,,,40938667,40807209,29,7,191,1,52,48,22,0,22,0,0,0,,,15,,,,0,0,,,0,6583,72667,8000,,2583,,,3500,917,125,25000,4250,7459,131458,,,,,52,48,,,22,0,0,0,24,22,
1,paper-scaling-pilot,supported-holes,explicit-c0-flow,DominanceEmbedding::explicit_graph + C0 edge bicliques + explicit flow construction/execution/cover recovery + indexed completion,424242,12,1,supported-holes:424242:12:3,3,False,True,1,60.0,success,success,0,valid,,,40975000,40826417,29,7,191,1,52,48,22,0,22,0,0,0,24,22,15,0,0,0,0,0,24,22,0,8292,73792,7541,3333,1833,5667,3959,7625,334,83,25709,4291,6875,148583,,,,,52,48,,,22,0,0,0,24,22,
1,paper-scaling-pilot,supported-holes,compact-mrd,dominance::biclique::experiment::construct + compressed flow construction/execution/cover recovery + indexed completion,424242,12,1,supported-holes:424242:12:3,3,False,True,2,60.0,success,success,0,valid,,,40435000,40283916,29,7,191,1,52,48,22,0,22,,0,0,24,22,15,0,0,0,0,0,,,0,9708,72292,8209,4167,,9458,4125,8084,416,167,26333,3917,6708,151084,,,,,52,48,,,22,0,0,0,24,22,
1,paper-scaling-pilot,supported-holes,exact-cover-oracle,exact-cover-oracle::solve (bitset branch-and-bound; predeclared cell limit),424242,12,1,supported-holes:424242:12:3,3,False,True,3,60.0,unsupported,unsupported,0,unsupported,foreground cell count 191 exceeds oracle limit 40,,41014583,,29,7,191,1,52,48,,,,,,,,,,,,,,,,,0,8375,,,,,,,,,,,,,,,,,,52,48,,,22,0,0,0,24,22,
1,paper-scaling-pilot,supported-holes,explicit-hopcroft-karp,sg-oracle::grid::build_conflict_graph + Hopcroft-Karp + Konig cover + indexed completion,424242,12,1,supported-holes:424242:12:4,4,False,True,0,60.0,success,success,0,valid,,,41780583,41651041,29,7,191,1,52,48,22,0,22,0,0,0,,,15,,,,0,0,,,0,6750,71833,7125,,2750,,,3375,1334,208,25000,3834,6916,129542,,,,,52,48,,,22,0,0,0,24,22,
1,paper-scaling-pilot,supported-holes,explicit-c0-flow,DominanceEmbedding::explicit_graph + C0 edge bicliques + explicit flow construction/execution/cover recovery + indexed completion,424242,12,1,supported-holes:424242:12:4,4,False,True,1,60.0,success,success,0,valid,,,41576834,41425001,29,7,191,1,52,48,22,0,22,0,0,0,24,22,15,0,0,0,0,0,24,22,0,9542,71917,12250,3291,1834,5625,3250,7792,333,166,26667,4292,7374,151833,,,,,52,48,,,22,0,0,0,24,22,
1,paper-scaling-pilot,supported-holes,compact-mrd,dominance::biclique::experiment::construct + compressed flow construction/execution/cover recovery + indexed completion,424242,12,1,supported-holes:424242:12:4,4,False,True,2,60.0,success,success,0,valid,,,42339375,42166833,29,7,191,1,52,48,22,0,22,,0,0,24,22,15,0,0,0,0,0,,,0,11417,79959,9166,4000,,11458,3792,11000,625,292,28583,5375,8834,172542,,,,,52,48,,,22,0,0,0,24,22,
1,paper-scaling-pilot,supported-holes,exact-cover-oracle,exact-cover-oracle::solve (bitset branch-and-bound; predeclared cell limit),424242,12,1,supported-holes:424242:12:4,4,False,True,3,60.0,unsupported,unsupported,0,unsupported,foreground cell count 191 exceeds oracle limit 40,,41000042,,29,7,191,1,52,48,,,,,,,,,,,,,,,,,0,8417,,,,,,,,,,,,,,,,,,52,48,,,22,0,0,0,24,22,
1,paper-scaling-pilot,supported-holes,explicit-hopcroft-karp,sg-oracle::grid::build_conflict_graph + Hopcroft-Karp + Konig cover + indexed completion,424242,18,1,supported-holes:424242:18:0,0,True,False,0,60.0,success,success,0,valid,,,40769125,40596208,41,7,269,1,76,72,34,0,34,0,0,0,,,21,,,,0,0,,,0,8375,103958,9375,,2625,,,3291,1792,84,30333,4625,8167,172917,,,,,,,,,,,,,,,
1,paper-scaling-pilot,supported-holes,explicit-c0-flow,DominanceEmbedding::explicit_graph + C0 edge bicliques + explicit flow construction/execution/cover recovery + indexed completion,424242,18,1,supported-holes:424242:18:0,0,True,False,1,60.0,success,success,0,valid,,,41646125,41463667,41,7,269,1,76,72,34,0,34,0,0,0,36,34,21,0,0,0,0,0,36,34,0,6917,97542,8958,3500,1875,5583,3125,9083,583,84,31042,5875,7666,182458,,,,,,,,,,,,,,,
1,paper-scaling-pilot,supported-holes,compact-mrd,dominance::biclique::experiment::construct + compressed flow construction/execution/cover recovery + indexed completion,424242,18,1,supported-holes:424242:18:0,0,True,False,2,60.0,success,success,0,valid,,,41109250,40919208,41,7,269,1,76,72,34,0,34,,0,0,36,34,21,0,0,0,0,0,,,0,8375,101041,9625,3583,,10084,3458,9375,584,125,31959,4791,7750,190042,,,,,,,,,,,,,,,
1,paper-scaling-pilot,supported-holes,exact-cover-oracle,exact-cover-oracle::solve (bitset branch-and-bound; predeclared cell limit),424242,18,1,supported-holes:424242:18:0,0,True,False,3,60.0,unsupported,unsupported,0,unsupported,foreground cell count 269 exceeds oracle limit 40,,40640334,,41,7,269,1,76,72,,,,,,,,,,,,,,,,,0,9250,,,,,,,,,,,,,,,,,,,,,,,,,,,,
1,paper-scaling-pilot,supported-holes,explicit-hopcroft-karp,sg-oracle::grid::build_conflict_graph + Hopcroft-Karp + Konig cover + indexed completion,424242,18,1,supported-holes:424242:18:0,0,False,True,0,60.0,success,success,0,valid,,,46696125,46529041,41,7,269,1,76,72,34,0,34,0,0,0,,,21,,,,0,0,,,0,9083,97042,10125,,2584,,,2542,875,167,30542,7583,8001,167084,,,,,76,72,,,34,0,0,0,36,34,
1,paper-scaling-pilot,supported-holes,explicit-c0-flow,DominanceEmbedding::explicit_graph + C0 edge bicliques + explicit flow construction/execution/cover recovery + indexed completion,424242,18,1,supported-holes:424242:18:0,0,False,True,1,60.0,success,success,0,valid,,,40078958,39894375,41,7,269,1,76,72,34,0,34,0,0,0,36,34,21,0,0,0,0,0,36,34,0,8500,97250,8791,3583,1833,5750,3375,9375,375,42,31208,5917,8709,184583,,,,,76,72,,,34,0,0,0,36,34,
1,paper-scaling-pilot,supported-holes,compact-mrd,dominance::biclique::experiment::construct + compressed flow construction/execution/cover recovery + indexed completion,424242,18,1,supported-holes:424242:18:0,0,False,True,2,60.0,success,success,0,valid,,,40297750,40107667,41,7,269,1,76,72,34,0,34,,0,0,36,34,21,0,0,0,0,0,,,0,10917,101125,8750,3542,,10541,3541,8084,542,125,31459,6041,8667,190083,,,,,76,72,,,34,0,0,0,36,34,
1,paper-scaling-pilot,supported-holes,exact-cover-oracle,exact-cover-oracle::solve (bitset branch-and-bound; predeclared cell limit),424242,18,1,supported-holes:424242:18:0,0,False,True,3,60.0,unsupported,unsupported,0,unsupported,foreground cell count 269 exceeds oracle limit 40,,46646458,,41,7,269,1,76,72,,,,,,,,,,,,,,,,,0,7209,,,,,,,,,,,,,,,,,,76,72,,,34,0,0,0,36,34,
1,paper-scaling-pilot,supported-holes,explicit-hopcroft-karp,sg-oracle::grid::build_conflict_graph + Hopcroft-Karp + Konig cover + indexed completion,424242,18,1,supported-holes:424242:18:1,1,False,True,0,60.0,success,success,0,valid,,,40927250,40760625,41,7,269,1,76,72,34,0,34,0,0,0,,,21,,,,0,0,,,0,8875,98500,9042,,2458,,,2583,1000,166,30417,6750,8583,166625,,,,,76,72,,,34,0,0,0,36,34,
1,paper-scaling-pilot,supported-holes,explicit-c0-flow,DominanceEmbedding::explicit_graph + C0 edge bicliques + explicit flow construction/execution/cover recovery + indexed completion,424242,18,1,supported-holes:424242:18:1,1,False,True,1,60.0,success,success,0,valid,,,40292542,40112375,41,7,269,1,76,72,34,0,34,0,0,0,36,34,21,0,0,0,0,0,36,34,0,7750,94625,8667,3667,1708,6375,3042,8833,417,41,32125,4958,7875,180167,,,,,76,72,,,34,0,0,0,36,34,
1,paper-scaling-pilot,supported-holes,compact-mrd,dominance::biclique::experiment::construct + compressed flow construction/execution/cover recovery + indexed completion,424242,18,1,supported-holes:424242:18:1,1,False,True,2,60.0,success,success,0,valid,,,41076500,40880750,41,7,269,1,76,72,34,0,34,,0,0,36,34,21,0,0,0,0,0,,,0,10875,98333,9167,3500,,11250,4083,8416,750,208,34042,6750,10708,195750,,,,,76,72,,,34,0,0,0,36,34,
1,paper-scaling-pilot,supported-holes,exact-cover-oracle,exact-cover-oracle::solve (bitset branch-and-bound; predeclared cell limit),424242,18,1,supported-holes:424242:18:1,1,False,True,3,60.0,unsupported,unsupported,0,unsupported,foreground cell count 269 exceeds oracle limit 40,,40746959,,41,7,269,1,76,72,,,,,,,,,,,,,,,,,0,7208,,,,,,,,,,,,,,,,,,76,72,,,34,0,0,0,36,34,
1,paper-scaling-pilot,supported-holes,explicit-hopcroft-karp,sg-oracle::grid::build_conflict_graph + Hopcroft-Karp + Konig cover + indexed completion,424242,18,1,supported-holes:424242:18:2,2,False,True,0,60.0,success,success,0,valid,,,41014333,40848750,41,7,269,1,76,72,34,0,34,0,0,0,,,21,,,,0,0,,,0,8417,95834,10458,,2750,,,2625,917,250,30917,6375,8042,165583,,,,,76,72,,,34,0,0,0,36,34,
1,paper-scaling-pilot,supported-holes,explicit-c0-flow,DominanceEmbedding::explicit_graph + C0 edge bicliques + explicit flow construction/execution/cover recovery + indexed completion,424242,18,1,supported-holes:424242:18:2,2,False,True,1,60.0,success,success,0,valid,,,41173292,40977667,41,7,269,1,76,72,34,0,34,0,0,0,36,34,21,0,0,0,0,0,36,34,0,10250,99583,9750,3875,1959,6459,3959,9083,500,83,32542,11708,7874,195625,,,,,76,72,,,34,0,0,0,36,34,
1,paper-scaling-pilot,supported-holes,compact-mrd,dominance::biclique::experiment::construct + compressed flow construction/execution/cover recovery + indexed completion,424242,18,1,supported-holes:424242:18:2,2,False,True,2,60.0,success,success,0,valid,,,41159667,40979959,41,7,269,1,76,72,34,0,34,,0,0,36,34,21,0,0,0,0,0,,,0,7166,92750,9500,3709,,10125,3500,7875,542,167,31125,5625,7249,179708,,,,,76,72,,,34,0,0,0,36,34,
1,paper-scaling-pilot,supported-holes,exact-cover-oracle,exact-cover-oracle::solve (bitset branch-and-bound; predeclared cell limit),424242,18,1,supported-holes:424242:18:2,2,False,True,3,60.0,unsupported,unsupported,0,unsupported,foreground cell count 269 exceeds oracle limit 40,,41364667,,41,7,269,1,76,72,,,,,,,,,,,,,,,,,0,7208,,,,,,,,,,,,,,,,,,76,72,,,34,0,0,0,36,34,
1,paper-scaling-pilot,supported-holes,explicit-hopcroft-karp,sg-oracle::grid::build_conflict_graph + Hopcroft-Karp + Konig cover + indexed completion,424242,18,1,supported-holes:424242:18:3,3,False,True,0,60.0,success,success,0,valid,,,41193125,41027625,41,7,269,1,76,72,34,0,34,0,0,0,,,21,,,,0,0,,,0,7833,97500,9791,,2625,,,2708,833,167,30000,7041,7709,165500,,,,,76,72,,,34,0,0,0,36,34,
1,paper-scaling-pilot,supported-holes,explicit-c0-flow,DominanceEmbedding::explicit_graph + C0 edge bicliques + explicit flow construction/execution/cover recovery + indexed completion,424242,18,1,supported-holes:424242:18:3,3,False,True,1,60.0,success,success,0,valid,,,40758292,40578001,41,7,269,1,76,72,34,0,34,0,0,0,36,34,21,0,0,0,0,0,36,34,0,6917,95500,8916,3375,1833,5250,3125,8334,459,125,31750,5750,7917,180291,,,,,76,72,,,34,0,0,0,36,34,
1,paper-scaling-pilot,supported-holes,compact-mrd,dominance::biclique::experiment::construct + compressed flow construction/execution/cover recovery + indexed completion,424242,18,1,supported-holes:424242:18:3,3,False,True,2,60.0,success,success,0,valid,,,42832917,42638751,41,7,269,1,76,72,34,0,34,,0,0,36,34,21,0,0,0,0,0,,,0,9125,103750,9292,3750,,10292,3833,9333,959,125,32041,5084,7957,194166,,,,,76,72,,,34,0,0,0,36,34,
1,paper-scaling-pilot,supported-holes,exact-cover-oracle,exact-cover-oracle::solve (bitset branch-and-bound; predeclared cell limit),424242,18,1,supported-holes:424242:18:3,3,False,True,3,60.0,unsupported,unsupported,0,unsupported,foreground cell count 269 exceeds oracle limit 40,,40449667,,41,7,269,1,76,72,,,,,,,,,,,,,,,,,0,7250,,,,,,,,,,,,,,,,,,76,72,,,34,0,0,0,36,34,
1,paper-scaling-pilot,supported-holes,explicit-hopcroft-karp,sg-oracle::grid::build_conflict_graph + Hopcroft-Karp + Konig cover + indexed completion,424242,18,1,supported-holes:424242:18:4,4,False,True,0,60.0,success,success,0,valid,,,40475583,40303458,41,7,269,1,76,72,34,0,34,0,0,0,,,21,,,,0,0,,,0,9208,100125,10750,,3417,,,3291,875,208,31917,6083,8000,172125,,,,,76,72,,,34,0,0,0,36,34,
1,paper-scaling-pilot,supported-holes,explicit-c0-flow,DominanceEmbedding::explicit_graph + C0 edge bicliques + explicit flow construction/execution/cover recovery + indexed completion,424242,18,1,supported-holes:424242:18:4,4,False,True,1,60.0,success,success,0,valid,,,40904667,40724334,41,7,269,1,76,72,34,0,34,0,0,0,36,34,21,0,0,0,0,0,36,34,0,6917,92584,9625,3917,1917,5541,3083,7708,292,166,31708,5875,7834,180333,,,,,76,72,,,34,0,0,0,36,34,
1,paper-scaling-pilot,supported-holes,compact-mrd,dominance::biclique::experiment::construct + compressed flow construction/execution/cover recovery + indexed completion,424242,18,1,supported-holes:424242:18:4,4,False,True,2,60.0,success,success,0,valid,,,40907042,40719667,41,7,269,1,76,72,34,0,34,,0,0,36,34,21,0,0,0,0,0,,,0,8250,98958,9125,3625,,10083,3459,8291,375,125,31208,5875,8625,187375,,,,,76,72,,,34,0,0,0,36,34,
1,paper-scaling-pilot,supported-holes,exact-cover-oracle,exact-cover-oracle::solve (bitset branch-and-bound; predeclared cell limit),424242,18,1,supported-holes:424242:18:4,4,False,True,3,60.0,unsupported,unsupported,0,unsupported,foreground cell count 269 exceeds oracle limit 40,,40614208,,41,7,269,1,76,72,,,,,,,,,,,,,,,,,0,6833,,,,,,,,,,,,,,,,,,76,72,,,34,0,0,0,36,34,
1,paper-scaling-pilot,supported-holes,explicit-hopcroft-karp,sg-oracle::grid::build_conflict_graph + Hopcroft-Karp + Konig cover + indexed completion,424242,27,1,supported-holes:424242:27:0,0,True,False,0,60.0,success,success,0,valid,,,40697167,40473750,59,7,386,1,112,108,52,0,52,0,0,0,,,30,,,,0,0,,,0,8000,137750,11083,,2542,,,3333,1042,167,39500,6167,11084,223417,,,,,,,,,,,,,,,
1,paper-scaling-pilot,supported-holes,explicit-c0-flow,DominanceEmbedding::explicit_graph + C0 edge bicliques + explicit flow construction/execution/cover recovery + indexed completion,424242,27,1,supported-holes:424242:27:0,0,True,False,1,60.0,success,success,0,valid,,,41347834,41112084,59,7,386,1,112,108,52,0,52,0,0,0,54,52,30,0,0,0,0,0,54,52,0,7792,134083,11250,5459,2000,5208,3250,10542,416,209,39125,5375,8958,235750,,,,,,,,,,,,,,,
1,paper-scaling-pilot,supported-holes,compact-mrd,dominance::biclique::experiment::construct + compressed flow construction/execution/cover recovery + indexed completion,424242,27,1,supported-holes:424242:27:0,0,True,False,2,60.0,success,success,0,valid,,,40146375,39908166,59,7,386,1,112,108,52,0,52,,0,0,54,52,30,0,0,0,0,0,,,0,7750,135958,10417,5041,,10458,3416,9709,333,125,38125,6542,8916,238209,,,,,,,,,,,,,,,
1,paper-scaling-pilot,supported-holes,exact-cover-oracle,exact-cover-oracle::solve (bitset branch-and-bound; predeclared cell limit),424242,27,1,supported-holes:424242:27:0,0,True,False,3,60.0,unsupported,unsupported,0,unsupported,foreground cell count 386 exceeds oracle limit 40,,41532792,,59,7,386,1,112,108,,,,,,,,,,,,,,,,,0,7625,,,,,,,,,,,,,,,,,,,,,,,,,,,,
1,paper-scaling-pilot,supported-holes,explicit-hopcroft-karp,sg-oracle::grid::build_conflict_graph + Hopcroft-Karp + Konig cover + indexed completion,424242,27,1,supported-holes:424242:27:0,0,False,True,0,60.0,success,success,0,valid,,,41045750,40830667,59,7,386,1,112,108,52,0,52,0,0,0,,,30,,,,0,0,,,0,7416,133917,10333,,2542,,,2500,917,166,38459,6875,10041,215083,,,,,112,108,,,52,0,0,0,54,52,
1,paper-scaling-pilot,supported-holes,explicit-c0-flow,DominanceEmbedding::explicit_graph + C0 edge bicliques + explicit flow construction/execution/cover recovery + indexed completion,424242,27,1,supported-holes:424242:27:0,0,False,True,1,60.0,success,success,0,valid,,,41055416,40820791,59,7,386,1,112,108,52,0,52,0,0,0,54,52,30,0,0,0,0,0,54,52,0,7083,133458,11458,4292,1958,5333,3500,9542,542,166,38500,6542,9083,234625,,,,,112,108,,,52,0,0,0,54,52,
1,paper-scaling-pilot,supported-holes,compact-mrd,dominance::biclique::experiment::construct + compressed flow construction/execution/cover recovery + indexed completion,424242,27,1,supported-holes:424242:27:0,0,False,True,2,60.0,success,success,0,valid,,,40912750,40676250,59,7,386,1,112,108,52,0,52,,0,0,54,52,30,0,0,0,0,0,,,0,6833,131542,10542,5333,,10625,3459,11167,500,166,39000,5750,8875,236500,,,,,112,108,,,52,0,0,0,54,52,
1,paper-scaling-pilot,supported-holes,exact-cover-oracle,exact-cover-oracle::solve (bitset branch-and-bound; predeclared cell limit),424242,27,1,supported-holes:424242:27:0,0,False,True,3,60.0,unsupported,unsupported,0,unsupported,foreground cell count 386 exceeds oracle limit 40,,40048916,,59,7,386,1,112,108,,,,,,,,,,,,,,,,,0,6834,,,,,,,,,,,,,,,,,,112,108,,,52,0,0,0,54,52,
1,paper-scaling-pilot,supported-holes,explicit-hopcroft-karp,sg-oracle::grid::build_conflict_graph + Hopcroft-Karp + Konig cover + indexed completion,424242,27,1,supported-holes:424242:27:1,1,False,True,0,60.0,success,success,0,valid,,,41057291,40831125,59,7,386,1,112,108,52,0,52,0,0,0,,,30,,,,0,0,,,0,7000,136292,11167,,2875,,,3083,1208,83,40250,7167,13416,226166,,,,,112,108,,,52,0,0,0,54,52,
1,paper-scaling-pilot,supported-holes,explicit-c0-flow,DominanceEmbedding::explicit_graph + C0 edge bicliques + explicit flow construction/execution/cover recovery + indexed completion,424242,27,1,supported-holes:424242:27:1,1,False,True,1,60.0,success,success,0,valid,,,40562375,40340875,59,7,386,1,112,108,52,0,52,0,0,0,54,52,30,0,0,0,0,0,54,52,0,7625,124959,9083,4333,1792,4875,3292,8875,375,83,38625,6625,9333,221500,,,,,112,108,,,52,0,0,0,54,52,
1,paper-scaling-pilot,supported-holes,compact-mrd,dominance::biclique::experiment::construct + compressed flow construction/execution/cover recovery + indexed completion,424242,27,1,supported-holes:424242:27:1,1,False,True,2,60.0,success,success,0,valid,,,40613875,40379916,59,7,386,1,112,108,52,0,52,,0,0,54,52,30,0,0,0,0,0,,,0,8333,129375,10083,4667,,10833,3083,8833,458,167,40292,7500,9291,233959,,,,,112,108,,,52,0,0,0,54,52,
1,paper-scaling-pilot,supported-holes,exact-cover-oracle,exact-cover-oracle::solve (bitset branch-and-bound; predeclared cell limit),424242,27,1,supported-holes:424242:27:1,1,False,True,3,60.0,unsupported,unsupported,0,unsupported,foreground cell count 386 exceeds oracle limit 40,,40302792,,59,7,386,1,112,108,,,,,,,,,,,,,,,,,0,8208,,,,,,,,,,,,,,,,,,112,108,,,52,0,0,0,54,52,
1,paper-scaling-pilot,supported-holes,explicit-hopcroft-karp,sg-oracle::grid::build_conflict_graph + Hopcroft-Karp + Konig cover + indexed completion,424242,27,1,supported-holes:424242:27:2,2,False,True,0,60.0,success,success,0,valid,,,40579083,40362875,59,7,386,1,112,108,52,0,52,0,0,0,,,30,,,,0,0,,,0,8500,127792,10500,,2750,,,2667,1000,333,43084,7375,10375,216208,,,,,112,108,,,52,0,0,0,54,52,
1,paper-scaling-pilot,supported-holes,explicit-c0-flow,DominanceEmbedding::explicit_graph + C0 edge bicliques + explicit flow construction/execution/cover recovery + indexed completion,424242,27,1,supported-holes:424242:27:2,2,False,True,1,60.0,success,success,0,valid,,,41251542,40998959,59,7,386,1,112,108,52,0,52,0,0,0,54,52,30,0,0,0,0,0,54,52,0,8500,138209,11500,4458,1958,5958,3500,9375,500,84,49459,6250,9999,252583,,,,,112,108,,,52,0,0,0,54,52,
1,paper-scaling-pilot,supported-holes,compact-mrd,dominance::biclique::experiment::construct + compressed flow construction/execution/cover recovery + indexed completion,424242,27,1,supported-holes:424242:27:2,2,False,True,2,60.0,success,success,0,valid,,,40427417,40190667,59,7,386,1,112,108,52,0,52,,0,0,54,52,30,0,0,0,0,0,,,0,9083,134667,10750,4375,,11458,3500,8500,708,250,39000,6958,8458,236750,,,,,112,108,,,52,0,0,0,54,52,
1,paper-scaling-pilot,supported-holes,exact-cover-oracle,exact-cover-oracle::solve (bitset branch-and-bound; predeclared cell limit),424242,27,1,supported-holes:424242:27:2,2,False,True,3,60.0,unsupported,unsupported,0,unsupported,foreground cell count 386 exceeds oracle limit 40,,40176209,,59,7,386,1,112,108,,,,,,,,,,,,,,,,,0,6958,,,,,,,,,,,,,,,,,,112,108,,,52,0,0,0,54,52,
1,paper-scaling-pilot,supported-holes,explicit-hopcroft-karp,sg-oracle::grid::build_conflict_graph + Hopcroft-Karp + Konig cover + indexed completion,424242,27,1,supported-holes:424242:27:3,3,False,True,0,60.0,success,success,0,valid,,,40416709,40207501,59,7,386,1,112,108,52,0,52,0,0,0,,,30,,,,0,0,,,0,8625,130500,9875,,2583,,,2500,875,166,37834,7208,9375,209208,,,,,112,108,,,52,0,0,0,54,52,
1,paper-scaling-pilot,supported-holes,explicit-c0-flow,DominanceEmbedding::explicit_graph + C0 edge bicliques + explicit flow construction/execution/cover recovery + indexed completion,424242,27,1,supported-holes:424242:27:3,3,False,True,1,60.0,success,success,0,valid,,,40817208,40583999,59,7,386,1,112,108,52,0,52,0,0,0,54,52,30,0,0,0,0,0,54,52,0,8459,134625,10833,4334,2041,6000,3209,9125,417,84,38042,6417,8791,233209,,,,,112,108,,,52,0,0,0,54,52,
1,paper-scaling-pilot,supported-holes,compact-mrd,dominance::biclique::experiment::construct + compressed flow construction/execution/cover recovery + indexed completion,424242,27,1,supported-holes:424242:27:3,3,False,True,2,60.0,success,success,0,valid,,,40863875,40629334,59,7,386,1,112,108,52,0,52,,0,0,54,52,30,0,0,0,0,0,,,0,6917,131292,10333,3875,,11375,3541,8875,500,333,39750,6417,9416,234541,,,,,112,108,,,52,0,0,0,54,52,
1,paper-scaling-pilot,supported-holes,exact-cover-oracle,exact-cover-oracle::solve (bitset branch-and-bound; predeclared cell limit),424242,27,1,supported-holes:424242:27:3,3,False,True,3,60.0,unsupported,unsupported,0,unsupported,foreground cell count 386 exceeds oracle limit 40,,40562042,,59,7,386,1,112,108,,,,,,,,,,,,,,,,,0,7042,,,,,,,,,,,,,,,,,,112,108,,,52,0,0,0,54,52,
1,paper-scaling-pilot,supported-holes,explicit-hopcroft-karp,sg-oracle::grid::build_conflict_graph + Hopcroft-Karp + Konig cover + indexed completion,424242,27,1,supported-holes:424242:27:4,4,False,True,0,60.0,success,success,0,valid,,,40921084,40705918,59,7,386,1,112,108,52,0,52,0,0,0,,,30,,,,0,0,,,0,8375,133000,10750,,2459,,,2458,1041,292,38125,6958,10792,215166,,,,,112,108,,,52,0,0,0,54,52,
1,paper-scaling-pilot,supported-holes,explicit-c0-flow,DominanceEmbedding::explicit_graph + C0 edge bicliques + explicit flow construction/execution/cover recovery + indexed completion,424242,27,1,supported-holes:424242:27:4,4,False,True,1,60.0,success,success,0,valid,,,40399333,40175833,59,7,386,1,112,108,52,0,52,0,0,0,54,52,30,0,0,0,0,0,54,52,0,7000,124875,9500,4500,1833,5375,3250,9584,291,167,38709,6416,9917,223500,,,,,112,108,,,52,0,0,0,54,52,
1,paper-scaling-pilot,supported-holes,compact-mrd,dominance::biclique::experiment::construct + compressed flow construction/execution/cover recovery + indexed completion,424242,27,1,supported-holes:424242:27:4,4,False,True,2,60.0,success,success,0,valid,,,40920791,40668249,59,7,386,1,112,108,52,0,52,,0,0,54,52,30,0,0,0,0,0,,,0,7000,148333,10125,4417,,11458,3417,9166,458,167,40667,6542,8666,252542,,,,,112,108,,,52,0,0,0,54,52,
1,paper-scaling-pilot,supported-holes,exact-cover-oracle,exact-cover-oracle::solve (bitset branch-and-bound; predeclared cell limit),424242,27,1,supported-holes:424242:27:4,4,False,True,3,60.0,unsupported,unsupported,0,unsupported,foreground cell count 386 exceeds oracle limit 40,,41429917,,59,7,386,1,112,108,,,,,,,,,,,,,,,,,0,7333,,,,,,,,,,,,,,,,,,112,108,,,52,0,0,0,54,52,
1,paper-scaling-pilot,supported-holes,explicit-hopcroft-karp,sg-oracle::grid::build_conflict_graph + Hopcroft-Karp + Konig cover + indexed completion,424242,40,1,supported-holes:424242:40:0,0,True,False,0,60.0,success,success,0,valid,,,41878667,41605667,85,7,555,1,164,160,78,0,78,0,0,0,,,43,,,,0,0,,,0,7125,174875,11750,,2417,,,2750,1083,167,48667,7333,14125,273000,,,,,,,,,,,,,,,
1,paper-scaling-pilot,supported-holes,explicit-c0-flow,DominanceEmbedding::explicit_graph + C0 edge bicliques + explicit flow construction/execution/cover recovery + indexed completion,424242,40,1,supported-holes:424242:40:0,0,True,False,1,60.0,success,success,0,valid,,,40454375,40166375,85,7,555,1,164,160,78,0,78,0,0,0,80,78,43,0,0,0,0,0,80,78,0,7708,169208,12167,5375,1875,4834,3541,10583,292,83,49959,9083,11625,288000,,,,,,,,,,,,,,,
1,paper-scaling-pilot,supported-holes,compact-mrd,dominance::biclique::experiment::construct + compressed flow construction/execution/cover recovery + indexed completion,424242,40,1,supported-holes:424242:40:0,0,True,False,2,60.0,success,success,0,valid,,,41224667,40901042,85,7,555,1,164,160,78,0,78,,0,0,80,78,43,0,0,0,0,0,,,0,10459,181583,11625,5916,,14292,6500,11375,750,166,55166,10250,13043,323625,,,,,,,,,,,,,,,
1,paper-scaling-pilot,supported-holes,exact-cover-oracle,exact-cover-oracle::solve (bitset branch-and-bound; predeclared cell limit),424242,40,1,supported-holes:424242:40:0,0,True,False,3,60.0,unsupported,unsupported,0,unsupported,foreground cell count 555 exceeds oracle limit 40,,40968459,,85,7,555,1,164,160,,,,,,,,,,,,,,,,,0,8000,,,,,,,,,,,,,,,,,,,,,,,,,,,,
1,paper-scaling-pilot,supported-holes,explicit-hopcroft-karp,sg-oracle::grid::build_conflict_graph + Hopcroft-Karp + Konig cover + indexed completion,424242,40,1,supported-holes:424242:40:0,0,False,True,0,60.0,success,success,0,valid,,,41657541,41379416,85,7,555,1,164,160,78,0,78,0,0,0,,,43,,,,0,0,,,0,11583,178083,11958,,2625,,,2792,1083,167,50042,8916,11958,278125,,,,,164,160,,,78,0,0,0,80,78,
1,paper-scaling-pilot,supported-holes,explicit-c0-flow,DominanceEmbedding::explicit_graph + C0 edge bicliques + explicit flow construction/execution/cover recovery + indexed completion,424242,40,1,supported-holes:424242:40:0,0,False,True,1,60.0,success,success,0,valid,,,40989041,40698500,85,7,555,1,164,160,78,0,78,0,0,0,80,78,43,0,0,0,0,0,80,78,0,8791,172875,12166,4375,1708,5333,3500,10959,417,83,49625,8958,11333,290541,,,,,164,160,,,78,0,0,0,80,78,
1,paper-scaling-pilot,supported-holes,compact-mrd,dominance::biclique::experiment::construct + compressed flow construction/execution/cover recovery + indexed completion,424242,40,1,supported-holes:424242:40:0,0,False,True,2,60.0,success,success,0,valid,,,41536166,41241416,85,7,555,1,164,160,78,0,78,,0,0,80,78,43,0,0,0,0,0,,,0,8042,171208,12000,4458,,12208,3375,10458,583,125,51167,7917,11583,294750,,,,,164,160,,,78,0,0,0,80,78,
1,paper-scaling-pilot,supported-holes,exact-cover-oracle,exact-cover-oracle::solve (bitset branch-and-bound; predeclared cell limit),424242,40,1,supported-holes:424242:40:0,0,False,True,3,60.0,unsupported,unsupported,0,unsupported,foreground cell count 555 exceeds oracle limit 40,,40505458,,85,7,555,1,164,160,,,,,,,,,,,,,,,,,0,8875,,,,,,,,,,,,,,,,,,164,160,,,78,0,0,0,80,78,
1,paper-scaling-pilot,supported-holes,explicit-hopcroft-karp,sg-oracle::grid::build_conflict_graph + Hopcroft-Karp + Konig cover + indexed completion,424242,40,1,supported-holes:424242:40:1,1,False,True,0,60.0,success,success,0,valid,,,40636000,40369958,85,7,555,1,164,160,78,0,78,0,0,0,,,43,,,,0,0,,,0,7583,169333,11500,,2542,,,2709,1291,209,49083,8584,11833,266042,,,,,164,160,,,78,0,0,0,80,78,
1,paper-scaling-pilot,supported-holes,explicit-c0-flow,DominanceEmbedding::explicit_graph + C0 edge bicliques + explicit flow construction/execution/cover recovery + indexed completion,424242,40,1,supported-holes:424242:40:1,1,False,True,1,60.0,success,success,0,valid,,,41465500,41171250,85,7,555,1,164,160,78,0,78,0,0,0,80,78,43,0,0,0,0,0,80,78,0,8583,173959,12166,4708,1791,5583,3917,11417,416,167,49666,9334,11374,294250,,,,,164,160,,,78,0,0,0,80,78,
1,paper-scaling-pilot,supported-holes,compact-mrd,dominance::biclique::experiment::construct + compressed flow construction/execution/cover recovery + indexed completion,424242,40,1,supported-holes:424242:40:1,1,False,True,2,60.0,success,success,0,valid,,,41277625,40978709,85,7,555,1,164,160,78,0,78,,0,0,80,78,43,0,0,0,0,0,,,0,7666,175041,11917,5667,,11958,3375,10916,542,125,49667,8833,11584,298916,,,,,164,160,,,78,0,0,0,80,78,
1,paper-scaling-pilot,supported-holes,exact-cover-oracle,exact-cover-oracle::solve (bitset branch-and-bound; predeclared cell limit),424242,40,1,supported-holes:424242:40:1,1,False,True,3,60.0,unsupported,unsupported,0,unsupported,foreground cell count 555 exceeds oracle limit 40,,40519500,,85,7,555,1,164,160,,,,,,,,,,,,,,,,,0,9500,,,,,,,,,,,,,,,,,,164,160,,,78,0,0,0,80,78,
1,paper-scaling-pilot,supported-holes,explicit-hopcroft-karp,sg-oracle::grid::build_conflict_graph + Hopcroft-Karp + Konig cover + indexed completion,424242,40,1,supported-holes:424242:40:2,2,False,True,0,60.0,success,success,0,valid,,,40220459,39948334,85,7,555,1,164,160,78,0,78,0,0,0,,,43,,,,0,0,,,0,6792,170792,12292,,2459,,,2791,1750,42,51167,8291,12209,272125,,,,,164,160,,,78,0,0,0,80,78,
1,paper-scaling-pilot,supported-holes,explicit-c0-flow,DominanceEmbedding::explicit_graph + C0 edge bicliques + explicit flow construction/execution/cover recovery + indexed completion,424242,40,1,supported-holes:424242:40:2,2,False,True,1,60.0,success,success,0,valid,,,41145209,40851125,85,7,555,1,164,160,78,0,78,0,0,0,80,78,43,0,0,0,0,0,80,78,0,10041,172000,11959,5584,1917,5042,3458,11458,375,166,51209,9666,11584,294084,,,,,164,160,,,78,0,0,0,80,78,
1,paper-scaling-pilot,supported-holes,compact-mrd,dominance::biclique::experiment::construct + compressed flow construction/execution/cover recovery + indexed completion,424242,40,1,supported-holes:424242:40:2,2,False,True,2,60.0,success,success,0,valid,,,40659333,40364000,85,7,555,1,164,160,78,0,78,,0,0,80,78,43,0,0,0,0,0,,,0,6875,172917,11459,4791,,11958,4458,9542,375,42,50333,8667,11000,295333,,,,,164,160,,,78,0,0,0,80,78,
1,paper-scaling-pilot,supported-holes,exact-cover-oracle,exact-cover-oracle::solve (bitset branch-and-bound; predeclared cell limit),424242,40,1,supported-holes:424242:40:2,2,False,True,3,60.0,unsupported,unsupported,0,unsupported,foreground cell count 555 exceeds oracle limit 40,,40823916,,85,7,555,1,164,160,,,,,,,,,,,,,,,,,0,8875,,,,,,,,,,,,,,,,,,164,160,,,78,0,0,0,80,78,
1,paper-scaling-pilot,supported-holes,explicit-hopcroft-karp,sg-oracle::grid::build_conflict_graph + Hopcroft-Karp + Konig cover + indexed completion,424242,40,1,supported-holes:424242:40:3,3,False,True,0,60.0,success,success,0,valid,,,40472166,40196291,85,7,555,1,164,160,78,0,78,0,0,0,,,43,,,,0,0,,,0,6875,174625,12042,,2750,,,2708,1125,125,49875,10417,12417,275875,,,,,164,160,,,78,0,0,0,80,78,
1,paper-scaling-pilot,supported-holes,explicit-c0-flow,DominanceEmbedding::explicit_graph + C0 edge bicliques + explicit flow construction/execution/cover recovery + indexed completion,424242,40,1,supported-holes:424242:40:3,3,False,True,1,60.0,success,success,0,valid,,,40985750,40679709,85,7,555,1,164,160,78,0,78,0,0,0,80,78,43,0,0,0,0,0,80,78,0,9083,180625,13541,4792,2000,5708,4292,10208,583,209,53500,8500,11666,306041,,,,,164,160,,,78,0,0,0,80,78,
1,paper-scaling-pilot,supported-holes,compact-mrd,dominance::biclique::experiment::construct + compressed flow construction/execution/cover recovery + indexed completion,424242,40,1,supported-holes:424242:40:3,3,False,True,2,60.0,success,success,0,valid,,,42544875,42243458,85,7,555,1,164,160,78,0,78,,0,0,80,78,43,0,0,0,0,0,,,0,8375,173375,12416,4458,,13917,5208,10083,417,125,52042,8041,11251,301417,,,,,164,160,,,78,0,0,0,80,78,
1,paper-scaling-pilot,supported-holes,exact-cover-oracle,exact-cover-oracle::solve (bitset branch-and-bound; predeclared cell limit),424242,40,1,supported-holes:424242:40:3,3,False,True,3,60.0,unsupported,unsupported,0,unsupported,foreground cell count 555 exceeds oracle limit 40,,40863166,,85,7,555,1,164,160,,,,,,,,,,,,,,,,,0,7708,,,,,,,,,,,,,,,,,,164,160,,,78,0,0,0,80,78,
1,paper-scaling-pilot,supported-holes,explicit-hopcroft-karp,sg-oracle::grid::build_conflict_graph + Hopcroft-Karp + Konig cover + indexed completion,424242,40,1,supported-holes:424242:40:4,4,False,True,0,60.0,success,success,0,valid,,,40955084,40673167,85,7,555,1,164,160,78,0,78,0,0,0,,,43,,,,0,0,,,0,7334,181666,12000,,2625,,,2958,1125,167,49750,8250,13916,281917,,,,,164,160,,,78,0,0,0,80,78,
1,paper-scaling-pilot,supported-holes,explicit-c0-flow,DominanceEmbedding::explicit_graph + C0 edge bicliques + explicit flow construction/execution/cover recovery + indexed completion,424242,40,1,supported-holes:424242:40:4,4,False,True,1,60.0,success,success,0,valid,,,41982417,41691042,85,7,555,1,164,160,78,0,78,0,0,0,80,78,43,0,0,0,0,0,80,78,0,9750,171500,14208,5042,1792,5250,3459,10541,417,83,49042,9166,11542,291375,,,,,164,160,,,78,0,0,0,80,78,
1,paper-scaling-pilot,supported-holes,compact-mrd,dominance::biclique::experiment::construct + compressed flow construction/execution/cover recovery + indexed completion,424242,40,1,supported-holes:424242:40:4,4,False,True,2,60.0,success,success,0,valid,,,40803167,40504834,85,7,555,1,164,160,78,0,78,,0,0,80,78,43,0,0,0,0,0,,,0,8375,172084,11625,4459,,13125,4833,10000,416,209,52208,8542,11250,298333,,,,,164,160,,,78,0,0,0,80,78,
1,paper-scaling-pilot,supported-holes,exact-cover-oracle,exact-cover-oracle::solve (bitset branch-and-bound; predeclared cell limit),424242,40,1,supported-holes:424242:40:4,4,False,True,3,60.0,unsupported,unsupported,0,unsupported,foreground cell count 555 exceeds oracle limit 40,,41040708,,85,7,555,1,164,160,,,,,,,,,,,,,,,,,0,7125,,,,,,,,,,,,,,,,,,164,160,,,78,0,0,0,80,78,
1,paper-scaling-pilot,supported-holes,explicit-hopcroft-karp,sg-oracle::grid::build_conflict_graph + Hopcroft-Karp + Konig cover + indexed completion,424242,60,1,supported-holes:424242:60:0,0,True,False,0,60.0,success,success,0,valid,,,41467708,41078000,125,7,815,1,244,240,118,0,118,0,0,0,,,63,,,,0,0,,,0,7791,264292,14416,,2583,,,2833,1250,167,67292,9833,14667,389708,,,,,,,,,,,,,,,
1,paper-scaling-pilot,supported-holes,explicit-c0-flow,DominanceEmbedding::explicit_graph + C0 edge bicliques + explicit flow construction/execution/cover recovery + indexed completion,424242,60,1,supported-holes:424242:60:0,0,True,False,1,60.0,success,success,0,valid,,,41070875,40666250,125,7,815,1,244,240,118,0,118,0,0,0,120,118,63,0,0,0,0,0,120,118,0,8250,257250,13583,4458,1667,4958,4333,12375,375,125,68000,9875,14541,404625,,,,,,,,,,,,,,,
1,paper-scaling-pilot,supported-holes,compact-mrd,dominance::biclique::experiment::construct + compressed flow construction/execution/cover recovery + indexed completion,424242,60,1,supported-holes:424242:60:0,0,True,False,2,60.0,success,success,0,valid,,,41070125,40659166,125,7,815,1,244,240,118,0,118,,0,0,120,118,63,0,0,0,0,0,,,0,8208,255834,12917,4750,,15166,3917,12667,375,167,68541,10500,14042,410959,,,,,,,,,,,,,,,
1,paper-scaling-pilot,supported-holes,exact-cover-oracle,exact-cover-oracle::solve (bitset branch-and-bound; predeclared cell limit),424242,60,1,supported-holes:424242:60:0,0,True,False,3,60.0,unsupported,unsupported,0,unsupported,foreground cell count 815 exceeds oracle limit 40,,40552750,,125,7,815,1,244,240,,,,,,,,,,,,,,,,,0,7375,,,,,,,,,,,,,,,,,,,,,,,,,,,,
1,paper-scaling-pilot,supported-holes,explicit-hopcroft-karp,sg-oracle::grid::build_conflict_graph + Hopcroft-Karp + Konig cover + indexed completion,424242,60,1,supported-holes:424242:60:0,0,False,True,0,60.0,success,success,0,valid,,,40895625,40506458,125,7,815,1,244,240,118,0,118,0,0,0,,,63,,,,0,0,,,0,7416,258750,14583,,2958,,,3083,1625,250,68542,11792,14250,389167,,,,,244,240,,,118,0,0,0,120,118,
1,paper-scaling-pilot,supported-holes,explicit-c0-flow,DominanceEmbedding::explicit_graph + C0 edge bicliques + explicit flow construction/execution/cover recovery + indexed completion,424242,60,1,supported-holes:424242:60:0,0,False,True,1,60.0,success,success,0,valid,,,40854834,40440293,125,7,815,1,244,240,118,0,118,0,0,0,120,118,63,0,0,0,0,0,120,118,0,6833,266208,14500,4875,1792,5292,4042,13042,458,167,66958,9417,14375,414541,,,,,244,240,,,118,0,0,0,120,118,
1,paper-scaling-pilot,supported-holes,compact-mrd,dominance::biclique::experiment::construct + compressed flow construction/execution/cover recovery + indexed completion,424242,60,1,supported-holes:424242:60:0,0,False,True,2,60.0,success,success,0,valid,,,41512542,41101167,125,7,815,1,244,240,118,0,118,,0,0,120,118,63,0,0,0,0,0,,,0,7292,255167,14500,5459,,14417,4917,13167,375,209,68000,9541,14084,411375,,,,,244,240,,,118,0,0,0,120,118,
1,paper-scaling-pilot,supported-holes,exact-cover-oracle,exact-cover-oracle::solve (bitset branch-and-bound; predeclared cell limit),424242,60,1,supported-holes:424242:60:0,0,False,True,3,60.0,unsupported,unsupported,0,unsupported,foreground cell count 815 exceeds oracle limit 40,,40537917,,125,7,815,1,244,240,,,,,,,,,,,,,,,,,0,8625,,,,,,,,,,,,,,,,,,244,240,,,118,0,0,0,120,118,
1,paper-scaling-pilot,supported-holes,explicit-hopcroft-karp,sg-oracle::grid::build_conflict_graph + Hopcroft-Karp + Konig cover + indexed completion,424242,60,1,supported-holes:424242:60:1,1,False,True,0,60.0,success,success,0,valid,,,40895125,40512042,125,7,815,1,244,240,118,0,118,0,0,0,,,63,,,,0,0,,,0,9250,256625,15000,,2625,,,2958,1292,167,67417,10666,13876,383083,,,,,244,240,,,118,0,0,0,120,118,
1,paper-scaling-pilot,supported-holes,explicit-c0-flow,DominanceEmbedding::explicit_graph + C0 edge bicliques + explicit flow construction/execution/cover recovery + indexed completion,424242,60,1,supported-holes:424242:60:1,1,False,True,1,60.0,success,success,0,valid,,,41535292,41119958,125,7,815,1,244,240,118,0,118,0,0,0,120,118,63,0,0,0,0,0,120,118,0,6958,261958,15000,4750,1958,4959,6958,13583,542,83,68500,8667,15042,415334,,,,,244,240,,,118,0,0,0,120,118,
1,paper-scaling-pilot,supported-holes,compact-mrd,dominance::biclique::experiment::construct + compressed flow construction/execution/cover recovery + indexed completion,424242,60,1,supported-holes:424242:60:1,1,False,True,2,60.0,success,success,0,valid,,,41340000,40928708,125,7,815,1,244,240,118,0,118,,0,0,120,118,63,0,0,0,0,0,,,0,7208,254125,14208,5541,,15708,4791,12333,833,208,67458,9625,14459,411292,,,,,244,240,,,118,0,0,0,120,118,
1,paper-scaling-pilot,supported-holes,exact-cover-oracle,exact-cover-oracle::solve (bitset branch-and-bound; predeclared cell limit),424242,60,1,supported-holes:424242:60:1,1,False,True,3,60.0,unsupported,unsupported,0,unsupported,foreground cell count 815 exceeds oracle limit 40,,40904541,,125,7,815,1,244,240,,,,,,,,,,,,,,,,,0,9333,,,,,,,,,,,,,,,,,,244,240,,,118,0,0,0,120,118,
1,paper-scaling-pilot,supported-holes,explicit-hopcroft-karp,sg-oracle::grid::build_conflict_graph + Hopcroft-Karp + Konig cover + indexed completion,424242,60,1,supported-holes:424242:60:2,2,False,True,0,60.0,success,success,0,valid,,,41393459,41012834,125,7,815,1,244,240,118,0,118,0,0,0,,,63,,,,0,0,,,0,8542,256875,13417,,2625,,,2916,1167,166,67000,9750,15042,380625,,,,,244,240,,,118,0,0,0,120,118,
1,paper-scaling-pilot,supported-holes,explicit-c0-flow,DominanceEmbedding::explicit_graph + C0 edge bicliques + explicit flow construction/execution/cover recovery + indexed completion,424242,60,1,supported-holes:424242:60:2,2,False,True,1,60.0,success,success,0,valid,,,41505625,41104666,125,7,815,1,244,240,118,0,118,0,0,0,120,118,63,0,0,0,0,0,120,118,0,8917,253250,13625,5125,1875,5709,3875,12084,541,42,67458,10208,13875,400959,,,,,244,240,,,118,0,0,0,120,118,
1,paper-scaling-pilot,supported-holes,compact-mrd,dominance::biclique::experiment::construct + compressed flow construction/execution/cover recovery + indexed completion,424242,60,1,supported-holes:424242:60:2,2,False,True,2,60.0,success,success,0,valid,,,40690500,40280375,125,7,815,1,244,240,118,0,118,,0,0,120,118,63,0,0,0,0,0,,,0,7417,256666,13875,4333,,14208,4875,12000,625,167,67458,8834,14666,410125,,,,,244,240,,,118,0,0,0,120,118,
1,paper-scaling-pilot,supported-holes,exact-cover-oracle,exact-cover-oracle::solve (bitset branch-and-bound; predeclared cell limit),424242,60,1,supported-holes:424242:60:2,2,False,True,3,60.0,unsupported,unsupported,0,unsupported,foreground cell count 815 exceeds oracle limit 40,,40997000,,125,7,815,1,244,240,,,,,,,,,,,,,,,,,0,7375,,,,,,,,,,,,,,,,,,244,240,,,118,0,0,0,120,118,
1,paper-scaling-pilot,supported-holes,explicit-hopcroft-karp,sg-oracle::grid::build_conflict_graph + Hopcroft-Karp + Konig cover + indexed completion,424242,60,1,supported-holes:424242:60:3,3,False,True,0,60.0,success,success,0,valid,,,41109959,40712500,125,7,815,1,244,240,118,0,118,0,0,0,,,63,,,,0,0,,,0,8250,271625,14291,,2542,,,3000,1959,208,67041,8834,15958,397459,,,,,244,240,,,118,0,0,0,120,118,
1,paper-scaling-pilot,supported-holes,explicit-c0-flow,DominanceEmbedding::explicit_graph + C0 edge bicliques + explicit flow construction/execution/cover recovery + indexed completion,424242,60,1,supported-holes:424242:60:3,3,False,True,1,60.0,success,success,0,valid,,,40911375,40492916,125,7,815,1,244,240,118,0,118,0,0,0,120,118,63,0,0,0,0,0,120,118,0,8917,268167,14416,5500,2125,5417,4083,13834,375,209,68833,9917,13333,418459,,,,,244,240,,,118,0,0,0,120,118,
1,paper-scaling-pilot,supported-holes,compact-mrd,dominance::biclique::experiment::construct + compressed flow construction/execution/cover recovery + indexed completion,424242,60,1,supported-holes:424242:60:3,3,False,True,2,60.0,success,success,0,valid,,,41397500,40872459,125,7,815,1,244,240,118,0,118,,0,0,120,118,63,0,0,0,0,0,,,0,9459,280250,16167,7250,,15875,24750,53417,625,334,80291,8959,14000,525041,,,,,244,240,,,118,0,0,0,120,118,
1,paper-scaling-pilot,supported-holes,exact-cover-oracle,exact-cover-oracle::solve (bitset branch-and-bound; predeclared cell limit),424242,60,1,supported-holes:424242:60:3,3,False,True,3,60.0,unsupported,unsupported,0,unsupported,foreground cell count 815 exceeds oracle limit 40,,40593709,,125,7,815,1,244,240,,,,,,,,,,,,,,,,,0,8625,,,,,,,,,,,,,,,,,,244,240,,,118,0,0,0,120,118,
1,paper-scaling-pilot,supported-holes,explicit-hopcroft-karp,sg-oracle::grid::build_conflict_graph + Hopcroft-Karp + Konig cover + indexed completion,424242,60,1,supported-holes:424242:60:4,4,False,True,0,60.0,success,success,0,valid,,,41156166,40769832,125,7,815,1,244,240,118,0,118,0,0,0,,,63,,,,0,0,,,0,10375,260000,13666,,2583,,,3542,1250,167,67458,10625,14667,386334,,,,,244,240,,,118,0,0,0,120,118,
1,paper-scaling-pilot,supported-holes,explicit-c0-flow,DominanceEmbedding::explicit_graph + C0 edge bicliques + explicit flow construction/execution/cover recovery + indexed completion,424242,60,1,supported-holes:424242:60:4,4,False,True,1,60.0,success,success,0,valid,,,41064958,40661416,125,7,815,1,244,240,118,0,118,0,0,0,120,118,63,0,0,0,0,0,120,118,0,6958,256250,14875,5250,1917,4833,4375,12792,375,84,67250,9875,13125,403542,,,,,244,240,,,118,0,0,0,120,118,
1,paper-scaling-pilot,supported-holes,compact-mrd,dominance::biclique::experiment::construct + compressed flow construction/execution/cover recovery + indexed completion,424242,60,1,supported-holes:424242:60:4,4,False,True,2,60.0,success,success,0,valid,,,40563750,40149583,125,7,815,1,244,240,118,0,118,,0,0,120,118,63,0,0,0,0,0,,,0,8709,258834,14208,4666,,14667,4875,12667,500,208,68083,8583,13917,414167,,,,,244,240,,,118,0,0,0,120,118,
1,paper-scaling-pilot,supported-holes,exact-cover-oracle,exact-cover-oracle::solve (bitset branch-and-bound; predeclared cell limit),424242,60,1,supported-holes:424242:60:4,4,False,True,3,60.0,unsupported,unsupported,0,unsupported,foreground cell count 815 exceeds oracle limit 40,,42115458,,125,7,815,1,244,240,,,,,,,,,,,,,,,,,0,8917,,,,,,,,,,,,,,,,,,244,240,,,118,0,0,0,120,118,
1,paper-scaling-pilot,polyomino,exact-cover-oracle,exact-cover-oracle::solve (bitset branch-and-bound; predeclared cell limit),424242,8,1,polyomino:424242:8:0,0,True,False,0,60.0,unsupported,unsupported,0,unsupported,foreground cell count 241 exceeds oracle limit 40,,41082292,,21,21,241,1,44,20,,,,,,,,,,,,,,,,,0,15000,,,,,,,,,,,,,,,,,,,,,,,,,,,,
1,paper-scaling-pilot,polyomino,explicit-hopcroft-karp,sg-oracle::grid::build_conflict_graph + Hopcroft-Karp + Konig cover + indexed completion,424242,8,1,polyomino:424242:8:0,0,True,False,1,60.0,success,success,0,valid,,,41251709,40997501,21,21,241,1,44,20,0,0,0,0,0,0,,,21,,,,0,0,,,0,11625,173833,5917,,2333,,,250,250,125,44459,7583,12000,254208,,,,,,,,,,,,,,,
1,paper-scaling-pilot,polyomino,explicit-c0-flow,DominanceEmbedding::explicit_graph + C0 edge bicliques + explicit flow construction/execution/cover recovery + indexed completion,424242,8,1,polyomino:424242:8:0,0,True,False,2,60.0,success,success,0,valid,,,40900292,40643042,21,21,241,1,44,20,0,0,0,0,0,0,2,,21,0,0,0,0,0,2,0,0,15708,167916,5583,2667,1708,5541,875,3708,416,167,43167,8291,11084,257250,,,,,,,,,,,,,,,
1,paper-scaling-pilot,polyomino,compact-mrd,dominance::biclique::experiment::construct + compressed flow construction/execution/cover recovery + indexed completion,424242,8,1,polyomino:424242:8:0,0,True,False,3,60.0,success,success,0,valid,,,40864416,40603166,21,21,241,1,44,20,0,0,0,,0,0,2,,21,0,0,0,0,0,,,0,11125,172791,5625,2500,,4167,1625,3583,625,250,44125,7209,11708,261250,,,,,,,,,,,,,,,
1,paper-scaling-pilot,polyomino,exact-cover-oracle,exact-cover-oracle::solve (bitset branch-and-bound; predeclared cell limit),424242,8,1,polyomino:424242:8:0,0,False,True,0,60.0,unsupported,unsupported,0,unsupported,foreground cell count 241 exceeds oracle limit 40,,40922458,,21,21,241,1,44,20,,,,,,,,,,,,,,,,,0,13166,,,,,,,,,,,,,,,,,,44,20,,,0,0,0,0,2,,
1,paper-scaling-pilot,polyomino,explicit-hopcroft-karp,sg-oracle::grid::build_conflict_graph + Hopcroft-Karp + Konig cover + indexed completion,424242,8,1,polyomino:424242:8:0,0,False,True,1,60.0,success,success,0,valid,,,40204958,39953666,21,21,241,1,44,20,0,0,0,0,0,0,,,21,,,,0,0,,,0,11084,173333,5542,,2500,,,334,416,125,43167,8417,11500,251292,,,,,44,20,,,0,0,0,0,2,,
1,paper-scaling-pilot,polyomino,explicit-c0-flow,DominanceEmbedding::explicit_graph + C0 edge bicliques + explicit flow construction/execution/cover recovery + indexed completion,424242,8,1,polyomino:424242:8:0,0,False,True,2,60.0,success,success,0,valid,,,40749792,40481042,21,21,241,1,44,20,0,0,0,0,0,0,2,,21,0,0,0,0,0,2,0,0,13667,176959,5792,2500,1667,5500,875,3792,334,167,45292,7500,11124,268750,,,,,44,20,,,0,0,0,0,2,,
1,paper-scaling-pilot,polyomino,compact-mrd,dominance::biclique::experiment::construct + compressed flow construction/execution/cover recovery + indexed completion,424242,8,1,polyomino:424242:8:0,0,False,True,3,60.0,success,success,0,valid,,,40841375,40572125,21,21,241,1,44,20,0,0,0,,0,0,2,,21,0,0,0,0,0,,,0,11833,179125,6125,2708,,4500,1667,3791,375,83,45167,7500,10792,269250,,,,,44,20,,,0,0,0,0,2,,
1,paper-scaling-pilot,polyomino,exact-cover-oracle,exact-cover-oracle::solve (bitset branch-and-bound; predeclared cell limit),424242,8,1,polyomino:424242:8:1,1,False,True,0,60.0,unsupported,unsupported,0,unsupported,foreground cell count 241 exceeds oracle limit 40,,40186375,,21,21,241,1,44,20,,,,,,,,,,,,,,,,,0,13375,,,,,,,,,,,,,,,,,,44,20,,,0,0,0,0,2,,
1,paper-scaling-pilot,polyomino,explicit-hopcroft-karp,sg-oracle::grid::build_conflict_graph + Hopcroft-Karp + Konig cover + indexed completion,424242,8,1,polyomino:424242:8:1,1,False,True,1,60.0,success,success,0,valid,,,40490292,40230084,21,21,241,1,44,20,0,0,0,0,0,0,,,21,,,,0,0,,,0,12583,181000,6292,,2500,,,250,542,167,43500,7708,11292,260208,,,,,44,20,,,0,0,0,0,2,,
1,paper-scaling-pilot,polyomino,explicit-c0-flow,DominanceEmbedding::explicit_graph + C0 edge bicliques + explicit flow construction/execution/cover recovery + indexed completion,424242,8,1,polyomino:424242:8:1,1,False,True,2,60.0,success,success,0,valid,,,40860750,40594375,21,21,241,1,44,20,0,0,0,0,0,0,2,,21,0,0,0,0,0,2,0,0,11792,173833,5875,2708,1708,4958,875,5000,375,208,43666,8042,11500,266375,,,,,44,20,,,0,0,0,0,2,,
1,paper-scaling-pilot,polyomino,compact-mrd,dominance::biclique::experiment::construct + compressed flow construction/execution/cover recovery + indexed completion,424242,8,1,polyomino:424242:8:1,1,False,True,3,60.0,success,success,0,valid,,,40449000,40182000,21,21,241,1,44,20,0,0,0,,0,0,2,,21,0,0,0,0,0,,,0,13292,173834,6000,2833,,5541,1958,3875,542,166,43708,9458,12083,267000,,,,,44,20,,,0,0,0,0,2,,
1,paper-scaling-pilot,polyomino,exact-cover-oracle,exact-cover-oracle::solve (bitset branch-and-bound; predeclared cell limit),424242,8,1,polyomino:424242:8:2,2,False,True,0,60.0,unsupported,unsupported,0,unsupported,foreground cell count 241 exceeds oracle limit 40,,40950666,,21,21,241,1,44,20,,,,,,,,,,,,,,,,,0,13167,,,,,,,,,,,,,,,,,,44,20,,,0,0,0,0,2,,
1,paper-scaling-pilot,polyomino,explicit-hopcroft-karp,sg-oracle::grid::build_conflict_graph + Hopcroft-Karp + Konig cover + indexed completion,424242,8,1,polyomino:424242:8:2,2,False,True,1,60.0,success,success,0,valid,,,41516083,41262208,21,21,241,1,44,20,0,0,0,0,0,0,,,21,,,,0,0,,,0,12416,175167,5917,,2375,,,250,292,125,43833,7375,11750,253875,,,,,44,20,,,0,0,0,0,2,,
1,paper-scaling-pilot,polyomino,explicit-c0-flow,DominanceEmbedding::explicit_graph + C0 edge bicliques + explicit flow construction/execution/cover recovery + indexed completion,424242,8,1,polyomino:424242:8:2,2,False,True,2,60.0,success,success,0,valid,,,41220125,40950750,21,21,241,1,44,20,0,0,0,0,0,0,2,,21,0,0,0,0,0,2,0,0,12041,177083,5625,2625,1542,4792,959,3792,166,125,45709,8541,11125,269375,,,,,44,20,,,0,0,0,0,2,,
1,paper-scaling-pilot,polyomino,compact-mrd,dominance::biclique::experiment::construct + compressed flow construction/execution/cover recovery + indexed completion,424242,8,1,polyomino:424242:8:2,2,False,True,3,60.0,success,success,0,valid,,,41754167,41484959,21,21,241,1,44,20,0,0,0,,0,0,2,,21,0,0,0,0,0,,,0,14208,178167,6083,2833,,5167,1708,3750,209,84,44458,7500,11333,269208,,,,,44,20,,,0,0,0,0,2,,
1,paper-scaling-pilot,polyomino,exact-cover-oracle,exact-cover-oracle::solve (bitset branch-and-bound; predeclared cell limit),424242,8,1,polyomino:424242:8:3,3,False,True,0,60.0,unsupported,unsupported,0,unsupported,foreground cell count 241 exceeds oracle limit 40,,41045625,,21,21,241,1,44,20,,,,,,,,,,,,,,,,,0,11667,,,,,,,,,,,,,,,,,,44,20,,,0,0,0,0,2,,
1,paper-scaling-pilot,polyomino,explicit-hopcroft-karp,sg-oracle::grid::build_conflict_graph + Hopcroft-Karp + Konig cover + indexed completion,424242,8,1,polyomino:424242:8:3,3,False,True,1,60.0,success,success,0,valid,,,41837000,41584750,21,21,241,1,44,20,0,0,0,0,0,0,,,21,,,,0,0,,,0,11292,174750,6041,,2500,,,250,292,125,42833,7458,11625,252250,,,,,44,20,,,0,0,0,0,2,,
1,paper-scaling-pilot,polyomino,explicit-c0-flow,DominanceEmbedding::explicit_graph + C0 edge bicliques + explicit flow construction/execution/cover recovery + indexed completion,424242,8,1,polyomino:424242:8:3,3,False,True,2,60.0,success,success,0,valid,,,41558042,41289959,21,21,241,1,44,20,0,0,0,0,0,0,2,,21,0,0,0,0,0,2,0,0,11542,177875,5625,2667,1708,4958,1042,3583,167,166,44709,7041,11209,268083,,,,,44,20,,,0,0,0,0,2,,
1,paper-scaling-pilot,polyomino,compact-mrd,dominance::biclique::experiment::construct + compressed flow construction/execution/cover recovery + indexed completion,424242,8,1,polyomino:424242:8:3,3,False,True,3,60.0,success,success,0,valid,,,40502375,40241292,21,21,241,1,44,20,0,0,0,,0,0,2,,21,0,0,0,0,0,,,0,11584,170833,6166,2583,,4542,1583,3709,417,125,43708,8833,11959,261083,,,,,44,20,,,0,0,0,0,2,,
1,paper-scaling-pilot,polyomino,exact-cover-oracle,exact-cover-oracle::solve (bitset branch-and-bound; predeclared cell limit),424242,8,1,polyomino:424242:8:4,4,False,True,0,60.0,unsupported,unsupported,0,unsupported,foreground cell count 241 exceeds oracle limit 40,,41548959,,21,21,241,1,44,20,,,,,,,,,,,,,,,,,0,14084,,,,,,,,,,,,,,,,,,44,20,,,0,0,0,0,2,,
1,paper-scaling-pilot,polyomino,explicit-hopcroft-karp,sg-oracle::grid::build_conflict_graph + Hopcroft-Karp + Konig cover + indexed completion,424242,8,1,polyomino:424242:8:4,4,False,True,1,60.0,success,success,0,valid,,,41133417,40879208,21,21,241,1,44,20,0,0,0,0,0,0,,,21,,,,0,0,,,0,14416,172875,5917,,2625,,,292,875,250,43333,8292,12499,254209,,,,,44,20,,,0,0,0,0,2,,
1,paper-scaling-pilot,polyomino,explicit-c0-flow,DominanceEmbedding::explicit_graph + C0 edge bicliques + explicit flow construction/execution/cover recovery + indexed completion,424242,8,1,polyomino:424242:8:4,4,False,True,2,60.0,success,success,0,valid,,,40461750,40185208,21,21,241,1,44,20,0,0,0,0,0,0,2,,21,0,0,0,0,0,2,0,0,12500,175542,6333,2833,2000,6875,1250,5458,417,750,46750,8416,12126,276542,,,,,44,20,,,0,0,0,0,2,,
1,paper-scaling-pilot,polyomino,compact-mrd,dominance::biclique::experiment::construct + compressed flow construction/execution/cover recovery + indexed completion,424242,8,1,polyomino:424242:8:4,4,False,True,3,60.0,success,success,0,valid,,,40814083,40551874,21,21,241,1,44,20,0,0,0,,0,0,2,,21,0,0,0,0,0,,,0,12667,172958,5500,2541,,4167,1625,3666,667,125,45875,7416,11709,262209,,,,,44,20,,,0,0,0,0,2,,
1,paper-scaling-pilot,polyomino,exact-cover-oracle,exact-cover-oracle::solve (bitset branch-and-bound; predeclared cell limit),424242,12,1,polyomino:424242:12:0,0,True,False,0,60.0,unsupported,unsupported,0,unsupported,foreground cell count 449 exceeds oracle limit 40,,40193667,,29,29,449,1,60,28,,,,,,,,,,,,,,,,,0,13125,,,,,,,,,,,,,,,,,,,,,,,,,,,,
1,paper-scaling-pilot,polyomino,explicit-hopcroft-karp,sg-oracle::grid::build_conflict_graph + Hopcroft-Karp + Konig cover + indexed completion,424242,12,1,polyomino:424242:12:0,0,True,False,1,60.0,success,success,0,valid,,,42213667,41778959,29,29,449,1,60,28,0,0,0,0,0,0,,,29,,,,0,0,,,0,17000,318750,6916,,2375,,,292,500,0,70417,11125,15459,434708,,,,,,,,,,,,,,,
1,paper-scaling-pilot,polyomino,explicit-c0-flow,DominanceEmbedding::explicit_graph + C0 edge bicliques + explicit flow construction/execution/cover recovery + indexed completion,424242,12,1,polyomino:424242:12:0,0,True,False,2,60.0,success,success,0,valid,,,42468125,42028375,29,29,449,1,60,28,0,0,0,0,0,0,2,,29,0,0,0,0,0,2,0,0,11625,312250,6125,2583,1625,4709,1084,4500,334,250,71958,11125,15209,439750,,,,,,,,,,,,,,,
1,paper-scaling-pilot,polyomino,compact-mrd,dominance::biclique::experiment::construct + compressed flow construction/execution/cover recovery + indexed completion,424242,12,1,polyomino:424242:12:0,0,True,False,3,60.0,success,success,0,valid,,,41859000,41424792,29,29,449,1,60,28,0,0,0,,0,0,2,,29,0,0,0,0,0,,,0,12625,310916,6250,2666,,4500,1750,3625,417,125,70916,9417,15249,434208,,,,,,,,,,,,,,,
1,paper-scaling-pilot,polyomino,exact-cover-oracle,exact-cover-oracle::solve (bitset branch-and-bound; predeclared cell limit),424242,12,1,polyomino:424242:12:0,0,False,True,0,60.0,unsupported,unsupported,0,unsupported,foreground cell count 449 exceeds oracle limit 40,,41030833,,29,29,449,1,60,28,,,,,,,,,,,,,,,,,0,12750,,,,,,,,,,,,,,,,,,60,28,,,0,0,0,0,2,,
1,paper-scaling-pilot,polyomino,explicit-hopcroft-karp,sg-oracle::grid::build_conflict_graph + Hopcroft-Karp + Konig cover + indexed completion,424242,12,1,polyomino:424242:12:0,0,False,True,1,60.0,success,success,0,valid,,,41914541,41482832,29,29,449,1,60,28,0,0,0,0,0,0,,,29,,,,0,0,,,0,13542,316458,6625,,2375,,,250,334,84,69666,11250,16167,431709,,,,,60,28,,,0,0,0,0,2,,
1,paper-scaling-pilot,polyomino,explicit-c0-flow,DominanceEmbedding::explicit_graph + C0 edge bicliques + explicit flow construction/execution/cover recovery + indexed completion,424242,12,1,polyomino:424242:12:0,0,False,True,2,60.0,success,success,0,valid,,,41136334,40682292,29,29,449,1,60,28,0,0,0,0,0,0,2,,29,0,0,0,0,0,2,0,0,13000,320500,7167,2917,1708,6292,1292,4166,167,125,73541,11084,16083,454042,,,,,60,28,,,0,0,0,0,2,,
1,paper-scaling-pilot,polyomino,compact-mrd,dominance::biclique::experiment::construct + compressed flow construction/execution/cover recovery + indexed completion,424242,12,1,polyomino:424242:12:0,0,False,True,3,60.0,success,success,0,valid,,,40965500,40527084,29,29,449,1,60,28,0,0,0,,0,0,2,,29,0,0,0,0,0,,,0,11917,314250,6500,2666,,4375,1583,3625,458,250,70709,9750,15499,438416,,,,,60,28,,,0,0,0,0,2,,
1,paper-scaling-pilot,polyomino,exact-cover-oracle,exact-cover-oracle::solve (bitset branch-and-bound; predeclared cell limit),424242,12,1,polyomino:424242:12:1,1,False,True,0,60.0,unsupported,unsupported,0,unsupported,foreground cell count 449 exceeds oracle limit 40,,41257375,,29,29,449,1,60,28,,,,,,,,,,,,,,,,,0,11583,,,,,,,,,,,,,,,,,,60,28,,,0,0,0,0,2,,
1,paper-scaling-pilot,polyomino,explicit-hopcroft-karp,sg-oracle::grid::build_conflict_graph + Hopcroft-Karp + Konig cover + indexed completion,424242,12,1,polyomino:424242:12:1,1,False,True,1,60.0,success,success,0,valid,,,41370042,40934875,29,29,449,1,60,28,0,0,0,0,0,0,,,29,,,,0,0,,,0,13166,319958,6375,,2541,,,292,333,0,71166,9459,16374,435167,,,,,60,28,,,0,0,0,0,2,,
1,paper-scaling-pilot,polyomino,explicit-c0-flow,DominanceEmbedding::explicit_graph + C0 edge bicliques + explicit flow construction/execution/cover recovery + indexed completion,424242,12,1,polyomino:424242:12:1,1,False,True,2,60.0,success,success,0,valid,,,41311916,40850583,29,29,449,1,60,28,0,0,0,0,0,0,2,,29,0,0,0,0,0,2,0,0,14625,329916,6750,2666,1834,5459,958,3750,333,125,75125,9750,15125,461333,,,,,60,28,,,0,0,0,0,2,,
1,paper-scaling-pilot,polyomino,compact-mrd,dominance::biclique::experiment::construct + compressed flow construction/execution/cover recovery + indexed completion,424242,12,1,polyomino:424242:12:1,1,False,True,3,60.0,success,success,0,valid,,,41196834,40756667,29,29,449,1,60,28,0,0,0,,0,0,2,,29,0,0,0,0,0,,,0,11833,314792,6666,2875,,4208,1583,3792,542,208,71167,9417,15833,440167,,,,,60,28,,,0,0,0,0,2,,
1,paper-scaling-pilot,polyomino,exact-cover-oracle,exact-cover-oracle::solve (bitset branch-and-bound; predeclared cell limit),424242,12,1,polyomino:424242:12:2,2,False,True,0,60.0,unsupported,unsupported,0,unsupported,foreground cell count 449 exceeds oracle limit 40,,40161709,,29,29,449,1,60,28,,,,,,,,,,,,,,,,,0,11625,,,,,,,,,,,,,,,,,,60,28,,,0,0,0,0,2,,
1,paper-scaling-pilot,polyomino,explicit-hopcroft-karp,sg-oracle::grid::build_conflict_graph + Hopcroft-Karp + Konig cover + indexed completion,424242,12,1,polyomino:424242:12:2,2,False,True,1,60.0,success,success,0,valid,,,40880791,40454208,29,29,449,1,60,28,0,0,0,0,0,0,,,29,,,,0,0,,,0,13125,312500,6833,,2125,,,292,375,83,71625,9292,14875,426583,,,,,60,28,,,0,0,0,0,2,,
1,paper-scaling-pilot,polyomino,explicit-c0-flow,DominanceEmbedding::explicit_graph + C0 edge bicliques + explicit flow construction/execution/cover recovery + indexed completion,424242,12,1,polyomino:424242:12:2,2,False,True,2,60.0,success,success,0,valid,,,59607167,59148292,29,29,449,1,60,28,0,0,0,0,0,0,2,,29,0,0,0,0,0,2,0,0,13917,322250,7083,2375,1875,6000,958,4167,625,417,75750,10875,17167,458875,,,,,60,28,,,0,0,0,0,2,,
1,paper-scaling-pilot,polyomino,compact-mrd,dominance::biclique::experiment::construct + compressed flow construction/execution/cover recovery + indexed completion,424242,12,1,polyomino:424242:12:2,2,False,True,3,60.0,success,success,0,valid,,,41945583,41443000,29,29,449,1,60,28,0,0,0,,0,0,2,,29,0,0,0,0,0,,,0,12084,367708,7667,2792,,5042,1708,4292,541,167,72833,10542,19376,502583,,,,,60,28,,,0,0,0,0,2,,
1,paper-scaling-pilot,polyomino,exact-cover-oracle,exact-cover-oracle::solve (bitset branch-and-bound; predeclared cell limit),424242,12,1,polyomino:424242:12:3,3,False,True,0,60.0,unsupported,unsupported,0,unsupported,foreground cell count 449 exceeds oracle limit 40,,40801500,,29,29,449,1,60,28,,,,,,,,,,,,,,,,,0,13625,,,,,,,,,,,,,,,,,,60,28,,,0,0,0,0,2,,
1,paper-scaling-pilot,polyomino,explicit-hopcroft-karp,sg-oracle::grid::build_conflict_graph + Hopcroft-Karp + Konig cover + indexed completion,424242,12,1,polyomino:424242:12:3,3,False,True,1,60.0,success,success,0,valid,,,41149000,40706542,29,29,449,1,60,28,0,0,0,0,0,0,,,29,,,,0,0,,,0,14417,326541,6542,,2500,,,208,375,125,70917,9958,16417,442458,,,,,60,28,,,0,0,0,0,2,,
1,paper-scaling-pilot,polyomino,explicit-c0-flow,DominanceEmbedding::explicit_graph + C0 edge bicliques + explicit flow construction/execution/cover recovery + indexed completion,424242,12,1,polyomino:424242:12:3,3,False,True,2,60.0,success,success,0,valid,,,41669125,41227000,29,29,449,1,60,28,0,0,0,0,0,0,2,,29,0,0,0,0,0,2,0,0,14208,315625,6500,2666,1750,5333,958,3667,250,125,71417,9417,15082,442125,,,,,60,28,,,0,0,0,0,2,,
1,paper-scaling-pilot,polyomino,compact-mrd,dominance::biclique::experiment::construct + compressed flow construction/execution/cover recovery + indexed completion,424242,12,1,polyomino:424242:12:3,3,False,True,3,60.0,success,success,0,valid,,,40858833,40422208,29,29,449,1,60,28,0,0,0,,0,0,2,,29,0,0,0,0,0,,,0,11375,311000,6000,2791,,4208,1667,4167,416,83,71750,10500,15500,436625,,,,,60,28,,,0,0,0,0,2,,
1,paper-scaling-pilot,polyomino,exact-cover-oracle,exact-cover-oracle::solve (bitset branch-and-bound; predeclared cell limit),424242,12,1,polyomino:424242:12:4,4,False,True,0,60.0,unsupported,unsupported,0,unsupported,foreground cell count 449 exceeds oracle limit 40,,40907542,,29,29,449,1,60,28,,,,,,,,,,,,,,,,,0,16500,,,,,,,,,,,,,,,,,,60,28,,,0,0,0,0,2,,
1,paper-scaling-pilot,polyomino,explicit-hopcroft-karp,sg-oracle::grid::build_conflict_graph + Hopcroft-Karp + Konig cover + indexed completion,424242,12,1,polyomino:424242:12:4,4,False,True,1,60.0,success,success,0,valid,,,41000167,40567417,29,29,449,1,60,28,0,0,0,0,0,0,,,29,,,,0,0,,,0,13625,315916,7458,,2542,,,209,334,125,71083,10500,16083,432750,,,,,60,28,,,0,0,0,0,2,,
1,paper-scaling-pilot,polyomino,explicit-c0-flow,DominanceEmbedding::explicit_graph + C0 edge bicliques + explicit flow construction/execution/cover recovery + indexed completion,424242,12,1,polyomino:424242:12:4,4,False,True,2,60.0,success,success,0,valid,,,41265042,40809208,29,29,449,1,60,28,0,0,0,0,0,0,2,,29,0,0,0,0,0,2,0,0,14750,327958,6584,3125,1875,5417,1000,4042,541,209,70708,9834,15417,455834,,,,,60,28,,,0,0,0,0,2,,
1,paper-scaling-pilot,polyomino,compact-mrd,dominance::biclique::experiment::construct + compressed flow construction/execution/cover recovery + indexed completion,424242,12,1,polyomino:424242:12:4,4,False,True,3,60.0,success,success,0,valid,,,41490083,41062250,29,29,449,1,60,28,0,0,0,,0,0,2,,29,0,0,0,0,0,,,0,11542,304542,6333,2500,,3959,1583,3750,458,83,70709,9250,15499,427833,,,,,60,28,,,0,0,0,0,2,,
1,paper-scaling-pilot,polyomino,exact-cover-oracle,exact-cover-oracle::solve (bitset branch-and-bound; predeclared cell limit),424242,18,1,polyomino:424242:18:0,0,True,False,0,60.0,unsupported,unsupported,0,unsupported,foreground cell count 881 exceeds oracle limit 40,,40705792,,41,41,881,1,84,40,,,,,,,,,,,,,,,,,0,12958,,,,,,,,,,,,,,,,,,,,,,,,,,,,
1,paper-scaling-pilot,polyomino,explicit-hopcroft-karp,sg-oracle::grid::build_conflict_graph + Hopcroft-Karp + Konig cover + indexed completion,424242,18,1,polyomino:424242:18:0,0,True,False,1,60.0,success,success,0,valid,,,42116833,41324833,41,41,881,1,84,40,0,0,0,0,0,0,,,41,,,,0,0,,,0,12708,608542,7291,,2667,,,250,334,125,125417,13583,24916,792000,,,,,,,,,,,,,,,
1,paper-scaling-pilot,polyomino,explicit-c0-flow,DominanceEmbedding::explicit_graph + C0 edge bicliques + explicit flow construction/execution/cover recovery + indexed completion,424242,18,1,polyomino:424242:18:0,0,True,False,2,60.0,success,success,0,valid,,,41861584,41062001,41,41,881,1,84,40,0,0,0,0,0,0,2,,41,0,0,0,0,0,2,0,0,14167,596958,7459,2750,1875,5667,958,3709,375,166,130834,13708,25708,799583,,,,,,,,,,,,,,,
1,paper-scaling-pilot,polyomino,compact-mrd,dominance::biclique::experiment::construct + compressed flow construction/execution/cover recovery + indexed completion,424242,18,1,polyomino:424242:18:0,0,True,False,3,60.0,success,success,0,valid,,,42378959,41574459,41,41,881,1,84,40,0,0,0,,0,0,2,,41,0,0,0,0,0,,,0,18542,603459,7834,2709,,4209,1791,3709,333,125,128250,16917,24166,804500,,,,,,,,,,,,,,,
1,paper-scaling-pilot,polyomino,exact-cover-oracle,exact-cover-oracle::solve (bitset branch-and-bound; predeclared cell limit),424242,18,1,polyomino:424242:18:0,0,False,True,0,60.0,unsupported,unsupported,0,unsupported,foreground cell count 881 exceeds oracle limit 40,,41089167,,41,41,881,1,84,40,,,,,,,,,,,,,,,,,0,13792,,,,,,,,,,,,,,,,,,84,40,,,0,0,0,0,2,,
1,paper-scaling-pilot,polyomino,explicit-hopcroft-karp,sg-oracle::grid::build_conflict_graph + Hopcroft-Karp + Konig cover + indexed completion,424242,18,1,polyomino:424242:18:0,0,False,True,1,60.0,success,success,0,valid,,,42462750,41542750,41,41,881,1,84,40,0,0,0,0,0,0,,,41,,,,0,0,,,0,12792,728917,8208,,2750,,,625,458,42,128458,14834,25417,920000,,,,,84,40,,,0,0,0,0,2,,
1,paper-scaling-pilot,polyomino,explicit-c0-flow,DominanceEmbedding::explicit_graph + C0 edge bicliques + explicit flow construction/execution/cover recovery + indexed completion,424242,18,1,polyomino:424242:18:0,0,False,True,2,60.0,success,success,0,valid,,,41452833,40656958,41,41,881,1,84,40,0,0,0,0,0,0,2,,41,0,0,0,0,0,2,0,0,13625,597958,7500,2750,2000,4667,1167,3708,292,167,127708,13625,24459,795875,,,,,84,40,,,0,0,0,0,2,,
1,paper-scaling-pilot,polyomino,compact-mrd,dominance::biclique::experiment::construct + compressed flow construction/execution/cover recovery + indexed completion,424242,18,1,polyomino:424242:18:0,0,False,True,3,60.0,success,success,0,valid,,,41765834,40979667,41,41,881,1,84,40,0,0,0,,0,0,2,,41,0,0,0,0,0,,,0,13750,588334,7917,2792,,4417,1750,3750,541,125,126916,13709,24999,786167,,,,,84,40,,,0,0,0,0,2,,
1,paper-scaling-pilot,polyomino,exact-cover-oracle,exact-cover-oracle::solve (bitset branch-and-bound; predeclared cell limit),424242,18,1,polyomino:424242:18:1,1,False,True,0,60.0,unsupported,unsupported,0,unsupported,foreground cell count 881 exceeds oracle limit 40,,40729292,,41,41,881,1,84,40,,,,,,,,,,,,,,,,,0,13625,,,,,,,,,,,,,,,,,,84,40,,,0,0,0,0,2,,
1,paper-scaling-pilot,polyomino,explicit-hopcroft-karp,sg-oracle::grid::build_conflict_graph + Hopcroft-Karp + Konig cover + indexed completion,424242,18,1,polyomino:424242:18:1,1,False,True,1,60.0,success,success,0,valid,,,41591041,40800707,41,41,881,1,84,40,0,0,0,0,0,0,,,41,,,,0,0,,,0,11625,600458,7458,,2875,,,541,333,250,127459,15125,25499,790334,,,,,84,40,,,0,0,0,0,2,,
1,paper-scaling-pilot,polyomino,explicit-c0-flow,DominanceEmbedding::explicit_graph + C0 edge bicliques + explicit flow construction/execution/cover recovery + indexed completion,424242,18,1,polyomino:424242:18:1,1,False,True,2,60.0,success,success,0,valid,,,41658125,40862000,41,41,881,1,84,40,0,0,0,0,0,0,2,,41,0,0,0,0,0,2,0,0,12208,597459,7791,2709,1917,4708,917,3666,250,83,127291,13500,25250,796125,,,,,84,40,,,0,0,0,0,2,,
1,paper-scaling-pilot,polyomino,compact-mrd,dominance::biclique::experiment::construct + compressed flow construction/execution/cover recovery + indexed completion,424242,18,1,polyomino:424242:18:1,1,False,True,3,60.0,success,success,0,valid,,,41796791,40992541,41,41,881,1,84,40,0,0,0,,0,0,2,,41,0,0,0,0,0,,,0,13042,604000,7500,2791,,5125,1541,3792,666,83,128375,14625,25376,804250,,,,,84,40,,,0,0,0,0,2,,
1,paper-scaling-pilot,polyomino,exact-cover-oracle,exact-cover-oracle::solve (bitset branch-and-bound; predeclared cell limit),424242,18,1,polyomino:424242:18:2,2,False,True,0,60.0,unsupported,unsupported,0,unsupported,foreground cell count 881 exceeds oracle limit 40,,42190625,,41,41,881,1,84,40,,,,,,,,,,,,,,,,,0,12541,,,,,,,,,,,,,,,,,,84,40,,,0,0,0,0,2,,
1,paper-scaling-pilot,polyomino,explicit-hopcroft-karp,sg-oracle::grid::build_conflict_graph + Hopcroft-Karp + Konig cover + indexed completion,424242,18,1,polyomino:424242:18:2,2,False,True,1,60.0,success,success,0,valid,,,41729459,40959709,41,41,881,1,84,40,0,0,0,0,0,0,,,41,,,,0,0,,,0,12459,585375,7208,,2500,,,250,291,83,125667,13958,24584,769750,,,,,84,40,,,0,0,0,0,2,,
1,paper-scaling-pilot,polyomino,explicit-c0-flow,DominanceEmbedding::explicit_graph + C0 edge bicliques + explicit flow construction/execution/cover recovery + indexed completion,424242,18,1,polyomino:424242:18:2,2,False,True,2,60.0,success,success,0,valid,,,42098125,41302500,41,41,881,1,84,40,0,0,0,0,0,0,2,,41,0,0,0,0,0,2,0,0,13625,595416,7625,3000,1667,5625,875,3625,125,84,128042,14500,24958,795625,,,,,84,40,,,0,0,0,0,2,,
1,paper-scaling-pilot,polyomino,compact-mrd,dominance::biclique::experiment::construct + compressed flow construction/execution/cover recovery + indexed completion,424242,18,1,polyomino:424242:18:2,2,False,True,3,60.0,success,success,0,valid,,,41044375,40265791,41,41,881,1,84,40,0,0,0,,0,0,2,,41,0,0,0,0,0,,,0,15250,582500,7666,2709,,4500,1584,3833,458,167,125667,14250,25042,778584,,,,,84,40,,,0,0,0,0,2,,
1,paper-scaling-pilot,polyomino,exact-cover-oracle,exact-cover-oracle::solve (bitset branch-and-bound; predeclared cell limit),424242,18,1,polyomino:424242:18:3,3,False,True,0,60.0,unsupported,unsupported,0,unsupported,foreground cell count 881 exceeds oracle limit 40,,41617792,,41,41,881,1,84,40,,,,,,,,,,,,,,,,,0,12916,,,,,,,,,,,,,,,,,,84,40,,,0,0,0,0,2,,
1,paper-scaling-pilot,polyomino,explicit-hopcroft-karp,sg-oracle::grid::build_conflict_graph + Hopcroft-Karp + Konig cover + indexed completion,424242,18,1,polyomino:424242:18:3,3,False,True,1,60.0,success,success,0,valid,,,42312250,41532583,41,41,881,1,84,40,0,0,0,0,0,0,,,41,,,,0,0,,,0,13500,593416,7250,,2583,,,250,375,0,127209,13583,24666,779667,,,,,84,40,,,0,0,0,0,2,,
1,paper-scaling-pilot,polyomino,explicit-c0-flow,DominanceEmbedding::explicit_graph + C0 edge bicliques + explicit flow construction/execution/cover recovery + indexed completion,424242,18,1,polyomino:424242:18:3,3,False,True,2,60.0,success,success,0,valid,,,42975833,42179708,41,41,881,1,84,40,0,0,0,0,0,0,2,,41,0,0,0,0,0,2,0,0,14042,594375,7084,2542,1875,5875,958,3792,250,125,129209,13958,24959,796125,,,,,84,40,,,0,0,0,0,2,,
1,paper-scaling-pilot,polyomino,compact-mrd,dominance::biclique::experiment::construct + compressed flow construction/execution/cover recovery + indexed completion,424242,18,1,polyomino:424242:18:3,3,False,True,3,60.0,success,success,0,valid,,,42821834,42019709,41,41,881,1,84,40,0,0,0,,0,0,2,,41,0,0,0,0,0,,,0,15083,594959,8750,3625,,6875,1875,4792,1167,208,129750,14208,24501,802125,,,,,84,40,,,0,0,0,0,2,,
1,paper-scaling-pilot,polyomino,exact-cover-oracle,exact-cover-oracle::solve (bitset branch-and-bound; predeclared cell limit),424242,18,1,polyomino:424242:18:4,4,False,True,0,60.0,unsupported,unsupported,0,unsupported,foreground cell count 881 exceeds oracle limit 40,,41036125,,41,41,881,1,84,40,,,,,,,,,,,,,,,,,0,13875,,,,,,,,,,,,,,,,,,84,40,,,0,0,0,0,2,,
1,paper-scaling-pilot,polyomino,explicit-hopcroft-karp,sg-oracle::grid::build_conflict_graph + Hopcroft-Karp + Konig cover + indexed completion,424242,18,1,polyomino:424242:18:4,4,False,True,1,60.0,success,success,0,valid,,,42518667,41731792,41,41,881,1,84,40,0,0,0,0,0,0,,,41,,,,0,0,,,0,14542,602583,7083,,2625,,,292,500,166,125459,13708,24667,786875,,,,,84,40,,,0,0,0,0,2,,
1,paper-scaling-pilot,polyomino,explicit-c0-flow,DominanceEmbedding::explicit_graph + C0 edge bicliques + explicit flow construction/execution/cover recovery + indexed completion,424242,18,1,polyomino:424242:18:4,4,False,True,2,60.0,success,success,0,valid,,,41516500,40709333,41,41,881,1,84,40,0,0,0,0,0,0,2,,41,0,0,0,0,0,2,0,0,12125,603792,7333,2958,1917,5125,917,5042,458,0,127958,16667,24458,807167,,,,,84,40,,,0,0,0,0,2,,
1,paper-scaling-pilot,polyomino,compact-mrd,dominance::biclique::experiment::construct + compressed flow construction/execution/cover recovery + indexed completion,424242,18,1,polyomino:424242:18:4,4,False,True,3,60.0,success,success,0,valid,,,42362042,41568084,41,41,881,1,84,40,0,0,0,,0,0,2,,41,0,0,0,0,0,,,0,12667,600333,7125,2667,,4500,1625,3583,542,125,125666,13500,23959,793958,,,,,84,40,,,0,0,0,0,2,,
1,paper-scaling-pilot,polyomino,exact-cover-oracle,exact-cover-oracle::solve (bitset branch-and-bound; predeclared cell limit),424242,27,1,polyomino:424242:27:0,0,True,False,0,60.0,unsupported,unsupported,0,unsupported,foreground cell count 1799 exceeds oracle limit 40,,41631083,,59,59,1799,1,120,58,,,,,,,,,,,,,,,,,0,12875,,,,,,,,,,,,,,,,,,,,,,,,,,,,
1,paper-scaling-pilot,polyomino,explicit-hopcroft-karp,sg-oracle::grid::build_conflict_graph + Hopcroft-Karp + Konig cover + indexed completion,424242,27,1,polyomino:424242:27:0,0,True,False,1,60.0,success,success,0,valid,,,45046250,43501375,59,59,1799,1,120,58,0,0,0,0,0,0,,,59,,,,0,0,,,0,15166,1216917,9291,,2625,,,208,333,125,243958,20500,39208,1544875,,,,,,,,,,,,,,,
1,paper-scaling-pilot,polyomino,explicit-c0-flow,DominanceEmbedding::explicit_graph + C0 edge bicliques + explicit flow construction/execution/cover recovery + indexed completion,424242,27,1,polyomino:424242:27:0,0,True,False,2,60.0,success,success,0,valid,,,43994875,42287000,59,59,1799,1,120,58,0,0,0,0,0,0,2,,59,0,0,0,0,0,2,0,0,14833,1244875,12167,7750,2333,5792,959,4334,375,208,343125,28750,42750,1707875,,,,,,,,,,,,,,,
1,paper-scaling-pilot,polyomino,compact-mrd,dominance::biclique::experiment::construct + compressed flow construction/execution/cover recovery + indexed completion,424242,27,1,polyomino:424242:27:0,0,True,False,3,60.0,success,success,0,valid,,,43111334,41527042,59,59,1799,1,120,58,0,0,0,,0,0,2,,59,0,0,0,0,0,,,0,12625,1245042,9625,3042,,4666,1584,3792,542,84,240750,20708,42000,1584292,,,,,,,,,,,,,,,
1,paper-scaling-pilot,polyomino,exact-cover-oracle,exact-cover-oracle::solve (bitset branch-and-bound; predeclared cell limit),424242,27,1,polyomino:424242:27:0,0,False,True,0,60.0,unsupported,unsupported,0,unsupported,foreground cell count 1799 exceeds oracle limit 40,,42180875,,59,59,1799,1,120,58,,,,,,,,,,,,,,,,,0,11750,,,,,,,,,,,,,,,,,,120,58,,,0,0,0,0,2,,
1,paper-scaling-pilot,polyomino,explicit-hopcroft-karp,sg-oracle::grid::build_conflict_graph + Hopcroft-Karp + Konig cover + indexed completion,424242,27,1,polyomino:424242:27:0,0,False,True,1,60.0,success,success,0,valid,,,43002041,41425458,59,59,1799,1,120,58,0,0,0,0,0,0,,,59,,,,0,0,,,0,12375,1249209,9875,,2417,,,250,542,125,239250,20958,41876,1576583,,,,,120,58,,,0,0,0,0,2,,
1,paper-scaling-pilot,polyomino,explicit-c0-flow,DominanceEmbedding::explicit_graph + C0 edge bicliques + explicit flow construction/execution/cover recovery + indexed completion,424242,27,1,polyomino:424242:27:0,0,False,True,2,60.0,success,success,0,valid,,,43729750,42118208,59,59,1799,1,120,58,0,0,0,0,0,0,2,,59,0,0,0,0,0,2,0,0,17292,1262750,8833,2958,2167,6792,1000,4167,416,125,242083,20125,47500,1611542,,,,,120,58,,,0,0,0,0,2,,
1,paper-scaling-pilot,polyomino,compact-mrd,dominance::biclique::experiment::construct + compressed flow construction/execution/cover recovery + indexed completion,424242,27,1,polyomino:424242:27:0,0,False,True,3,60.0,success,success,0,valid,,,44696958,43138792,59,59,1799,1,120,58,0,0,0,,0,0,2,,59,0,0,0,0,0,,,0,12458,1208458,8417,2791,,4209,1625,3958,375,208,244459,20666,49876,1558166,,,,,120,58,,,0,0,0,0,2,,
1,paper-scaling-pilot,polyomino,exact-cover-oracle,exact-cover-oracle::solve (bitset branch-and-bound; predeclared cell limit),424242,27,1,polyomino:424242:27:1,1,False,True,0,60.0,unsupported,unsupported,0,unsupported,foreground cell count 1799 exceeds oracle limit 40,,41880291,,59,59,1799,1,120,58,,,,,,,,,,,,,,,,,0,12667,,,,,,,,,,,,,,,,,,120,58,,,0,0,0,0,2,,
1,paper-scaling-pilot,polyomino,explicit-hopcroft-karp,sg-oracle::grid::build_conflict_graph + Hopcroft-Karp + Konig cover + indexed completion,424242,27,1,polyomino:424242:27:1,1,False,True,1,60.0,success,success,0,valid,,,43788959,42211667,59,59,1799,1,120,58,0,0,0,0,0,0,,,59,,,,0,0,,,0,11916,1234500,9625,,2584,,,250,334,84,249500,20166,47375,1577292,,,,,120,58,,,0,0,0,0,2,,
1,paper-scaling-pilot,polyomino,explicit-c0-flow,DominanceEmbedding::explicit_graph + C0 edge bicliques + explicit flow construction/execution/cover recovery + indexed completion,424242,27,1,polyomino:424242:27:1,1,False,True,2,60.0,success,success,0,valid,,,43043875,41466625,59,59,1799,1,120,58,0,0,0,0,0,0,2,,59,0,0,0,0,0,2,0,0,12792,1232792,9791,2583,1875,5292,916,3792,417,83,244458,20417,40292,1577250,,,,,120,58,,,0,0,0,0,2,,
1,paper-scaling-pilot,polyomino,compact-mrd,dominance::biclique::experiment::construct + compressed flow construction/execution/cover recovery + indexed completion,424242,27,1,polyomino:424242:27:1,1,False,True,3,60.0,success,success,0,valid,,,43088375,41488666,59,59,1799,1,120,58,0,0,0,,0,0,2,,59,0,0,0,0,0,,,0,12500,1252959,10250,2875,,4375,1708,4792,375,209,244709,23333,40625,1599709,,,,,120,58,,,0,0,0,0,2,,
1,paper-scaling-pilot,polyomino,exact-cover-oracle,exact-cover-oracle::solve (bitset branch-and-bound; predeclared cell limit),424242,27,1,polyomino:424242:27:2,2,False,True,0,60.0,unsupported,unsupported,0,unsupported,foreground cell count 1799 exceeds oracle limit 40,,42402041,,59,59,1799,1,120,58,,,,,,,,,,,,,,,,,0,12792,,,,,,,,,,,,,,,,,,120,58,,,0,0,0,0,2,,
1,paper-scaling-pilot,polyomino,explicit-hopcroft-karp,sg-oracle::grid::build_conflict_graph + Hopcroft-Karp + Konig cover + indexed completion,424242,27,1,polyomino:424242:27:2,2,False,True,1,60.0,success,success,0,valid,,,43301250,41734042,59,59,1799,1,120,58,0,0,0,0,0,0,,,59,,,,0,0,,,0,12417,1235375,8500,,2541,,,750,334,125,245250,21250,40293,1567208,,,,,120,58,,,0,0,0,0,2,,
1,paper-scaling-pilot,polyomino,explicit-c0-flow,DominanceEmbedding::explicit_graph + C0 edge bicliques + explicit flow construction/execution/cover recovery + indexed completion,424242,27,1,polyomino:424242:27:2,2,False,True,2,60.0,success,success,0,valid,,,43559375,41963041,59,59,1799,1,120,58,0,0,0,0,0,0,2,,59,0,0,0,0,0,2,0,0,14292,1245584,9708,2917,1916,5875,1083,4292,583,250,247416,21750,41500,1596334,,,,,120,58,,,0,0,0,0,2,,
1,paper-scaling-pilot,polyomino,compact-mrd,dominance::biclique::experiment::construct + compressed flow construction/execution/cover recovery + indexed completion,424242,27,1,polyomino:424242:27:2,2,False,True,3,60.0,success,success,0,valid,,,43846458,42235250,59,59,1799,1,120,58,0,0,0,,0,0,2,,59,0,0,0,0,0,,,0,14125,1265583,8708,2500,,5958,1625,3750,500,250,242583,25292,39666,1611208,,,,,120,58,,,0,0,0,0,2,,
1,paper-scaling-pilot,polyomino,exact-cover-oracle,exact-cover-oracle::solve (bitset branch-and-bound; predeclared cell limit),424242,27,1,polyomino:424242:27:3,3,False,True,0,60.0,unsupported,unsupported,0,unsupported,foreground cell count 1799 exceeds oracle limit 40,,41601208,,59,59,1799,1,120,58,,,,,,,,,,,,,,,,,0,14250,,,,,,,,,,,,,,,,,,120,58,,,0,0,0,0,2,,
1,paper-scaling-pilot,polyomino,explicit-hopcroft-karp,sg-oracle::grid::build_conflict_graph + Hopcroft-Karp + Konig cover + indexed completion,424242,27,1,polyomino:424242:27:3,3,False,True,1,60.0,success,success,0,valid,,,43977417,42420917,59,59,1799,1,120,58,0,0,0,0,0,0,,,59,,,,0,0,,,0,13833,1230417,9375,,2458,,,209,334,84,239458,20583,40500,1556500,,,,,120,58,,,0,0,0,0,2,,
1,paper-scaling-pilot,polyomino,explicit-c0-flow,DominanceEmbedding::explicit_graph + C0 edge bicliques + explicit flow construction/execution/cover recovery + indexed completion,424242,27,1,polyomino:424242:27:3,3,False,True,2,60.0,success,success,0,valid,,,44405083,42806250,59,59,1799,1,120,58,0,0,0,0,0,0,2,,59,0,0,0,0,0,2,0,0,12750,1237625,8792,2833,2125,7583,1000,3875,250,83,256542,20667,43541,1598833,,,,,120,58,,,0,0,0,0,2,,
1,paper-scaling-pilot,polyomino,compact-mrd,dominance::biclique::experiment::construct + compressed flow construction/execution/cover recovery + indexed completion,424242,27,1,polyomino:424242:27:3,3,False,True,3,60.0,success,success,0,valid,,,43057083,41489458,59,59,1799,1,120,58,0,0,0,,0,0,2,,59,0,0,0,0,0,,,0,12875,1223458,10000,3000,,5167,2250,4042,375,166,243208,21000,41292,1567625,,,,,120,58,,,0,0,0,0,2,,
1,paper-scaling-pilot,polyomino,exact-cover-oracle,exact-cover-oracle::solve (bitset branch-and-bound; predeclared cell limit),424242,27,1,polyomino:424242:27:4,4,False,True,0,60.0,unsupported,unsupported,0,unsupported,foreground cell count 1799 exceeds oracle limit 40,,41648417,,59,59,1799,1,120,58,,,,,,,,,,,,,,,,,0,14000,,,,,,,,,,,,,,,,,,120,58,,,0,0,0,0,2,,
1,paper-scaling-pilot,polyomino,explicit-hopcroft-karp,sg-oracle::grid::build_conflict_graph + Hopcroft-Karp + Konig cover + indexed completion,424242,27,1,polyomino:424242:27:4,4,False,True,1,60.0,success,success,0,valid,,,43586416,42001583,59,59,1799,1,120,58,0,0,0,0,0,0,,,59,,,,0,0,,,0,14125,1250375,9667,,2542,,,250,416,125,245334,24791,39709,1584833,,,,,120,58,,,0,0,0,0,2,,
1,paper-scaling-pilot,polyomino,explicit-c0-flow,DominanceEmbedding::explicit_graph + C0 edge bicliques + explicit flow construction/execution/cover recovery + indexed completion,424242,27,1,polyomino:424242:27:4,4,False,True,2,60.0,success,success,0,valid,,,43517959,41901751,59,59,1799,1,120,58,0,0,0,0,0,0,2,,59,0,0,0,0,0,2,0,0,11958,1276292,9209,2458,1917,5167,833,4500,291,84,240709,21625,40875,1616208,,,,,120,58,,,0,0,0,0,2,,
1,paper-scaling-pilot,polyomino,compact-mrd,dominance::biclique::experiment::construct + compressed flow construction/execution/cover recovery + indexed completion,424242,27,1,polyomino:424242:27:4,4,False,True,3,60.0,success,success,0,valid,,,43428250,41844625,59,59,1799,1,120,58,0,0,0,,0,0,2,,59,0,0,0,0,0,,,0,14417,1240083,9625,2667,,4834,1625,3875,292,167,244958,22250,40542,1583625,,,,,120,58,,,0,0,0,0,2,,
1,paper-scaling-pilot,polyomino,exact-cover-oracle,exact-cover-oracle::solve (bitset branch-and-bound; predeclared cell limit),424242,40,1,polyomino:424242:40:0,0,True,False,0,60.0,unsupported,unsupported,0,unsupported,foreground cell count 3697 exceeds oracle limit 40,,44370958,,85,85,3697,1,172,84,,,,,,,,,,,,,,,,,0,15417,,,,,,,,,,,,,,,,,,,,,,,,,,,,
1,paper-scaling-pilot,polyomino,explicit-hopcroft-karp,sg-oracle::grid::build_conflict_graph + Hopcroft-Karp + Konig cover + indexed completion,424242,40,1,polyomino:424242:40:0,0,True,False,1,60.0,success,success,0,valid,,,46694750,43397166,85,85,3697,1,172,84,0,0,0,0,0,0,,,85,,,,0,0,,,0,13708,2681125,13667,,2708,,,250,542,166,475375,36083,71083,3297584,,,,,,,,,,,,,,,
1,paper-scaling-pilot,polyomino,explicit-c0-flow,DominanceEmbedding::explicit_graph + C0 edge bicliques + explicit flow construction/execution/cover recovery + indexed completion,424242,40,1,polyomino:424242:40:0,0,True,False,2,60.0,success,success,0,valid,,,47301542,44067417,85,85,3697,1,172,84,0,0,0,0,0,0,2,,85,0,0,0,0,0,2,0,0,15042,2604000,12500,2958,2000,7125,1000,5000,542,83,475458,36167,69750,3234125,,,,,,,,,,,,,,,
1,paper-scaling-pilot,polyomino,compact-mrd,dominance::biclique::experiment::construct + compressed flow construction/execution/cover recovery + indexed completion,424242,40,1,polyomino:424242:40:0,0,True,False,3,60.0,success,success,0,valid,,,46922375,43629667,85,85,3697,1,172,84,0,0,0,,0,0,2,,85,0,0,0,0,0,,,0,14084,2668959,12916,2875,,5250,1791,4167,709,125,472209,37333,70251,3292708,,,,,,,,,,,,,,,
1,paper-scaling-pilot,polyomino,exact-cover-oracle,exact-cover-oracle::solve (bitset branch-and-bound; predeclared cell limit),424242,40,1,polyomino:424242:40:0,0,False,True,0,60.0,unsupported,unsupported,0,unsupported,foreground cell count 3697 exceeds oracle limit 40,,44158375,,85,85,3697,1,172,84,,,,,,,,,,,,,,,,,0,15875,,,,,,,,,,,,,,,,,,172,84,,,0,0,0,0,2,,
1,paper-scaling-pilot,polyomino,explicit-hopcroft-karp,sg-oracle::grid::build_conflict_graph + Hopcroft-Karp + Konig cover + indexed completion,424242,40,1,polyomino:424242:40:0,0,False,True,1,60.0,success,success,0,valid,,,46626458,43463208,85,85,3697,1,172,84,0,0,0,0,0,0,,,85,,,,0,0,,,0,13875,2549250,12542,,2541,,,208,333,167,477417,33708,69375,3163250,,,,,172,84,,,0,0,0,0,2,,
1,paper-scaling-pilot,polyomino,explicit-c0-flow,DominanceEmbedding::explicit_graph + C0 edge bicliques + explicit flow construction/execution/cover recovery + indexed completion,424242,40,1,polyomino:424242:40:0,0,False,True,2,60.0,success,success,0,valid,,,47227292,44019583,85,85,3697,1,172,84,0,0,0,0,0,0,2,,85,0,0,0,0,0,2,0,0,15000,2578792,12708,3125,1958,5292,1041,3833,417,125,478583,34208,69875,3207709,,,,,172,84,,,0,0,0,0,2,,
1,paper-scaling-pilot,polyomino,compact-mrd,dominance::biclique::experiment::construct + compressed flow construction/execution/cover recovery + indexed completion,424242,40,1,polyomino:424242:40:0,0,False,True,3,60.0,success,success,0,valid,,,46750083,43582083,85,85,3697,1,172,84,0,0,0,,0,0,2,,85,0,0,0,0,0,,,0,15917,2532708,11625,2875,,5792,1875,4375,417,208,482041,42000,67875,3168000,,,,,172,84,,,0,0,0,0,2,,
1,paper-scaling-pilot,polyomino,exact-cover-oracle,exact-cover-oracle::solve (bitset branch-and-bound; predeclared cell limit),424242,40,1,polyomino:424242:40:1,1,False,True,0,60.0,unsupported,unsupported,0,unsupported,foreground cell count 3697 exceeds oracle limit 40,,44085833,,85,85,3697,1,172,84,,,,,,,,,,,,,,,,,0,13917,,,,,,,,,,,,,,,,,,172,84,,,0,0,0,0,2,,
1,paper-scaling-pilot,polyomino,explicit-hopcroft-karp,sg-oracle::grid::build_conflict_graph + Hopcroft-Karp + Konig cover + indexed completion,424242,40,1,polyomino:424242:40:1,1,False,True,1,60.0,success,success,0,valid,,,46416375,43175291,85,85,3697,1,172,84,0,0,0,0,0,0,,,85,,,,0,0,,,0,16125,2608834,12875,,2708,,,291,375,125,477208,39208,81500,3241084,,,,,172,84,,,0,0,0,0,2,,
1,paper-scaling-pilot,polyomino,explicit-c0-flow,DominanceEmbedding::explicit_graph + C0 edge bicliques + explicit flow construction/execution/cover recovery + indexed completion,424242,40,1,polyomino:424242:40:1,1,False,True,2,60.0,success,success,0,valid,,,46176916,42946207,85,85,3697,1,172,84,0,0,0,0,0,0,2,,85,0,0,0,0,0,2,0,0,14084,2592708,12500,2833,2333,5875,1209,4000,250,42,486500,33791,70584,3230709,,,,,172,84,,,0,0,0,0,2,,
1,paper-scaling-pilot,polyomino,compact-mrd,dominance::biclique::experiment::construct + compressed flow construction/execution/cover recovery + indexed completion,424242,40,1,polyomino:424242:40:1,1,False,True,3,60.0,success,success,0,valid,,,46966416,43687208,85,85,3697,1,172,84,0,0,0,,0,0,2,,85,0,0,0,0,0,,,0,16000,2639709,14792,3292,,6500,1667,4084,291,125,480625,36250,73250,3279208,,,,,172,84,,,0,0,0,0,2,,
1,paper-scaling-pilot,polyomino,exact-cover-oracle,exact-cover-oracle::solve (bitset branch-and-bound; predeclared cell limit),424242,40,1,polyomino:424242:40:2,2,False,True,0,60.0,unsupported,unsupported,0,unsupported,foreground cell count 3697 exceeds oracle limit 40,,43199709,,85,85,3697,1,172,84,,,,,,,,,,,,,,,,,0,13542,,,,,,,,,,,,,,,,,,172,84,,,0,0,0,0,2,,
1,paper-scaling-pilot,polyomino,explicit-hopcroft-karp,sg-oracle::grid::build_conflict_graph + Hopcroft-Karp + Konig cover + indexed completion,424242,40,1,polyomino:424242:40:2,2,False,True,1,60.0,success,success,0,valid,,,47217250,44088042,85,85,3697,1,172,84,0,0,0,0,0,0,,,85,,,,0,0,,,0,14500,2523708,11291,,2500,,,333,250,84,472083,35125,67875,3129208,,,,,172,84,,,0,0,0,0,2,,
1,paper-scaling-pilot,polyomino,explicit-c0-flow,DominanceEmbedding::explicit_graph + C0 edge bicliques + explicit flow construction/execution/cover recovery + indexed completion,424242,40,1,polyomino:424242:40:2,2,False,True,2,60.0,success,success,0,valid,,,46955084,43750875,85,85,3697,1,172,84,0,0,0,0,0,0,2,,85,0,0,0,0,0,2,0,0,13417,2582875,12208,2583,1875,5291,1334,4542,625,250,472875,34166,67668,3204209,,,,,172,84,,,0,0,0,0,2,,
1,paper-scaling-pilot,polyomino,compact-mrd,dominance::biclique::experiment::construct + compressed flow construction/execution/cover recovery + indexed completion,424242,40,1,polyomino:424242:40:2,2,False,True,3,60.0,success,success,0,valid,,,47313042,44121417,85,85,3697,1,172,84,0,0,0,,0,0,2,,85,0,0,0,0,0,,,0,16250,2565000,12584,3125,,5416,1792,3958,417,42,476500,35625,68958,3191625,,,,,172,84,,,0,0,0,0,2,,
1,paper-scaling-pilot,polyomino,exact-cover-oracle,exact-cover-oracle::solve (bitset branch-and-bound; predeclared cell limit),424242,40,1,polyomino:424242:40:3,3,False,True,0,60.0,unsupported,unsupported,0,unsupported,foreground cell count 3697 exceeds oracle limit 40,,43851167,,85,85,3697,1,172,84,,,,,,,,,,,,,,,,,0,15083,,,,,,,,,,,,,,,,,,172,84,,,0,0,0,0,2,,
1,paper-scaling-pilot,polyomino,explicit-hopcroft-karp,sg-oracle::grid::build_conflict_graph + Hopcroft-Karp + Konig cover + indexed completion,424242,40,1,polyomino:424242:40:3,3,False,True,1,60.0,success,success,0,valid,,,47042666,43857833,85,85,3697,1,172,84,0,0,0,0,0,0,,,85,,,,0,0,,,0,40875,2564708,11208,,2667,,,375,333,83,477167,36208,69333,3184833,,,,,172,84,,,0,0,0,0,2,,
1,paper-scaling-pilot,polyomino,explicit-c0-flow,DominanceEmbedding::explicit_graph + C0 edge bicliques + explicit flow construction/execution/cover recovery + indexed completion,424242,40,1,polyomino:424242:40:3,3,False,True,2,60.0,success,success,0,valid,,,47397541,44189499,85,85,3697,1,172,84,0,0,0,0,0,0,2,,85,0,0,0,0,0,2,0,0,13625,2581709,12750,3167,1958,6000,1042,4250,375,166,475208,35083,68125,3208042,,,,,172,84,,,0,0,0,0,2,,
1,paper-scaling-pilot,polyomino,compact-mrd,dominance::biclique::experiment::construct + compressed flow construction/execution/cover recovery + indexed completion,424242,40,1,polyomino:424242:40:3,3,False,True,3,60.0,success,success,0,valid,,,47381125,44162291,85,85,3697,1,172,84,0,0,0,,0,0,2,,85,0,0,0,0,0,,,0,14334,2587583,12625,2917,,4792,1667,4250,417,125,482583,34625,69667,3218834,,,,,172,84,,,0,0,0,0,2,,
1,paper-scaling-pilot,polyomino,exact-cover-oracle,exact-cover-oracle::solve (bitset branch-and-bound; predeclared cell limit),424242,40,1,polyomino:424242:40:4,4,False,True,0,60.0,unsupported,unsupported,0,unsupported,foreground cell count 3697 exceeds oracle limit 40,,45501958,,85,85,3697,1,172,84,,,,,,,,,,,,,,,,,0,13167,,,,,,,,,,,,,,,,,,172,84,,,0,0,0,0,2,,
1,paper-scaling-pilot,polyomino,explicit-hopcroft-karp,sg-oracle::grid::build_conflict_graph + Hopcroft-Karp + Konig cover + indexed completion,424242,40,1,polyomino:424242:40:4,4,False,True,1,60.0,success,success,0,valid,,,47883250,44669958,85,85,3697,1,172,84,0,0,0,0,0,0,,,85,,,,0,0,,,0,13792,2594167,12125,,2792,,,292,334,125,475542,33416,68667,3213292,,,,,172,84,,,0,0,0,0,2,,
1,paper-scaling-pilot,polyomino,explicit-c0-flow,DominanceEmbedding::explicit_graph + C0 edge bicliques + explicit flow construction/execution/cover recovery + indexed completion,424242,40,1,polyomino:424242:40:4,4,False,True,2,60.0,success,success,0,valid,,,46927334,43763209,85,85,3697,1,172,84,0,0,0,0,0,0,2,,85,0,0,0,0,0,2,0,0,13791,2534375,12458,2750,1917,5166,958,6583,292,41,478458,36458,67001,3164125,,,,,172,84,,,0,0,0,0,2,,
1,paper-scaling-pilot,polyomino,compact-mrd,dominance::biclique::experiment::construct + compressed flow construction/execution/cover recovery + indexed completion,424242,40,1,polyomino:424242:40:4,4,False,True,3,60.0,success,success,0,valid,,,47179125,43974375,85,85,3697,1,172,84,0,0,0,,0,0,2,,85,0,0,0,0,0,,,0,15250,2577125,11416,2917,,6041,1917,4417,708,208,479042,34500,68000,3204750,,,,,172,84,,,0,0,0,0,2,,
1,paper-scaling-pilot,polyomino,exact-cover-oracle,exact-cover-oracle::solve (bitset branch-and-bound; predeclared cell limit),424242,60,1,polyomino:424242:60:0,0,True,False,0,60.0,unsupported,unsupported,0,unsupported,foreground cell count 7937 exceeds oracle limit 40,,47750708,,125,125,7937,1,252,124,,,,,,,,,,,,,,,,,0,20375,,,,,,,,,,,,,,,,,,,,,,,,,,,,
1,paper-scaling-pilot,polyomino,explicit-hopcroft-karp,sg-oracle::grid::build_conflict_graph + Hopcroft-Karp + Konig cover + indexed completion,424242,60,1,polyomino:424242:60:0,0,True,False,1,60.0,success,success,0,valid,,,54033250,47341375,125,125,7937,1,252,124,0,0,0,0,0,0,,,125,,,,0,0,,,0,21458,5450792,18459,,2917,,,291,375,125,1000042,65667,129250,6691875,,,,,,,,,,,,,,,
1,paper-scaling-pilot,polyomino,explicit-c0-flow,DominanceEmbedding::explicit_graph + C0 edge bicliques + explicit flow construction/execution/cover recovery + indexed completion,424242,60,1,polyomino:424242:60:0,0,True,False,2,60.0,success,success,0,valid,,,54258333,47329833,125,125,7937,1,252,124,0,0,0,0,0,0,2,,125,0,0,0,0,0,2,0,0,23250,5653583,22000,2750,2167,5416,1250,4083,125,0,1000667,78166,134293,6928500,,,,,,,,,,,,,,,
1,paper-scaling-pilot,polyomino,compact-mrd,dominance::biclique::experiment::construct + compressed flow construction/execution/cover recovery + indexed completion,424242,60,1,polyomino:424242:60:0,0,True,False,3,60.0,success,success,0,valid,,,55582917,48736751,125,125,7937,1,252,124,0,0,0,,0,0,2,,125,0,0,0,0,0,,,0,24708,5529625,17833,2875,,5375,1666,4167,458,208,1033208,74167,147583,6846166,,,,,,,,,,,,,,,
1,paper-scaling-pilot,polyomino,exact-cover-oracle,exact-cover-oracle::solve (bitset branch-and-bound; predeclared cell limit),424242,60,1,polyomino:424242:60:0,0,False,True,0,60.0,unsupported,unsupported,0,unsupported,foreground cell count 7937 exceeds oracle limit 40,,46896625,,125,125,7937,1,252,124,,,,,,,,,,,,,,,,,0,21542,,,,,,,,,,,,,,,,,,252,124,,,0,0,0,0,2,,
1,paper-scaling-pilot,polyomino,explicit-hopcroft-karp,sg-oracle::grid::build_conflict_graph + Hopcroft-Karp + Konig cover + indexed completion,424242,60,1,polyomino:424242:60:0,0,False,True,1,60.0,success,success,0,valid,,,54299541,47481333,125,125,7937,1,252,124,0,0,0,0,0,0,,,125,,,,0,0,,,0,18292,5563042,19292,,2958,,,208,291,208,1003459,71208,133458,6818208,,,,,252,124,,,0,0,0,0,2,,
1,paper-scaling-pilot,polyomino,explicit-c0-flow,DominanceEmbedding::explicit_graph + C0 edge bicliques + explicit flow construction/execution/cover recovery + indexed completion,424242,60,1,polyomino:424242:60:0,0,False,True,2,60.0,success,success,0,valid,,,53852750,47177875,125,125,7937,1,252,124,0,0,0,0,0,0,2,,125,0,0,0,0,0,2,0,0,20500,5427875,18208,2583,2042,5125,959,3791,292,42,992209,66125,129292,6674875,,,,,252,124,,,0,0,0,0,2,,
1,paper-scaling-pilot,polyomino,compact-mrd,dominance::biclique::experiment::construct + compressed flow construction/execution/cover recovery + indexed completion,424242,60,1,polyomino:424242:60:0,0,False,True,3,60.0,success,success,0,valid,,,53249375,46155958,125,125,7937,1,252,124,0,0,0,,0,0,2,,125,0,0,0,0,0,,,0,21958,5814333,20542,3041,,5375,1667,4167,417,125,1002292,77791,138084,7093417,,,,,252,124,,,0,0,0,0,2,,
1,paper-scaling-pilot,polyomino,exact-cover-oracle,exact-cover-oracle::solve (bitset branch-and-bound; predeclared cell limit),424242,60,1,polyomino:424242:60:1,1,False,True,0,60.0,unsupported,unsupported,0,unsupported,foreground cell count 7937 exceeds oracle limit 40,,47101583,,125,125,7937,1,252,124,,,,,,,,,,,,,,,,,0,18250,,,,,,,,,,,,,,,,,,252,124,,,0,0,0,0,2,,
1,paper-scaling-pilot,polyomino,explicit-hopcroft-karp,sg-oracle::grid::build_conflict_graph + Hopcroft-Karp + Konig cover + indexed completion,424242,60,1,polyomino:424242:60:1,1,False,True,1,60.0,success,success,0,valid,,,54022875,47346500,125,125,7937,1,252,124,0,0,0,0,0,0,,,125,,,,0,0,,,0,19042,5436292,17833,,2541,,,334,416,125,1001500,65500,126875,6676375,,,,,252,124,,,0,0,0,0,2,,
1,paper-scaling-pilot,polyomino,explicit-c0-flow,DominanceEmbedding::explicit_graph + C0 edge bicliques + explicit flow construction/execution/cover recovery + indexed completion,424242,60,1,polyomino:424242:60:1,1,False,True,2,60.0,success,success,0,valid,,,55185875,47888750,125,125,7937,1,252,124,0,0,0,0,0,0,2,,125,0,0,0,0,0,2,0,0,19541,6014041,20084,2708,2000,5875,1083,7041,250,208,1005083,72167,140833,7297125,,,,,252,124,,,0,0,0,0,2,,
1,paper-scaling-pilot,polyomino,compact-mrd,dominance::biclique::experiment::construct + compressed flow construction/execution/cover recovery + indexed completion,424242,60,1,polyomino:424242:60:1,1,False,True,3,60.0,success,success,0,valid,,,64428458,56206999,125,125,7937,1,252,124,0,0,0,,0,0,2,,125,0,0,0,0,0,,,0,20459,6923500,20375,3000,,4791,1750,4667,375,83,1021083,76042,137917,8221459,,,,,252,124,,,0,0,0,0,2,,
1,paper-scaling-pilot,polyomino,exact-cover-oracle,exact-cover-oracle::solve (bitset branch-and-bound; predeclared cell limit),424242,60,1,polyomino:424242:60:2,2,False,True,0,60.0,unsupported,unsupported,0,unsupported,foreground cell count 7937 exceeds oracle limit 40,,57881042,,125,125,7937,1,252,124,,,,,,,,,,,,,,,,,0,19292,,,,,,,,,,,,,,,,,,252,124,,,0,0,0,0,2,,
1,paper-scaling-pilot,polyomino,explicit-hopcroft-karp,sg-oracle::grid::build_conflict_graph + Hopcroft-Karp + Konig cover + indexed completion,424242,60,1,polyomino:424242:60:2,2,False,True,1,60.0,success,success,0,valid,,,55812583,48910624,125,125,7937,1,252,124,0,0,0,0,0,0,,,125,,,,0,0,,,0,19750,5599875,19708,,2583,,,250,417,208,1033250,76958,139167,6901959,,,,,252,124,,,0,0,0,0,2,,
1,paper-scaling-pilot,polyomino,explicit-c0-flow,DominanceEmbedding::explicit_graph + C0 edge bicliques + explicit flow construction/execution/cover recovery + indexed completion,424242,60,1,polyomino:424242:60:2,2,False,True,2,60.0,success,success,0,valid,,,54978083,48110708,125,125,7937,1,252,124,0,0,0,0,0,0,2,,125,0,0,0,0,0,2,0,0,18583,5583542,20459,2958,2250,5167,1125,5291,334,0,1018917,70291,130917,6867375,,,,,252,124,,,0,0,0,0,2,,
1,paper-scaling-pilot,polyomino,compact-mrd,dominance::biclique::experiment::construct + compressed flow construction/execution/cover recovery + indexed completion,424242,60,1,polyomino:424242:60:2,2,False,True,3,60.0,success,success,0,valid,,,67821375,59336667,125,125,7937,1,252,124,0,0,0,,0,0,2,,125,0,0,0,0,0,,,0,24041,7143250,21916,3084,,5583,2167,4791,417,125,1048875,80583,143417,8484708,,,,,252,124,,,0,0,0,0,2,,
1,paper-scaling-pilot,polyomino,exact-cover-oracle,exact-cover-oracle::solve (bitset branch-and-bound; predeclared cell limit),424242,60,1,polyomino:424242:60:3,3,False,True,0,60.0,unsupported,unsupported,0,unsupported,foreground cell count 7937 exceeds oracle limit 40,,53911250,,125,125,7937,1,252,124,,,,,,,,,,,,,,,,,0,19541,,,,,,,,,,,,,,,,,,252,124,,,0,0,0,0,2,,
1,paper-scaling-pilot,polyomino,explicit-hopcroft-karp,sg-oracle::grid::build_conflict_graph + Hopcroft-Karp + Konig cover + indexed completion,424242,60,1,polyomino:424242:60:3,3,False,True,1,60.0,success,success,0,valid,,,54695625,47682917,125,125,7937,1,252,124,0,0,0,0,0,0,,,125,,,,0,0,,,0,17917,5595125,19917,,2458,,,208,459,84,1141708,82917,141583,7012708,,,,,252,124,,,0,0,0,0,2,,
1,paper-scaling-pilot,polyomino,explicit-c0-flow,DominanceEmbedding::explicit_graph + C0 edge bicliques + explicit flow construction/execution/cover recovery + indexed completion,424242,60,1,polyomino:424242:60:3,3,False,True,2,60.0,success,success,0,valid,,,54148208,47488124,125,125,7937,1,252,124,0,0,0,0,0,0,2,,125,0,0,0,0,0,2,0,0,29417,5422542,16833,2833,2083,6583,1000,4083,250,208,987459,66416,126209,6660084,,,,,252,124,,,0,0,0,0,2,,
1,paper-scaling-pilot,polyomino,compact-mrd,dominance::biclique::experiment::construct + compressed flow construction/execution/cover recovery + indexed completion,424242,60,1,polyomino:424242:60:3,3,False,True,3,60.0,success,success,0,valid,,,54412625,47402167,125,125,7937,1,252,124,0,0,0,,0,0,2,,125,0,0,0,0,0,,,0,25375,5720708,22417,2791,,5167,1542,4416,542,167,1011292,75833,140624,7010458,,,,,252,124,,,0,0,0,0,2,,
1,paper-scaling-pilot,polyomino,exact-cover-oracle,exact-cover-oracle::solve (bitset branch-and-bound; predeclared cell limit),424242,60,1,polyomino:424242:60:4,4,False,True,0,60.0,unsupported,unsupported,0,unsupported,foreground cell count 7937 exceeds oracle limit 40,,47981041,,125,125,7937,1,252,124,,,,,,,,,,,,,,,,,0,18958,,,,,,,,,,,,,,,,,,252,124,,,0,0,0,0,2,,
1,paper-scaling-pilot,polyomino,explicit-hopcroft-karp,sg-oracle::grid::build_conflict_graph + Hopcroft-Karp + Konig cover + indexed completion,424242,60,1,polyomino:424242:60:4,4,False,True,1,60.0,success,success,0,valid,,,54059833,47360625,125,125,7937,1,252,124,0,0,0,0,0,0,,,125,,,,0,0,,,0,18458,5460666,17875,,2834,,,334,666,209,994167,67083,131250,6699208,,,,,252,124,,,0,0,0,0,2,,
1,paper-scaling-pilot,polyomino,explicit-c0-flow,DominanceEmbedding::explicit_graph + C0 edge bicliques + explicit flow construction/execution/cover recovery + indexed completion,424242,60,1,polyomino:424242:60:4,4,False,True,2,60.0,success,success,0,valid,,,54689959,47983917,125,125,7937,1,252,124,0,0,0,0,0,0,2,,125,0,0,0,0,0,2,0,0,23458,5448250,18250,2666,1833,6375,916,3958,250,125,1004209,65958,129042,6706042,,,,,252,124,,,0,0,0,0,2,,
1,paper-scaling-pilot,polyomino,compact-mrd,dominance::biclique::experiment::construct + compressed flow construction/execution/cover recovery + indexed completion,424242,60,1,polyomino:424242:60:4,4,False,True,3,60.0,success,success,0,valid,,,54026583,47020875,125,125,7937,1,252,124,0,0,0,,0,0,2,,125,0,0,0,0,0,,,0,23791,5692709,20166,3000,,5125,1709,4166,334,125,997583,70792,185292,7005708,,,,,252,124,,,0,0,0,0,2,,
1,paper-scaling-pilot,representation-crossover,exact-cover-oracle,exact-cover-oracle::solve (bitset branch-and-bound; predeclared cell limit),424242,8,1,representation-crossover:424242:8:0,0,True,False,0,60.0,unsupported,unsupported,0,unsupported,foreground cell count 4596 exceeds oracle limit 40,,42055875,,70,70,4596,1,132,64,,,,,,,,,,,,,,,,,0,7834,,,,,,,,,,,,,,,,,,,,,,,,,,,,
1,paper-scaling-pilot,representation-crossover,explicit-c0-flow,DominanceEmbedding::explicit_graph + C0 edge bicliques + explicit flow construction/execution/cover recovery + indexed completion,424242,8,1,representation-crossover:424242:8:0,0,True,False,1,60.0,success,success,0,valid,,,43268458,41826375,70,70,4596,1,132,64,16,16,32,256,256,512,290,544,49,0,0,0,16,16,290,544,0,8375,818625,9958,3500,6500,92500,12625,29708,833,125,334792,40125,42708,1442083,,,,,,,,,,,,,,,
1,paper-scaling-pilot,representation-crossover,compact-mrd,dominance::biclique::experiment::construct + compressed flow construction/execution/cover recovery + indexed completion,424242,8,1,representation-crossover:424242:8:0,0,True,False,2,60.0,success,success,0,valid,,,43733417,42279667,70,70,4596,1,132,64,16,16,32,,1,32,35,64,49,0,0,0,16,16,,,0,10292,890958,11250,3791,,23083,3584,9708,458,208,343500,40917,70750,1453750,,,,,,,,,,,,,,,
1,paper-scaling-pilot,representation-crossover,explicit-hopcroft-karp,sg-oracle::grid::build_conflict_graph + Hopcroft-Karp + Konig cover + indexed completion,424242,8,1,representation-crossover:424242:8:0,0,True,False,3,60.0,success,success,0,valid,,,44133167,42807667,70,70,4596,1,132,64,16,16,32,256,0,0,,,49,,,,16,16,,,0,9333,842208,11916,,7500,,,2000,375,166,337750,40083,42125,1325500,,,,,,,,,,,,,,,
1,paper-scaling-pilot,representation-crossover,exact-cover-oracle,exact-cover-oracle::solve (bitset branch-and-bound; predeclared cell limit),424242,8,1,representation-crossover:424242:8:0,0,False,True,0,60.0,unsupported,unsupported,0,unsupported,foreground cell count 4596 exceeds oracle limit 40,,41482542,,70,70,4596,1,132,64,,,,,,,,,,,,,,,,,0,15000,,,,,,,,,,,,,,,,,,132,64,,,32,256,1,32,35,64,
1,paper-scaling-pilot,representation-crossover,explicit-c0-flow,DominanceEmbedding::explicit_graph + C0 edge bicliques + explicit flow construction/execution/cover recovery + indexed completion,424242,8,1,representation-crossover:424242:8:0,0,False,True,1,60.0,success,success,0,valid,,,43463958,41979000,70,70,4596,1,132,64,16,16,32,256,256,512,290,544,49,0,0,0,16,16,290,544,0,9208,820792,10250,3375,6625,96167,12083,31667,708,83,357875,48792,44167,1484958,,,,,132,64,,,32,256,1,32,35,64,
1,paper-scaling-pilot,representation-crossover,compact-mrd,dominance::biclique::experiment::construct + compressed flow construction/execution/cover recovery + indexed completion,424242,8,1,representation-crossover:424242:8:0,0,False,True,2,60.0,success,success,0,valid,,,43717208,42379458,70,70,4596,1,132,64,16,16,32,,1,32,35,64,49,0,0,0,16,16,,,0,8041,831709,11167,3416,,21833,3875,9083,500,42,333334,39666,42208,1337750,,,,,132,64,,,32,256,1,32,35,64,
1,paper-scaling-pilot,representation-crossover,explicit-hopcroft-karp,sg-oracle::grid::build_conflict_graph + Hopcroft-Karp + Konig cover + indexed completion,424242,8,1,representation-crossover:424242:8:0,0,False,True,3,60.0,success,success,0,valid,,,44014458,42722125,70,70,4596,1,132,64,16,16,32,256,0,0,,,49,,,,16,16,,,0,8042,807708,10209,,7291,,,1917,459,208,342625,40042,41916,1292333,,,,,132,64,,,32,256,1,32,35,64,
1,paper-scaling-pilot,representation-crossover,exact-cover-oracle,exact-cover-oracle::solve (bitset branch-and-bound; predeclared cell limit),424242,8,1,representation-crossover:424242:8:1,1,False,True,0,60.0,unsupported,unsupported,0,unsupported,foreground cell count 4596 exceeds oracle limit 40,,43287125,,70,70,4596,1,132,64,,,,,,,,,,,,,,,,,0,10584,,,,,,,,,,,,,,,,,,132,64,,,32,256,1,32,35,64,
1,paper-scaling-pilot,representation-crossover,explicit-c0-flow,DominanceEmbedding::explicit_graph + C0 edge bicliques + explicit flow construction/execution/cover recovery + indexed completion,424242,8,1,representation-crossover:424242:8:1,1,False,True,1,60.0,success,success,0,valid,,,43219750,41750375,70,70,4596,1,132,64,16,16,32,256,256,512,290,544,49,0,0,0,16,16,290,544,0,8833,824375,10292,3459,7375,99500,13875,29666,667,125,346167,39500,44209,1469375,,,,,132,64,,,32,256,1,32,35,64,
1,paper-scaling-pilot,representation-crossover,compact-mrd,dominance::biclique::experiment::construct + compressed flow construction/execution/cover recovery + indexed completion,424242,8,1,representation-crossover:424242:8:1,1,False,True,2,60.0,success,success,0,valid,,,43889375,42543750,70,70,4596,1,132,64,16,16,32,,1,32,35,64,49,0,0,0,16,16,,,0,8625,833875,11084,3375,,20500,3125,9333,625,208,340208,39708,42417,1345625,,,,,132,64,,,32,256,1,32,35,64,
1,paper-scaling-pilot,representation-crossover,explicit-hopcroft-karp,sg-oracle::grid::build_conflict_graph + Hopcroft-Karp + Konig cover + indexed completion,424242,8,1,representation-crossover:424242:8:1,1,False,True,3,60.0,success,success,0,valid,,,43175833,41748042,70,70,4596,1,132,64,16,16,32,256,0,0,,,49,,,,16,16,,,0,8708,941334,12125,,7750,,,1875,584,166,340000,39084,45500,1427791,,,,,132,64,,,32,256,1,32,35,64,
1,paper-scaling-pilot,representation-crossover,exact-cover-oracle,exact-cover-oracle::solve (bitset branch-and-bound; predeclared cell limit),424242,8,1,representation-crossover:424242:8:2,2,False,True,0,60.0,unsupported,unsupported,0,unsupported,foreground cell count 4596 exceeds oracle limit 40,,43171500,,70,70,4596,1,132,64,,,,,,,,,,,,,,,,,0,13292,,,,,,,,,,,,,,,,,,132,64,,,32,256,1,32,35,64,
1,paper-scaling-pilot,representation-crossover,explicit-c0-flow,DominanceEmbedding::explicit_graph + C0 edge bicliques + explicit flow construction/execution/cover recovery + indexed completion,424242,8,1,representation-crossover:424242:8:2,2,False,True,1,60.0,success,success,0,valid,,,43857666,42304457,70,70,4596,1,132,64,16,16,32,256,256,512,290,544,49,0,0,0,16,16,290,544,0,12291,910875,12209,3500,7084,99625,12916,29125,750,250,339167,40375,46916,1553209,,,,,132,64,,,32,256,1,32,35,64,
1,paper-scaling-pilot,representation-crossover,compact-mrd,dominance::biclique::experiment::construct + compressed flow construction/execution/cover recovery + indexed completion,424242,8,1,representation-crossover:424242:8:2,2,False,True,2,60.0,success,success,0,valid,,,44521708,43144667,70,70,4596,1,132,64,16,16,32,,1,32,35,64,49,0,0,0,16,16,,,0,12000,859334,10541,3542,,22708,3000,8958,542,42,344542,40041,42791,1377041,,,,,132,64,,,32,256,1,32,35,64,
1,paper-scaling-pilot,representation-crossover,explicit-hopcroft-karp,sg-oracle::grid::build_conflict_graph + Hopcroft-Karp + Konig cover + indexed completion,424242,8,1,representation-crossover:424242:8:2,2,False,True,3,60.0,success,success,0,valid,,,43948125,42617542,70,70,4596,1,132,64,16,16,32,256,0,0,,,49,,,,16,16,,,0,8458,829334,28042,,8166,,,2000,416,250,338334,40083,42458,1330583,,,,,132,64,,,32,256,1,32,35,64,
1,paper-scaling-pilot,representation-crossover,exact-cover-oracle,exact-cover-oracle::solve (bitset branch-and-bound; predeclared cell limit),424242,8,1,representation-crossover:424242:8:3,3,False,True,0,60.0,unsupported,unsupported,0,unsupported,foreground cell count 4596 exceeds oracle limit 40,,42186000,,70,70,4596,1,132,64,,,,,,,,,,,,,,,,,0,11250,,,,,,,,,,,,,,,,,,132,64,,,32,256,1,32,35,64,
1,paper-scaling-pilot,representation-crossover,explicit-c0-flow,DominanceEmbedding::explicit_graph + C0 edge bicliques + explicit flow construction/execution/cover recovery + indexed completion,424242,8,1,representation-crossover:424242:8:3,3,False,True,1,60.0,success,success,0,valid,,,43502750,42038416,70,70,4596,1,132,64,16,16,32,256,256,512,290,544,49,0,0,0,16,16,290,544,0,14041,841500,10417,3375,6958,91625,12125,31208,917,375,336291,40042,42250,1464334,,,,,132,64,,,32,256,1,32,35,64,
1,paper-scaling-pilot,representation-crossover,compact-mrd,dominance::biclique::experiment::construct + compressed flow construction/execution/cover recovery + indexed completion,424242,8,1,representation-crossover:424242:8:3,3,False,True,2,60.0,success,success,0,valid,,,43682000,42335333,70,70,4596,1,132,64,16,16,32,,1,32,35,64,49,0,0,0,16,16,,,0,9000,831625,10541,3750,,21625,3083,9083,542,83,344292,39750,43292,1346667,,,,,132,64,,,32,256,1,32,35,64,
1,paper-scaling-pilot,representation-crossover,explicit-hopcroft-karp,sg-oracle::grid::build_conflict_graph + Hopcroft-Karp + Konig cover + indexed completion,424242,8,1,representation-crossover:424242:8:3,3,False,True,3,60.0,success,success,0,valid,,,43132291,41764708,70,70,4596,1,132,64,16,16,32,256,0,0,,,49,,,,16,16,,,0,13833,874375,11000,,7833,,,2209,458,125,343375,39375,48167,1367583,,,,,132,64,,,32,256,1,32,35,64,
1,paper-scaling-pilot,representation-crossover,exact-cover-oracle,exact-cover-oracle::solve (bitset branch-and-bound; predeclared cell limit),424242,8,1,representation-crossover:424242:8:4,4,False,True,0,60.0,unsupported,unsupported,0,unsupported,foreground cell count 4596 exceeds oracle limit 40,,42381667,,70,70,4596,1,132,64,,,,,,,,,,,,,,,,,0,8750,,,,,,,,,,,,,,,,,,132,64,,,32,256,1,32,35,64,
1,paper-scaling-pilot,representation-crossover,explicit-c0-flow,DominanceEmbedding::explicit_graph + C0 edge bicliques + explicit flow construction/execution/cover recovery + indexed completion,424242,8,1,representation-crossover:424242:8:4,4,False,True,1,60.0,success,success,0,valid,,,43674291,42169250,70,70,4596,1,132,64,16,16,32,256,256,512,290,544,49,0,0,0,16,16,290,544,0,13500,862500,11416,3458,7375,100792,13875,29250,875,125,337166,40209,46625,1505041,,,,,132,64,,,32,256,1,32,35,64,
1,paper-scaling-pilot,representation-crossover,compact-mrd,dominance::biclique::experiment::construct + compressed flow construction/execution/cover recovery + indexed completion,424242,8,1,representation-crossover:424242:8:4,4,False,True,2,60.0,success,success,0,valid,,,43132333,41647041,70,70,4596,1,132,64,16,16,32,,1,32,35,64,49,0,0,0,16,16,,,0,8583,969625,11459,3417,,21959,3125,9834,625,208,339750,39625,46417,1485292,,,,,132,64,,,32,256,1,32,35,64,
1,paper-scaling-pilot,representation-crossover,explicit-hopcroft-karp,sg-oracle::grid::build_conflict_graph + Hopcroft-Karp + Konig cover + indexed completion,424242,8,1,representation-crossover:424242:8:4,4,False,True,3,60.0,success,success,0,valid,,,42832375,41510208,70,70,4596,1,132,64,16,16,32,256,0,0,,,49,,,,16,16,,,0,10958,836750,11375,,7542,,,1958,291,125,342334,39666,41709,1322167,,,,,132,64,,,32,256,1,32,35,64,
1,paper-scaling-pilot,representation-crossover,exact-cover-oracle,exact-cover-oracle::solve (bitset branch-and-bound; predeclared cell limit),424242,12,1,representation-crossover:424242:12:0,0,True,False,0,60.0,unsupported,unsupported,0,unsupported,foreground cell count 8956 exceeds oracle limit 40,,44652791,,98,98,8956,1,196,96,,,,,,,,,,,,,,,,,0,8666,,,,,,,,,,,,,,,,,,,,,,,,,,,,
1,paper-scaling-pilot,representation-crossover,explicit-c0-flow,DominanceEmbedding::explicit_graph + C0 edge bicliques + explicit flow construction/execution/cover recovery + indexed completion,424242,12,1,representation-crossover:424242:12:0,0,True,False,1,60.0,success,success,0,valid,,,45594417,42782917,98,98,8956,1,196,96,24,24,48,576,576,1152,626,1200,73,0,0,0,24,24,626,1200,0,9417,1632834,13750,3708,11708,205041,22417,45500,1250,125,639667,69875,76291,2811500,,,,,,,,,,,,,,,
1,paper-scaling-pilot,representation-crossover,compact-mrd,dominance::biclique::experiment::construct + compressed flow construction/execution/cover recovery + indexed completion,424242,12,1,representation-crossover:424242:12:0,0,True,False,2,60.0,success,success,0,valid,,,44943833,42351125,98,98,8956,1,196,96,24,24,48,,1,48,51,96,73,0,0,0,24,24,,,0,8875,1660792,15500,4667,,30333,3250,10416,542,125,645834,71250,76875,2592708,,,,,,,,,,,,,,,
1,paper-scaling-pilot,representation-crossover,explicit-hopcroft-karp,sg-oracle::grid::build_conflict_graph + Hopcroft-Karp + Konig cover + indexed completion,424242,12,1,representation-crossover:424242:12:0,0,True,False,3,60.0,success,success,0,valid,,,45119292,42582459,98,98,8956,1,196,96,24,24,48,576,0,0,,,73,,,,24,24,,,0,8250,1654834,13000,,13334,,,3083,416,167,637125,71250,72666,2536833,,,,,,,,,,,,,,,
1,paper-scaling-pilot,representation-crossover,exact-cover-oracle,exact-cover-oracle::solve (bitset branch-and-bound; predeclared cell limit),424242,12,1,representation-crossover:424242:12:0,0,False,True,0,60.0,unsupported,unsupported,0,unsupported,foreground cell count 8956 exceeds oracle limit 40,,43192292,,98,98,8956,1,196,96,,,,,,,,,,,,,,,,,0,14208,,,,,,,,,,,,,,,,,,196,96,,,48,576,1,48,51,96,
1,paper-scaling-pilot,representation-crossover,explicit-c0-flow,DominanceEmbedding::explicit_graph + C0 edge bicliques + explicit flow construction/execution/cover recovery + indexed completion,424242,12,1,representation-crossover:424242:12:0,0,False,True,1,60.0,success,success,0,valid,,,45700417,42867417,98,98,8956,1,196,96,24,24,48,576,576,1152,626,1200,73,0,0,0,24,24,626,1200,0,15958,1648542,13542,3792,13708,207042,22584,47667,1292,84,631458,70375,76292,2833000,,,,,196,96,,,48,576,1,48,51,96,
1,paper-scaling-pilot,representation-crossover,compact-mrd,dominance::biclique::experiment::construct + compressed flow construction/execution/cover recovery + indexed completion,424242,12,1,representation-crossover:424242:12:0,0,False,True,2,60.0,success,success,0,valid,,,45402000,42825292,98,98,8956,1,196,96,24,24,48,,1,48,51,96,73,0,0,0,24,24,,,0,15917,1645875,13209,4166,,29542,2334,11416,417,167,642083,74875,75792,2576708,,,,,196,96,,,48,576,1,48,51,96,
1,paper-scaling-pilot,representation-crossover,explicit-hopcroft-karp,sg-oracle::grid::build_conflict_graph + Hopcroft-Karp + Konig cover + indexed completion,424242,12,1,representation-crossover:424242:12:0,0,False,True,3,60.0,success,success,0,valid,,,45057375,42539041,98,98,8956,1,196,96,24,24,48,576,0,0,,,73,,,,24,24,,,0,9000,1635667,11584,,12584,,,3333,500,125,635083,71500,74416,2518334,,,,,196,96,,,48,576,1,48,51,96,
1,paper-scaling-pilot,representation-crossover,exact-cover-oracle,exact-cover-oracle::solve (bitset branch-and-bound; predeclared cell limit),424242,12,1,representation-crossover:424242:12:1,1,False,True,0,60.0,unsupported,unsupported,0,unsupported,foreground cell count 8956 exceeds oracle limit 40,,42561500,,98,98,8956,1,196,96,,,,,,,,,,,,,,,,,0,10500,,,,,,,,,,,,,,,,,,196,96,,,48,576,1,48,51,96,
1,paper-scaling-pilot,representation-crossover,explicit-c0-flow,DominanceEmbedding::explicit_graph + C0 edge bicliques + explicit flow construction/execution/cover recovery + indexed completion,424242,12,1,representation-crossover:424242:12:1,1,False,True,1,60.0,success,success,0,valid,,,46113958,43173583,98,98,8956,1,196,96,24,24,48,576,576,1152,626,1200,73,0,0,0,24,24,626,1200,0,9917,1630334,12417,3709,12125,191708,22875,45667,1125,209,740750,79125,78625,2940375,,,,,196,96,,,48,576,1,48,51,96,
1,paper-scaling-pilot,representation-crossover,compact-mrd,dominance::biclique::experiment::construct + compressed flow construction/execution/cover recovery + indexed completion,424242,12,1,representation-crossover:424242:12:1,1,False,True,2,60.0,success,success,0,valid,,,45261333,42662458,98,98,8956,1,196,96,24,24,48,,1,48,51,96,73,0,0,0,24,24,,,0,8833,1679500,12416,3375,,27208,2417,11041,542,208,634666,73000,75375,2598875,,,,,196,96,,,48,576,1,48,51,96,
1,paper-scaling-pilot,representation-crossover,explicit-hopcroft-karp,sg-oracle::grid::build_conflict_graph + Hopcroft-Karp + Konig cover + indexed completion,424242,12,1,representation-crossover:424242:12:1,1,False,True,3,60.0,success,success,0,valid,,,45691083,43152917,98,98,8956,1,196,96,24,24,48,576,0,0,,,73,,,,24,24,,,0,12084,1653542,12583,,12459,,,3208,333,208,636458,72125,73541,2538166,,,,,196,96,,,48,576,1,48,51,96,
1,paper-scaling-pilot,representation-crossover,exact-cover-oracle,exact-cover-oracle::solve (bitset branch-and-bound; predeclared cell limit),424242,12,1,representation-crossover:424242:12:2,2,False,True,0,60.0,unsupported,unsupported,0,unsupported,foreground cell count 8956 exceeds oracle limit 40,,45159833,,98,98,8956,1,196,96,,,,,,,,,,,,,,,,,0,10208,,,,,,,,,,,,,,,,,,196,96,,,48,576,1,48,51,96,
1,paper-scaling-pilot,representation-crossover,explicit-c0-flow,DominanceEmbedding::explicit_graph + C0 edge bicliques + explicit flow construction/execution/cover recovery + indexed completion,424242,12,1,representation-crossover:424242:12:2,2,False,True,1,60.0,success,success,0,valid,,,45263833,42509917,98,98,8956,1,196,96,24,24,48,576,576,1152,626,1200,73,0,0,0,24,24,626,1200,0,11375,1591417,12375,3792,11417,196500,20708,44833,1084,125,637083,69500,76084,2753916,,,,,196,96,,,48,576,1,48,51,96,
1,paper-scaling-pilot,representation-crossover,compact-mrd,dominance::biclique::experiment::construct + compressed flow construction/execution/cover recovery + indexed completion,424242,12,1,representation-crossover:424242:12:2,2,False,True,2,60.0,success,success,0,valid,,,45217167,42658209,98,98,8956,1,196,96,24,24,48,,1,48,51,96,73,0,0,0,24,24,,,0,9750,1641042,13375,3458,,27125,2375,10583,833,292,639500,71833,74542,2558958,,,,,196,96,,,48,576,1,48,51,96,
1,paper-scaling-pilot,representation-crossover,explicit-hopcroft-karp,sg-oracle::grid::build_conflict_graph + Hopcroft-Karp + Konig cover + indexed completion,424242,12,1,representation-crossover:424242:12:2,2,False,True,3,60.0,success,success,0,valid,,,44696166,42174874,98,98,8956,1,196,96,24,24,48,576,0,0,,,73,,,,24,24,,,0,8250,1630250,13833,,12584,,,3000,459,167,642458,70667,75500,2521292,,,,,196,96,,,48,576,1,48,51,96,
1,paper-scaling-pilot,representation-crossover,exact-cover-oracle,exact-cover-oracle::solve (bitset branch-and-bound; predeclared cell limit),424242,12,1,representation-crossover:424242:12:3,3,False,True,0,60.0,unsupported,unsupported,0,unsupported,foreground cell count 8956 exceeds oracle limit 40,,43185458,,98,98,8956,1,196,96,,,,,,,,,,,,,,,,,0,9875,,,,,,,,,,,,,,,,,,196,96,,,48,576,1,48,51,96,
1,paper-scaling-pilot,representation-crossover,explicit-c0-flow,DominanceEmbedding::explicit_graph + C0 edge bicliques + explicit flow construction/execution/cover recovery + indexed completion,424242,12,1,representation-crossover:424242:12:3,3,False,True,1,60.0,success,success,0,valid,,,46045834,43264459,98,98,8956,1,196,96,24,24,48,576,576,1152,626,1200,73,0,0,0,24,24,626,1200,0,8459,1603791,14209,3667,13583,195625,24834,45708,1166,125,642583,73375,74500,2781375,,,,,196,96,,,48,576,1,48,51,96,
1,paper-scaling-pilot,representation-crossover,compact-mrd,dominance::biclique::experiment::construct + compressed flow construction/execution/cover recovery + indexed completion,424242,12,1,representation-crossover:424242:12:3,3,False,True,2,60.0,success,success,0,valid,,,45686917,43124000,98,98,8956,1,196,96,24,24,48,,1,48,51,96,73,0,0,0,24,24,,,0,8583,1650500,13292,3792,,26625,3000,9750,791,209,637541,70792,75542,2562917,,,,,196,96,,,48,576,1,48,51,96,
1,paper-scaling-pilot,representation-crossover,explicit-hopcroft-karp,sg-oracle::grid::build_conflict_graph + Hopcroft-Karp + Konig cover + indexed completion,424242,12,1,representation-crossover:424242:12:3,3,False,True,3,60.0,success,success,0,valid,,,44460542,41945208,98,98,8956,1,196,96,24,24,48,576,0,0,,,73,,,,24,24,,,0,11584,1614292,13875,,13541,,,2917,459,167,634875,83000,75791,2515334,,,,,196,96,,,48,576,1,48,51,96,
1,paper-scaling-pilot,representation-crossover,exact-cover-oracle,exact-cover-oracle::solve (bitset branch-and-bound; predeclared cell limit),424242,12,1,representation-crossover:424242:12:4,4,False,True,0,60.0,unsupported,unsupported,0,unsupported,foreground cell count 8956 exceeds oracle limit 40,,43305458,,98,98,8956,1,196,96,,,,,,,,,,,,,,,,,0,15042,,,,,,,,,,,,,,,,,,196,96,,,48,576,1,48,51,96,
1,paper-scaling-pilot,representation-crossover,explicit-c0-flow,DominanceEmbedding::explicit_graph + C0 edge bicliques + explicit flow construction/execution/cover recovery + indexed completion,424242,12,1,representation-crossover:424242:12:4,4,False,True,1,60.0,success,success,0,valid,,,46239958,43323124,98,98,8956,1,196,96,24,24,48,576,576,1152,626,1200,73,0,0,0,24,24,626,1200,0,8125,1629042,12875,3875,12625,186834,25875,45042,1417,83,695333,130459,78083,2916834,,,,,196,96,,,48,576,1,48,51,96,
1,paper-scaling-pilot,representation-crossover,compact-mrd,dominance::biclique::experiment::construct + compressed flow construction/execution/cover recovery + indexed completion,424242,12,1,representation-crossover:424242:12:4,4,False,True,2,60.0,success,success,0,valid,,,45853917,43295500,98,98,8956,1,196,96,24,24,48,,1,48,51,96,73,0,0,0,24,24,,,0,11042,1636375,14084,3792,,27000,7750,11000,792,84,633584,74333,75833,2558417,,,,,196,96,,,48,576,1,48,51,96,
1,paper-scaling-pilot,representation-crossover,explicit-hopcroft-karp,sg-oracle::grid::build_conflict_graph + Hopcroft-Karp + Konig cover + indexed completion,424242,12,1,representation-crossover:424242:12:4,4,False,True,3,60.0,success,success,0,valid,,,45243667,42748792,98,98,8956,1,196,96,24,24,48,576,0,0,,,73,,,,24,24,,,0,10583,1595958,12958,,13334,,,3500,417,208,646208,72833,77125,2494875,,,,,196,96,,,48,576,1,48,51,96,
1,paper-scaling-pilot,representation-crossover,exact-cover-oracle,exact-cover-oracle::solve (bitset branch-and-bound; predeclared cell limit),424242,18,1,representation-crossover:424242:18:0,0,True,False,0,60.0,unsupported,unsupported,0,unsupported,foreground cell count 18196 exceeds oracle limit 40,,46687042,,140,140,18196,1,292,144,,,,,,,,,,,,,,,,,0,11709,,,,,,,,,,,,,,,,,,,,,,,,,,,,
1,paper-scaling-pilot,representation-crossover,explicit-c0-flow,DominanceEmbedding::explicit_graph + C0 edge bicliques + explicit flow construction/execution/cover recovery + indexed completion,424242,18,1,representation-crossover:424242:18:0,0,True,False,1,60.0,success,success,0,valid,,,49664125,43858000,140,140,18196,1,292,144,36,36,72,1296,1296,2592,1370,2664,109,0,0,0,36,36,1370,2664,0,11542,3445791,21459,5041,25417,435083,41500,95458,2208,209,1253959,130708,155250,5806125,,,,,,,,,,,,,,,
1,paper-scaling-pilot,representation-crossover,compact-mrd,dominance::biclique::experiment::construct + compressed flow construction/execution/cover recovery + indexed completion,424242,18,1,representation-crossover:424242:18:0,0,True,False,2,60.0,success,success,0,valid,,,48656333,43660958,140,140,18196,1,292,144,36,36,72,,1,72,75,144,109,0,0,0,36,36,,,0,11458,3264292,14250,4541,,31459,3417,11292,542,250,1252000,128167,143791,4995375,,,,,,,,,,,,,,,
1,paper-scaling-pilot,representation-crossover,explicit-hopcroft-karp,sg-oracle::grid::build_conflict_graph + Hopcroft-Karp + Konig cover + indexed completion,424242,18,1,representation-crossover:424242:18:0,0,True,False,3,60.0,success,success,0,valid,,,49352541,44177458,140,140,18196,1,292,144,36,36,72,1296,0,0,,,109,,,,36,36,,,0,13375,3431042,20958,,28333,,,3334,541,250,1261917,135167,152500,5175083,,,,,,,,,,,,,,,
1,paper-scaling-pilot,representation-crossover,exact-cover-oracle,exact-cover-oracle::solve (bitset branch-and-bound; predeclared cell limit),424242,18,1,representation-crossover:424242:18:0,0,False,True,0,60.0,unsupported,unsupported,0,unsupported,foreground cell count 18196 exceeds oracle limit 40,,44846625,,140,140,18196,1,292,144,,,,,,,,,,,,,,,,,0,11333,,,,,,,,,,,,,,,,,,292,144,,,72,1296,1,72,75,144,
1,paper-scaling-pilot,representation-crossover,explicit-c0-flow,DominanceEmbedding::explicit_graph + C0 edge bicliques + explicit flow construction/execution/cover recovery + indexed completion,424242,18,1,representation-crossover:424242:18:0,0,False,True,1,60.0,success,success,0,valid,,,50703791,45058207,140,140,18196,1,292,144,36,36,72,1296,1296,2592,1370,2664,109,0,0,0,36,36,1370,2664,0,20417,3277375,17166,5125,29417,443167,42250,96875,2416,208,1256833,133250,149250,5645584,,,,,292,144,,,72,1296,1,72,75,144,
1,paper-scaling-pilot,representation-crossover,compact-mrd,dominance::biclique::experiment::construct + compressed flow construction/execution/cover recovery + indexed completion,424242,18,1,representation-crossover:424242:18:0,0,False,True,2,60.0,success,success,0,valid,,,49374542,44321334,140,140,18196,1,292,144,36,36,72,,1,72,75,144,109,0,0,0,36,36,,,0,12709,3284333,18000,4750,,32000,2834,13458,458,208,1275084,131791,146459,5053208,,,,,292,144,,,72,1296,1,72,75,144,
1,paper-scaling-pilot,representation-crossover,explicit-hopcroft-karp,sg-oracle::grid::build_conflict_graph + Hopcroft-Karp + Konig cover + indexed completion,424242,18,1,representation-crossover:424242:18:0,0,False,True,3,60.0,success,success,0,valid,,,49121209,44027917,140,140,18196,1,292,144,36,36,72,1296,0,0,,,109,,,,36,36,,,0,11083,3312416,16375,,25125,,,3542,459,250,1261792,159458,159958,5093292,,,,,292,144,,,72,1296,1,72,75,144,
1,paper-scaling-pilot,representation-crossover,exact-cover-oracle,exact-cover-oracle::solve (bitset branch-and-bound; predeclared cell limit),424242,18,1,representation-crossover:424242:18:1,1,False,True,0,60.0,unsupported,unsupported,0,unsupported,foreground cell count 18196 exceeds oracle limit 40,,44961625,,140,140,18196,1,292,144,,,,,,,,,,,,,,,,,0,15250,,,,,,,,,,,,,,,,,,292,144,,,72,1296,1,72,75,144,
1,paper-scaling-pilot,representation-crossover,explicit-c0-flow,DominanceEmbedding::explicit_graph + C0 edge bicliques + explicit flow construction/execution/cover recovery + indexed completion,424242,18,1,representation-crossover:424242:18:1,1,False,True,1,60.0,success,success,0,valid,,,50842459,45113500,140,140,18196,1,292,144,36,36,72,1296,1296,2592,1370,2664,109,0,0,0,36,36,1370,2664,0,12125,3323584,17750,4792,35375,432125,42250,93459,2125,208,1292167,137042,153666,5728959,,,,,292,144,,,72,1296,1,72,75,144,
1,paper-scaling-pilot,representation-crossover,compact-mrd,dominance::biclique::experiment::construct + compressed flow construction/execution/cover recovery + indexed completion,424242,18,1,representation-crossover:424242:18:1,1,False,True,2,60.0,success,success,0,valid,,,49879959,44767417,140,140,18196,1,292,144,36,36,72,,1,72,75,144,109,0,0,0,36,36,,,0,12916,3345542,16375,4834,,34666,3125,12833,750,209,1255667,132583,151959,5112542,,,,,292,144,,,72,1296,1,72,75,144,
1,paper-scaling-pilot,representation-crossover,explicit-hopcroft-karp,sg-oracle::grid::build_conflict_graph + Hopcroft-Karp + Konig cover + indexed completion,424242,18,1,representation-crossover:424242:18:1,1,False,True,3,60.0,success,success,0,valid,,,52245541,47226166,140,140,18196,1,292,144,36,36,72,1296,0,0,,,109,,,,36,36,,,0,16792,3276583,16625,,26375,,,3083,542,125,1263542,136458,148792,5019375,,,,,292,144,,,72,1296,1,72,75,144,
1,paper-scaling-pilot,representation-crossover,exact-cover-oracle,exact-cover-oracle::solve (bitset branch-and-bound; predeclared cell limit),424242,18,1,representation-crossover:424242:18:2,2,False,True,0,60.0,unsupported,unsupported,0,unsupported,foreground cell count 18196 exceeds oracle limit 40,,44429209,,140,140,18196,1,292,144,,,,,,,,,,,,,,,,,0,12167,,,,,,,,,,,,,,,,,,292,144,,,72,1296,1,72,75,144,
1,paper-scaling-pilot,representation-crossover,explicit-c0-flow,DominanceEmbedding::explicit_graph + C0 edge bicliques + explicit flow construction/execution/cover recovery + indexed completion,424242,18,1,representation-crossover:424242:18:2,2,False,True,1,60.0,success,success,0,valid,,,49665042,44051459,140,140,18196,1,292,144,36,36,72,1296,1296,2592,1370,2664,109,0,0,0,36,36,1370,2664,0,12375,3224375,15375,4583,25500,398292,40917,89083,2000,208,1275958,133834,196249,5613583,,,,,292,144,,,72,1296,1,72,75,144,
1,paper-scaling-pilot,representation-crossover,compact-mrd,dominance::biclique::experiment::construct + compressed flow construction/execution/cover recovery + indexed completion,424242,18,1,representation-crossover:424242:18:2,2,False,True,2,60.0,success,success,0,valid,,,49470000,44322084,140,140,18196,1,292,144,36,36,72,,1,72,75,144,109,0,0,0,36,36,,,0,11709,3396916,20542,5084,,35625,2958,13292,750,209,1249625,133334,145500,5147916,,,,,292,144,,,72,1296,1,72,75,144,
1,paper-scaling-pilot,representation-crossover,explicit-hopcroft-karp,sg-oracle::grid::build_conflict_graph + Hopcroft-Karp + Konig cover + indexed completion,424242,18,1,representation-crossover:424242:18:2,2,False,True,3,60.0,success,success,0,valid,,,49961375,45014084,140,140,18196,1,292,144,36,36,72,1296,0,0,,,109,,,,36,36,,,0,12167,3224125,16291,,24417,,,3375,542,166,1257292,132125,145459,4947291,,,,,292,144,,,72,1296,1,72,75,144,
1,paper-scaling-pilot,representation-crossover,exact-cover-oracle,exact-cover-oracle::solve (bitset branch-and-bound; predeclared cell limit),424242,18,1,representation-crossover:424242:18:3,3,False,True,0,60.0,unsupported,unsupported,0,unsupported,foreground cell count 18196 exceeds oracle limit 40,,46233375,,140,140,18196,1,292,144,,,,,,,,,,,,,,,,,0,13083,,,,,,,,,,,,,,,,,,292,144,,,72,1296,1,72,75,144,
1,paper-scaling-pilot,representation-crossover,explicit-c0-flow,DominanceEmbedding::explicit_graph + C0 edge bicliques + explicit flow construction/execution/cover recovery + indexed completion,424242,18,1,representation-crossover:424242:18:3,3,False,True,1,60.0,success,success,0,valid,,,51408541,45771208,140,140,18196,1,292,144,36,36,72,1296,1296,2592,1370,2664,109,0,0,0,36,36,1370,2664,0,21458,3310667,15916,4625,25667,418333,44250,91667,2125,166,1253250,129584,147042,5637333,,,,,292,144,,,72,1296,1,72,75,144,
1,paper-scaling-pilot,representation-crossover,compact-mrd,dominance::biclique::experiment::construct + compressed flow construction/execution/cover recovery + indexed completion,424242,18,1,representation-crossover:424242:18:3,3,False,True,2,60.0,success,success,0,valid,,,50279792,45180959,140,140,18196,1,292,144,36,36,72,,1,72,75,144,109,0,0,0,36,36,,,0,11375,3342208,22042,4666,,32750,3417,14459,709,166,1257375,132417,146167,5098833,,,,,292,144,,,72,1296,1,72,75,144,
1,paper-scaling-pilot,representation-crossover,explicit-hopcroft-karp,sg-oracle::grid::build_conflict_graph + Hopcroft-Karp + Konig cover + indexed completion,424242,18,1,representation-crossover:424242:18:3,3,False,True,3,60.0,success,success,0,valid,,,49854334,44923501,140,140,18196,1,292,144,36,36,72,1296,0,0,,,109,,,,36,36,,,0,14917,3207958,15209,,24541,,,3292,583,250,1257333,131875,145333,4930833,,,,,292,144,,,72,1296,1,72,75,144,
1,paper-scaling-pilot,representation-crossover,exact-cover-oracle,exact-cover-oracle::solve (bitset branch-and-bound; predeclared cell limit),424242,18,1,representation-crossover:424242:18:4,4,False,True,0,60.0,unsupported,unsupported,0,unsupported,foreground cell count 18196 exceeds oracle limit 40,,44828125,,140,140,18196,1,292,144,,,,,,,,,,,,,,,,,0,11917,,,,,,,,,,,,,,,,,,292,144,,,72,1296,1,72,75,144,
1,paper-scaling-pilot,representation-crossover,explicit-c0-flow,DominanceEmbedding::explicit_graph + C0 edge bicliques + explicit flow construction/execution/cover recovery + indexed completion,424242,18,1,representation-crossover:424242:18:4,4,False,True,1,60.0,success,success,0,valid,,,51337375,45704584,140,140,18196,1,292,144,36,36,72,1296,1296,2592,1370,2664,109,0,0,0,36,36,1370,2664,0,11958,3265750,23167,5333,26250,423584,42958,94125,2250,208,1272666,137042,151084,5632791,,,,,292,144,,,72,1296,1,72,75,144,
1,paper-scaling-pilot,representation-crossover,compact-mrd,dominance::biclique::experiment::construct + compressed flow construction/execution/cover recovery + indexed completion,424242,18,1,representation-crossover:424242:18:4,4,False,True,2,60.0,success,success,0,valid,,,50955458,45878417,140,140,18196,1,292,144,36,36,72,,1,72,75,144,109,0,0,0,36,36,,,0,11167,3331208,16500,5208,,32458,3625,11917,750,250,1253875,133291,145417,5077041,,,,,292,144,,,72,1296,1,72,75,144,
1,paper-scaling-pilot,representation-crossover,explicit-hopcroft-karp,sg-oracle::grid::build_conflict_graph + Hopcroft-Karp + Konig cover + indexed completion,424242,18,1,representation-crossover:424242:18:4,4,False,True,3,60.0,success,success,0,valid,,,49054542,44139375,140,140,18196,1,292,144,36,36,72,1296,0,0,,,109,,,,36,36,,,0,10959,3189334,15000,,24833,,,3458,459,250,1263167,132041,145334,4915167,,,,,292,144,,,72,1296,1,72,75,144,
1,paper-scaling-pilot,representation-crossover,exact-cover-oracle,exact-cover-oracle::solve (bitset branch-and-bound; predeclared cell limit),424242,27,1,representation-crossover:424242:27:0,0,True,False,0,60.0,unsupported,unsupported,0,unsupported,foreground cell count 38131 exceeds oracle limit 40,,48290416,,203,203,38131,1,436,216,,,,,,,,,,,,,,,,,0,16500,,,,,,,,,,,,,,,,,,,,,,,,,,,,
1,paper-scaling-pilot,representation-crossover,explicit-c0-flow,DominanceEmbedding::explicit_graph + C0 edge bicliques + explicit flow construction/execution/cover recovery + indexed completion,424242,27,1,representation-crossover:424242:27:0,0,True,False,1,60.0,success,success,0,valid,,,60151500,48394833,203,203,38131,1,436,216,54,54,108,2916,2916,5832,3026,5940,163,0,0,0,54,54,3026,5940,0,16791,6877542,25291,5500,57542,922750,93959,185625,4208,292,2603458,267750,312000,11756667,,,,,,,,,,,,,,,
1,paper-scaling-pilot,representation-crossover,compact-mrd,dominance::biclique::experiment::construct + compressed flow construction/execution/cover recovery + indexed completion,424242,27,1,representation-crossover:424242:27:0,0,True,False,2,60.0,success,success,0,valid,,,59367875,48864834,203,203,38131,1,436,216,54,54,108,,1,108,111,216,163,0,0,0,54,54,,,0,17125,6913084,24625,7834,,45208,6625,13417,708,208,2621167,271458,283125,10503041,,,,,,,,,,,,,,,
1,paper-scaling-pilot,representation-crossover,explicit-hopcroft-karp,sg-oracle::grid::build_conflict_graph + Hopcroft-Karp + Konig cover + indexed completion,424242,27,1,representation-crossover:424242:27:0,0,True,False,3,60.0,success,success,0,valid,,,58536250,48150334,203,203,38131,1,436,216,54,54,108,2916,0,0,,,163,,,,54,54,,,0,20959,6841250,24792,,57958,,,5750,542,125,2594583,266417,283709,10385916,,,,,,,,,,,,,,,
1,paper-scaling-pilot,representation-crossover,exact-cover-oracle,exact-cover-oracle::solve (bitset branch-and-bound; predeclared cell limit),424242,27,1,representation-crossover:424242:27:0,0,False,True,0,60.0,unsupported,unsupported,0,unsupported,foreground cell count 38131 exceeds oracle limit 40,,48635750,,203,203,38131,1,436,216,,,,,,,,,,,,,,,,,0,14709,,,,,,,,,,,,,,,,,,436,216,,,108,2916,1,108,111,216,
1,paper-scaling-pilot,representation-crossover,explicit-c0-flow,DominanceEmbedding::explicit_graph + C0 edge bicliques + explicit flow construction/execution/cover recovery + indexed completion,424242,27,1,representation-crossover:424242:27:0,0,False,True,1,60.0,success,success,0,valid,,,60779750,49016000,203,203,38131,1,436,216,54,54,108,2916,2916,5832,3026,5940,163,0,0,0,54,54,3026,5940,0,16041,6773333,24084,5250,59583,904541,86792,198667,4333,209,2712375,276458,307834,11763750,,,,,436,216,,,108,2916,1,108,111,216,
1,paper-scaling-pilot,representation-crossover,compact-mrd,dominance::biclique::experiment::construct + compressed flow construction/execution/cover recovery + indexed completion,424242,27,1,representation-crossover:424242:27:0,0,False,True,2,60.0,success,success,0,valid,,,58978750,48615416,203,203,38131,1,436,216,54,54,108,,1,108,111,216,163,0,0,0,54,54,,,0,15209,6813250,21458,4750,,40000,3833,15750,583,208,2599625,263083,286750,10363334,,,,,436,216,,,108,2916,1,108,111,216,
1,paper-scaling-pilot,representation-crossover,explicit-hopcroft-karp,sg-oracle::grid::build_conflict_graph + Hopcroft-Karp + Konig cover + indexed completion,424242,27,1,representation-crossover:424242:27:0,0,False,True,3,60.0,success,success,0,valid,,,58963250,48482167,203,203,38131,1,436,216,54,54,108,2916,0,0,,,163,,,,54,54,,,0,17208,6914041,21625,,56583,,,4792,458,208,2612541,272750,281750,10481083,,,,,436,216,,,108,2916,1,108,111,216,
1,paper-scaling-pilot,representation-crossover,exact-cover-oracle,exact-cover-oracle::solve (bitset branch-and-bound; predeclared cell limit),424242,27,1,representation-crossover:424242:27:1,1,False,True,0,60.0,unsupported,unsupported,0,unsupported,foreground cell count 38131 exceeds oracle limit 40,,48663166,,203,203,38131,1,436,216,,,,,,,,,,,,,,,,,0,17667,,,,,,,,,,,,,,,,,,436,216,,,108,2916,1,108,111,216,
1,paper-scaling-pilot,representation-crossover,explicit-c0-flow,DominanceEmbedding::explicit_graph + C0 edge bicliques + explicit flow construction/execution/cover recovery + indexed completion,424242,27,1,representation-crossover:424242:27:1,1,False,True,1,60.0,success,success,0,valid,,,60904125,49142958,203,203,38131,1,436,216,54,54,108,2916,2916,5832,3026,5940,163,0,0,0,54,54,3026,5940,0,13875,6959958,21833,5083,55750,885125,90292,170125,4292,125,2586208,268500,312292,11761167,,,,,436,216,,,108,2916,1,108,111,216,
1,paper-scaling-pilot,representation-crossover,compact-mrd,dominance::biclique::experiment::construct + compressed flow construction/execution/cover recovery + indexed completion,424242,27,1,representation-crossover:424242:27:1,1,False,True,2,60.0,success,success,0,valid,,,58695083,48337125,203,203,38131,1,436,216,54,54,108,,1,108,111,216,163,0,0,0,54,54,,,0,20459,6844333,30833,4875,,41542,3334,17542,833,166,2565416,263625,277750,10357958,,,,,436,216,,,108,2916,1,108,111,216,
1,paper-scaling-pilot,representation-crossover,explicit-hopcroft-karp,sg-oracle::grid::build_conflict_graph + Hopcroft-Karp + Konig cover + indexed completion,424242,27,1,representation-crossover:424242:27:1,1,False,True,3,60.0,success,success,0,valid,,,58891292,48703501,203,203,38131,1,436,216,54,54,108,2916,0,0,,,163,,,,54,54,,,0,15333,6673000,21959,,55167,,,5708,458,209,2577833,263667,282958,10187791,,,,,436,216,,,108,2916,1,108,111,216,
1,paper-scaling-pilot,representation-crossover,exact-cover-oracle,exact-cover-oracle::solve (bitset branch-and-bound; predeclared cell limit),424242,27,1,representation-crossover:424242:27:2,2,False,True,0,60.0,unsupported,unsupported,0,unsupported,foreground cell count 38131 exceeds oracle limit 40,,48661458,,203,203,38131,1,436,216,,,,,,,,,,,,,,,,,0,16875,,,,,,,,,,,,,,,,,,436,216,,,108,2916,1,108,111,216,
1,paper-scaling-pilot,representation-crossover,explicit-c0-flow,DominanceEmbedding::explicit_graph + C0 edge bicliques + explicit flow construction/execution/cover recovery + indexed completion,424242,27,1,representation-crossover:424242:27:2,2,False,True,1,60.0,success,success,0,valid,,,60581333,48772333,203,203,38131,1,436,216,54,54,108,2916,2916,5832,3026,5940,163,0,0,0,54,54,3026,5940,0,20041,6974750,22625,4959,57416,925333,85625,176167,3791,209,2580959,263333,293166,11809000,,,,,436,216,,,108,2916,1,108,111,216,
1,paper-scaling-pilot,representation-crossover,compact-mrd,dominance::biclique::experiment::construct + compressed flow construction/execution/cover recovery + indexed completion,424242,27,1,representation-crossover:424242:27:2,2,False,True,2,60.0,success,success,0,valid,,,59118917,48869792,203,203,38131,1,436,216,54,54,108,,1,108,111,216,163,0,0,0,54,54,,,0,19625,6741292,21209,5250,,40667,3375,14334,750,208,2568875,264000,278250,10249125,,,,,436,216,,,108,2916,1,108,111,216,
1,paper-scaling-pilot,representation-crossover,explicit-hopcroft-karp,sg-oracle::grid::build_conflict_graph + Hopcroft-Karp + Konig cover + indexed completion,424242,27,1,representation-crossover:424242:27:2,2,False,True,3,60.0,success,success,0,valid,,,59582083,49124750,203,203,38131,1,436,216,54,54,108,2916,0,0,,,163,,,,54,54,,,0,15625,6774292,21125,,59416,,,4708,584,209,2707375,265250,294375,10457333,,,,,436,216,,,108,2916,1,108,111,216,
1,paper-scaling-pilot,representation-crossover,exact-cover-oracle,exact-cover-oracle::solve (bitset branch-and-bound; predeclared cell limit),424242,27,1,representation-crossover:424242:27:3,3,False,True,0,60.0,unsupported,unsupported,0,unsupported,foreground cell count 38131 exceeds oracle limit 40,,48030166,,203,203,38131,1,436,216,,,,,,,,,,,,,,,,,0,14791,,,,,,,,,,,,,,,,,,436,216,,,108,2916,1,108,111,216,
1,paper-scaling-pilot,representation-crossover,explicit-c0-flow,DominanceEmbedding::explicit_graph + C0 edge bicliques + explicit flow construction/execution/cover recovery + indexed completion,424242,27,1,representation-crossover:424242:27:3,3,False,True,1,60.0,success,success,0,valid,,,60514750,48672958,203,203,38131,1,436,216,54,54,108,2916,2916,5832,3026,5940,163,0,0,0,54,54,3026,5940,0,18125,6862250,22875,5625,57042,923583,93416,175792,4875,417,2579792,283708,396584,11841792,,,,,436,216,,,108,2916,1,108,111,216,
1,paper-scaling-pilot,representation-crossover,compact-mrd,dominance::biclique::experiment::construct + compressed flow construction/execution/cover recovery + indexed completion,424242,27,1,representation-crossover:424242:27:3,3,False,True,2,60.0,success,success,0,valid,,,60698791,50302041,203,203,38131,1,436,216,54,54,108,,1,108,111,216,163,0,0,0,54,54,,,0,16167,6837917,24083,5792,,43000,3542,17167,1042,167,2592000,265125,293333,10396750,,,,,436,216,,,108,2916,1,108,111,216,
1,paper-scaling-pilot,representation-crossover,explicit-hopcroft-karp,sg-oracle::grid::build_conflict_graph + Hopcroft-Karp + Konig cover + indexed completion,424242,27,1,representation-crossover:424242:27:3,3,False,True,3,60.0,success,success,0,valid,,,58503792,48180500,203,203,38131,1,436,216,54,54,108,2916,0,0,,,163,,,,54,54,,,0,18625,6784625,25417,,56750,,,5834,375,167,2594042,263458,280958,10323292,,,,,436,216,,,108,2916,1,108,111,216,
1,paper-scaling-pilot,representation-crossover,exact-cover-oracle,exact-cover-oracle::solve (bitset branch-and-bound; predeclared cell limit),424242,27,1,representation-crossover:424242:27:4,4,False,True,0,60.0,unsupported,unsupported,0,unsupported,foreground cell count 38131 exceeds oracle limit 40,,48366541,,203,203,38131,1,436,216,,,,,,,,,,,,,,,,,0,16667,,,,,,,,,,,,,,,,,,436,216,,,108,2916,1,108,111,216,
1,paper-scaling-pilot,representation-crossover,explicit-c0-flow,DominanceEmbedding::explicit_graph + C0 edge bicliques + explicit flow construction/execution/cover recovery + indexed completion,424242,27,1,representation-crossover:424242:27:4,4,False,True,1,60.0,success,success,0,valid,,,63549333,51773625,203,203,38131,1,436,216,54,54,108,2916,2916,5832,3026,5940,163,0,0,0,54,54,3026,5940,0,15667,6877958,20625,5250,59083,944500,102209,193500,4750,292,2615083,269084,292625,11775708,,,,,436,216,,,108,2916,1,108,111,216,
1,paper-scaling-pilot,representation-crossover,compact-mrd,dominance::biclique::experiment::construct + compressed flow construction/execution/cover recovery + indexed completion,424242,27,1,representation-crossover:424242:27:4,4,False,True,2,60.0,success,success,0,valid,,,59289000,48862583,203,203,38131,1,436,216,54,54,108,,1,108,111,216,163,0,0,0,54,54,,,0,16042,6894958,21667,5208,,39167,2791,13667,833,292,2593791,262875,281751,10426417,,,,,436,216,,,108,2916,1,108,111,216,
1,paper-scaling-pilot,representation-crossover,explicit-hopcroft-karp,sg-oracle::grid::build_conflict_graph + Hopcroft-Karp + Konig cover + indexed completion,424242,27,1,representation-crossover:424242:27:4,4,False,True,3,60.0,success,success,0,valid,,,59711292,49337209,203,203,38131,1,436,216,54,54,108,2916,0,0,,,163,,,,54,54,,,0,18750,6733250,20291,,58750,,,4666,500,125,2664833,267875,288167,10374083,,,,,436,216,,,108,2916,1,108,111,216,
1,paper-scaling-pilot,representation-crossover,exact-cover-oracle,exact-cover-oracle::solve (bitset branch-and-bound; predeclared cell limit),424242,40,1,representation-crossover:424242:40:0,0,True,False,0,60.0,unsupported,unsupported,0,unsupported,foreground cell count 79796 exceeds oracle limit 40,,57409000,,294,294,79796,1,644,320,,,,,,,,,,,,,,,,,0,19583,,,,,,,,,,,,,,,,,,,,,,,,,,,,
1,paper-scaling-pilot,representation-crossover,explicit-c0-flow,DominanceEmbedding::explicit_graph + C0 edge bicliques + explicit flow construction/execution/cover recovery + indexed completion,424242,40,1,representation-crossover:424242:40:0,0,True,False,1,60.0,success,success,0,valid,,,83262458,58509708,294,294,79796,1,644,320,80,80,160,6400,6400,12800,6562,12960,241,0,0,0,80,80,6562,12960,0,24042,14491209,37500,7625,153500,1985667,185375,371750,8959,291,5331625,568875,566876,24752750,,,,,,,,,,,,,,,
1,paper-scaling-pilot,representation-crossover,compact-mrd,dominance::biclique::experiment::construct + compressed flow construction/execution/cover recovery + indexed completion,424242,40,1,representation-crossover:424242:40:0,0,True,False,2,60.0,success,success,0,valid,,,79166667,57440042,294,294,79796,1,644,320,80,80,160,,1,160,163,320,241,0,0,0,80,80,,,0,18167,14391416,33750,8209,,46959,5625,17375,833,209,5370709,573375,561792,21726625,,,,,,,,,,,,,,,
1,paper-scaling-pilot,representation-crossover,explicit-hopcroft-karp,sg-oracle::grid::build_conflict_graph + Hopcroft-Karp + Konig cover + indexed completion,424242,40,1,representation-crossover:424242:40:0,0,True,False,3,60.0,success,success,0,valid,,,79453916,57783416,294,294,79796,1,644,320,80,80,160,6400,0,0,,,241,,,,80,80,,,0,18708,14176042,33500,,153792,,,10083,583,208,5334291,556125,581458,21670500,,,,,,,,,,,,,,,
1,paper-scaling-pilot,representation-crossover,exact-cover-oracle,exact-cover-oracle::solve (bitset branch-and-bound; predeclared cell limit),424242,40,1,representation-crossover:424242:40:0,0,False,True,0,60.0,unsupported,unsupported,0,unsupported,foreground cell count 79796 exceeds oracle limit 40,,57380375,,294,294,79796,1,644,320,,,,,,,,,,,,,,,,,0,18541,,,,,,,,,,,,,,,,,,644,320,,,160,6400,1,160,163,320,
1,paper-scaling-pilot,representation-crossover,explicit-c0-flow,DominanceEmbedding::explicit_graph + C0 edge bicliques + explicit flow construction/execution/cover recovery + indexed completion,424242,40,1,representation-crossover:424242:40:0,0,False,True,1,60.0,success,success,0,valid,,,81678500,56990625,294,294,79796,1,644,320,80,80,160,6400,6400,12800,6562,12960,241,0,0,0,80,80,6562,12960,0,18417,14437875,31917,5792,150834,1989958,225500,365292,8541,167,5349291,598417,591125,24687875,,,,,644,320,,,160,6400,1,160,163,320,
1,paper-scaling-pilot,representation-crossover,compact-mrd,dominance::biclique::experiment::construct + compressed flow construction/execution/cover recovery + indexed completion,424242,40,1,representation-crossover:424242:40:0,0,False,True,2,60.0,success,success,0,valid,,,79549375,57963250,294,294,79796,1,644,320,80,80,160,,1,160,163,320,241,0,0,0,80,80,,,0,18542,14252042,36041,7667,,49791,6125,18333,833,166,5361542,566916,566417,21586125,,,,,644,320,,,160,6400,1,160,163,320,
1,paper-scaling-pilot,representation-crossover,explicit-hopcroft-karp,sg-oracle::grid::build_conflict_graph + Hopcroft-Karp + Konig cover + indexed completion,424242,40,1,representation-crossover:424242:40:0,0,False,True,3,60.0,success,success,0,valid,,,80579583,58554042,294,294,79796,1,644,320,80,80,160,6400,0,0,,,241,,,,80,80,,,0,24542,14382833,31583,,152250,,,9916,583,209,5371000,673416,613916,22025541,,,,,644,320,,,160,6400,1,160,163,320,
1,paper-scaling-pilot,representation-crossover,exact-cover-oracle,exact-cover-oracle::solve (bitset branch-and-bound; predeclared cell limit),424242,40,1,representation-crossover:424242:40:1,1,False,True,0,60.0,unsupported,unsupported,0,unsupported,foreground cell count 79796 exceeds oracle limit 40,,57376875,,294,294,79796,1,644,320,,,,,,,,,,,,,,,,,0,18292,,,,,,,,,,,,,,,,,,644,320,,,160,6400,1,160,163,320,
1,paper-scaling-pilot,representation-crossover,explicit-c0-flow,DominanceEmbedding::explicit_graph + C0 edge bicliques + explicit flow construction/execution/cover recovery + indexed completion,424242,40,1,representation-crossover:424242:40:1,1,False,True,1,60.0,success,success,0,valid,,,81935167,57636417,294,294,79796,1,644,320,80,80,160,6400,6400,12800,6562,12960,241,0,0,0,80,80,6562,12960,0,21792,14077583,34416,9459,157209,1992292,187125,366834,8708,125,5345750,563375,559750,24298750,,,,,644,320,,,160,6400,1,160,163,320,
1,paper-scaling-pilot,representation-crossover,compact-mrd,dominance::biclique::experiment::construct + compressed flow construction/execution/cover recovery + indexed completion,424242,40,1,representation-crossover:424242:40:1,1,False,True,2,60.0,success,success,0,valid,,,79656750,57891125,294,294,79796,1,644,320,80,80,160,,1,160,163,320,241,0,0,0,80,80,,,0,18458,14409334,36667,9209,,46125,6125,18959,916,209,5411042,552541,563333,21765625,,,,,644,320,,,160,6400,1,160,163,320,
1,paper-scaling-pilot,representation-crossover,explicit-hopcroft-karp,sg-oracle::grid::build_conflict_graph + Hopcroft-Karp + Konig cover + indexed completion,424242,40,1,representation-crossover:424242:40:1,1,False,True,3,60.0,success,success,0,valid,,,80060250,58149375,294,294,79796,1,644,320,80,80,160,6400,0,0,,,241,,,,80,80,,,0,22667,14387000,32458,,154000,,,9375,709,125,5451208,572000,578918,21910875,,,,,644,320,,,160,6400,1,160,163,320,
1,paper-scaling-pilot,representation-crossover,exact-cover-oracle,exact-cover-oracle::solve (bitset branch-and-bound; predeclared cell limit),424242,40,1,representation-crossover:424242:40:2,2,False,True,0,60.0,unsupported,unsupported,0,unsupported,foreground cell count 79796 exceeds oracle limit 40,,56934291,,294,294,79796,1,644,320,,,,,,,,,,,,,,,,,0,20208,,,,,,,,,,,,,,,,,,644,320,,,160,6400,1,160,163,320,
1,paper-scaling-pilot,representation-crossover,explicit-c0-flow,DominanceEmbedding::explicit_graph + C0 edge bicliques + explicit flow construction/execution/cover recovery + indexed completion,424242,40,1,representation-crossover:424242:40:2,2,False,True,1,60.0,success,success,0,valid,,,81965750,57410042,294,294,79796,1,644,320,80,80,160,6400,6400,12800,6562,12960,241,0,0,0,80,80,6562,12960,0,17917,14281125,31125,7458,149750,1937125,180250,358375,8417,167,5501292,590958,567251,24555708,,,,,644,320,,,160,6400,1,160,163,320,
1,paper-scaling-pilot,representation-crossover,compact-mrd,dominance::biclique::experiment::construct + compressed flow construction/execution/cover recovery + indexed completion,424242,40,1,representation-crossover:424242:40:2,2,False,True,2,60.0,success,success,0,valid,,,78306125,56737625,294,294,79796,1,644,320,80,80,160,,1,160,163,320,241,0,0,0,80,80,,,0,23917,14289958,32834,5375,,48708,5083,19625,708,209,5332583,559917,561041,21568500,,,,,644,320,,,160,6400,1,160,163,320,
1,paper-scaling-pilot,representation-crossover,explicit-hopcroft-karp,sg-oracle::grid::build_conflict_graph + Hopcroft-Karp + Konig cover + indexed completion,424242,40,1,representation-crossover:424242:40:2,2,False,True,3,60.0,success,success,0,valid,,,80320750,58353542,294,294,79796,1,644,320,80,80,160,6400,0,0,,,241,,,,80,80,,,0,20125,14411167,32500,,165083,,,8541,583,167,5437209,573250,575250,21967208,,,,,644,320,,,160,6400,1,160,163,320,
1,paper-scaling-pilot,representation-crossover,exact-cover-oracle,exact-cover-oracle::solve (bitset branch-and-bound; predeclared cell limit),424242,40,1,representation-crossover:424242:40:3,3,False,True,0,60.0,unsupported,unsupported,0,unsupported,foreground cell count 79796 exceeds oracle limit 40,,58089375,,294,294,79796,1,644,320,,,,,,,,,,,,,,,,,0,20583,,,,,,,,,,,,,,,,,,644,320,,,160,6400,1,160,163,320,
1,paper-scaling-pilot,representation-crossover,explicit-c0-flow,DominanceEmbedding::explicit_graph + C0 edge bicliques + explicit flow construction/execution/cover recovery + indexed completion,424242,40,1,representation-crossover:424242:40:3,3,False,True,1,60.0,success,success,0,valid,,,82472084,58013501,294,294,79796,1,644,320,80,80,160,6400,6400,12800,6562,12960,241,0,0,0,80,80,6562,12960,0,22375,14207041,32875,8125,152208,2072417,200958,390416,8792,208,5347333,567208,562709,24458583,,,,,644,320,,,160,6400,1,160,163,320,
1,paper-scaling-pilot,representation-crossover,compact-mrd,dominance::biclique::experiment::construct + compressed flow construction/execution/cover recovery + indexed completion,424242,40,1,representation-crossover:424242:40:3,3,False,True,2,60.0,success,success,0,valid,,,80479334,58567584,294,294,79796,1,644,320,80,80,160,,1,160,163,320,241,0,0,0,80,80,,,0,22917,14452834,33500,7708,,49291,5917,19209,791,209,5435208,581125,579959,21911750,,,,,644,320,,,160,6400,1,160,163,320,
1,paper-scaling-pilot,representation-crossover,explicit-hopcroft-karp,sg-oracle::grid::build_conflict_graph + Hopcroft-Karp + Konig cover + indexed completion,424242,40,1,representation-crossover:424242:40:3,3,False,True,3,60.0,success,success,0,valid,,,79279209,57458501,294,294,79796,1,644,320,80,80,160,6400,0,0,,,241,,,,80,80,,,0,21292,14339041,33125,,149833,,,8958,666,208,5329333,628792,580958,21820708,,,,,644,320,,,160,6400,1,160,163,320,
1,paper-scaling-pilot,representation-crossover,exact-cover-oracle,exact-cover-oracle::solve (bitset branch-and-bound; predeclared cell limit),424242,40,1,representation-crossover:424242:40:4,4,False,True,0,60.0,unsupported,unsupported,0,unsupported,foreground cell count 79796 exceeds oracle limit 40,,58674417,,294,294,79796,1,644,320,,,,,,,,,,,,,,,,,0,24708,,,,,,,,,,,,,,,,,,644,320,,,160,6400,1,160,163,320,
1,paper-scaling-pilot,representation-crossover,explicit-c0-flow,DominanceEmbedding::explicit_graph + C0 edge bicliques + explicit flow construction/execution/cover recovery + indexed completion,424242,40,1,representation-crossover:424242:40:4,4,False,True,1,60.0,success,success,0,valid,,,81978583,57496625,294,294,79796,1,644,320,80,80,160,6400,6400,12800,6562,12960,241,0,0,0,80,80,6562,12960,0,20333,14186500,34375,5625,149250,2000333,210833,379250,8500,250,5417333,586417,568292,24481958,,,,,644,320,,,160,6400,1,160,163,320,
1,paper-scaling-pilot,representation-crossover,compact-mrd,dominance::biclique::experiment::construct + compressed flow construction/execution/cover recovery + indexed completion,424242,40,1,representation-crossover:424242:40:4,4,False,True,2,60.0,success,success,0,valid,,,79020292,57220084,294,294,79796,1,644,320,80,80,160,,1,160,163,320,241,0,0,0,80,80,,,0,26000,14448375,34792,7834,,45583,5459,21834,750,250,5361625,567875,579917,21800208,,,,,644,320,,,160,6400,1,160,163,320,
1,paper-scaling-pilot,representation-crossover,explicit-hopcroft-karp,sg-oracle::grid::build_conflict_graph + Hopcroft-Karp + Konig cover + indexed completion,424242,40,1,representation-crossover:424242:40:4,4,False,True,3,60.0,success,success,0,valid,,,79958334,57798709,294,294,79796,1,644,320,80,80,160,6400,0,0,,,241,,,,80,80,,,0,18333,14755708,32958,,151375,,,10125,708,208,5340667,584917,566916,22159625,,,,,644,320,,,160,6400,1,160,163,320,
1,paper-scaling-pilot,representation-crossover,exact-cover-oracle,exact-cover-oracle::solve (bitset branch-and-bound; predeclared cell limit),424242,60,1,representation-crossover:424242:60:0,0,True,False,0,60.0,unsupported,unsupported,0,unsupported,foreground cell count 173596 exceeds oracle limit 40,,78744083,,434,434,173596,1,964,480,,,,,,,,,,,,,,,,,0,27250,,,,,,,,,,,,,,,,,,,,,,,,,,,,
1,paper-scaling-pilot,representation-crossover,explicit-c0-flow,DominanceEmbedding::explicit_graph + C0 edge bicliques + explicit flow construction/execution/cover recovery + indexed completion,424242,60,1,representation-crossover:424242:60:0,0,True,False,1,60.0,success,success,0,valid,,,133836792,78998500,434,434,173596,1,964,480,120,120,240,14400,14400,28800,14642,29040,361,0,0,0,120,120,14642,29040,0,27000,31617917,49208,10291,458208,4934750,394625,776042,18042,208,11699500,1350958,1371917,54838292,,,,,,,,,,,,,,,
1,paper-scaling-pilot,representation-crossover,compact-mrd,dominance::biclique::experiment::construct + compressed flow construction/execution/cover recovery + indexed completion,424242,60,1,representation-crossover:424242:60:0,0,True,False,2,60.0,success,success,0,valid,,,126078500,78284042,434,434,173596,1,964,480,120,120,240,,1,240,243,480,361,0,0,0,120,120,,,0,27959,31534417,52083,9417,,69250,5042,42375,1167,375,11821958,1213625,1348417,47794458,,,,,,,,,,,,,,,
1,paper-scaling-pilot,representation-crossover,explicit-hopcroft-karp,sg-oracle::grid::build_conflict_graph + Hopcroft-Karp + Konig cover + indexed completion,424242,60,1,representation-crossover:424242:60:0,0,True,False,3,60.0,success,success,0,valid,,,127392416,79625499,434,434,173596,1,964,480,120,120,240,14400,0,0,,,361,,,,120,120,,,0,27209,31227250,46375,,452500,,,15042,417,125,11797209,1253708,1269500,47766917,,,,,,,,,,,,,,,
1,paper-scaling-pilot,representation-crossover,exact-cover-oracle,exact-cover-oracle::solve (bitset branch-and-bound; predeclared cell limit),424242,60,1,representation-crossover:424242:60:0,0,False,True,0,60.0,unsupported,unsupported,0,unsupported,foreground cell count 173596 exceeds oracle limit 40,,78549459,,434,434,173596,1,964,480,,,,,,,,,,,,,,,,,0,29333,,,,,,,,,,,,,,,,,,964,480,,,240,14400,1,240,243,480,
1,paper-scaling-pilot,representation-crossover,explicit-c0-flow,DominanceEmbedding::explicit_graph + C0 edge bicliques + explicit flow construction/execution/cover recovery + indexed completion,424242,60,1,representation-crossover:424242:60:0,0,False,True,1,60.0,success,success,0,valid,,,131840708,76880166,434,434,173596,1,964,480,120,120,240,14400,14400,28800,14642,29040,361,0,0,0,120,120,14642,29040,0,28208,31714666,45042,6500,443500,4936334,444042,769833,17958,125,11717000,1305000,1410291,54960542,,,,,964,480,,,240,14400,1,240,243,480,
1,paper-scaling-pilot,representation-crossover,compact-mrd,dominance::biclique::experiment::construct + compressed flow construction/execution/cover recovery + indexed completion,424242,60,1,representation-crossover:424242:60:0,0,False,True,2,60.0,success,success,0,valid,,,125035708,77427417,434,434,173596,1,964,480,120,120,240,,1,240,243,480,361,0,0,0,120,120,,,0,26709,31642208,41792,4875,,60666,6250,22833,834,208,11592625,1241333,1295458,47608291,,,,,964,480,,,240,14400,1,240,243,480,
1,paper-scaling-pilot,representation-crossover,explicit-hopcroft-karp,sg-oracle::grid::build_conflict_graph + Hopcroft-Karp + Konig cover + indexed completion,424242,60,1,representation-crossover:424242:60:0,0,False,True,3,60.0,success,success,0,valid,,,127009959,79201209,434,434,173596,1,964,480,120,120,240,14400,0,0,,,361,,,,120,120,,,0,27958,31329584,48958,,448208,,,17042,416,167,11698208,1253084,1256875,47808750,,,,,964,480,,,240,14400,1,240,243,480,
1,paper-scaling-pilot,representation-crossover,exact-cover-oracle,exact-cover-oracle::solve (bitset branch-and-bound; predeclared cell limit),424242,60,1,representation-crossover:424242:60:1,1,False,True,0,60.0,unsupported,unsupported,0,unsupported,foreground cell count 173596 exceeds oracle limit 40,,77286917,,434,434,173596,1,964,480,,,,,,,,,,,,,,,,,0,27500,,,,,,,,,,,,,,,,,,964,480,,,240,14400,1,240,243,480,
1,paper-scaling-pilot,representation-crossover,explicit-c0-flow,DominanceEmbedding::explicit_graph + C0 edge bicliques + explicit flow construction/execution/cover recovery + indexed completion,424242,60,1,representation-crossover:424242:60:1,1,False,True,1,60.0,success,success,0,valid,,,132844834,77890250,434,434,173596,1,964,480,120,120,240,14400,14400,28800,14642,29040,361,0,0,0,120,120,14642,29040,0,27334,31953792,46875,8208,440791,4912708,414625,739792,18333,333,11703125,1232833,1289917,54954584,,,,,964,480,,,240,14400,1,240,243,480,
1,paper-scaling-pilot,representation-crossover,compact-mrd,dominance::biclique::experiment::construct + compressed flow construction/execution/cover recovery + indexed completion,424242,60,1,representation-crossover:424242:60:1,1,False,True,2,60.0,success,success,0,valid,,,130244542,79050292,434,434,173596,1,964,480,120,120,240,,1,240,243,480,361,0,0,0,120,120,,,0,25208,35055167,47375,8750,,60875,4833,24333,791,250,11574125,1313333,1404667,51194250,,,,,964,480,,,240,14400,1,240,243,480,
1,paper-scaling-pilot,representation-crossover,explicit-hopcroft-karp,sg-oracle::grid::build_conflict_graph + Hopcroft-Karp + Konig cover + indexed completion,424242,60,1,representation-crossover:424242:60:1,1,False,True,3,60.0,success,success,0,valid,,,127086833,78721041,434,434,173596,1,964,480,120,120,240,14400,0,0,,,361,,,,120,120,,,0,26541,31865667,44291,,453000,,,17041,542,167,11797750,1228792,1246917,48365792,,,,,964,480,,,240,14400,1,240,243,480,
1,paper-scaling-pilot,representation-crossover,exact-cover-oracle,exact-cover-oracle::solve (bitset branch-and-bound; predeclared cell limit),424242,60,1,representation-crossover:424242:60:2,2,False,True,0,60.0,unsupported,unsupported,0,unsupported,foreground cell count 173596 exceeds oracle limit 40,,78303459,,434,434,173596,1,964,480,,,,,,,,,,,,,,,,,0,26542,,,,,,,,,,,,,,,,,,964,480,,,240,14400,1,240,243,480,
1,paper-scaling-pilot,representation-crossover,explicit-c0-flow,DominanceEmbedding::explicit_graph + C0 edge bicliques + explicit flow construction/execution/cover recovery + indexed completion,424242,60,1,representation-crossover:424242:60:2,2,False,True,1,60.0,success,success,0,valid,,,133724625,79155083,434,434,173596,1,964,480,120,120,240,14400,14400,28800,14642,29040,361,0,0,0,120,120,14642,29040,0,25916,31430750,46459,8458,436292,4951500,407250,789291,25709,209,11743084,1225041,1290667,54569542,,,,,964,480,,,240,14400,1,240,243,480,
1,paper-scaling-pilot,representation-crossover,compact-mrd,dominance::biclique::experiment::construct + compressed flow construction/execution/cover recovery + indexed completion,424242,60,1,representation-crossover:424242:60:2,2,False,True,2,60.0,success,success,0,valid,,,125709291,77835166,434,434,173596,1,964,480,120,120,240,,1,240,243,480,361,0,0,0,120,120,,,0,27792,31757459,43542,5166,,63375,6458,24542,584,209,11717583,1236833,1275125,47874125,,,,,964,480,,,240,14400,1,240,243,480,
1,paper-scaling-pilot,representation-crossover,explicit-hopcroft-karp,sg-oracle::grid::build_conflict_graph + Hopcroft-Karp + Konig cover + indexed completion,424242,60,1,representation-crossover:424242:60:2,2,False,True,3,60.0,success,success,0,valid,,,126556417,78974751,434,434,173596,1,964,480,120,120,240,14400,0,0,,,361,,,,120,120,,,0,33625,31205125,45125,,446083,,,14667,417,167,11577584,1276166,1308708,47581666,,,,,964,480,,,240,14400,1,240,243,480,
1,paper-scaling-pilot,representation-crossover,exact-cover-oracle,exact-cover-oracle::solve (bitset branch-and-bound; predeclared cell limit),424242,60,1,representation-crossover:424242:60:3,3,False,True,0,60.0,unsupported,unsupported,0,unsupported,foreground cell count 173596 exceeds oracle limit 40,,78534583,,434,434,173596,1,964,480,,,,,,,,,,,,,,,,,0,26958,,,,,,,,,,,,,,,,,,964,480,,,240,14400,1,240,243,480,
1,paper-scaling-pilot,representation-crossover,explicit-c0-flow,DominanceEmbedding::explicit_graph + C0 edge bicliques + explicit flow construction/execution/cover recovery + indexed completion,424242,60,1,representation-crossover:424242:60:3,3,False,True,1,60.0,success,success,0,valid,,,136182500,79255917,434,434,173596,1,964,480,120,120,240,14400,14400,28800,14642,29040,361,0,0,0,120,120,14642,29040,0,28417,31250167,46166,5167,440042,5086792,393708,757666,21042,375,12775500,1833667,1815792,56926583,,,,,964,480,,,240,14400,1,240,243,480,
1,paper-scaling-pilot,representation-crossover,compact-mrd,dominance::biclique::experiment::construct + compressed flow construction/execution/cover recovery + indexed completion,424242,60,1,representation-crossover:424242:60:3,3,False,True,2,60.0,success,success,0,valid,,,128087042,78799792,434,434,173596,1,964,480,120,120,240,,1,240,243,480,361,0,0,0,120,120,,,0,27167,31765166,47083,7292,,62333,6416,26625,708,208,13187833,1235458,1256084,49287250,,,,,964,480,,,240,14400,1,240,243,480,
1,paper-scaling-pilot,representation-crossover,explicit-hopcroft-karp,sg-oracle::grid::build_conflict_graph + Hopcroft-Karp + Konig cover + indexed completion,424242,60,1,representation-crossover:424242:60:3,3,False,True,3,60.0,success,success,0,valid,,,126925000,78663083,434,434,173596,1,964,480,120,120,240,14400,0,0,,,361,,,,120,120,,,0,27875,31705875,45083,,447792,,,15916,458,209,11721000,1343750,1274457,48261917,,,,,964,480,,,240,14400,1,240,243,480,
1,paper-scaling-pilot,representation-crossover,exact-cover-oracle,exact-cover-oracle::solve (bitset branch-and-bound; predeclared cell limit),424242,60,1,representation-crossover:424242:60:4,4,False,True,0,60.0,unsupported,unsupported,0,unsupported,foreground cell count 173596 exceeds oracle limit 40,,78715625,,434,434,173596,1,964,480,,,,,,,,,,,,,,,,,0,26292,,,,,,,,,,,,,,,,,,964,480,,,240,14400,1,240,243,480,
1,paper-scaling-pilot,representation-crossover,explicit-c0-flow,DominanceEmbedding::explicit_graph + C0 edge bicliques + explicit flow construction/execution/cover recovery + indexed completion,424242,60,1,representation-crossover:424242:60:4,4,False,True,1,60.0,success,success,0,valid,,,143822834,83775292,434,434,173596,1,964,480,120,120,240,14400,14400,28800,14642,29040,361,0,0,0,120,120,14642,29040,0,27041,35436792,51541,6583,460541,5112334,527291,829292,23333,625,12299875,1803042,1321083,60047542,,,,,964,480,,,240,14400,1,240,243,480,
1,paper-scaling-pilot,representation-crossover,compact-mrd,dominance::biclique::experiment::construct + compressed flow construction/execution/cover recovery + indexed completion,424242,60,1,representation-crossover:424242:60:4,4,False,True,2,60.0,success,success,0,valid,,,130067875,78624375,434,434,173596,1,964,480,120,120,240,,1,240,243,480,361,0,0,0,120,120,,,0,37666,34462958,45083,5209,,70083,6208,25041,708,250,12254791,1282334,1469833,51443500,,,,,964,480,,,240,14400,1,240,243,480,
1,paper-scaling-pilot,representation-crossover,explicit-hopcroft-karp,sg-oracle::grid::build_conflict_graph + Hopcroft-Karp + Konig cover + indexed completion,424242,60,1,representation-crossover:424242:60:4,4,False,True,3,60.0,success,success,0,valid,,,127099583,78970166,434,434,173596,1,964,480,120,120,240,14400,0,0,,,361,,,,120,120,,,0,30417,31696250,45000,,463250,,,18417,625,291,11608875,1249375,1245375,48129417,,,,,964,480,,,240,14400,1,240,243,480,
