K,K_over_M,M,aggregate_median_ratio,aggregate_median_ratio_ci95,algorithm,classification,dominant_phase,dominant_phase_median_ns,dominant_phase_share,elapsed_ns,excluded_target_sizes,explicit_algorithm,family,fit_target_sizes,fixed_process_cost_masked_kernel_difference,geometric_mean_ratio,independent_variable,median_ratio_ci95,ols_slope,ols_slope_ci95,p15_fresh_process_ratio,phase_medians_ns,q,r_squared,ratios,record_type,scope,scope_a_ratio,scope_b_ratio,sizes,stable_crossover_target_size,state,status,target_size,theil_sen_slope,valid_size_levels,warmup_converged,warmup_count
,,,,,compact-mrd,,,,,"{""coefficient_of_variation"":0.6434706512430165,""mad"":41.0,""max"":54709.0,""median"":1459.0,""min"":1291.0,""n"":10000,""q1"":1458.0,""q3"":1500.0}",,,comb-staircase,,,,,,,,,,,,,distributions,representation-and-solver-kernel,,,"{""biclique_count"":0,""biclique_total_vertex_occurrences_sigma"":0,""boundary_size_b"":34,""component_count"":1,""compressed_network_arc_count"":7,""compressed_network_node_count"":9,""compressed_size_m"":16,""explicit_conflict_edge_count_k"":0,""foreground_cells_n"":81,""height"":9,""horizontal_chord_count_h"":7,""optimum_rectangle_count"":9,""q"":7,""reflex_count"":15,""vertical_chord_count_v"":0,""width"":17}",,complete,,64,,,True,11
,,,,,explicit-c0-flow,,,,,"{""coefficient_of_variation"":0.4050071671786857,""mad"":41.0,""max"":22292.0,""median"":959.0,""min"":833.0,""n"":10000,""q1"":958.0,""q3"":1000.0}",,,comb-staircase,,,,,,,,,,,,,distributions,representation-and-solver-kernel,,,"{""biclique_count"":0,""biclique_total_vertex_occurrences_sigma"":0,""boundary_size_b"":34,""component_count"":1,""compressed_network_arc_count"":7,""compressed_network_node_count"":9,""compressed_size_m"":16,""explicit_conflict_edge_count_k"":0,""foreground_cells_n"":81,""height"":9,""horizontal_chord_count_h"":7,""optimum_rectangle_count"":9,""q"":7,""reflex_count"":15,""vertical_chord_count_v"":0,""width"":17}",,complete,,64,,,True,5
,,,,,explicit-hopcroft-karp,,,,,"{""coefficient_of_variation"":0.695504622941424,""mad"":1.0,""max"":15250.0,""median"":334.0,""min"":250.0,""n"":10000,""q1"":333.0,""q3"":375.0}",,,comb-staircase,,,,,,,,,,,,,distributions,representation-and-solver-kernel,,,"{""biclique_count"":0,""biclique_total_vertex_occurrences_sigma"":0,""boundary_size_b"":34,""component_count"":1,""compressed_network_arc_count"":7,""compressed_network_node_count"":9,""compressed_size_m"":16,""explicit_conflict_edge_count_k"":0,""foreground_cells_n"":81,""height"":9,""horizontal_chord_count_h"":7,""optimum_rectangle_count"":9,""q"":7,""reflex_count"":15,""vertical_chord_count_v"":0,""width"":17}",,complete,,64,,,True,6
,,,,,compact-mrd,,,,,"{""coefficient_of_variation"":0.2084916644072042,""mad"":958.0,""max"":366000.0,""median"":58208.0,""min"":55625.0,""n"":6841,""q1"":57417.0,""q3"":59584.0}",,,comb-staircase,,,,,,,,,,,,,distributions,solve-from-canonical-instance,,,"{""biclique_count"":0,""biclique_total_vertex_occurrences_sigma"":0,""boundary_size_b"":34,""component_count"":1,""compressed_network_arc_count"":7,""compressed_network_node_count"":9,""compressed_size_m"":16,""explicit_conflict_edge_count_k"":0,""foreground_cells_n"":81,""height"":9,""horizontal_chord_count_h"":7,""optimum_rectangle_count"":9,""q"":7,""reflex_count"":15,""vertical_chord_count_v"":0,""width"":17}",,complete,,64,,,True,10
,,,,,explicit-c0-flow,,,,,"{""coefficient_of_variation"":0.36644028378842,""mad"":834.0,""max"":1772250.0,""median"":57500.0,""min"":55000.0,""n"":8224,""q1"":56833.0,""q3"":58875.0}",,,comb-staircase,,,,,,,,,,,,,distributions,solve-from-canonical-instance,,,"{""biclique_count"":0,""biclique_total_vertex_occurrences_sigma"":0,""boundary_size_b"":34,""component_count"":1,""compressed_network_arc_count"":7,""compressed_network_node_count"":9,""compressed_size_m"":16,""explicit_conflict_edge_count_k"":0,""foreground_cells_n"":81,""height"":9,""horizontal_chord_count_h"":7,""optimum_rectangle_count"":9,""q"":7,""reflex_count"":15,""vertical_chord_count_v"":0,""width"":17}",,complete,,64,,,True,5
,,,,,explicit-hopcroft-karp,,,,,"{""coefficient_of_variation"":0.2013996637565544,""mad"":834.0,""max"":438500.0,""median"":56792.0,""min"":54167.0,""n"":8620,""q1"":56125.0,""q3"":58125.0}",,,comb-staircase,,,,,,,,,,,,,distributions,solve-from-canonical-instance,,,"{""biclique_count"":0,""biclique_total_vertex_occurrences_sigma"":0,""boundary_size_b"":34,""component_count"":1,""compressed_network_arc_count"":7,""compressed_network_node_count"":9,""compressed_size_m"":16,""explicit_conflict_edge_count_k"":0,""foreground_cells_n"":81,""height"":9,""horizontal_chord_count_h"":7,""optimum_rectangle_count"":9,""q"":7,""reflex_count"":15,""vertical_chord_count_v"":0,""width"":17}",,complete,,64,,,True,5
,,,,,compact-mrd,,,,,"{""coefficient_of_variation"":0.13875629088439742,""mad"":42.0,""max"":16291.0,""median"":1917.0,""min"":1791.0,""n"":10000,""q1"":1875.0,""q3"":2000.0}",,,comb-staircase,,,,,,,,,,,,,distributions,representation-and-solver-kernel,,,"{""biclique_count"":0,""biclique_total_vertex_occurrences_sigma"":0,""boundary_size_b"":50,""component_count"":1,""compressed_network_arc_count"":11,""compressed_network_node_count"":13,""compressed_size_m"":24,""explicit_conflict_edge_count_k"":0,""foreground_cells_n"":169,""height"":13,""horizontal_chord_count_h"":11,""optimum_rectangle_count"":13,""q"":11,""reflex_count"":23,""vertical_chord_count_v"":0,""width"":25}",,complete,,128,,,True,12
,,,,,explicit-c0-flow,,,,,"{""coefficient_of_variation"":0.3921264740545848,""mad"":42.0,""max"":36417.0,""median"":1250.0,""min"":1083.0,""n"":10000,""q1"":1208.0,""q3"":1291.0}",,,comb-staircase,,,,,,,,,,,,,distributions,representation-and-solver-kernel,,,"{""biclique_count"":0,""biclique_total_vertex_occurrences_sigma"":0,""boundary_size_b"":50,""component_count"":1,""compressed_network_arc_count"":11,""compressed_network_node_count"":13,""compressed_size_m"":24,""explicit_conflict_edge_count_k"":0,""foreground_cells_n"":169,""height"":13,""horizontal_chord_count_h"":11,""optimum_rectangle_count"":13,""q"":11,""reflex_count"":23,""vertical_chord_count_v"":0,""width"":25}",,complete,,128,,,True,5
,,,,,explicit-hopcroft-karp,,,,,"{""coefficient_of_variation"":0.9418804195177174,""mad"":1.0,""max"":38833.0,""median"":417.0,""min"":333.0,""n"":10000,""q1"":416.0,""q3"":458.0}",,,comb-staircase,,,,,,,,,,,,,distributions,representation-and-solver-kernel,,,"{""biclique_count"":0,""biclique_total_vertex_occurrences_sigma"":0,""boundary_size_b"":50,""component_count"":1,""compressed_network_arc_count"":11,""compressed_network_node_count"":13,""compressed_size_m"":24,""explicit_conflict_edge_count_k"":0,""foreground_cells_n"":169,""height"":13,""horizontal_chord_count_h"":11,""optimum_rectangle_count"":13,""q"":11,""reflex_count"":23,""vertical_chord_count_v"":0,""width"":25}",,complete,,128,,,True,7
,,,,,compact-mrd,,,,,"{""coefficient_of_variation"":0.07823963014019178,""mad"":1083.0,""max"":394375.0,""median"":116667.0,""min"":112833.0,""n"":3862,""q1"":115750.0,""q3"":117959.0}",,,comb-staircase,,,,,,,,,,,,,distributions,solve-from-canonical-instance,,,"{""biclique_count"":0,""biclique_total_vertex_occurrences_sigma"":0,""boundary_size_b"":50,""component_count"":1,""compressed_network_arc_count"":11,""compressed_network_node_count"":13,""compressed_size_m"":24,""explicit_conflict_edge_count_k"":0,""foreground_cells_n"":169,""height"":13,""horizontal_chord_count_h"":11,""optimum_rectangle_count"":13,""q"":11,""reflex_count"":23,""vertical_chord_count_v"":0,""width"":25}",,complete,,128,,,True,5
,,,,,explicit-c0-flow,,,,,"{""coefficient_of_variation"":0.07508738527047888,""mad"":1083.0,""max"":450375.0,""median"":116000.0,""min"":112583.0,""n"":4092,""q1"":115084.0,""q3"":117292.0}",,,comb-staircase,,,,,,,,,,,,,distributions,solve-from-canonical-instance,,,"{""biclique_count"":0,""biclique_total_vertex_occurrences_sigma"":0,""boundary_size_b"":50,""component_count"":1,""compressed_network_arc_count"":11,""compressed_network_node_count"":13,""compressed_size_m"":24,""explicit_conflict_edge_count_k"":0,""foreground_cells_n"":169,""height"":13,""horizontal_chord_count_h"":11,""optimum_rectangle_count"":13,""q"":11,""reflex_count"":23,""vertical_chord_count_v"":0,""width"":25}",,complete,,128,,,True,5
,,,,,explicit-hopcroft-karp,,,,,"{""coefficient_of_variation"":0.09812185980667709,""mad"":1042.0,""max"":603792.0,""median"":115167.0,""min"":111000.0,""n"":4259,""q1"":114250.0,""q3"":116500.0}",,,comb-staircase,,,,,,,,,,,,,distributions,solve-from-canonical-instance,,,"{""biclique_count"":0,""biclique_total_vertex_occurrences_sigma"":0,""boundary_size_b"":50,""component_count"":1,""compressed_network_arc_count"":11,""compressed_network_node_count"":13,""compressed_size_m"":24,""explicit_conflict_edge_count_k"":0,""foreground_cells_n"":169,""height"":13,""horizontal_chord_count_h"":11,""optimum_rectangle_count"":13,""q"":11,""reflex_count"":23,""vertical_chord_count_v"":0,""width"":25}",,complete,,128,,,True,10
,,,,,compact-mrd,,,,,"{""coefficient_of_variation"":0.2843599026103433,""mad"":42.0,""max"":37250.0,""median"":2250.0,""min"":2083.0,""n"":10000,""q1"":2209.0,""q3"":2333.0}",,,comb-staircase,,,,,,,,,,,,,distributions,representation-and-solver-kernel,,,"{""biclique_count"":0,""biclique_total_vertex_occurrences_sigma"":0,""boundary_size_b"":66,""component_count"":1,""compressed_network_arc_count"":15,""compressed_network_node_count"":17,""compressed_size_m"":32,""explicit_conflict_edge_count_k"":0,""foreground_cells_n"":289,""height"":17,""horizontal_chord_count_h"":15,""optimum_rectangle_count"":17,""q"":15,""reflex_count"":31,""vertical_chord_count_v"":0,""width"":33}",,complete,,256,,,True,5
,,,,,explicit-c0-flow,,,,,"{""coefficient_of_variation"":0.2803294238870153,""mad"":42.0,""max"":21375.0,""median"":1375.0,""min"":1250.0,""n"":10000,""q1"":1375.0,""q3"":1417.0}",,,comb-staircase,,,,,,,,,,,,,distributions,representation-and-solver-kernel,,,"{""biclique_count"":0,""biclique_total_vertex_occurrences_sigma"":0,""boundary_size_b"":66,""component_count"":1,""compressed_network_arc_count"":15,""compressed_network_node_count"":17,""compressed_size_m"":32,""explicit_conflict_edge_count_k"":0,""foreground_cells_n"":289,""height"":17,""horizontal_chord_count_h"":15,""optimum_rectangle_count"":17,""q"":15,""reflex_count"":31,""vertical_chord_count_v"":0,""width"":33}",,complete,,256,,,True,5
,,,,,explicit-hopcroft-karp,,,,,"{""coefficient_of_variation"":0.6359885564751058,""mad"":41.0,""max"":23250.0,""median"":458.0,""min"":334.0,""n"":10000,""q1"":417.0,""q3"":459.0}",,,comb-staircase,,,,,,,,,,,,,distributions,representation-and-solver-kernel,,,"{""biclique_count"":0,""biclique_total_vertex_occurrences_sigma"":0,""boundary_size_b"":66,""component_count"":1,""compressed_network_arc_count"":15,""compressed_network_node_count"":17,""compressed_size_m"":32,""explicit_conflict_edge_count_k"":0,""foreground_cells_n"":289,""height"":17,""horizontal_chord_count_h"":15,""optimum_rectangle_count"":17,""q"":15,""reflex_count"":31,""vertical_chord_count_v"":0,""width"":33}",,complete,,256,,,True,11
,,,,,compact-mrd,,,,,"{""coefficient_of_variation"":0.3343801338009127,""mad"":2500.0,""max"":2615250.0,""median"":206000.0,""min"":195875.0,""n"":2278,""q1"":203833.25,""q3"":209083.75}",,,comb-staircase,,,,,,,,,,,,,distributions,solve-from-canonical-instance,,,"{""biclique_count"":0,""biclique_total_vertex_occurrences_sigma"":0,""boundary_size_b"":66,""component_count"":1,""compressed_network_arc_count"":15,""compressed_network_node_count"":17,""compressed_size_m"":32,""explicit_conflict_edge_count_k"":0,""foreground_cells_n"":289,""height"":17,""horizontal_chord_count_h"":15,""optimum_rectangle_count"":17,""q"":15,""reflex_count"":31,""vertical_chord_count_v"":0,""width"":33}",,complete,,256,,,True,5
,,,,,explicit-c0-flow,,,,,"{""coefficient_of_variation"":0.2945913195646536,""mad"":2459.0,""max"":2416834.0,""median"":204666.0,""min"":195959.0,""n"":2413,""q1"":202542.0,""q3"":207750.0}",,,comb-staircase,,,,,,,,,,,,,distributions,solve-from-canonical-instance,,,"{""biclique_count"":0,""biclique_total_vertex_occurrences_sigma"":0,""boundary_size_b"":66,""component_count"":1,""compressed_network_arc_count"":15,""compressed_network_node_count"":17,""compressed_size_m"":32,""explicit_conflict_edge_count_k"":0,""foreground_cells_n"":289,""height"":17,""horizontal_chord_count_h"":15,""optimum_rectangle_count"":17,""q"":15,""reflex_count"":31,""vertical_chord_count_v"":0,""width"":33}",,complete,,256,,,True,5
,,,,,explicit-hopcroft-karp,,,,,"{""coefficient_of_variation"":0.2359231998168833,""mad"":2458.0,""max"":1377459.0,""median"":203625.0,""min"":193292.0,""n"":2351,""q1"":201541.0,""q3"":206625.0}",,,comb-staircase,,,,,,,,,,,,,distributions,solve-from-canonical-instance,,,"{""biclique_count"":0,""biclique_total_vertex_occurrences_sigma"":0,""boundary_size_b"":66,""component_count"":1,""compressed_network_arc_count"":15,""compressed_network_node_count"":17,""compressed_size_m"":32,""explicit_conflict_edge_count_k"":0,""foreground_cells_n"":289,""height"":17,""horizontal_chord_count_h"":15,""optimum_rectangle_count"":17,""q"":15,""reflex_count"":31,""vertical_chord_count_v"":0,""width"":33}",,complete,,256,,,True,5
,,,,,compact-mrd,,,,,"{""coefficient_of_variation"":0.163557724845817,""mad"":41.0,""max"":6041.0,""median"":375.0,""min"":333.0,""n"":10000,""q1"":375.0,""q3"":417.0}",,,comb-staircase,,,,,,,,,,,,,distributions,representation-and-solver-kernel,,,"{""biclique_count"":0,""biclique_total_vertex_occurrences_sigma"":0,""boundary_size_b"":48,""component_count"":1,""compressed_network_arc_count"":0,""compressed_network_node_count"":2,""compressed_size_m"":2,""explicit_conflict_edge_count_k"":0,""foreground_cells_n"":276,""height"":23,""horizontal_chord_count_h"":0,""optimum_rectangle_count"":23,""q"":0,""reflex_count"":22,""vertical_chord_count_v"":0,""width"":23}",,complete,,512,,,True,9
,,,,,explicit-c0-flow,,,,,"{""coefficient_of_variation"":0.11686671011462113,""mad"":1.0,""max"":2666.0,""median"":333.0,""min"":250.0,""n"":10000,""q1"":333.0,""q3"":334.0}",,,comb-staircase,,,,,,,,,,,,,distributions,representation-and-solver-kernel,,,"{""biclique_count"":0,""biclique_total_vertex_occurrences_sigma"":0,""boundary_size_b"":48,""component_count"":1,""compressed_network_arc_count"":0,""compressed_network_node_count"":2,""compressed_size_m"":2,""explicit_conflict_edge_count_k"":0,""foreground_cells_n"":276,""height"":23,""horizontal_chord_count_h"":0,""optimum_rectangle_count"":23,""q"":0,""reflex_count"":22,""vertical_chord_count_v"":0,""width"":23}",,complete,,512,,,True,19
,,,,,explicit-hopcroft-karp,,,,,"{""coefficient_of_variation"":0.10681916841132669,""mad"":0.0,""max"":500.0,""median"":125.0,""min"":83.0,""n"":10000,""q1"":125.0,""q3"":125.0}",,,comb-staircase,,,,,,,,,,,,,distributions,representation-and-solver-kernel,,,"{""biclique_count"":0,""biclique_total_vertex_occurrences_sigma"":0,""boundary_size_b"":48,""component_count"":1,""compressed_network_arc_count"":0,""compressed_network_node_count"":2,""compressed_size_m"":2,""explicit_conflict_edge_count_k"":0,""foreground_cells_n"":276,""height"":23,""horizontal_chord_count_h"":0,""optimum_rectangle_count"":23,""q"":0,""reflex_count"":22,""vertical_chord_count_v"":0,""width"":23}",,complete,,512,,,True,5
,,,,,compact-mrd,,,,,"{""coefficient_of_variation"":0.039471630285217725,""mad"":1791.0,""max"":176125.0,""median"":114208.0,""min"":107084.0,""n"":3952,""q1"":112542.0,""q3"":116167.0}",,,comb-staircase,,,,,,,,,,,,,distributions,solve-from-canonical-instance,,,"{""biclique_count"":0,""biclique_total_vertex_occurrences_sigma"":0,""boundary_size_b"":48,""component_count"":1,""compressed_network_arc_count"":0,""compressed_network_node_count"":2,""compressed_size_m"":2,""explicit_conflict_edge_count_k"":0,""foreground_cells_n"":276,""height"":23,""horizontal_chord_count_h"":0,""optimum_rectangle_count"":23,""q"":0,""reflex_count"":22,""vertical_chord_count_v"":0,""width"":23}",,complete,,512,,,True,5
,,,,,explicit-c0-flow,,,,,"{""coefficient_of_variation"":0.04310739985296765,""mad"":1791.0,""max"":175166.0,""median"":114084.0,""min"":106916.0,""n"":4228,""q1"":112500.0,""q3"":116083.0}",,,comb-staircase,,,,,,,,,,,,,distributions,solve-from-canonical-instance,,,"{""biclique_count"":0,""biclique_total_vertex_occurrences_sigma"":0,""boundary_size_b"":48,""component_count"":1,""compressed_network_arc_count"":0,""compressed_network_node_count"":2,""compressed_size_m"":2,""explicit_conflict_edge_count_k"":0,""foreground_cells_n"":276,""height"":23,""horizontal_chord_count_h"":0,""optimum_rectangle_count"":23,""q"":0,""reflex_count"":22,""vertical_chord_count_v"":0,""width"":23}",,complete,,512,,,True,5
,,,,,explicit-hopcroft-karp,,,,,"{""coefficient_of_variation"":0.04147941795086274,""mad"":1667.0,""max"":197916.0,""median"":113875.0,""min"":107000.0,""n"":4421,""q1"":112292.0,""q3"":115708.0}",,,comb-staircase,,,,,,,,,,,,,distributions,solve-from-canonical-instance,,,"{""biclique_count"":0,""biclique_total_vertex_occurrences_sigma"":0,""boundary_size_b"":48,""component_count"":1,""compressed_network_arc_count"":0,""compressed_network_node_count"":2,""compressed_size_m"":2,""explicit_conflict_edge_count_k"":0,""foreground_cells_n"":276,""height"":23,""horizontal_chord_count_h"":0,""optimum_rectangle_count"":23,""q"":0,""reflex_count"":22,""vertical_chord_count_v"":0,""width"":23}",,complete,,512,,,True,5
,,,,,compact-mrd,,,,,"{""coefficient_of_variation"":0.14390528239276984,""mad"":42.0,""max"":30666.0,""median"":3500.0,""min"":3291.0,""n"":10000,""q1"":3458.0,""q3"":3541.0}",,,comb-staircase,,,,,,,,,,,,,distributions,representation-and-solver-kernel,,,"{""biclique_count"":0,""biclique_total_vertex_occurrences_sigma"":0,""boundary_size_b"":130,""component_count"":1,""compressed_network_arc_count"":31,""compressed_network_node_count"":33,""compressed_size_m"":64,""explicit_conflict_edge_count_k"":0,""foreground_cells_n"":1089,""height"":33,""horizontal_chord_count_h"":31,""optimum_rectangle_count"":33,""q"":31,""reflex_count"":63,""vertical_chord_count_v"":0,""width"":65}",,complete,,1024,,,True,5
,,,,,explicit-c0-flow,,,,,"{""coefficient_of_variation"":0.22703968889852905,""mad"":41.0,""max"":42625.0,""median"":2125.0,""min"":2000.0,""n"":10000,""q1"":2125.0,""q3"":2167.0}",,,comb-staircase,,,,,,,,,,,,,distributions,representation-and-solver-kernel,,,"{""biclique_count"":0,""biclique_total_vertex_occurrences_sigma"":0,""boundary_size_b"":130,""component_count"":1,""compressed_network_arc_count"":31,""compressed_network_node_count"":33,""compressed_size_m"":64,""explicit_conflict_edge_count_k"":0,""foreground_cells_n"":1089,""height"":33,""horizontal_chord_count_h"":31,""optimum_rectangle_count"":33,""q"":31,""reflex_count"":63,""vertical_chord_count_v"":0,""width"":65}",,complete,,1024,,,True,5
,,,,,explicit-hopcroft-karp,,,,,"{""coefficient_of_variation"":0.5651975236206791,""mad"":1.0,""max"":30875.0,""median"":583.0,""min"":500.0,""n"":10000,""q1"":583.0,""q3"":584.0}",,,comb-staircase,,,,,,,,,,,,,distributions,representation-and-solver-kernel,,,"{""biclique_count"":0,""biclique_total_vertex_occurrences_sigma"":0,""boundary_size_b"":130,""component_count"":1,""compressed_network_arc_count"":31,""compressed_network_node_count"":33,""compressed_size_m"":64,""explicit_conflict_edge_count_k"":0,""foreground_cells_n"":1089,""height"":33,""horizontal_chord_count_h"":31,""optimum_rectangle_count"":33,""q"":31,""reflex_count"":63,""vertical_chord_count_v"":0,""width"":65}",,complete,,1024,,,True,9
,,,,,compact-mrd,,,,,"{""coefficient_of_variation"":0.019923823912199552,""mad"":5750.5,""max"":924167.0,""median"":785541.5,""min"":768334.0,""n"":598,""q1"":780625.0,""q3"":794218.75}",,,comb-staircase,,,,,,,,,,,,,distributions,solve-from-canonical-instance,,,"{""biclique_count"":0,""biclique_total_vertex_occurrences_sigma"":0,""boundary_size_b"":130,""component_count"":1,""compressed_network_arc_count"":31,""compressed_network_node_count"":33,""compressed_size_m"":64,""explicit_conflict_edge_count_k"":0,""foreground_cells_n"":1089,""height"":33,""horizontal_chord_count_h"":31,""optimum_rectangle_count"":33,""q"":31,""reflex_count"":63,""vertical_chord_count_v"":0,""width"":65}",,complete,,1024,,,True,5
,,,,,explicit-c0-flow,,,,,"{""coefficient_of_variation"":0.021910715297610576,""mad"":5979.0,""max"":954750.0,""median"":784437.5,""min"":767541.0,""n"":606,""q1"":779572.25,""q3"":792323.25}",,,comb-staircase,,,,,,,,,,,,,distributions,solve-from-canonical-instance,,,"{""biclique_count"":0,""biclique_total_vertex_occurrences_sigma"":0,""boundary_size_b"":130,""component_count"":1,""compressed_network_arc_count"":31,""compressed_network_node_count"":33,""compressed_size_m"":64,""explicit_conflict_edge_count_k"":0,""foreground_cells_n"":1089,""height"":33,""horizontal_chord_count_h"":31,""optimum_rectangle_count"":33,""q"":31,""reflex_count"":63,""vertical_chord_count_v"":0,""width"":65}",,complete,,1024,,,True,5
,,,,,explicit-hopcroft-karp,,,,,"{""coefficient_of_variation"":0.020452669112625277,""mad"":6458.0,""max"":931041.0,""median"":783292.0,""min"":765250.0,""n"":603,""q1"":777917.0,""q3"":792521.0}",,,comb-staircase,,,,,,,,,,,,,distributions,solve-from-canonical-instance,,,"{""biclique_count"":0,""biclique_total_vertex_occurrences_sigma"":0,""boundary_size_b"":130,""component_count"":1,""compressed_network_arc_count"":31,""compressed_network_node_count"":33,""compressed_size_m"":64,""explicit_conflict_edge_count_k"":0,""foreground_cells_n"":1089,""height"":33,""horizontal_chord_count_h"":31,""optimum_rectangle_count"":33,""q"":31,""reflex_count"":63,""vertical_chord_count_v"":0,""width"":65}",,complete,,1024,,,True,5
,,,,,compact-mrd,,,,,"{""coefficient_of_variation"":0.055593355769014766,""mad"":42.0,""max"":11375.0,""median"":4708.0,""min"":4500.0,""n"":10000,""q1"":4667.0,""q3"":4750.0}",,,comb-staircase,,,,,,,,,,,,,distributions,representation-and-solver-kernel,,,"{""biclique_count"":0,""biclique_total_vertex_occurrences_sigma"":0,""boundary_size_b"":186,""component_count"":1,""compressed_network_arc_count"":45,""compressed_network_node_count"":47,""compressed_size_m"":92,""explicit_conflict_edge_count_k"":0,""foreground_cells_n"":2209,""height"":47,""horizontal_chord_count_h"":45,""optimum_rectangle_count"":47,""q"":45,""reflex_count"":91,""vertical_chord_count_v"":0,""width"":93}",,complete,,2048,,,True,9
,,,,,explicit-c0-flow,,,,,"{""coefficient_of_variation"":0.2016313241903777,""mad"":41.0,""max"":41667.0,""median"":2750.0,""min"":2625.0,""n"":10000,""q1"":2709.0,""q3"":2792.0}",,,comb-staircase,,,,,,,,,,,,,distributions,representation-and-solver-kernel,,,"{""biclique_count"":0,""biclique_total_vertex_occurrences_sigma"":0,""boundary_size_b"":186,""component_count"":1,""compressed_network_arc_count"":45,""compressed_network_node_count"":47,""compressed_size_m"":92,""explicit_conflict_edge_count_k"":0,""foreground_cells_n"":2209,""height"":47,""horizontal_chord_count_h"":45,""optimum_rectangle_count"":47,""q"":45,""reflex_count"":91,""vertical_chord_count_v"":0,""width"":93}",,complete,,2048,,,True,5
,,,,,explicit-hopcroft-karp,,,,,"{""coefficient_of_variation"":0.14800142871969987,""mad"":41.0,""max"":7542.0,""median"":750.0,""min"":666.0,""n"":10000,""q1"":709.0,""q3"":750.0}",,,comb-staircase,,,,,,,,,,,,,distributions,representation-and-solver-kernel,,,"{""biclique_count"":0,""biclique_total_vertex_occurrences_sigma"":0,""boundary_size_b"":186,""component_count"":1,""compressed_network_arc_count"":45,""compressed_network_node_count"":47,""compressed_size_m"":92,""explicit_conflict_edge_count_k"":0,""foreground_cells_n"":2209,""height"":47,""horizontal_chord_count_h"":45,""optimum_rectangle_count"":47,""q"":45,""reflex_count"":91,""vertical_chord_count_v"":0,""width"":93}",,complete,,2048,,,True,13
,,,,,compact-mrd,,,,,"{""coefficient_of_variation"":0.03550138022705472,""mad"":16479.0,""max"":2423042.0,""median"":1640145.5,""min"":1602458.0,""n"":292,""q1"":1626979.5,""q3"":1666750.0}",,,comb-staircase,,,,,,,,,,,,,distributions,solve-from-canonical-instance,,,"{""biclique_count"":0,""biclique_total_vertex_occurrences_sigma"":0,""boundary_size_b"":186,""component_count"":1,""compressed_network_arc_count"":45,""compressed_network_node_count"":47,""compressed_size_m"":92,""explicit_conflict_edge_count_k"":0,""foreground_cells_n"":2209,""height"":47,""horizontal_chord_count_h"":45,""optimum_rectangle_count"":47,""q"":45,""reflex_count"":91,""vertical_chord_count_v"":0,""width"":93}",,complete,,2048,,,True,5
,,,,,explicit-c0-flow,,,,,"{""coefficient_of_variation"":0.02538394120238717,""mad"":18166.0,""max"":1909417.0,""median"":1638625.0,""min"":1602625.0,""n"":294,""q1"":1624187.75,""q3"":1663531.5}",,,comb-staircase,,,,,,,,,,,,,distributions,solve-from-canonical-instance,,,"{""biclique_count"":0,""biclique_total_vertex_occurrences_sigma"":0,""boundary_size_b"":186,""component_count"":1,""compressed_network_arc_count"":45,""compressed_network_node_count"":47,""compressed_size_m"":92,""explicit_conflict_edge_count_k"":0,""foreground_cells_n"":2209,""height"":47,""horizontal_chord_count_h"":45,""optimum_rectangle_count"":47,""q"":45,""reflex_count"":91,""vertical_chord_count_v"":0,""width"":93}",,complete,,2048,,,True,5
,,,,,explicit-hopcroft-karp,,,,,"{""coefficient_of_variation"":0.022476847428163697,""mad"":14334.0,""max"":1937125.0,""median"":1636167.0,""min"":1597583.0,""n"":301,""q1"":1624250.0,""q3"":1657458.0}",,,comb-staircase,,,,,,,,,,,,,distributions,solve-from-canonical-instance,,,"{""biclique_count"":0,""biclique_total_vertex_occurrences_sigma"":0,""boundary_size_b"":186,""component_count"":1,""compressed_network_arc_count"":45,""compressed_network_node_count"":47,""compressed_size_m"":92,""explicit_conflict_edge_count_k"":0,""foreground_cells_n"":2209,""height"":47,""horizontal_chord_count_h"":45,""optimum_rectangle_count"":47,""q"":45,""reflex_count"":91,""vertical_chord_count_v"":0,""width"":93}",,complete,,2048,,,True,5
,,,,,compact-mrd,,,,,"{""coefficient_of_variation"":0.10239146404656503,""mad"":42.0,""max"":36500.0,""median"":6042.0,""min"":5833.0,""n"":10000,""q1"":6000.0,""q3"":6084.0}",,,comb-staircase,,,,,,,,,,,,,distributions,representation-and-solver-kernel,,,"{""biclique_count"":0,""biclique_total_vertex_occurrences_sigma"":0,""boundary_size_b"":258,""component_count"":1,""compressed_network_arc_count"":63,""compressed_network_node_count"":65,""compressed_size_m"":128,""explicit_conflict_edge_count_k"":0,""foreground_cells_n"":4225,""height"":65,""horizontal_chord_count_h"":63,""optimum_rectangle_count"":65,""q"":63,""reflex_count"":127,""vertical_chord_count_v"":0,""width"":129}",,complete,,4096,,,True,5
,,,,,explicit-c0-flow,,,,,"{""coefficient_of_variation"":0.1427431929018302,""mad"":42.0,""max"":34542.0,""median"":3458.0,""min"":3250.0,""n"":10000,""q1"":3416.0,""q3"":3500.0}",,,comb-staircase,,,,,,,,,,,,,distributions,representation-and-solver-kernel,,,"{""biclique_count"":0,""biclique_total_vertex_occurrences_sigma"":0,""boundary_size_b"":258,""component_count"":1,""compressed_network_arc_count"":63,""compressed_network_node_count"":65,""compressed_size_m"":128,""explicit_conflict_edge_count_k"":0,""foreground_cells_n"":4225,""height"":65,""horizontal_chord_count_h"":63,""optimum_rectangle_count"":65,""q"":63,""reflex_count"":127,""vertical_chord_count_v"":0,""width"":129}",,complete,,4096,,,True,10
,,,,,explicit-hopcroft-karp,,,,,"{""coefficient_of_variation"":0.07765096672834819,""mad"":0.0,""max"":2083.0,""median"":875.0,""min"":791.0,""n"":10000,""q1"":875.0,""q3"":916.0}",,,comb-staircase,,,,,,,,,,,,,distributions,representation-and-solver-kernel,,,"{""biclique_count"":0,""biclique_total_vertex_occurrences_sigma"":0,""boundary_size_b"":258,""component_count"":1,""compressed_network_arc_count"":63,""compressed_network_node_count"":65,""compressed_size_m"":128,""explicit_conflict_edge_count_k"":0,""foreground_cells_n"":4225,""height"":65,""horizontal_chord_count_h"":63,""optimum_rectangle_count"":65,""q"":63,""reflex_count"":127,""vertical_chord_count_v"":0,""width"":129}",,complete,,4096,,,True,16
,,,,,compact-mrd,,,,,"{""coefficient_of_variation"":0.021746407474109296,""mad"":28583.0,""max"":3872791.0,""median"":3220417.0,""min"":3160333.0,""n"":149,""q1"":3197209.0,""q3"":3257250.0}",,,comb-staircase,,,,,,,,,,,,,distributions,solve-from-canonical-instance,,,"{""biclique_count"":0,""biclique_total_vertex_occurrences_sigma"":0,""boundary_size_b"":258,""component_count"":1,""compressed_network_arc_count"":63,""compressed_network_node_count"":65,""compressed_size_m"":128,""explicit_conflict_edge_count_k"":0,""foreground_cells_n"":4225,""height"":65,""horizontal_chord_count_h"":63,""optimum_rectangle_count"":65,""q"":63,""reflex_count"":127,""vertical_chord_count_v"":0,""width"":129}",,complete,,4096,,,True,5
,,,,,explicit-c0-flow,,,,,"{""coefficient_of_variation"":0.014714781275253913,""mad"":29917.0,""max"":3406791.0,""median"":3218292.0,""min"":3159708.0,""n"":153,""q1"":3196792.0,""q3"":3266500.0}",,,comb-staircase,,,,,,,,,,,,,distributions,solve-from-canonical-instance,,,"{""biclique_count"":0,""biclique_total_vertex_occurrences_sigma"":0,""boundary_size_b"":258,""component_count"":1,""compressed_network_arc_count"":63,""compressed_network_node_count"":65,""compressed_size_m"":128,""explicit_conflict_edge_count_k"":0,""foreground_cells_n"":4225,""height"":65,""horizontal_chord_count_h"":63,""optimum_rectangle_count"":65,""q"":63,""reflex_count"":127,""vertical_chord_count_v"":0,""width"":129}",,complete,,4096,,,True,5
,,,,,explicit-hopcroft-karp,,,,,"{""coefficient_of_variation"":0.017258032047027753,""mad"":22458.0,""max"":3567625.0,""median"":3215917.0,""min"":3142792.0,""n"":155,""q1"":3196542.0,""q3"":3240750.0}",,,comb-staircase,,,,,,,,,,,,,distributions,solve-from-canonical-instance,,,"{""biclique_count"":0,""biclique_total_vertex_occurrences_sigma"":0,""boundary_size_b"":258,""component_count"":1,""compressed_network_arc_count"":63,""compressed_network_node_count"":65,""compressed_size_m"":128,""explicit_conflict_edge_count_k"":0,""foreground_cells_n"":4225,""height"":65,""horizontal_chord_count_h"":63,""optimum_rectangle_count"":65,""q"":63,""reflex_count"":127,""vertical_chord_count_v"":0,""width"":129}",,complete,,4096,,,True,5
,,,,,compact-mrd,,,,,"{""coefficient_of_variation"":0.17353547696856217,""mad"":1.0,""max"":5459.0,""median"":416.0,""min"":333.0,""n"":10000,""q1"":375.0,""q3"":417.0}",,,comb-staircase,,,,,,,,,,,,,distributions,representation-and-solver-kernel,,,"{""biclique_count"":0,""biclique_total_vertex_occurrences_sigma"":0,""boundary_size_b"":184,""component_count"":1,""compressed_network_arc_count"":0,""compressed_network_node_count"":2,""compressed_size_m"":2,""explicit_conflict_edge_count_k"":0,""foreground_cells_n"":4186,""height"":91,""horizontal_chord_count_h"":0,""optimum_rectangle_count"":91,""q"":0,""reflex_count"":90,""vertical_chord_count_v"":0,""width"":91}",,complete,,8192,,,True,6
,,,,,explicit-c0-flow,,,,,"{""coefficient_of_variation"":0.1545428847399344,""mad"":1.0,""max"":1875.0,""median"":334.0,""min"":291.0,""n"":10000,""q1"":333.0,""q3"":375.0}",,,comb-staircase,,,,,,,,,,,,,distributions,representation-and-solver-kernel,,,"{""biclique_count"":0,""biclique_total_vertex_occurrences_sigma"":0,""boundary_size_b"":184,""component_count"":1,""compressed_network_arc_count"":0,""compressed_network_node_count"":2,""compressed_size_m"":2,""explicit_conflict_edge_count_k"":0,""foreground_cells_n"":4186,""height"":91,""horizontal_chord_count_h"":0,""optimum_rectangle_count"":91,""q"":0,""reflex_count"":90,""vertical_chord_count_v"":0,""width"":91}",,complete,,8192,,,True,5
,,,,,explicit-hopcroft-karp,,,,,"{""coefficient_of_variation"":0.14306500573903402,""mad"":0.0,""max"":1167.0,""median"":125.0,""min"":83.0,""n"":10000,""q1"":125.0,""q3"":125.0}",,,comb-staircase,,,,,,,,,,,,,distributions,representation-and-solver-kernel,,,"{""biclique_count"":0,""biclique_total_vertex_occurrences_sigma"":0,""boundary_size_b"":184,""component_count"":1,""compressed_network_arc_count"":0,""compressed_network_node_count"":2,""compressed_size_m"":2,""explicit_conflict_edge_count_k"":0,""foreground_cells_n"":4186,""height"":91,""horizontal_chord_count_h"":0,""optimum_rectangle_count"":91,""q"":0,""reflex_count"":90,""vertical_chord_count_v"":0,""width"":91}",,complete,,8192,,,True,5
,,,,,compact-mrd,,,,,"{""coefficient_of_variation"":0.02427748829035636,""mad"":23458.0,""max"":1555750.0,""median"":1413000.0,""min"":1354583.0,""n"":331,""q1"":1392416.5,""q3"":1438291.5}",,,comb-staircase,,,,,,,,,,,,,distributions,solve-from-canonical-instance,,,"{""biclique_count"":0,""biclique_total_vertex_occurrences_sigma"":0,""boundary_size_b"":184,""component_count"":1,""compressed_network_arc_count"":0,""compressed_network_node_count"":2,""compressed_size_m"":2,""explicit_conflict_edge_count_k"":0,""foreground_cells_n"":4186,""height"":91,""horizontal_chord_count_h"":0,""optimum_rectangle_count"":91,""q"":0,""reflex_count"":90,""vertical_chord_count_v"":0,""width"":91}",,complete,,8192,,,True,5
,,,,,explicit-c0-flow,,,,,"{""coefficient_of_variation"":0.024972237096744208,""mad"":25416.5,""max"":1543917.0,""median"":1410646.0,""min"":1360083.0,""n"":332,""q1"":1388364.5,""q3"":1441687.5}",,,comb-staircase,,,,,,,,,,,,,distributions,solve-from-canonical-instance,,,"{""biclique_count"":0,""biclique_total_vertex_occurrences_sigma"":0,""boundary_size_b"":184,""component_count"":1,""compressed_network_arc_count"":0,""compressed_network_node_count"":2,""compressed_size_m"":2,""explicit_conflict_edge_count_k"":0,""foreground_cells_n"":4186,""height"":91,""horizontal_chord_count_h"":0,""optimum_rectangle_count"":91,""q"":0,""reflex_count"":90,""vertical_chord_count_v"":0,""width"":91}",,complete,,8192,,,True,5
,,,,,explicit-hopcroft-karp,,,,,"{""coefficient_of_variation"":0.02235646592355911,""mad"":22875.0,""max"":1551542.0,""median"":1414500.0,""min"":1358458.0,""n"":347,""q1"":1392812.0,""q3"":1440062.5}",,,comb-staircase,,,,,,,,,,,,,distributions,solve-from-canonical-instance,,,"{""biclique_count"":0,""biclique_total_vertex_occurrences_sigma"":0,""boundary_size_b"":184,""component_count"":1,""compressed_network_arc_count"":0,""compressed_network_node_count"":2,""compressed_size_m"":2,""explicit_conflict_edge_count_k"":0,""foreground_cells_n"":4186,""height"":91,""horizontal_chord_count_h"":0,""optimum_rectangle_count"":91,""q"":0,""reflex_count"":90,""vertical_chord_count_v"":0,""width"":91}",,complete,,8192,,,True,5
,,,,,compact-mrd,,,,,"{""coefficient_of_variation"":0.09255672542584095,""mad"":2125.0,""max"":398583.0,""median"":248000.0,""min"":223583.0,""n"":1273,""q1"":246750.0,""q3"":259625.0}",,,dense-conflict,,,,,,,,,,,,,distributions,representation-and-solver-kernel,,,"{""biclique_count"":164,""biclique_total_vertex_occurrences_sigma"":795,""boundary_size_b"":516,""component_count"":1,""compressed_network_arc_count"":1051,""compressed_network_node_count"":422,""compressed_size_m"":1473,""explicit_conflict_edge_count_k"":4352,""foreground_cells_n"":4617,""height"":69,""horizontal_chord_count_h"":128,""optimum_rectangle_count"":129,""q"":256,""reflex_count"":256,""vertical_chord_count_v"":128,""width"":69}",,complete,,64,,,True,6
,,,,,explicit-c0-flow,,,,,"{""coefficient_of_variation"":0.017914965694262916,""mad"":20187.5,""max"":2031792.0,""median"":1891562.5,""min"":1823917.0,""n"":266,""q1"":1872833.5,""q3"":1911916.5}",,,dense-conflict,,,,,,,,,,,,,distributions,representation-and-solver-kernel,,,"{""biclique_count"":164,""biclique_total_vertex_occurrences_sigma"":795,""boundary_size_b"":516,""component_count"":1,""compressed_network_arc_count"":1051,""compressed_network_node_count"":422,""compressed_size_m"":1473,""explicit_conflict_edge_count_k"":4352,""foreground_cells_n"":4617,""height"":69,""horizontal_chord_count_h"":128,""optimum_rectangle_count"":129,""q"":256,""reflex_count"":256,""vertical_chord_count_v"":128,""width"":69}",,complete,,64,,,True,5
,,,,,explicit-hopcroft-karp,,,,,"{""coefficient_of_variation"":0.04397678683187447,""mad"":875.0,""max"":162041.0,""median"":97833.0,""min"":86500.0,""n"":4715,""q1"":96458.0,""q3"":98500.0}",,,dense-conflict,,,,,,,,,,,,,distributions,representation-and-solver-kernel,,,"{""biclique_count"":164,""biclique_total_vertex_occurrences_sigma"":795,""boundary_size_b"":516,""component_count"":1,""compressed_network_arc_count"":1051,""compressed_network_node_count"":422,""compressed_size_m"":1473,""explicit_conflict_edge_count_k"":4352,""foreground_cells_n"":4617,""height"":69,""horizontal_chord_count_h"":128,""optimum_rectangle_count"":129,""q"":256,""reflex_count"":256,""vertical_chord_count_v"":128,""width"":69}",,complete,,64,,,True,5
,,,,,compact-mrd,,,,,"{""coefficient_of_variation"":0.027306307462731556,""mad"":27938.0,""max"":1777917.0,""median"":1554583.0,""min"":1446333.0,""n"":304,""q1"":1528635.75,""q3"":1585166.25}",,,dense-conflict,,,,,,,,,,,,,distributions,solve-from-canonical-instance,,,"{""biclique_count"":164,""biclique_total_vertex_occurrences_sigma"":795,""boundary_size_b"":516,""component_count"":1,""compressed_network_arc_count"":1051,""compressed_network_node_count"":422,""compressed_size_m"":1473,""explicit_conflict_edge_count_k"":4352,""foreground_cells_n"":4617,""height"":69,""horizontal_chord_count_h"":128,""optimum_rectangle_count"":129,""q"":256,""reflex_count"":256,""vertical_chord_count_v"":128,""width"":69}",,complete,,64,,,True,8
,,,,,explicit-c0-flow,,,,,"{""coefficient_of_variation"":0.015901417538992754,""mad"":24542.0,""max"":3476084.0,""median"":3163062.5,""min"":3088458.0,""n"":154,""q1"":3139677.0,""q3"":3188906.5}",,,dense-conflict,,,,,,,,,,,,,distributions,solve-from-canonical-instance,,,"{""biclique_count"":164,""biclique_total_vertex_occurrences_sigma"":795,""boundary_size_b"":516,""component_count"":1,""compressed_network_arc_count"":1051,""compressed_network_node_count"":422,""compressed_size_m"":1473,""explicit_conflict_edge_count_k"":4352,""foreground_cells_n"":4617,""height"":69,""horizontal_chord_count_h"":128,""optimum_rectangle_count"":129,""q"":256,""reflex_count"":256,""vertical_chord_count_v"":128,""width"":69}",,complete,,64,,,True,5
,,,,,explicit-hopcroft-karp,,,,,"{""coefficient_of_variation"":0.021291817854963584,""mad"":16167.0,""max"":1497667.0,""median"":1359250.0,""min"":1300917.0,""n"":363,""q1"":1343271.0,""q3"":1375687.5}",,,dense-conflict,,,,,,,,,,,,,distributions,solve-from-canonical-instance,,,"{""biclique_count"":164,""biclique_total_vertex_occurrences_sigma"":795,""boundary_size_b"":516,""component_count"":1,""compressed_network_arc_count"":1051,""compressed_network_node_count"":422,""compressed_size_m"":1473,""explicit_conflict_edge_count_k"":4352,""foreground_cells_n"":4617,""height"":69,""horizontal_chord_count_h"":128,""optimum_rectangle_count"":129,""q"":256,""reflex_count"":256,""vertical_chord_count_v"":128,""width"":69}",,complete,,64,,,True,5
,,,,,compact-mrd,,,,,"{""coefficient_of_variation"":0.07750013260249812,""mad"":4583.5,""max"":730416.0,""median"":507041.5,""min"":481333.0,""n"":694,""q1"":503583.0,""q3"":517364.5}",,,dense-conflict,,,,,,,,,,,,,distributions,representation-and-solver-kernel,,,"{""biclique_count"":308,""biclique_total_vertex_occurrences_sigma"":1619,""boundary_size_b"":1028,""component_count"":1,""compressed_network_arc_count"":2131,""compressed_network_node_count"":822,""compressed_size_m"":2953,""explicit_conflict_edge_count_k"":16896,""foreground_cells_n"":17417,""height"":133,""horizontal_chord_count_h"":256,""optimum_rectangle_count"":257,""q"":512,""reflex_count"":512,""vertical_chord_count_v"":256,""width"":133}",,complete,,128,,,True,6
,,,,,explicit-c0-flow,,,,,"{""coefficient_of_variation"":0.01304320624391227,""mad"":49479.0,""max"":8264041.0,""median"":7865437.5,""min"":7595958.0,""n"":62,""q1"":7821614.5,""q3"":7931791.25}",,,dense-conflict,,,,,,,,,,,,,distributions,representation-and-solver-kernel,,,"{""biclique_count"":308,""biclique_total_vertex_occurrences_sigma"":1619,""boundary_size_b"":1028,""component_count"":1,""compressed_network_arc_count"":2131,""compressed_network_node_count"":822,""compressed_size_m"":2953,""explicit_conflict_edge_count_k"":16896,""foreground_cells_n"":17417,""height"":133,""horizontal_chord_count_h"":256,""optimum_rectangle_count"":257,""q"":512,""reflex_count"":512,""vertical_chord_count_v"":256,""width"":133}",,complete,,128,,,True,5
,,,,,explicit-hopcroft-karp,,,,,"{""coefficient_of_variation"":0.02707982367182472,""mad"":5625.0,""max"":697333.0,""median"":581020.5,""min"":515583.0,""n"":848,""q1"":577249.75,""q3"":587343.5}",,,dense-conflict,,,,,,,,,,,,,distributions,representation-and-solver-kernel,,,"{""biclique_count"":308,""biclique_total_vertex_occurrences_sigma"":1619,""boundary_size_b"":1028,""component_count"":1,""compressed_network_arc_count"":2131,""compressed_network_node_count"":822,""compressed_size_m"":2953,""explicit_conflict_edge_count_k"":16896,""foreground_cells_n"":17417,""height"":133,""horizontal_chord_count_h"":256,""optimum_rectangle_count"":257,""q"":512,""reflex_count"":512,""vertical_chord_count_v"":256,""width"":133}",,complete,,128,,,True,5
,,,,,compact-mrd,,,,,"{""coefficient_of_variation"":0.014686236901565357,""mad"":51750.0,""max"":5642792.0,""median"":5402166.0,""min"":5238042.0,""n"":89,""q1"":5348583.0,""q3"":5449625.0}",,,dense-conflict,,,,,,,,,,,,,distributions,solve-from-canonical-instance,,,"{""biclique_count"":308,""biclique_total_vertex_occurrences_sigma"":1619,""boundary_size_b"":1028,""component_count"":1,""compressed_network_arc_count"":2131,""compressed_network_node_count"":822,""compressed_size_m"":2953,""explicit_conflict_edge_count_k"":16896,""foreground_cells_n"":17417,""height"":133,""horizontal_chord_count_h"":256,""optimum_rectangle_count"":257,""q"":512,""reflex_count"":512,""vertical_chord_count_v"":256,""width"":133}",,complete,,128,,,True,5
,,,,,explicit-c0-flow,,,,,"{""coefficient_of_variation"":0.010107219300881787,""mad"":90916.0,""max"":12962208.0,""median"":12656979.5,""min"":12363917.0,""n"":38,""q1"":12590479.25,""q3"":12752895.75}",,,dense-conflict,,,,,,,,,,,,,distributions,solve-from-canonical-instance,,,"{""biclique_count"":308,""biclique_total_vertex_occurrences_sigma"":1619,""boundary_size_b"":1028,""component_count"":1,""compressed_network_arc_count"":2131,""compressed_network_node_count"":822,""compressed_size_m"":2953,""explicit_conflict_edge_count_k"":16896,""foreground_cells_n"":17417,""height"":133,""horizontal_chord_count_h"":256,""optimum_rectangle_count"":257,""q"":512,""reflex_count"":512,""vertical_chord_count_v"":256,""width"":133}",,complete,,128,,,True,5
,,,,,explicit-hopcroft-karp,,,,,"{""coefficient_of_variation"":0.013088373842138094,""mad"":55708.5,""max"":5537334.0,""median"":5392604.5,""min"":5241500.0,""n"":90,""q1"":5337729.5,""q3"":5447604.5}",,,dense-conflict,,,,,,,,,,,,,distributions,solve-from-canonical-instance,,,"{""biclique_count"":308,""biclique_total_vertex_occurrences_sigma"":1619,""boundary_size_b"":1028,""component_count"":1,""compressed_network_arc_count"":2131,""compressed_network_node_count"":822,""compressed_size_m"":2953,""explicit_conflict_edge_count_k"":16896,""foreground_cells_n"":17417,""height"":133,""horizontal_chord_count_h"":256,""optimum_rectangle_count"":257,""q"":512,""reflex_count"":512,""vertical_chord_count_v"":256,""width"":133}",,complete,,128,,,True,5
,,,,,compact-mrd,,,,,"{""coefficient_of_variation"":0.0575852844410876,""mad"":11333.0,""max"":1824375.0,""median"":1041583.0,""min"":1013208.0,""n"":385,""q1"":1032167.0,""q3"":1059958.0}",,,dense-conflict,,,,,,,,,,,,,distributions,representation-and-solver-kernel,,,"{""biclique_count"":578,""biclique_total_vertex_occurrences_sigma"":3280,""boundary_size_b"":2052,""component_count"":1,""compressed_network_arc_count"":4304,""compressed_network_node_count"":1604,""compressed_size_m"":5908,""explicit_conflict_edge_count_k"":66560,""foreground_cells_n"":67593,""height"":261,""horizontal_chord_count_h"":512,""optimum_rectangle_count"":513,""q"":1024,""reflex_count"":1024,""vertical_chord_count_v"":512,""width"":261}",,complete,,256,,,True,7
,,,,,explicit-c0-flow,,,,,"{""coefficient_of_variation"":0.01017256852341633,""mad"":257958.0,""max"":35884542.0,""median"":35077000.0,""min"":34659417.0,""n"":15,""q1"":34979999.5,""q3"":35449625.0}",,,dense-conflict,,,,,,,,,,,,,distributions,representation-and-solver-kernel,,,"{""biclique_count"":578,""biclique_total_vertex_occurrences_sigma"":3280,""boundary_size_b"":2052,""component_count"":1,""compressed_network_arc_count"":4304,""compressed_network_node_count"":1604,""compressed_size_m"":5908,""explicit_conflict_edge_count_k"":66560,""foreground_cells_n"":67593,""height"":261,""horizontal_chord_count_h"":512,""optimum_rectangle_count"":513,""q"":1024,""reflex_count"":1024,""vertical_chord_count_v"":512,""width"":261}",,complete,,256,,,True,5
,,,,,explicit-hopcroft-karp,,,,,"{""coefficient_of_variation"":0.016329514778030636,""mad"":29500.0,""max"":4131916.0,""median"":3918750.0,""min"":3774125.0,""n"":127,""q1"":3883812.5,""q3"":3942770.5}",,,dense-conflict,,,,,,,,,,,,,distributions,representation-and-solver-kernel,,,"{""biclique_count"":578,""biclique_total_vertex_occurrences_sigma"":3280,""boundary_size_b"":2052,""component_count"":1,""compressed_network_arc_count"":4304,""compressed_network_node_count"":1604,""compressed_size_m"":5908,""explicit_conflict_edge_count_k"":66560,""foreground_cells_n"":67593,""height"":261,""horizontal_chord_count_h"":512,""optimum_rectangle_count"":513,""q"":1024,""reflex_count"":1024,""vertical_chord_count_v"":512,""width"":261}",,complete,,256,,,True,5
,,,,,compact-mrd,,,,,"{""coefficient_of_variation"":0.007052967602570834,""mad"":123812.5,""max"":20522709.0,""median"":20316083.5,""min"":19988708.0,""n"":24,""q1"":20179551.75,""q3"":20420614.25}",,,dense-conflict,,,,,,,,,,,,,distributions,solve-from-canonical-instance,,,"{""biclique_count"":578,""biclique_total_vertex_occurrences_sigma"":3280,""boundary_size_b"":2052,""component_count"":1,""compressed_network_arc_count"":4304,""compressed_network_node_count"":1604,""compressed_size_m"":5908,""explicit_conflict_edge_count_k"":66560,""foreground_cells_n"":67593,""height"":261,""horizontal_chord_count_h"":512,""optimum_rectangle_count"":513,""q"":1024,""reflex_count"":1024,""vertical_chord_count_v"":512,""width"":261}",,complete,,256,,,True,5
,,,,,explicit-c0-flow,,,,,"{""coefficient_of_variation"":0.009534044634311976,""mad"":329624.0,""max"":55991666.0,""median"":54611084.0,""min"":54009208.0,""n"":15,""q1"":54277125.0,""q3"":54917229.0}",,,dense-conflict,,,,,,,,,,,,,distributions,solve-from-canonical-instance,,,"{""biclique_count"":578,""biclique_total_vertex_occurrences_sigma"":3280,""boundary_size_b"":2052,""component_count"":1,""compressed_network_arc_count"":4304,""compressed_network_node_count"":1604,""compressed_size_m"":5908,""explicit_conflict_edge_count_k"":66560,""foreground_cells_n"":67593,""height"":261,""horizontal_chord_count_h"":512,""optimum_rectangle_count"":513,""q"":1024,""reflex_count"":1024,""vertical_chord_count_v"":512,""width"":261}",,complete,,256,,,True,5
,,,,,explicit-hopcroft-karp,,,,,"{""coefficient_of_variation"":0.010382551050987293,""mad"":70833.0,""max"":24056167.0,""median"":23111042.0,""min"":22677375.0,""n"":21,""q1"":23044167.0,""q3"":23201333.0}",,,dense-conflict,,,,,,,,,,,,,distributions,solve-from-canonical-instance,,,"{""biclique_count"":578,""biclique_total_vertex_occurrences_sigma"":3280,""boundary_size_b"":2052,""component_count"":1,""compressed_network_arc_count"":4304,""compressed_network_node_count"":1604,""compressed_size_m"":5908,""explicit_conflict_edge_count_k"":66560,""foreground_cells_n"":67593,""height"":261,""horizontal_chord_count_h"":512,""optimum_rectangle_count"":513,""q"":1024,""reflex_count"":1024,""vertical_chord_count_v"":512,""width"":261}",,complete,,256,,,True,5
,,,,,compact-mrd,,,,,"{""coefficient_of_variation"":0.036902264348759484,""mad"":21751.0,""max"":2527084.0,""median"":2143959.0,""min"":2094542.0,""n"":199,""q1"":2125854.5,""q3"":2175250.0}",,,dense-conflict,,,,,,,,,,,,,distributions,representation-and-solver-kernel,,,"{""biclique_count"":1126,""biclique_total_vertex_occurrences_sigma"":6647,""boundary_size_b"":4100,""component_count"":1,""compressed_network_arc_count"":8695,""compressed_network_node_count"":3176,""compressed_size_m"":11871,""explicit_conflict_edge_count_k"":264192,""foreground_cells_n"":266249,""height"":517,""horizontal_chord_count_h"":1024,""optimum_rectangle_count"":1025,""q"":2048,""reflex_count"":2048,""vertical_chord_count_v"":1024,""width"":517}",,complete,,512,,,True,5
,,,,,explicit-c0-flow,,,,,"{""coefficient_of_variation"":0.009001322926488007,""mad"":630667.0,""max"":174643583.0,""median"":171163875.0,""min"":169262958.0,""n"":7,""q1"":170625666.5,""q3"":171757021.5}",,,dense-conflict,,,,,,,,,,,,,distributions,representation-and-solver-kernel,,,"{""biclique_count"":1126,""biclique_total_vertex_occurrences_sigma"":6647,""boundary_size_b"":4100,""component_count"":1,""compressed_network_arc_count"":8695,""compressed_network_node_count"":3176,""compressed_size_m"":11871,""explicit_conflict_edge_count_k"":264192,""foreground_cells_n"":266249,""height"":517,""horizontal_chord_count_h"":1024,""optimum_rectangle_count"":1025,""q"":2048,""reflex_count"":2048,""vertical_chord_count_v"":1024,""width"":517}",,complete,,512,,,True,5
,,,,,explicit-hopcroft-karp,,,,,"{""coefficient_of_variation"":0.01545979512059129,""mad"":79041.5,""max"":29114750.0,""median"":27331333.0,""min"":27237166.0,""n"":18,""q1"":27266229.25,""q3"":27463479.75}",,,dense-conflict,,,,,,,,,,,,,distributions,representation-and-solver-kernel,,,"{""biclique_count"":1126,""biclique_total_vertex_occurrences_sigma"":6647,""boundary_size_b"":4100,""component_count"":1,""compressed_network_arc_count"":8695,""compressed_network_node_count"":3176,""compressed_size_m"":11871,""explicit_conflict_edge_count_k"":264192,""foreground_cells_n"":266249,""height"":517,""horizontal_chord_count_h"":1024,""optimum_rectangle_count"":1025,""q"":2048,""reflex_count"":2048,""vertical_chord_count_v"":1024,""width"":517}",,complete,,512,,,True,5
,,,,,compact-mrd,,,,,"{""coefficient_of_variation"":0.007923957807634392,""mad"":337207.0,""max"":82466667.0,""median"":80952459.0,""min"":79993708.0,""n"":15,""q1"":80576542.0,""q3"":81281728.5}",,,dense-conflict,,,,,,,,,,,,,distributions,solve-from-canonical-instance,,,"{""biclique_count"":1126,""biclique_total_vertex_occurrences_sigma"":6647,""boundary_size_b"":4100,""component_count"":1,""compressed_network_arc_count"":8695,""compressed_network_node_count"":3176,""compressed_size_m"":11871,""explicit_conflict_edge_count_k"":264192,""foreground_cells_n"":266249,""height"":517,""horizontal_chord_count_h"":1024,""optimum_rectangle_count"":1025,""q"":2048,""reflex_count"":2048,""vertical_chord_count_v"":1024,""width"":517}",,complete,,512,,,True,5
,,,,,explicit-c0-flow,,,,,"{""coefficient_of_variation"":0.007345517044888934,""mad"":1061333.0,""max"":254501625.0,""median"":250173625.0,""min"":249112292.0,""n"":7,""q1"":249760104.5,""q3"":252411854.0}",,,dense-conflict,,,,,,,,,,,,,distributions,solve-from-canonical-instance,,,"{""biclique_count"":1126,""biclique_total_vertex_occurrences_sigma"":6647,""boundary_size_b"":4100,""component_count"":1,""compressed_network_arc_count"":8695,""compressed_network_node_count"":3176,""compressed_size_m"":11871,""explicit_conflict_edge_count_k"":264192,""foreground_cells_n"":266249,""height"":517,""horizontal_chord_count_h"":1024,""optimum_rectangle_count"":1025,""q"":2048,""reflex_count"":2048,""vertical_chord_count_v"":1024,""width"":517}",,complete,,512,,,True,5
,,,,,explicit-hopcroft-karp,,,,,"{""coefficient_of_variation"":0.00987907140493681,""mad"":406917.0,""max"":109207334.0,""median"":106393000.0,""min"":105819375.0,""n"":7,""q1"":106169333.0,""q3"":106740437.5}",,,dense-conflict,,,,,,,,,,,,,distributions,solve-from-canonical-instance,,,"{""biclique_count"":1126,""biclique_total_vertex_occurrences_sigma"":6647,""boundary_size_b"":4100,""component_count"":1,""compressed_network_arc_count"":8695,""compressed_network_node_count"":3176,""compressed_size_m"":11871,""explicit_conflict_edge_count_k"":264192,""foreground_cells_n"":266249,""height"":517,""horizontal_chord_count_h"":1024,""optimum_rectangle_count"":1025,""q"":2048,""reflex_count"":2048,""vertical_chord_count_v"":1024,""width"":517}",,complete,,512,,,True,5
,,,,,compact-mrd,,,,,"{""coefficient_of_variation"":0.03488608110791339,""mad"":53333.0,""max"":5537209.0,""median"":4451958.0,""min"":4367750.0,""n"":101,""q1"":4408667.0,""q3"":4512292.0}",,,dense-conflict,,,,,,,,,,,,,distributions,representation-and-solver-kernel,,,"{""biclique_count"":2187,""biclique_total_vertex_occurrences_sigma"":13400,""boundary_size_b"":8196,""component_count"":1,""compressed_network_arc_count"":17496,""compressed_network_node_count"":6285,""compressed_size_m"":23781,""explicit_conflict_edge_count_k"":1052672,""foreground_cells_n"":1056777,""height"":1029,""horizontal_chord_count_h"":2048,""optimum_rectangle_count"":2049,""q"":4096,""reflex_count"":4096,""vertical_chord_count_v"":2048,""width"":1029}",,complete,,1024,,,True,5
,,,,,explicit-c0-flow,,,,,"{""coefficient_of_variation"":0.010745941446881513,""mad"":4653709.0,""max"":916219583.0,""median"":898550791.0,""min"":882970458.0,""n"":7,""q1"":894992666.5,""q3"":904749979.5}",,,dense-conflict,,,,,,,,,,,,,distributions,representation-and-solver-kernel,,,"{""biclique_count"":2187,""biclique_total_vertex_occurrences_sigma"":13400,""boundary_size_b"":8196,""component_count"":1,""compressed_network_arc_count"":17496,""compressed_network_node_count"":6285,""compressed_size_m"":23781,""explicit_conflict_edge_count_k"":1052672,""foreground_cells_n"":1056777,""height"":1029,""horizontal_chord_count_h"":2048,""optimum_rectangle_count"":2049,""q"":4096,""reflex_count"":4096,""vertical_chord_count_v"":2048,""width"":1029}",,complete,,1024,,,True,5
,,,,,explicit-hopcroft-karp,,,,,"{""coefficient_of_variation"":0.009611378258500027,""mad"":391500.0,""max"":202178166.0,""median"":197629000.0,""min"":196569959.0,""n"":7,""q1"":197426021.0,""q3"":199131333.0}",,,dense-conflict,,,,,,,,,,,,,distributions,representation-and-solver-kernel,,,"{""biclique_count"":2187,""biclique_total_vertex_occurrences_sigma"":13400,""boundary_size_b"":8196,""component_count"":1,""compressed_network_arc_count"":17496,""compressed_network_node_count"":6285,""compressed_size_m"":23781,""explicit_conflict_edge_count_k"":1052672,""foreground_cells_n"":1056777,""height"":1029,""horizontal_chord_count_h"":2048,""optimum_rectangle_count"":2049,""q"":4096,""reflex_count"":4096,""vertical_chord_count_v"":2048,""width"":1029}",,complete,,1024,,,True,5
,,,,,compact-mrd,,,,,"{""coefficient_of_variation"":0.011254924110567954,""mad"":2804792.0,""max"":334184292.0,""median"":326845583.0,""min"":322213541.0,""n"":7,""q1"":324506729.5,""q3"":328385187.5}",,,dense-conflict,,,,,,,,,,,,,distributions,solve-from-canonical-instance,,,"{""biclique_count"":2187,""biclique_total_vertex_occurrences_sigma"":13400,""boundary_size_b"":8196,""component_count"":1,""compressed_network_arc_count"":17496,""compressed_network_node_count"":6285,""compressed_size_m"":23781,""explicit_conflict_edge_count_k"":1052672,""foreground_cells_n"":1056777,""height"":1029,""horizontal_chord_count_h"":2048,""optimum_rectangle_count"":2049,""q"":4096,""reflex_count"":4096,""vertical_chord_count_v"":2048,""width"":1029}",,complete,,1024,,,True,5
,,,,,explicit-c0-flow,,,,,"{""coefficient_of_variation"":0.008768971410555047,""mad"":4102791.0,""max"":1236530708.0,""median"":1223416833.0,""min"":1200496042.0,""n"":7,""q1"":1221258313.0,""q3"":1228886666.5}",,,dense-conflict,,,,,,,,,,,,,distributions,solve-from-canonical-instance,,,"{""biclique_count"":2187,""biclique_total_vertex_occurrences_sigma"":13400,""boundary_size_b"":8196,""component_count"":1,""compressed_network_arc_count"":17496,""compressed_network_node_count"":6285,""compressed_size_m"":23781,""explicit_conflict_edge_count_k"":1052672,""foreground_cells_n"":1056777,""height"":1029,""horizontal_chord_count_h"":2048,""optimum_rectangle_count"":2049,""q"":4096,""reflex_count"":4096,""vertical_chord_count_v"":2048,""width"":1029}",,complete,,1024,,,True,5
,,,,,explicit-hopcroft-karp,,,,,"{""coefficient_of_variation"":0.0051267211613775475,""mad"":643917.0,""max"":525794750.0,""median"":523941583.0,""min"":517172042.0,""n"":7,""q1"":522680166.0,""q3"":524534166.5}",,,dense-conflict,,,,,,,,,,,,,distributions,solve-from-canonical-instance,,,"{""biclique_count"":2187,""biclique_total_vertex_occurrences_sigma"":13400,""boundary_size_b"":8196,""component_count"":1,""compressed_network_arc_count"":17496,""compressed_network_node_count"":6285,""compressed_size_m"":23781,""explicit_conflict_edge_count_k"":1052672,""foreground_cells_n"":1056777,""height"":1029,""horizontal_chord_count_h"":2048,""optimum_rectangle_count"":2049,""q"":4096,""reflex_count"":4096,""vertical_chord_count_v"":2048,""width"":1029}",,complete,,1024,,,True,5
,,,,,compact-mrd,,,,,"{""coefficient_of_variation"":0.10830767192249574,""mad"":208.0,""max"":71917.0,""median"":15750.0,""min"":13917.0,""n"":10000,""q1"":14792.0,""q3"":15875.0}",,,random-connected,,,,,,,,,,,,,distributions,representation-and-solver-kernel,,,"{""biclique_count"":17,""biclique_total_vertex_occurrences_sigma"":40,""boundary_size_b"":40,""component_count"":1,""compressed_network_arc_count"":55,""compressed_network_node_count"":34,""compressed_size_m"":89,""explicit_conflict_edge_count_k"":25,""foreground_cells_n"":64,""height"":16,""horizontal_chord_count_h"":7,""optimum_rectangle_count"":11,""q"":15,""reflex_count"":18,""vertical_chord_count_v"":8,""width"":16}",,complete,,64,,,True,5
,,,,,explicit-c0-flow,,,,,"{""coefficient_of_variation"":0.1170166965804944,""mad"":167.0,""max"":50959.0,""median"":10792.0,""min"":9459.0,""n"":10000,""q1"":10167.0,""q3"":10917.0}",,,random-connected,,,,,,,,,,,,,distributions,representation-and-solver-kernel,,,"{""biclique_count"":17,""biclique_total_vertex_occurrences_sigma"":40,""boundary_size_b"":40,""component_count"":1,""compressed_network_arc_count"":55,""compressed_network_node_count"":34,""compressed_size_m"":89,""explicit_conflict_edge_count_k"":25,""foreground_cells_n"":64,""height"":16,""horizontal_chord_count_h"":7,""optimum_rectangle_count"":11,""q"":15,""reflex_count"":18,""vertical_chord_count_v"":8,""width"":16}",,complete,,64,,,True,7
,,,,,explicit-hopcroft-karp,,,,,"{""coefficient_of_variation"":0.48874655171905684,""mad"":41.0,""max"":38500.0,""median"":833.0,""min"":666.0,""n"":10000,""q1"":791.0,""q3"":834.0}",,,random-connected,,,,,,,,,,,,,distributions,representation-and-solver-kernel,,,"{""biclique_count"":17,""biclique_total_vertex_occurrences_sigma"":40,""boundary_size_b"":40,""component_count"":1,""compressed_network_arc_count"":55,""compressed_network_node_count"":34,""compressed_size_m"":89,""explicit_conflict_edge_count_k"":25,""foreground_cells_n"":64,""height"":16,""horizontal_chord_count_h"":7,""optimum_rectangle_count"":11,""q"":15,""reflex_count"":18,""vertical_chord_count_v"":8,""width"":16}",,complete,,64,,,True,6
,,,,,compact-mrd,,,,,"{""coefficient_of_variation"":0.08504498553948212,""mad"":917.0,""max"":171541.0,""median"":46333.0,""min"":40458.0,""n"":6932,""q1"":44000.0,""q3"":47041.0}",,,random-connected,,,,,,,,,,,,,distributions,solve-from-canonical-instance,,,"{""biclique_count"":17,""biclique_total_vertex_occurrences_sigma"":40,""boundary_size_b"":40,""component_count"":1,""compressed_network_arc_count"":55,""compressed_network_node_count"":34,""compressed_size_m"":89,""explicit_conflict_edge_count_k"":25,""foreground_cells_n"":64,""height"":16,""horizontal_chord_count_h"":7,""optimum_rectangle_count"":11,""q"":15,""reflex_count"":18,""vertical_chord_count_v"":8,""width"":16}",,complete,,64,,,True,7
,,,,,explicit-c0-flow,,,,,"{""coefficient_of_variation"":0.07981793343025836,""mad"":833.0,""max"":113875.0,""median"":41500.0,""min"":36166.0,""n"":9411,""q1"":39667.0,""q3"":42125.0}",,,random-connected,,,,,,,,,,,,,distributions,solve-from-canonical-instance,,,"{""biclique_count"":17,""biclique_total_vertex_occurrences_sigma"":40,""boundary_size_b"":40,""component_count"":1,""compressed_network_arc_count"":55,""compressed_network_node_count"":34,""compressed_size_m"":89,""explicit_conflict_edge_count_k"":25,""foreground_cells_n"":64,""height"":16,""horizontal_chord_count_h"":7,""optimum_rectangle_count"":11,""q"":15,""reflex_count"":18,""vertical_chord_count_v"":8,""width"":16}",,complete,,64,,,True,5
,,,,,explicit-hopcroft-karp,,,,,"{""coefficient_of_variation"":0.07908827688426057,""mad"":709.0,""max"":99792.0,""median"":31375.0,""min"":26667.0,""n"":10000,""q1"":29959.0,""q3"":31958.0}",,,random-connected,,,,,,,,,,,,,distributions,solve-from-canonical-instance,,,"{""biclique_count"":17,""biclique_total_vertex_occurrences_sigma"":40,""boundary_size_b"":40,""component_count"":1,""compressed_network_arc_count"":55,""compressed_network_node_count"":34,""compressed_size_m"":89,""explicit_conflict_edge_count_k"":25,""foreground_cells_n"":64,""height"":16,""horizontal_chord_count_h"":7,""optimum_rectangle_count"":11,""q"":15,""reflex_count"":18,""vertical_chord_count_v"":8,""width"":16}",,complete,,64,,,True,5
,,,,,compact-mrd,,,,,"{""coefficient_of_variation"":0.08670070291962112,""mad"":125.0,""max"":53084.0,""median"":12417.0,""min"":10792.0,""n"":10000,""q1"":12292.0,""q3"":12541.0}",,,random-connected,,,,,,,,,,,,,distributions,representation-and-solver-kernel,,,"{""biclique_count"":12,""biclique_total_vertex_occurrences_sigma"":26,""boundary_size_b"":48,""component_count"":1,""compressed_network_arc_count"":41,""compressed_network_node_count"":29,""compressed_size_m"":70,""explicit_conflict_edge_count_k"":14,""foreground_cells_n"":128,""height"":23,""horizontal_chord_count_h"":8,""optimum_rectangle_count"":13,""q"":15,""reflex_count"":22,""vertical_chord_count_v"":7,""width"":23}",,complete,,128,,,True,5
,,,,,explicit-c0-flow,,,,,"{""coefficient_of_variation"":0.0923364584965186,""mad"":83.0,""max"":39541.0,""median"":6834.0,""min"":6000.0,""n"":10000,""q1"":6791.0,""q3"":6917.0}",,,random-connected,,,,,,,,,,,,,distributions,representation-and-solver-kernel,,,"{""biclique_count"":12,""biclique_total_vertex_occurrences_sigma"":26,""boundary_size_b"":48,""component_count"":1,""compressed_network_arc_count"":41,""compressed_network_node_count"":29,""compressed_size_m"":70,""explicit_conflict_edge_count_k"":14,""foreground_cells_n"":128,""height"":23,""horizontal_chord_count_h"":8,""optimum_rectangle_count"":13,""q"":15,""reflex_count"":22,""vertical_chord_count_v"":7,""width"":23}",,complete,,128,,,True,5
,,,,,explicit-hopcroft-karp,,,,,"{""coefficient_of_variation"":0.40072626437051745,""mad"":41.0,""max"":27875.0,""median"":791.0,""min"":625.0,""n"":10000,""q1"":750.0,""q3"":792.0}",,,random-connected,,,,,,,,,,,,,distributions,representation-and-solver-kernel,,,"{""biclique_count"":12,""biclique_total_vertex_occurrences_sigma"":26,""boundary_size_b"":48,""component_count"":1,""compressed_network_arc_count"":41,""compressed_network_node_count"":29,""compressed_size_m"":70,""explicit_conflict_edge_count_k"":14,""foreground_cells_n"":128,""height"":23,""horizontal_chord_count_h"":8,""optimum_rectangle_count"":13,""q"":15,""reflex_count"":22,""vertical_chord_count_v"":7,""width"":23}",,complete,,128,,,True,7
,,,,,compact-mrd,,,,,"{""coefficient_of_variation"":0.06553014195621788,""mad"":875.0,""max"":169875.0,""median"":61125.0,""min"":53208.0,""n"":6359,""q1"":60291.0,""q3"":62000.0}",,,random-connected,,,,,,,,,,,,,distributions,solve-from-canonical-instance,,,"{""biclique_count"":12,""biclique_total_vertex_occurrences_sigma"":26,""boundary_size_b"":48,""component_count"":1,""compressed_network_arc_count"":41,""compressed_network_node_count"":29,""compressed_size_m"":70,""explicit_conflict_edge_count_k"":14,""foreground_cells_n"":128,""height"":23,""horizontal_chord_count_h"":8,""optimum_rectangle_count"":13,""q"":15,""reflex_count"":22,""vertical_chord_count_v"":7,""width"":23}",,complete,,128,,,True,6
,,,,,explicit-c0-flow,,,,,"{""coefficient_of_variation"":0.05517387718546932,""mad"":833.0,""max"":114750.0,""median"":55625.0,""min"":48666.0,""n"":9324,""q1"":54792.0,""q3"":56417.0}",,,random-connected,,,,,,,,,,,,,distributions,solve-from-canonical-instance,,,"{""biclique_count"":12,""biclique_total_vertex_occurrences_sigma"":26,""boundary_size_b"":48,""component_count"":1,""compressed_network_arc_count"":41,""compressed_network_node_count"":29,""compressed_size_m"":70,""explicit_conflict_edge_count_k"":14,""foreground_cells_n"":128,""height"":23,""horizontal_chord_count_h"":8,""optimum_rectangle_count"":13,""q"":15,""reflex_count"":22,""vertical_chord_count_v"":7,""width"":23}",,complete,,128,,,True,10
,,,,,explicit-hopcroft-karp,,,,,"{""coefficient_of_variation"":0.057914034117862605,""mad"":792.0,""max"":159375.0,""median"":49500.0,""min"":42959.0,""n"":10000,""q1"":48708.0,""q3"":50291.0}",,,random-connected,,,,,,,,,,,,,distributions,solve-from-canonical-instance,,,"{""biclique_count"":12,""biclique_total_vertex_occurrences_sigma"":26,""boundary_size_b"":48,""component_count"":1,""compressed_network_arc_count"":41,""compressed_network_node_count"":29,""compressed_size_m"":70,""explicit_conflict_edge_count_k"":14,""foreground_cells_n"":128,""height"":23,""horizontal_chord_count_h"":8,""optimum_rectangle_count"":13,""q"":15,""reflex_count"":22,""vertical_chord_count_v"":7,""width"":23}",,complete,,128,,,True,5
,,,,,compact-mrd,,,,,"{""coefficient_of_variation"":0.0687917926800834,""mad"":208.5,""max"":75375.0,""median"":18833.0,""min"":16625.0,""n"":10000,""q1"":18625.0,""q3"":19083.0}",,,random-connected,,,,,,,,,,,,,distributions,representation-and-solver-kernel,,,"{""biclique_count"":20,""biclique_total_vertex_occurrences_sigma"":50,""boundary_size_b"":62,""component_count"":1,""compressed_network_arc_count"":69,""compressed_network_node_count"":41,""compressed_size_m"":110,""explicit_conflict_edge_count_k"":35,""foreground_cells_n"":256,""height"":32,""horizontal_chord_count_h"":10,""optimum_rectangle_count"":19,""q"":19,""reflex_count"":29,""vertical_chord_count_v"":9,""width"":32}",,complete,,256,,,True,5
,,,,,explicit-c0-flow,,,,,"{""coefficient_of_variation"":0.11295405280379571,""mad"":209.0,""max"":166625.0,""median"":16000.0,""min"":13917.0,""n"":10000,""q1"":15750.0,""q3"":16208.0}",,,random-connected,,,,,,,,,,,,,distributions,representation-and-solver-kernel,,,"{""biclique_count"":20,""biclique_total_vertex_occurrences_sigma"":50,""boundary_size_b"":62,""component_count"":1,""compressed_network_arc_count"":69,""compressed_network_node_count"":41,""compressed_size_m"":110,""explicit_conflict_edge_count_k"":35,""foreground_cells_n"":256,""height"":32,""horizontal_chord_count_h"":10,""optimum_rectangle_count"":19,""q"":19,""reflex_count"":29,""vertical_chord_count_v"":9,""width"":32}",,complete,,256,,,True,5
,,,,,explicit-hopcroft-karp,,,,,"{""coefficient_of_variation"":0.15859949854683641,""mad"":42.0,""max"":12084.0,""median"":1417.0,""min"":1125.0,""n"":10000,""q1"":1375.0,""q3"":1458.0}",,,random-connected,,,,,,,,,,,,,distributions,representation-and-solver-kernel,,,"{""biclique_count"":20,""biclique_total_vertex_occurrences_sigma"":50,""boundary_size_b"":62,""component_count"":1,""compressed_network_arc_count"":69,""compressed_network_node_count"":41,""compressed_size_m"":110,""explicit_conflict_edge_count_k"":35,""foreground_cells_n"":256,""height"":32,""horizontal_chord_count_h"":10,""optimum_rectangle_count"":19,""q"":19,""reflex_count"":29,""vertical_chord_count_v"":9,""width"":32}",,complete,,256,,,True,11
,,,,,compact-mrd,,,,,"{""coefficient_of_variation"":0.06361557906208246,""mad"":1958.0,""max"":307709.0,""median"":112208.0,""min"":97333.0,""n"":3729,""q1"":110333.0,""q3"":114292.0}",,,random-connected,,,,,,,,,,,,,distributions,solve-from-canonical-instance,,,"{""biclique_count"":20,""biclique_total_vertex_occurrences_sigma"":50,""boundary_size_b"":62,""component_count"":1,""compressed_network_arc_count"":69,""compressed_network_node_count"":41,""compressed_size_m"":110,""explicit_conflict_edge_count_k"":35,""foreground_cells_n"":256,""height"":32,""horizontal_chord_count_h"":10,""optimum_rectangle_count"":19,""q"":19,""reflex_count"":29,""vertical_chord_count_v"":9,""width"":32}",,complete,,256,,,True,19
,,,,,explicit-c0-flow,,,,,"{""coefficient_of_variation"":0.0579141637266644,""mad"":1958.0,""max"":307250.0,""median"":109333.0,""min"":94666.0,""n"":4048,""q1"":107542.0,""q3"":111500.0}",,,random-connected,,,,,,,,,,,,,distributions,solve-from-canonical-instance,,,"{""biclique_count"":20,""biclique_total_vertex_occurrences_sigma"":50,""boundary_size_b"":62,""component_count"":1,""compressed_network_arc_count"":69,""compressed_network_node_count"":41,""compressed_size_m"":110,""explicit_conflict_edge_count_k"":35,""foreground_cells_n"":256,""height"":32,""horizontal_chord_count_h"":10,""optimum_rectangle_count"":19,""q"":19,""reflex_count"":29,""vertical_chord_count_v"":9,""width"":32}",,complete,,256,,,True,5
,,,,,explicit-hopcroft-karp,,,,,"{""coefficient_of_variation"":0.06661328315454776,""mad"":1750.0,""max"":272000.0,""median"":94500.0,""min"":81750.0,""n"":4956,""q1"":92875.0,""q3"":96458.0}",,,random-connected,,,,,,,,,,,,,distributions,solve-from-canonical-instance,,,"{""biclique_count"":20,""biclique_total_vertex_occurrences_sigma"":50,""boundary_size_b"":62,""component_count"":1,""compressed_network_arc_count"":69,""compressed_network_node_count"":41,""compressed_size_m"":110,""explicit_conflict_edge_count_k"":35,""foreground_cells_n"":256,""height"":32,""horizontal_chord_count_h"":10,""optimum_rectangle_count"":19,""q"":19,""reflex_count"":29,""vertical_chord_count_v"":9,""width"":32}",,complete,,256,,,True,5
,,,,,compact-mrd,,,,,"{""coefficient_of_variation"":0.8089324099820631,""mad"":291.0,""max"":3779500.0,""median"":49666.0,""min"":44500.0,""n"":8962,""q1"":49416.0,""q3"":49958.0}",,,random-connected,,,,,,,,,,,,,distributions,representation-and-solver-kernel,,,"{""biclique_count"":47,""biclique_total_vertex_occurrences_sigma"":136,""boundary_size_b"":110,""component_count"":1,""compressed_network_arc_count"":174,""compressed_network_node_count"":87,""compressed_size_m"":261,""explicit_conflict_edge_count_k"":130,""foreground_cells_n"":512,""height"":46,""horizontal_chord_count_h"":17,""optimum_rectangle_count"":33,""q"":38,""reflex_count"":53,""vertical_chord_count_v"":21,""width"":46}",,complete,,512,,,True,5
,,,,,explicit-c0-flow,,,,,"{""coefficient_of_variation"":0.23314329914918316,""mad"":417.0,""max"":877125.0,""median"":53167.0,""min"":47250.0,""n"":8409,""q1"":52750.0,""q3"":53625.0}",,,random-connected,,,,,,,,,,,,,distributions,representation-and-solver-kernel,,,"{""biclique_count"":47,""biclique_total_vertex_occurrences_sigma"":136,""boundary_size_b"":110,""component_count"":1,""compressed_network_arc_count"":174,""compressed_network_node_count"":87,""compressed_size_m"":261,""explicit_conflict_edge_count_k"":130,""foreground_cells_n"":512,""height"":46,""horizontal_chord_count_h"":17,""optimum_rectangle_count"":33,""q"":38,""reflex_count"":53,""vertical_chord_count_v"":21,""width"":46}",,complete,,512,,,True,5
,,,,,explicit-hopcroft-karp,,,,,"{""coefficient_of_variation"":0.7806717335160623,""mad"":42.0,""max"":233041.0,""median"":3000.0,""min"":2541.0,""n"":10000,""q1"":2958.0,""q3"":3042.0}",,,random-connected,,,,,,,,,,,,,distributions,representation-and-solver-kernel,,,"{""biclique_count"":47,""biclique_total_vertex_occurrences_sigma"":136,""boundary_size_b"":110,""component_count"":1,""compressed_network_arc_count"":174,""compressed_network_node_count"":87,""compressed_size_m"":261,""explicit_conflict_edge_count_k"":130,""foreground_cells_n"":512,""height"":46,""horizontal_chord_count_h"":17,""optimum_rectangle_count"":33,""q"":38,""reflex_count"":53,""vertical_chord_count_v"":21,""width"":46}",,complete,,512,,,True,10
,,,,,compact-mrd,,,,,"{""coefficient_of_variation"":0.04226581920776868,""mad"":2500.0,""max"":350375.0,""median"":226125.0,""min"":201709.0,""n"":1809,""q1"":223917.0,""q3"":229000.0}",,,random-connected,,,,,,,,,,,,,distributions,solve-from-canonical-instance,,,"{""biclique_count"":47,""biclique_total_vertex_occurrences_sigma"":136,""boundary_size_b"":110,""component_count"":1,""compressed_network_arc_count"":174,""compressed_network_node_count"":87,""compressed_size_m"":261,""explicit_conflict_edge_count_k"":130,""foreground_cells_n"":512,""height"":46,""horizontal_chord_count_h"":17,""optimum_rectangle_count"":33,""q"":38,""reflex_count"":53,""vertical_chord_count_v"":21,""width"":46}",,complete,,512,,,True,9
,,,,,explicit-c0-flow,,,,,"{""coefficient_of_variation"":0.034275309022989295,""mad"":2583.0,""max"":310041.0,""median"":229542.0,""min"":205125.0,""n"":1974,""q1"":227125.0,""q3"":232333.0}",,,random-connected,,,,,,,,,,,,,distributions,solve-from-canonical-instance,,,"{""biclique_count"":47,""biclique_total_vertex_occurrences_sigma"":136,""boundary_size_b"":110,""component_count"":1,""compressed_network_arc_count"":174,""compressed_network_node_count"":87,""compressed_size_m"":261,""explicit_conflict_edge_count_k"":130,""foreground_cells_n"":512,""height"":46,""horizontal_chord_count_h"":17,""optimum_rectangle_count"":33,""q"":38,""reflex_count"":53,""vertical_chord_count_v"":21,""width"":46}",,complete,,512,,,True,5
,,,,,explicit-hopcroft-karp,,,,,"{""coefficient_of_variation"":0.4001611179189674,""mad"":2499.0,""max"":2642458.0,""median"":178958.0,""min"":155834.0,""n"":2735,""q1"":176604.5,""q3"":181583.0}",,,random-connected,,,,,,,,,,,,,distributions,solve-from-canonical-instance,,,"{""biclique_count"":47,""biclique_total_vertex_occurrences_sigma"":136,""boundary_size_b"":110,""component_count"":1,""compressed_network_arc_count"":174,""compressed_network_node_count"":87,""compressed_size_m"":261,""explicit_conflict_edge_count_k"":130,""foreground_cells_n"":512,""height"":46,""horizontal_chord_count_h"":17,""optimum_rectangle_count"":33,""q"":38,""reflex_count"":53,""vertical_chord_count_v"":21,""width"":46}",,complete,,512,,,True,5
,,,,,compact-mrd,,,,,"{""coefficient_of_variation"":0.07004339906011398,""mad"":375.0,""max"":215084.0,""median"":54583.0,""min"":47916.0,""n"":8583,""q1"":54167.0,""q3"":54917.0}",,,random-connected,,,,,,,,,,,,,distributions,representation-and-solver-kernel,,,"{""biclique_count"":55,""biclique_total_vertex_occurrences_sigma"":159,""boundary_size_b"":140,""component_count"":1,""compressed_network_arc_count"":201,""compressed_network_node_count"":99,""compressed_size_m"":300,""explicit_conflict_edge_count_k"":169,""foreground_cells_n"":1024,""height"":64,""horizontal_chord_count_h"":21,""optimum_rectangle_count"":45,""q"":42,""reflex_count"":68,""vertical_chord_count_v"":21,""width"":64}",,complete,,1024,,,True,5
,,,,,explicit-c0-flow,,,,,"{""coefficient_of_variation"":0.04827425934284838,""mad"":791.0,""max"":132208.0,""median"":68416.0,""min"":59542.0,""n"":7159,""q1"":67542.0,""q3"":69125.0}",,,random-connected,,,,,,,,,,,,,distributions,representation-and-solver-kernel,,,"{""biclique_count"":55,""biclique_total_vertex_occurrences_sigma"":159,""boundary_size_b"":140,""component_count"":1,""compressed_network_arc_count"":201,""compressed_network_node_count"":99,""compressed_size_m"":300,""explicit_conflict_edge_count_k"":169,""foreground_cells_n"":1024,""height"":64,""horizontal_chord_count_h"":21,""optimum_rectangle_count"":45,""q"":42,""reflex_count"":68,""vertical_chord_count_v"":21,""width"":64}",,complete,,1024,,,True,5
,,,,,explicit-hopcroft-karp,,,,,"{""coefficient_of_variation"":0.10862863231865594,""mad"":82.0,""max"":22833.0,""median"":3584.0,""min"":3041.0,""n"":10000,""q1"":3541.0,""q3"":3666.0}",,,random-connected,,,,,,,,,,,,,distributions,representation-and-solver-kernel,,,"{""biclique_count"":55,""biclique_total_vertex_occurrences_sigma"":159,""boundary_size_b"":140,""component_count"":1,""compressed_network_arc_count"":201,""compressed_network_node_count"":99,""compressed_size_m"":300,""explicit_conflict_edge_count_k"":169,""foreground_cells_n"":1024,""height"":64,""horizontal_chord_count_h"":21,""optimum_rectangle_count"":45,""q"":42,""reflex_count"":68,""vertical_chord_count_v"":21,""width"":64}",,complete,,1024,,,True,5
,,,,,compact-mrd,,,,,"{""coefficient_of_variation"":0.03588587937825969,""mad"":4875.0,""max"":469959.0,""median"":355167.0,""min"":320667.0,""n"":1185,""q1"":351000.0,""q3"":361167.0}",,,random-connected,,,,,,,,,,,,,distributions,solve-from-canonical-instance,,,"{""biclique_count"":55,""biclique_total_vertex_occurrences_sigma"":159,""boundary_size_b"":140,""component_count"":1,""compressed_network_arc_count"":201,""compressed_network_node_count"":99,""compressed_size_m"":300,""explicit_conflict_edge_count_k"":169,""foreground_cells_n"":1024,""height"":64,""horizontal_chord_count_h"":21,""optimum_rectangle_count"":45,""q"":42,""reflex_count"":68,""vertical_chord_count_v"":21,""width"":64}",,complete,,1024,,,True,5
,,,,,explicit-c0-flow,,,,,"{""coefficient_of_variation"":0.03635858606475344,""mad"":4791.0,""max"":512000.0,""median"":369291.0,""min"":335417.0,""n"":1303,""q1"":364875.0,""q3"":374458.0}",,,random-connected,,,,,,,,,,,,,distributions,solve-from-canonical-instance,,,"{""biclique_count"":55,""biclique_total_vertex_occurrences_sigma"":159,""boundary_size_b"":140,""component_count"":1,""compressed_network_arc_count"":201,""compressed_network_node_count"":99,""compressed_size_m"":300,""explicit_conflict_edge_count_k"":169,""foreground_cells_n"":1024,""height"":64,""horizontal_chord_count_h"":21,""optimum_rectangle_count"":45,""q"":42,""reflex_count"":68,""vertical_chord_count_v"":21,""width"":64}",,complete,,1024,,,True,5
,,,,,explicit-hopcroft-karp,,,,,"{""coefficient_of_variation"":0.034461691860565226,""mad"":4334.0,""max"":426041.0,""median"":303125.0,""min"":274500.0,""n"":1608,""q1"":299125.0,""q3"":308083.0}",,,random-connected,,,,,,,,,,,,,distributions,solve-from-canonical-instance,,,"{""biclique_count"":55,""biclique_total_vertex_occurrences_sigma"":159,""boundary_size_b"":140,""component_count"":1,""compressed_network_arc_count"":201,""compressed_network_node_count"":99,""compressed_size_m"":300,""explicit_conflict_edge_count_k"":169,""foreground_cells_n"":1024,""height"":64,""horizontal_chord_count_h"":21,""optimum_rectangle_count"":45,""q"":42,""reflex_count"":68,""vertical_chord_count_v"":21,""width"":64}",,complete,,1024,,,True,5
,,,,,compact-mrd,,,,,"{""coefficient_of_variation"":0.06384542133413026,""mad"":1166.0,""max"":293791.0,""median"":129583.0,""min"":116000.0,""n"":1926,""q1"":128625.0,""q3"":130958.0}",,,random-connected,,,,,,,,,,,,,distributions,representation-and-solver-kernel,,,"{""biclique_count"":133,""biclique_total_vertex_occurrences_sigma"":396,""boundary_size_b"":226,""component_count"":1,""compressed_network_arc_count"":478,""compressed_network_node_count"":217,""compressed_size_m"":695,""explicit_conflict_edge_count_k"":497,""foreground_cells_n"":2048,""height"":91,""horizontal_chord_count_h"":40,""optimum_rectangle_count"":69,""q"":82,""reflex_count"":113,""vertical_chord_count_v"":42,""width"":91}",,complete,,2048,,,True,7
,,,,,explicit-c0-flow,,,,,"{""coefficient_of_variation"":0.03224940051256596,""mad"":2001.0,""max"":297541.0,""median"":201584.0,""min"":176167.0,""n"":2186,""q1"":199542.0,""q3"":203583.0}",,,random-connected,,,,,,,,,,,,,distributions,representation-and-solver-kernel,,,"{""biclique_count"":133,""biclique_total_vertex_occurrences_sigma"":396,""boundary_size_b"":226,""component_count"":1,""compressed_network_arc_count"":478,""compressed_network_node_count"":217,""compressed_size_m"":695,""explicit_conflict_edge_count_k"":497,""foreground_cells_n"":2048,""height"":91,""horizontal_chord_count_h"":40,""optimum_rectangle_count"":69,""q"":82,""reflex_count"":113,""vertical_chord_count_v"":42,""width"":91}",,complete,,2048,,,True,5
,,,,,explicit-hopcroft-karp,,,,,"{""coefficient_of_variation"":0.10557870161684596,""mad"":84.0,""max"":55042.0,""median"":9458.0,""min"":8291.0,""n"":10000,""q1"":9375.0,""q3"":9542.0}",,,random-connected,,,,,,,,,,,,,distributions,representation-and-solver-kernel,,,"{""biclique_count"":133,""biclique_total_vertex_occurrences_sigma"":396,""boundary_size_b"":226,""component_count"":1,""compressed_network_arc_count"":478,""compressed_network_node_count"":217,""compressed_size_m"":695,""explicit_conflict_edge_count_k"":497,""foreground_cells_n"":2048,""height"":91,""horizontal_chord_count_h"":40,""optimum_rectangle_count"":69,""q"":82,""reflex_count"":113,""vertical_chord_count_v"":42,""width"":91}",,complete,,2048,,,True,8
,,,,,compact-mrd,,,,,"{""coefficient_of_variation"":0.03370525040736878,""mad"":9167.0,""max"":1012417.0,""median"":730750.0,""min"":692791.0,""n"":573,""q1"":723334.0,""q3"":742000.0}",,,random-connected,,,,,,,,,,,,,distributions,solve-from-canonical-instance,,,"{""biclique_count"":133,""biclique_total_vertex_occurrences_sigma"":396,""boundary_size_b"":226,""component_count"":1,""compressed_network_arc_count"":478,""compressed_network_node_count"":217,""compressed_size_m"":695,""explicit_conflict_edge_count_k"":497,""foreground_cells_n"":2048,""height"":91,""horizontal_chord_count_h"":40,""optimum_rectangle_count"":69,""q"":82,""reflex_count"":113,""vertical_chord_count_v"":42,""width"":91}",,complete,,2048,,,True,5
,,,,,explicit-c0-flow,,,,,"{""coefficient_of_variation"":0.022997071073422474,""mad"":8625.0,""max"":964625.0,""median"":803375.0,""min"":761417.0,""n"":597,""q1"":795542.0,""q3"":812750.0}",,,random-connected,,,,,,,,,,,,,distributions,solve-from-canonical-instance,,,"{""biclique_count"":133,""biclique_total_vertex_occurrences_sigma"":396,""boundary_size_b"":226,""component_count"":1,""compressed_network_arc_count"":478,""compressed_network_node_count"":217,""compressed_size_m"":695,""explicit_conflict_edge_count_k"":497,""foreground_cells_n"":2048,""height"":91,""horizontal_chord_count_h"":40,""optimum_rectangle_count"":69,""q"":82,""reflex_count"":113,""vertical_chord_count_v"":42,""width"":91}",,complete,,2048,,,True,10
,,,,,explicit-hopcroft-karp,,,,,"{""coefficient_of_variation"":0.02716804119880159,""mad"":7833.0,""max"":764333.0,""median"":609042.0,""min"":572250.0,""n"":802,""q1"":602125.0,""q3"":617823.25}",,,random-connected,,,,,,,,,,,,,distributions,solve-from-canonical-instance,,,"{""biclique_count"":133,""biclique_total_vertex_occurrences_sigma"":396,""boundary_size_b"":226,""component_count"":1,""compressed_network_arc_count"":478,""compressed_network_node_count"":217,""compressed_size_m"":695,""explicit_conflict_edge_count_k"":497,""foreground_cells_n"":2048,""height"":91,""horizontal_chord_count_h"":40,""optimum_rectangle_count"":69,""q"":82,""reflex_count"":113,""vertical_chord_count_v"":42,""width"":91}",,complete,,2048,,,True,5
,,,,,compact-mrd,,,,,"{""coefficient_of_variation"":0.09806420922033124,""mad"":1583.0,""max"":344750.0,""median"":167792.0,""min"":151209.0,""n"":1455,""q1"":166750.0,""q3"":175250.0}",,,random-connected,,,,,,,,,,,,,distributions,representation-and-solver-kernel,,,"{""biclique_count"":167,""biclique_total_vertex_occurrences_sigma"":534,""boundary_size_b"":300,""component_count"":1,""compressed_network_arc_count"":635,""compressed_network_node_count"":270,""compressed_size_m"":905,""explicit_conflict_edge_count_k"":730,""foreground_cells_n"":4096,""height"":128,""horizontal_chord_count_h"":51,""optimum_rectangle_count"":92,""q"":101,""reflex_count"":148,""vertical_chord_count_v"":50,""width"":128}",,complete,,4096,,,True,7
,,,,,explicit-c0-flow,,,,,"{""coefficient_of_variation"":0.031343864950648385,""mad"":4292.0,""max"":423167.0,""median"":316542.0,""min"":282458.0,""n"":1410,""q1"":312718.5,""q3"":321083.0}",,,random-connected,,,,,,,,,,,,,distributions,representation-and-solver-kernel,,,"{""biclique_count"":167,""biclique_total_vertex_occurrences_sigma"":534,""boundary_size_b"":300,""component_count"":1,""compressed_network_arc_count"":635,""compressed_network_node_count"":270,""compressed_size_m"":905,""explicit_conflict_edge_count_k"":730,""foreground_cells_n"":4096,""height"":128,""horizontal_chord_count_h"":51,""optimum_rectangle_count"":92,""q"":101,""reflex_count"":148,""vertical_chord_count_v"":50,""width"":128}",,complete,,4096,,,True,5
,,,,,explicit-hopcroft-karp,,,,,"{""coefficient_of_variation"":0.10422340848047892,""mad"":124.0,""max"":91708.0,""median"":15666.0,""min"":13916.0,""n"":10000,""q1"":15542.0,""q3"":15833.0}",,,random-connected,,,,,,,,,,,,,distributions,representation-and-solver-kernel,,,"{""biclique_count"":167,""biclique_total_vertex_occurrences_sigma"":534,""boundary_size_b"":300,""component_count"":1,""compressed_network_arc_count"":635,""compressed_network_node_count"":270,""compressed_size_m"":905,""explicit_conflict_edge_count_k"":730,""foreground_cells_n"":4096,""height"":128,""horizontal_chord_count_h"":51,""optimum_rectangle_count"":92,""q"":101,""reflex_count"":148,""vertical_chord_count_v"":50,""width"":128}",,complete,,4096,,,True,12
,,,,,compact-mrd,,,,,"{""coefficient_of_variation"":0.03205973827558793,""mad"":21168.0,""max"":1452125.0,""median"":1245584.0,""min"":1188667.0,""n"":353,""q1"":1225500.0,""q3"":1268708.0}",,,random-connected,,,,,,,,,,,,,distributions,solve-from-canonical-instance,,,"{""biclique_count"":167,""biclique_total_vertex_occurrences_sigma"":534,""boundary_size_b"":300,""component_count"":1,""compressed_network_arc_count"":635,""compressed_network_node_count"":270,""compressed_size_m"":905,""explicit_conflict_edge_count_k"":730,""foreground_cells_n"":4096,""height"":128,""horizontal_chord_count_h"":51,""optimum_rectangle_count"":92,""q"":101,""reflex_count"":148,""vertical_chord_count_v"":50,""width"":128}",,complete,,4096,,,True,5
,,,,,explicit-c0-flow,,,,,"{""coefficient_of_variation"":0.019630249846369206,""mad"":15188.0,""max"":1505792.0,""median"":1381604.0,""min"":1316917.0,""n"":344,""q1"":1368468.75,""q3"":1399989.5}",,,random-connected,,,,,,,,,,,,,distributions,solve-from-canonical-instance,,,"{""biclique_count"":167,""biclique_total_vertex_occurrences_sigma"":534,""boundary_size_b"":300,""component_count"":1,""compressed_network_arc_count"":635,""compressed_network_node_count"":270,""compressed_size_m"":905,""explicit_conflict_edge_count_k"":730,""foreground_cells_n"":4096,""height"":128,""horizontal_chord_count_h"":51,""optimum_rectangle_count"":92,""q"":101,""reflex_count"":148,""vertical_chord_count_v"":50,""width"":128}",,complete,,4096,,,True,5
,,,,,explicit-hopcroft-karp,,,,,"{""coefficient_of_variation"":0.024754316467929287,""mad"":13813.0,""max"":1187667.0,""median"":1072520.5,""min"":1018833.0,""n"":452,""q1"":1059125.0,""q3"":1087812.75}",,,random-connected,,,,,,,,,,,,,distributions,solve-from-canonical-instance,,,"{""biclique_count"":167,""biclique_total_vertex_occurrences_sigma"":534,""boundary_size_b"":300,""component_count"":1,""compressed_network_arc_count"":635,""compressed_network_node_count"":270,""compressed_size_m"":905,""explicit_conflict_edge_count_k"":730,""foreground_cells_n"":4096,""height"":128,""horizontal_chord_count_h"":51,""optimum_rectangle_count"":92,""q"":101,""reflex_count"":148,""vertical_chord_count_v"":50,""width"":128}",,complete,,4096,,,True,7
,,,,,compact-mrd,,,,,"{""coefficient_of_variation"":0.20376130604015788,""mad"":50499.5,""max"":615792.0,""median"":368958.5,""min"":298625.0,""n"":916,""q1"":319667.0,""q3"":450114.75}",,,random-connected,,,,,,,,,,,,,distributions,representation-and-solver-kernel,,,"{""biclique_count"":268,""biclique_total_vertex_occurrences_sigma"":958,""boundary_size_b"":458,""component_count"":1,""compressed_network_arc_count"":1123,""compressed_network_node_count"":435,""compressed_size_m"":1558,""explicit_conflict_edge_count_k"":2158,""foreground_cells_n"":8192,""height"":182,""horizontal_chord_count_h"":81,""optimum_rectangle_count"":142,""q"":165,""reflex_count"":227,""vertical_chord_count_v"":84,""width"":182}",,complete,,8192,,,True,6
,,,,,explicit-c0-flow,,,,,"{""coefficient_of_variation"":0.023222377989865043,""mad"":15708.5,""max"":1067208.0,""median"":987167.0,""min"":922125.0,""n"":488,""q1"":971375.25,""q3"":1002854.75}",,,random-connected,,,,,,,,,,,,,distributions,representation-and-solver-kernel,,,"{""biclique_count"":268,""biclique_total_vertex_occurrences_sigma"":958,""boundary_size_b"":458,""component_count"":1,""compressed_network_arc_count"":1123,""compressed_network_node_count"":435,""compressed_size_m"":1558,""explicit_conflict_edge_count_k"":2158,""foreground_cells_n"":8192,""height"":182,""horizontal_chord_count_h"":81,""optimum_rectangle_count"":142,""q"":165,""reflex_count"":227,""vertical_chord_count_v"":84,""width"":182}",,complete,,8192,,,True,5
,,,,,explicit-hopcroft-karp,,,,,"{""coefficient_of_variation"":0.06374270449768632,""mad"":209.0,""max"":111083.0,""median"":46459.0,""min"":41541.0,""n"":7827,""q1"":46167.0,""q3"":46667.0}",,,random-connected,,,,,,,,,,,,,distributions,representation-and-solver-kernel,,,"{""biclique_count"":268,""biclique_total_vertex_occurrences_sigma"":958,""boundary_size_b"":458,""component_count"":1,""compressed_network_arc_count"":1123,""compressed_network_node_count"":435,""compressed_size_m"":1558,""explicit_conflict_edge_count_k"":2158,""foreground_cells_n"":8192,""height"":182,""horizontal_chord_count_h"":81,""optimum_rectangle_count"":142,""q"":165,""reflex_count"":227,""vertical_chord_count_v"":84,""width"":182}",,complete,,8192,,,True,6
,,,,,compact-mrd,,,,,"{""coefficient_of_variation"":0.022793384083744657,""mad"":43271.0,""max"":2908750.0,""median"":2704375.0,""min"":2560333.0,""n"":174,""q1"":2662114.75,""q3"":2749479.5}",,,random-connected,,,,,,,,,,,,,distributions,solve-from-canonical-instance,,,"{""biclique_count"":268,""biclique_total_vertex_occurrences_sigma"":958,""boundary_size_b"":458,""component_count"":1,""compressed_network_arc_count"":1123,""compressed_network_node_count"":435,""compressed_size_m"":1558,""explicit_conflict_edge_count_k"":2158,""foreground_cells_n"":8192,""height"":182,""horizontal_chord_count_h"":81,""optimum_rectangle_count"":142,""q"":165,""reflex_count"":227,""vertical_chord_count_v"":84,""width"":182}",,complete,,8192,,,True,5
,,,,,explicit-c0-flow,,,,,"{""coefficient_of_variation"":0.01597501491071996,""mad"":35917.0,""max"":3351667.0,""median"":3192291.0,""min"":3067459.0,""n"":153,""q1"":3154375.0,""q3"":3225250.0}",,,random-connected,,,,,,,,,,,,,distributions,solve-from-canonical-instance,,,"{""biclique_count"":268,""biclique_total_vertex_occurrences_sigma"":958,""boundary_size_b"":458,""component_count"":1,""compressed_network_arc_count"":1123,""compressed_network_node_count"":435,""compressed_size_m"":1558,""explicit_conflict_edge_count_k"":2158,""foreground_cells_n"":8192,""height"":182,""horizontal_chord_count_h"":81,""optimum_rectangle_count"":142,""q"":165,""reflex_count"":227,""vertical_chord_count_v"":84,""width"":182}",,complete,,8192,,,True,5
,,,,,explicit-hopcroft-karp,,,,,"{""coefficient_of_variation"":0.018703244788110876,""mad"":27417.0,""max"":2393125.0,""median"":2246396.0,""min"":2156417.0,""n"":220,""q1"":2222864.5,""q3"":2280541.5}",,,random-connected,,,,,,,,,,,,,distributions,solve-from-canonical-instance,,,"{""biclique_count"":268,""biclique_total_vertex_occurrences_sigma"":958,""boundary_size_b"":458,""component_count"":1,""compressed_network_arc_count"":1123,""compressed_network_node_count"":435,""compressed_size_m"":1558,""explicit_conflict_edge_count_k"":2158,""foreground_cells_n"":8192,""height"":182,""horizontal_chord_count_h"":81,""optimum_rectangle_count"":142,""q"":165,""reflex_count"":227,""vertical_chord_count_v"":84,""width"":182}",,complete,,8192,,,True,5
,,,,,compact-mrd,,,,,"{""coefficient_of_variation"":0.10586738713736812,""mad"":209.0,""max"":51084.0,""median"":8250.0,""min"":7875.0,""n"":10000,""q1"":8042.0,""q3"":8541.0}",,,representation-crossover,,,,,,,,,,,,,distributions,representation-and-solver-kernel,,,"{""biclique_count"":1,""biclique_total_vertex_occurrences_sigma"":32,""boundary_size_b"":132,""component_count"":1,""compressed_network_arc_count"":64,""compressed_network_node_count"":35,""compressed_size_m"":99,""explicit_conflict_edge_count_k"":256,""foreground_cells_n"":4596,""height"":70,""horizontal_chord_count_h"":16,""optimum_rectangle_count"":49,""q"":32,""reflex_count"":64,""vertical_chord_count_v"":16,""width"":70}",,complete,,64,,,True,8
,,,,,explicit-c0-flow,,,,,"{""coefficient_of_variation"":0.05283248881605302,""mad"":3041.0,""max"":260375.0,""median"":100333.0,""min"":95417.0,""n"":4860,""q1"":98166.0,""q3"":105208.0}",,,representation-crossover,,,,,,,,,,,,,distributions,representation-and-solver-kernel,,,"{""biclique_count"":1,""biclique_total_vertex_occurrences_sigma"":32,""boundary_size_b"":132,""component_count"":1,""compressed_network_arc_count"":64,""compressed_network_node_count"":35,""compressed_size_m"":99,""explicit_conflict_edge_count_k"":256,""foreground_cells_n"":4596,""height"":70,""horizontal_chord_count_h"":16,""optimum_rectangle_count"":49,""q"":32,""reflex_count"":64,""vertical_chord_count_v"":16,""width"":70}",,complete,,64,,,True,5
,,,,,explicit-hopcroft-karp,,,,,"{""coefficient_of_variation"":0.15247056366007086,""mad"":125.0,""max"":39292.0,""median"":3750.0,""min"":3500.0,""n"":10000,""q1"":3667.0,""q3"":3875.0}",,,representation-crossover,,,,,,,,,,,,,distributions,representation-and-solver-kernel,,,"{""biclique_count"":1,""biclique_total_vertex_occurrences_sigma"":32,""boundary_size_b"":132,""component_count"":1,""compressed_network_arc_count"":64,""compressed_network_node_count"":35,""compressed_size_m"":99,""explicit_conflict_edge_count_k"":256,""foreground_cells_n"":4596,""height"":70,""horizontal_chord_count_h"":16,""optimum_rectangle_count"":49,""q"":32,""reflex_count"":64,""vertical_chord_count_v"":16,""width"":70}",,complete,,64,,,True,5
,,,,,compact-mrd,,,,,"{""coefficient_of_variation"":0.019707936862276378,""mad"":15228.5,""max"":1265584.0,""median"":1172458.5,""min"":1122250.0,""n"":408,""q1"":1157489.0,""q3"":1187895.75}",,,representation-crossover,,,,,,,,,,,,,distributions,solve-from-canonical-instance,,,"{""biclique_count"":1,""biclique_total_vertex_occurrences_sigma"":32,""boundary_size_b"":132,""component_count"":1,""compressed_network_arc_count"":64,""compressed_network_node_count"":35,""compressed_size_m"":99,""explicit_conflict_edge_count_k"":256,""foreground_cells_n"":4596,""height"":70,""horizontal_chord_count_h"":16,""optimum_rectangle_count"":49,""q"":32,""reflex_count"":64,""vertical_chord_count_v"":16,""width"":70}",,complete,,64,,,True,5
,,,,,explicit-c0-flow,,,,,"{""coefficient_of_variation"":0.02076786233439681,""mad"":17291.5,""max"":1407500.0,""median"":1266145.5,""min"":1200833.0,""n"":382,""q1"":1249334.0,""q3"":1283489.5}",,,representation-crossover,,,,,,,,,,,,,distributions,solve-from-canonical-instance,,,"{""biclique_count"":1,""biclique_total_vertex_occurrences_sigma"":32,""boundary_size_b"":132,""component_count"":1,""compressed_network_arc_count"":64,""compressed_network_node_count"":35,""compressed_size_m"":99,""explicit_conflict_edge_count_k"":256,""foreground_cells_n"":4596,""height"":70,""horizontal_chord_count_h"":16,""optimum_rectangle_count"":49,""q"":32,""reflex_count"":64,""vertical_chord_count_v"":16,""width"":70}",,complete,,64,,,True,5
,,,,,explicit-hopcroft-karp,,,,,"{""coefficient_of_variation"":0.023077514903186973,""mad"":14666.0,""max"":1281083.0,""median"":1169875.0,""min"":1111375.0,""n"":405,""q1"":1155708.0,""q3"":1185708.0}",,,representation-crossover,,,,,,,,,,,,,distributions,solve-from-canonical-instance,,,"{""biclique_count"":1,""biclique_total_vertex_occurrences_sigma"":32,""boundary_size_b"":132,""component_count"":1,""compressed_network_arc_count"":64,""compressed_network_node_count"":35,""compressed_size_m"":99,""explicit_conflict_edge_count_k"":256,""foreground_cells_n"":4596,""height"":70,""horizontal_chord_count_h"":16,""optimum_rectangle_count"":49,""q"":32,""reflex_count"":64,""vertical_chord_count_v"":16,""width"":70}",,complete,,64,,,True,5
,,,,,compact-mrd,,,,,"{""coefficient_of_variation"":0.13546862608212928,""mad"":125.0,""max"":76541.0,""median"":11625.0,""min"":11125.0,""n"":10000,""q1"":11500.0,""q3"":11792.0}",,,representation-crossover,,,,,,,,,,,,,distributions,representation-and-solver-kernel,,,"{""biclique_count"":1,""biclique_total_vertex_occurrences_sigma"":48,""boundary_size_b"":196,""component_count"":1,""compressed_network_arc_count"":96,""compressed_network_node_count"":51,""compressed_size_m"":147,""explicit_conflict_edge_count_k"":576,""foreground_cells_n"":8956,""height"":98,""horizontal_chord_count_h"":24,""optimum_rectangle_count"":73,""q"":48,""reflex_count"":96,""vertical_chord_count_v"":24,""width"":98}",,complete,,128,,,True,6
,,,,,explicit-c0-flow,,,,,"{""coefficient_of_variation"":0.058610259513233044,""mad"":4749.0,""max"":453458.0,""median"":222416.0,""min"":212833.0,""n"":2107,""q1"":217958.0,""q3"":227750.0}",,,representation-crossover,,,,,,,,,,,,,distributions,representation-and-solver-kernel,,,"{""biclique_count"":1,""biclique_total_vertex_occurrences_sigma"":48,""boundary_size_b"":196,""component_count"":1,""compressed_network_arc_count"":96,""compressed_network_node_count"":51,""compressed_size_m"":147,""explicit_conflict_edge_count_k"":576,""foreground_cells_n"":8956,""height"":98,""horizontal_chord_count_h"":24,""optimum_rectangle_count"":73,""q"":48,""reflex_count"":96,""vertical_chord_count_v"":24,""width"":98}",,complete,,128,,,True,5
,,,,,explicit-hopcroft-karp,,,,,"{""coefficient_of_variation"":0.10667330210457285,""mad"":83.0,""max"":50500.0,""median"":8667.0,""min"":8209.0,""n"":10000,""q1"":8584.0,""q3"":8709.0}",,,representation-crossover,,,,,,,,,,,,,distributions,representation-and-solver-kernel,,,"{""biclique_count"":1,""biclique_total_vertex_occurrences_sigma"":48,""boundary_size_b"":196,""component_count"":1,""compressed_network_arc_count"":96,""compressed_network_node_count"":51,""compressed_size_m"":147,""explicit_conflict_edge_count_k"":576,""foreground_cells_n"":8956,""height"":98,""horizontal_chord_count_h"":24,""optimum_rectangle_count"":73,""q"":48,""reflex_count"":96,""vertical_chord_count_v"":24,""width"":98}",,complete,,128,,,True,5
,,,,,compact-mrd,,,,,"{""coefficient_of_variation"":0.03650812822882303,""mad"":36146.0,""max"":3271416.0,""median"":2380771.0,""min"":2280625.0,""n"":204,""q1"":2345896.25,""q3"":2418854.5}",,,representation-crossover,,,,,,,,,,,,,distributions,solve-from-canonical-instance,,,"{""biclique_count"":1,""biclique_total_vertex_occurrences_sigma"":48,""boundary_size_b"":196,""component_count"":1,""compressed_network_arc_count"":96,""compressed_network_node_count"":51,""compressed_size_m"":147,""explicit_conflict_edge_count_k"":576,""foreground_cells_n"":8956,""height"":98,""horizontal_chord_count_h"":24,""optimum_rectangle_count"":73,""q"":48,""reflex_count"":96,""vertical_chord_count_v"":24,""width"":98}",,complete,,128,,,True,5
,,,,,explicit-c0-flow,,,,,"{""coefficient_of_variation"":0.0249373575692359,""mad"":38229.5,""max"":2853417.0,""median"":2593541.5,""min"":2505625.0,""n"":192,""q1"":2564937.5,""q3"":2645010.75}",,,representation-crossover,,,,,,,,,,,,,distributions,solve-from-canonical-instance,,,"{""biclique_count"":1,""biclique_total_vertex_occurrences_sigma"":48,""boundary_size_b"":196,""component_count"":1,""compressed_network_arc_count"":96,""compressed_network_node_count"":51,""compressed_size_m"":147,""explicit_conflict_edge_count_k"":576,""foreground_cells_n"":8956,""height"":98,""horizontal_chord_count_h"":24,""optimum_rectangle_count"":73,""q"":48,""reflex_count"":96,""vertical_chord_count_v"":24,""width"":98}",,complete,,128,,,True,5
,,,,,explicit-hopcroft-karp,,,,,"{""coefficient_of_variation"":0.02667585729573904,""mad"":39667.0,""max"":2680042.0,""median"":2375583.0,""min"":2286125.0,""n"":205,""q1"":2346000.0,""q3"":2425833.0}",,,representation-crossover,,,,,,,,,,,,,distributions,solve-from-canonical-instance,,,"{""biclique_count"":1,""biclique_total_vertex_occurrences_sigma"":48,""boundary_size_b"":196,""component_count"":1,""compressed_network_arc_count"":96,""compressed_network_node_count"":51,""compressed_size_m"":147,""explicit_conflict_edge_count_k"":576,""foreground_cells_n"":8956,""height"":98,""horizontal_chord_count_h"":24,""optimum_rectangle_count"":73,""q"":48,""reflex_count"":96,""vertical_chord_count_v"":24,""width"":98}",,complete,,128,,,True,5
,,,,,compact-mrd,,,,,"{""coefficient_of_variation"":0.06790933010542934,""mad"":84.0,""max"":50333.0,""median"":14375.0,""min"":14000.0,""n"":10000,""q1"":14292.0,""q3"":14500.0}",,,representation-crossover,,,,,,,,,,,,,distributions,representation-and-solver-kernel,,,"{""biclique_count"":1,""biclique_total_vertex_occurrences_sigma"":64,""boundary_size_b"":260,""component_count"":1,""compressed_network_arc_count"":128,""compressed_network_node_count"":67,""compressed_size_m"":195,""explicit_conflict_edge_count_k"":1024,""foreground_cells_n"":14756,""height"":126,""horizontal_chord_count_h"":32,""optimum_rectangle_count"":97,""q"":64,""reflex_count"":128,""vertical_chord_count_v"":32,""width"":126}",,complete,,256,,,True,7
,,,,,explicit-c0-flow,,,,,"{""coefficient_of_variation"":0.030087823262703206,""mad"":5208.0,""max"":515833.0,""median"":412750.0,""min"":393667.0,""n"":1155,""q1"":403666.5,""q3"":416187.0}",,,representation-crossover,,,,,,,,,,,,,distributions,representation-and-solver-kernel,,,"{""biclique_count"":1,""biclique_total_vertex_occurrences_sigma"":64,""boundary_size_b"":260,""component_count"":1,""compressed_network_arc_count"":128,""compressed_network_node_count"":67,""compressed_size_m"":195,""explicit_conflict_edge_count_k"":1024,""foreground_cells_n"":14756,""height"":126,""horizontal_chord_count_h"":32,""optimum_rectangle_count"":97,""q"":64,""reflex_count"":128,""vertical_chord_count_v"":32,""width"":126}",,complete,,256,,,True,5
,,,,,explicit-hopcroft-karp,,,,,"{""coefficient_of_variation"":0.04247175543087928,""mad"":84.0,""max"":47917.0,""median"":15458.0,""min"":15166.0,""n"":10000,""q1"":15375.0,""q3"":15542.0}",,,representation-crossover,,,,,,,,,,,,,distributions,representation-and-solver-kernel,,,"{""biclique_count"":1,""biclique_total_vertex_occurrences_sigma"":64,""boundary_size_b"":260,""component_count"":1,""compressed_network_arc_count"":128,""compressed_network_node_count"":67,""compressed_size_m"":195,""explicit_conflict_edge_count_k"":1024,""foreground_cells_n"":14756,""height"":126,""horizontal_chord_count_h"":32,""optimum_rectangle_count"":97,""q"":64,""reflex_count"":128,""vertical_chord_count_v"":32,""width"":126}",,complete,,256,,,True,5
,,,,,compact-mrd,,,,,"{""coefficient_of_variation"":0.013429828508091012,""mad"":29167.0,""max"":3966959.0,""median"":3764666.0,""min"":3685833.0,""n"":131,""q1"":3738291.5,""q3"":3801771.0}",,,representation-crossover,,,,,,,,,,,,,distributions,solve-from-canonical-instance,,,"{""biclique_count"":1,""biclique_total_vertex_occurrences_sigma"":64,""boundary_size_b"":260,""component_count"":1,""compressed_network_arc_count"":128,""compressed_network_node_count"":67,""compressed_size_m"":195,""explicit_conflict_edge_count_k"":1024,""foreground_cells_n"":14756,""height"":126,""horizontal_chord_count_h"":32,""optimum_rectangle_count"":97,""q"":64,""reflex_count"":128,""vertical_chord_count_v"":32,""width"":126}",,complete,,256,,,True,5
,,,,,explicit-c0-flow,,,,,"{""coefficient_of_variation"":0.014720243606974976,""mad"":29458.0,""max"":4437667.0,""median"":4169334.0,""min"":4101250.0,""n"":119,""q1"":4147958.5,""q3"":4203812.0}",,,representation-crossover,,,,,,,,,,,,,distributions,solve-from-canonical-instance,,,"{""biclique_count"":1,""biclique_total_vertex_occurrences_sigma"":64,""boundary_size_b"":260,""component_count"":1,""compressed_network_arc_count"":128,""compressed_network_node_count"":67,""compressed_size_m"":195,""explicit_conflict_edge_count_k"":1024,""foreground_cells_n"":14756,""height"":126,""horizontal_chord_count_h"":32,""optimum_rectangle_count"":97,""q"":64,""reflex_count"":128,""vertical_chord_count_v"":32,""width"":126}",,complete,,256,,,True,5
,,,,,explicit-hopcroft-karp,,,,,"{""coefficient_of_variation"":0.01706095727790925,""mad"":31687.5,""max"":4219459.0,""median"":3782375.0,""min"":3691000.0,""n"":128,""q1"":3751833.25,""q3"":3815583.0}",,,representation-crossover,,,,,,,,,,,,,distributions,solve-from-canonical-instance,,,"{""biclique_count"":1,""biclique_total_vertex_occurrences_sigma"":64,""boundary_size_b"":260,""component_count"":1,""compressed_network_arc_count"":128,""compressed_network_node_count"":67,""compressed_size_m"":195,""explicit_conflict_edge_count_k"":1024,""foreground_cells_n"":14756,""height"":126,""horizontal_chord_count_h"":32,""optimum_rectangle_count"":97,""q"":64,""reflex_count"":128,""vertical_chord_count_v"":32,""width"":126}",,complete,,256,,,True,5
,,,,,compact-mrd,,,,,"{""coefficient_of_variation"":0.07687915439755873,""mad"":166.0,""max"":70583.0,""median"":20125.0,""min"":19459.0,""n"":10000,""q1"":20000.0,""q3"":20292.0}",,,representation-crossover,,,,,,,,,,,,,distributions,representation-and-solver-kernel,,,"{""biclique_count"":1,""biclique_total_vertex_occurrences_sigma"":92,""boundary_size_b"":372,""component_count"":1,""compressed_network_arc_count"":184,""compressed_network_node_count"":95,""compressed_size_m"":279,""explicit_conflict_edge_count_k"":2116,""foreground_cells_n"":28371,""height"":175,""horizontal_chord_count_h"":46,""optimum_rectangle_count"":139,""q"":92,""reflex_count"":184,""vertical_chord_count_v"":46,""width"":175}",,complete,,512,,,True,6
,,,,,explicit-c0-flow,,,,,"{""coefficient_of_variation"":0.019896709833529213,""mad"":7250.0,""max"":964208.0,""median"":849917.0,""min"":819375.0,""n"":583,""q1"":842875.0,""q3"":857208.5}",,,representation-crossover,,,,,,,,,,,,,distributions,representation-and-solver-kernel,,,"{""biclique_count"":1,""biclique_total_vertex_occurrences_sigma"":92,""boundary_size_b"":372,""component_count"":1,""compressed_network_arc_count"":184,""compressed_network_node_count"":95,""compressed_size_m"":279,""explicit_conflict_edge_count_k"":2116,""foreground_cells_n"":28371,""height"":175,""horizontal_chord_count_h"":46,""optimum_rectangle_count"":139,""q"":92,""reflex_count"":184,""vertical_chord_count_v"":46,""width"":175}",,complete,,512,,,True,5
,,,,,explicit-hopcroft-karp,,,,,"{""coefficient_of_variation"":0.05328507790507452,""mad"":208.0,""max"":111625.0,""median"":35750.0,""min"":34750.0,""n"":10000,""q1"":35375.0,""q3"":35917.0}",,,representation-crossover,,,,,,,,,,,,,distributions,representation-and-solver-kernel,,,"{""biclique_count"":1,""biclique_total_vertex_occurrences_sigma"":92,""boundary_size_b"":372,""component_count"":1,""compressed_network_arc_count"":184,""compressed_network_node_count"":95,""compressed_size_m"":279,""explicit_conflict_edge_count_k"":2116,""foreground_cells_n"":28371,""height"":175,""horizontal_chord_count_h"":46,""optimum_rectangle_count"":139,""q"":92,""reflex_count"":184,""vertical_chord_count_v"":46,""width"":175}",,complete,,512,,,True,5
,,,,,compact-mrd,,,,,"{""coefficient_of_variation"":0.015611885211419096,""mad"":45562.5,""max"":7769541.0,""median"":7284208.5,""min"":7159208.0,""n"":66,""q1"":7241927.5,""q3"":7336187.25}",,,representation-crossover,,,,,,,,,,,,,distributions,solve-from-canonical-instance,,,"{""biclique_count"":1,""biclique_total_vertex_occurrences_sigma"":92,""boundary_size_b"":372,""component_count"":1,""compressed_network_arc_count"":184,""compressed_network_node_count"":95,""compressed_size_m"":279,""explicit_conflict_edge_count_k"":2116,""foreground_cells_n"":28371,""height"":175,""horizontal_chord_count_h"":46,""optimum_rectangle_count"":139,""q"":92,""reflex_count"":184,""vertical_chord_count_v"":46,""width"":175}",,complete,,512,,,True,5
,,,,,explicit-c0-flow,,,,,"{""coefficient_of_variation"":0.014114867735919202,""mad"":48874.0,""max"":8603250.0,""median"":8107417.0,""min"":7939250.0,""n"":61,""q1"":8066708.0,""q3"":8168625.0}",,,representation-crossover,,,,,,,,,,,,,distributions,solve-from-canonical-instance,,,"{""biclique_count"":1,""biclique_total_vertex_occurrences_sigma"":92,""boundary_size_b"":372,""component_count"":1,""compressed_network_arc_count"":184,""compressed_network_node_count"":95,""compressed_size_m"":279,""explicit_conflict_edge_count_k"":2116,""foreground_cells_n"":28371,""height"":175,""horizontal_chord_count_h"":46,""optimum_rectangle_count"":139,""q"":92,""reflex_count"":184,""vertical_chord_count_v"":46,""width"":175}",,complete,,512,,,True,5
,,,,,explicit-hopcroft-karp,,,,,"{""coefficient_of_variation"":0.01481704472556962,""mad"":52125.0,""max"":7700666.0,""median"":7293333.0,""min"":7115959.0,""n"":68,""q1"":7244583.5,""q3"":7346603.75}",,,representation-crossover,,,,,,,,,,,,,distributions,solve-from-canonical-instance,,,"{""biclique_count"":1,""biclique_total_vertex_occurrences_sigma"":92,""boundary_size_b"":372,""component_count"":1,""compressed_network_arc_count"":184,""compressed_network_node_count"":95,""compressed_size_m"":279,""explicit_conflict_edge_count_k"":2116,""foreground_cells_n"":28371,""height"":175,""horizontal_chord_count_h"":46,""optimum_rectangle_count"":139,""q"":92,""reflex_count"":184,""vertical_chord_count_v"":46,""width"":175}",,complete,,512,,,True,5
,,,,,compact-mrd,,,,,"{""coefficient_of_variation"":0.06684050195733376,""mad"":208.0,""max"":81708.0,""median"":26917.0,""min"":26125.0,""n"":10000,""q1"":26750.0,""q3"":27125.0}",,,representation-crossover,,,,,,,,,,,,,distributions,representation-and-solver-kernel,,,"{""biclique_count"":1,""biclique_total_vertex_occurrences_sigma"":128,""boundary_size_b"":516,""component_count"":1,""compressed_network_arc_count"":256,""compressed_network_node_count"":131,""compressed_size_m"":387,""explicit_conflict_edge_count_k"":4096,""foreground_cells_n"":52356,""height"":238,""horizontal_chord_count_h"":64,""optimum_rectangle_count"":193,""q"":128,""reflex_count"":256,""vertical_chord_count_v"":64,""width"":238}",,complete,,1024,,,True,5
,,,,,explicit-c0-flow,,,,,"{""coefficient_of_variation"":0.016618673009992473,""mad"":19833.5,""max"":1779292.0,""median"":1695625.0,""min"":1631292.0,""n"":288,""q1"":1680124.75,""q3"":1721448.5}",,,representation-crossover,,,,,,,,,,,,,distributions,representation-and-solver-kernel,,,"{""biclique_count"":1,""biclique_total_vertex_occurrences_sigma"":128,""boundary_size_b"":516,""component_count"":1,""compressed_network_arc_count"":256,""compressed_network_node_count"":131,""compressed_size_m"":387,""explicit_conflict_edge_count_k"":4096,""foreground_cells_n"":52356,""height"":238,""horizontal_chord_count_h"":64,""optimum_rectangle_count"":193,""q"":128,""reflex_count"":256,""vertical_chord_count_v"":64,""width"":238}",,complete,,1024,,,True,5
,,,,,explicit-hopcroft-karp,,,,,"{""coefficient_of_variation"":0.04555751080455464,""mad"":333.0,""max"":170083.0,""median"":78125.0,""min"":77166.0,""n"":5976,""q1"":77875.0,""q3"":78792.0}",,,representation-crossover,,,,,,,,,,,,,distributions,representation-and-solver-kernel,,,"{""biclique_count"":1,""biclique_total_vertex_occurrences_sigma"":128,""boundary_size_b"":516,""component_count"":1,""compressed_network_arc_count"":256,""compressed_network_node_count"":131,""compressed_size_m"":387,""explicit_conflict_edge_count_k"":4096,""foreground_cells_n"":52356,""height"":238,""horizontal_chord_count_h"":64,""optimum_rectangle_count"":193,""q"":128,""reflex_count"":256,""vertical_chord_count_v"":64,""width"":238}",,complete,,1024,,,True,5
,,,,,compact-mrd,,,,,"{""coefficient_of_variation"":0.007997902102122817,""mad"":58417.0,""max"":14069000.0,""median"":13610625.0,""min"":13489208.0,""n"":36,""q1"":13569323.0,""q3"":13687718.5}",,,representation-crossover,,,,,,,,,,,,,distributions,solve-from-canonical-instance,,,"{""biclique_count"":1,""biclique_total_vertex_occurrences_sigma"":128,""boundary_size_b"":516,""component_count"":1,""compressed_network_arc_count"":256,""compressed_network_node_count"":131,""compressed_size_m"":387,""explicit_conflict_edge_count_k"":4096,""foreground_cells_n"":52356,""height"":238,""horizontal_chord_count_h"":64,""optimum_rectangle_count"":193,""q"":128,""reflex_count"":256,""vertical_chord_count_v"":64,""width"":238}",,complete,,1024,,,True,5
,,,,,explicit-c0-flow,,,,,"{""coefficient_of_variation"":0.005785000562584828,""mad"":58625.0,""max"":15603417.0,""median"":15310312.0,""min"":15161208.0,""n"":32,""q1"":15259979.25,""q3"":15385718.5}",,,representation-crossover,,,,,,,,,,,,,distributions,solve-from-canonical-instance,,,"{""biclique_count"":1,""biclique_total_vertex_occurrences_sigma"":128,""boundary_size_b"":516,""component_count"":1,""compressed_network_arc_count"":256,""compressed_network_node_count"":131,""compressed_size_m"":387,""explicit_conflict_edge_count_k"":4096,""foreground_cells_n"":52356,""height"":238,""horizontal_chord_count_h"":64,""optimum_rectangle_count"":193,""q"":128,""reflex_count"":256,""vertical_chord_count_v"":64,""width"":238}",,complete,,1024,,,True,5
,,,,,explicit-hopcroft-karp,,,,,"{""coefficient_of_variation"":0.007360668698107339,""mad"":71437.0,""max"":13990916.0,""median"":13747812.0,""min"":13513000.0,""n"":36,""q1"":13686490.25,""q3"":13819187.25}",,,representation-crossover,,,,,,,,,,,,,distributions,solve-from-canonical-instance,,,"{""biclique_count"":1,""biclique_total_vertex_occurrences_sigma"":128,""boundary_size_b"":516,""component_count"":1,""compressed_network_arc_count"":256,""compressed_network_node_count"":131,""compressed_size_m"":387,""explicit_conflict_edge_count_k"":4096,""foreground_cells_n"":52356,""height"":238,""horizontal_chord_count_h"":64,""optimum_rectangle_count"":193,""q"":128,""reflex_count"":256,""vertical_chord_count_v"":64,""width"":238}",,complete,,1024,,,True,5
,,,,,compact-mrd,,,,,"{""coefficient_of_variation"":0.05536132884981484,""mad"":375.0,""max"":101333.0,""median"":37625.0,""min"":36250.0,""n"":8759,""q1"":37333.0,""q3"":38083.0}",,,representation-crossover,,,,,,,,,,,,,distributions,representation-and-solver-kernel,,,"{""biclique_count"":1,""biclique_total_vertex_occurrences_sigma"":184,""boundary_size_b"":740,""component_count"":1,""compressed_network_arc_count"":368,""compressed_network_node_count"":187,""compressed_size_m"":555,""explicit_conflict_edge_count_k"":8464,""foreground_cells_n"":104156,""height"":336,""horizontal_chord_count_h"":92,""optimum_rectangle_count"":277,""q"":184,""reflex_count"":368,""vertical_chord_count_v"":92,""width"":336}",,complete,,2048,,,True,5
,,,,,explicit-c0-flow,,,,,"{""coefficient_of_variation"":0.015074139236384499,""mad"":33167.0,""max"":3881667.0,""median"":3650583.0,""min"":3518042.0,""n"":137,""q1"":3616416.0,""q3"":3680167.0}",,,representation-crossover,,,,,,,,,,,,,distributions,representation-and-solver-kernel,,,"{""biclique_count"":1,""biclique_total_vertex_occurrences_sigma"":184,""boundary_size_b"":740,""component_count"":1,""compressed_network_arc_count"":368,""compressed_network_node_count"":187,""compressed_size_m"":555,""explicit_conflict_edge_count_k"":8464,""foreground_cells_n"":104156,""height"":336,""horizontal_chord_count_h"":92,""optimum_rectangle_count"":277,""q"":184,""reflex_count"":368,""vertical_chord_count_v"":92,""width"":336}",,complete,,2048,,,True,5
,,,,,explicit-hopcroft-karp,,,,,"{""coefficient_of_variation"":0.03420775802769611,""mad"":1500.0,""max"":291958.0,""median"":200500.0,""min"":197458.0,""n"":2344,""q1"":199209.0,""q3"":202875.0}",,,representation-crossover,,,,,,,,,,,,,distributions,representation-and-solver-kernel,,,"{""biclique_count"":1,""biclique_total_vertex_occurrences_sigma"":184,""boundary_size_b"":740,""component_count"":1,""compressed_network_arc_count"":368,""compressed_network_node_count"":187,""compressed_size_m"":555,""explicit_conflict_edge_count_k"":8464,""foreground_cells_n"":104156,""height"":336,""horizontal_chord_count_h"":92,""optimum_rectangle_count"":277,""q"":184,""reflex_count"":368,""vertical_chord_count_v"":92,""width"":336}",,complete,,2048,,,True,5
,,,,,compact-mrd,,,,,"{""coefficient_of_variation"":0.005878381082286987,""mad"":57250.0,""max"":27746667.0,""median"":27303709.0,""min"":26972709.0,""n"":18,""q1"":27188635.5,""q3"":27333614.75}",,,representation-crossover,,,,,,,,,,,,,distributions,solve-from-canonical-instance,,,"{""biclique_count"":1,""biclique_total_vertex_occurrences_sigma"":184,""boundary_size_b"":740,""component_count"":1,""compressed_network_arc_count"":368,""compressed_network_node_count"":187,""compressed_size_m"":555,""explicit_conflict_edge_count_k"":8464,""foreground_cells_n"":104156,""height"":336,""horizontal_chord_count_h"":92,""optimum_rectangle_count"":277,""q"":184,""reflex_count"":368,""vertical_chord_count_v"":92,""width"":336}",,complete,,2048,,,True,5
,,,,,explicit-c0-flow,,,,,"{""coefficient_of_variation"":0.004475450630603766,""mad"":100563.0,""max"":31069791.0,""median"":30821896.0,""min"":30625833.0,""n"":16,""q1"":30726583.25,""q3"":30961229.5}",,,representation-crossover,,,,,,,,,,,,,distributions,solve-from-canonical-instance,,,"{""biclique_count"":1,""biclique_total_vertex_occurrences_sigma"":184,""boundary_size_b"":740,""component_count"":1,""compressed_network_arc_count"":368,""compressed_network_node_count"":187,""compressed_size_m"":555,""explicit_conflict_edge_count_k"":8464,""foreground_cells_n"":104156,""height"":336,""horizontal_chord_count_h"":92,""optimum_rectangle_count"":277,""q"":184,""reflex_count"":368,""vertical_chord_count_v"":92,""width"":336}",,complete,,2048,,,True,5
,,,,,explicit-hopcroft-karp,,,,,"{""coefficient_of_variation"":0.005870950493305289,""mad"":129645.5,""max"":27778709.0,""median"":27362562.5,""min"":27203583.0,""n"":18,""q1"":27241884.75,""q3"":27494396.0}",,,representation-crossover,,,,,,,,,,,,,distributions,solve-from-canonical-instance,,,"{""biclique_count"":1,""biclique_total_vertex_occurrences_sigma"":184,""boundary_size_b"":740,""component_count"":1,""compressed_network_arc_count"":368,""compressed_network_node_count"":187,""compressed_size_m"":555,""explicit_conflict_edge_count_k"":8464,""foreground_cells_n"":104156,""height"":336,""horizontal_chord_count_h"":92,""optimum_rectangle_count"":277,""q"":184,""reflex_count"":368,""vertical_chord_count_v"":92,""width"":336}",,complete,,2048,,,True,5
,,,,,compact-mrd,,,,,"{""coefficient_of_variation"":0.08377839497832067,""mad"":333.0,""max"":165250.0,""median"":51000.0,""min"":49792.0,""n"":6861,""q1"":50708.0,""q3"":51375.0}",,,representation-crossover,,,,,,,,,,,,,distributions,representation-and-solver-kernel,,,"{""biclique_count"":1,""biclique_total_vertex_occurrences_sigma"":256,""boundary_size_b"":1028,""component_count"":1,""compressed_network_arc_count"":512,""compressed_network_node_count"":259,""compressed_size_m"":771,""explicit_conflict_edge_count_k"":16384,""foreground_cells_n"":196676,""height"":462,""horizontal_chord_count_h"":128,""optimum_rectangle_count"":385,""q"":256,""reflex_count"":512,""vertical_chord_count_v"":128,""width"":462}",,complete,,4096,,,True,6
,,,,,explicit-c0-flow,,,,,"{""coefficient_of_variation"":0.03361578698198478,""mad"":126312.0,""max"":8861166.0,""median"":7619291.5,""min"":7340750.0,""n"":68,""q1"":7495760.75,""q3"":7749593.5}",,,representation-crossover,,,,,,,,,,,,,distributions,representation-and-solver-kernel,,,"{""biclique_count"":1,""biclique_total_vertex_occurrences_sigma"":256,""boundary_size_b"":1028,""component_count"":1,""compressed_network_arc_count"":512,""compressed_network_node_count"":259,""compressed_size_m"":771,""explicit_conflict_edge_count_k"":16384,""foreground_cells_n"":196676,""height"":462,""horizontal_chord_count_h"":128,""optimum_rectangle_count"":385,""q"":256,""reflex_count"":512,""vertical_chord_count_v"":128,""width"":462}",,complete,,4096,,,True,5
,,,,,explicit-hopcroft-karp,,,,,"{""coefficient_of_variation"":0.03398905319012682,""mad"":3500.0,""max"":734333.0,""median"":524250.0,""min"":518500.0,""n"":936,""q1"":521208.0,""q3"":530917.0}",,,representation-crossover,,,,,,,,,,,,,distributions,representation-and-solver-kernel,,,"{""biclique_count"":1,""biclique_total_vertex_occurrences_sigma"":256,""boundary_size_b"":1028,""component_count"":1,""compressed_network_arc_count"":512,""compressed_network_node_count"":259,""compressed_size_m"":771,""explicit_conflict_edge_count_k"":16384,""foreground_cells_n"":196676,""height"":462,""horizontal_chord_count_h"":128,""optimum_rectangle_count"":385,""q"":256,""reflex_count"":512,""vertical_chord_count_v"":128,""width"":462}",,complete,,4096,,,True,8
,,,,,compact-mrd,,,,,"{""coefficient_of_variation"":0.1763515123809517,""mad"":2730334.0,""max"":86675167.0,""median"":55191000.0,""min"":51945208.0,""n"":15,""q1"":52570979.0,""q3"":59440875.0}",,,representation-crossover,,,,,,,,,,,,,distributions,solve-from-canonical-instance,,,"{""biclique_count"":1,""biclique_total_vertex_occurrences_sigma"":256,""boundary_size_b"":1028,""component_count"":1,""compressed_network_arc_count"":512,""compressed_network_node_count"":259,""compressed_size_m"":771,""explicit_conflict_edge_count_k"":16384,""foreground_cells_n"":196676,""height"":462,""horizontal_chord_count_h"":128,""optimum_rectangle_count"":385,""q"":256,""reflex_count"":512,""vertical_chord_count_v"":128,""width"":462}",,complete,,4096,,,True,5
,,,,,explicit-c0-flow,,,,,"{""coefficient_of_variation"":0.13181929442717907,""mad"":1551208.0,""max"":93792834.0,""median"":60999083.0,""min"":59262292.0,""n"":15,""q1"":59589416.5,""q3"":65295125.0}",,,representation-crossover,,,,,,,,,,,,,distributions,solve-from-canonical-instance,,,"{""biclique_count"":1,""biclique_total_vertex_occurrences_sigma"":256,""boundary_size_b"":1028,""component_count"":1,""compressed_network_arc_count"":512,""compressed_network_node_count"":259,""compressed_size_m"":771,""explicit_conflict_edge_count_k"":16384,""foreground_cells_n"":196676,""height"":462,""horizontal_chord_count_h"":128,""optimum_rectangle_count"":385,""q"":256,""reflex_count"":512,""vertical_chord_count_v"":128,""width"":462}",,complete,,4096,,,True,5
,,,,,explicit-hopcroft-karp,,,,,"{""coefficient_of_variation"":0.08030090743491847,""mad"":1346875.0,""max"":65374958.0,""median"":54138250.0,""min"":52773000.0,""n"":15,""q1"":53009250.0,""q3"":61734187.5}",,,representation-crossover,,,,,,,,,,,,,distributions,solve-from-canonical-instance,,,"{""biclique_count"":1,""biclique_total_vertex_occurrences_sigma"":256,""boundary_size_b"":1028,""component_count"":1,""compressed_network_arc_count"":512,""compressed_network_node_count"":259,""compressed_size_m"":771,""explicit_conflict_edge_count_k"":16384,""foreground_cells_n"":196676,""height"":462,""horizontal_chord_count_h"":128,""optimum_rectangle_count"":385,""q"":256,""reflex_count"":512,""vertical_chord_count_v"":128,""width"":462}",,complete,,4096,,,True,5
,,,,,compact-mrd,,,,,"{""coefficient_of_variation"":0.04940736373667046,""mad"":541.0,""max"":131708.0,""median"":71958.0,""min"":70041.0,""n"":4507,""q1"":71459.0,""q3"":72584.0}",,,representation-crossover,,,,,,,,,,,,,distributions,representation-and-solver-kernel,,,"{""biclique_count"":1,""biclique_total_vertex_occurrences_sigma"":364,""boundary_size_b"":1460,""component_count"":1,""compressed_network_arc_count"":728,""compressed_network_node_count"":367,""compressed_size_m"":1095,""explicit_conflict_edge_count_k"":33124,""foreground_cells_n"":390131,""height"":651,""horizontal_chord_count_h"":182,""optimum_rectangle_count"":547,""q"":364,""reflex_count"":728,""vertical_chord_count_v"":182,""width"":651}",,complete,,8192,,,True,5
,,,,,explicit-c0-flow,,,,,"{""coefficient_of_variation"":0.016690307200516112,""mad"":145584.0,""max"":16717125.0,""median"":15908000.0,""min"":15530458.0,""n"":31,""q1"":15764479.0,""q3"":16059687.5}",,,representation-crossover,,,,,,,,,,,,,distributions,representation-and-solver-kernel,,,"{""biclique_count"":1,""biclique_total_vertex_occurrences_sigma"":364,""boundary_size_b"":1460,""component_count"":1,""compressed_network_arc_count"":728,""compressed_network_node_count"":367,""compressed_size_m"":1095,""explicit_conflict_edge_count_k"":33124,""foreground_cells_n"":390131,""height"":651,""horizontal_chord_count_h"":182,""optimum_rectangle_count"":547,""q"":364,""reflex_count"":728,""vertical_chord_count_v"":182,""width"":651}",,complete,,8192,,,True,5
,,,,,explicit-hopcroft-karp,,,,,"{""coefficient_of_variation"":0.031055806878217098,""mad"":16542.0,""max"":1595000.0,""median"":1402458.0,""min"":1371167.0,""n"":329,""q1"":1389416.0,""q3"":1429584.0}",,,representation-crossover,,,,,,,,,,,,,distributions,representation-and-solver-kernel,,,"{""biclique_count"":1,""biclique_total_vertex_occurrences_sigma"":364,""boundary_size_b"":1460,""component_count"":1,""compressed_network_arc_count"":728,""compressed_network_node_count"":367,""compressed_size_m"":1095,""explicit_conflict_edge_count_k"":33124,""foreground_cells_n"":390131,""height"":651,""horizontal_chord_count_h"":182,""optimum_rectangle_count"":547,""q"":364,""reflex_count"":728,""vertical_chord_count_v"":182,""width"":651}",,complete,,8192,,,True,5
,,,,,compact-mrd,,,,,"{""coefficient_of_variation"":0.004243540697764231,""mad"":231542.0,""max"":108445584.0,""median"":107571083.0,""min"":107082583.0,""n"":7,""q1"":107464417.0,""q3"":108064812.5}",,,representation-crossover,,,,,,,,,,,,,distributions,solve-from-canonical-instance,,,"{""biclique_count"":1,""biclique_total_vertex_occurrences_sigma"":364,""boundary_size_b"":1460,""component_count"":1,""compressed_network_arc_count"":728,""compressed_network_node_count"":367,""compressed_size_m"":1095,""explicit_conflict_edge_count_k"":33124,""foreground_cells_n"":390131,""height"":651,""horizontal_chord_count_h"":182,""optimum_rectangle_count"":547,""q"":364,""reflex_count"":728,""vertical_chord_count_v"":182,""width"":651}",,complete,,8192,,,True,5
,,,,,explicit-c0-flow,,,,,"{""coefficient_of_variation"":0.0050602154508577165,""mad"":178083.0,""max"":124904208.0,""median"":123485791.0,""min"":122660708.0,""n"":7,""q1"":123339854.0,""q3"":123623499.5}",,,representation-crossover,,,,,,,,,,,,,distributions,solve-from-canonical-instance,,,"{""biclique_count"":1,""biclique_total_vertex_occurrences_sigma"":364,""boundary_size_b"":1460,""component_count"":1,""compressed_network_arc_count"":728,""compressed_network_node_count"":367,""compressed_size_m"":1095,""explicit_conflict_edge_count_k"":33124,""foreground_cells_n"":390131,""height"":651,""horizontal_chord_count_h"":182,""optimum_rectangle_count"":547,""q"":364,""reflex_count"":728,""vertical_chord_count_v"":182,""width"":651}",,complete,,8192,,,True,5
,,,,,explicit-hopcroft-karp,,,,,"{""coefficient_of_variation"":0.0036557111261369857,""mad"":242957.0,""max"":110882792.0,""median"":110071166.0,""min"":109558958.0,""n"":7,""q1"":109903854.5,""q3"":110367271.0}",,,representation-crossover,,,,,,,,,,,,,distributions,solve-from-canonical-instance,,,"{""biclique_count"":1,""biclique_total_vertex_occurrences_sigma"":364,""boundary_size_b"":1460,""component_count"":1,""compressed_network_arc_count"":728,""compressed_network_node_count"":367,""compressed_size_m"":1095,""explicit_conflict_edge_count_k"":33124,""foreground_cells_n"":390131,""height"":651,""horizontal_chord_count_h"":182,""optimum_rectangle_count"":547,""q"":364,""reflex_count"":728,""vertical_chord_count_v"":182,""width"":651}",,complete,,8192,,,True,5
,,,,,compact-mrd,,,,,"{""coefficient_of_variation"":0.10269065955216071,""mad"":42.0,""max"":44500.0,""median"":6792.0,""min"":6583.0,""n"":10000,""q1"":6750.0,""q3"":6875.0}",,,sparse-conflict,,,,,,,,,,,,,distributions,representation-and-solver-kernel,,,"{""biclique_count"":0,""biclique_total_vertex_occurrences_sigma"":0,""boundary_size_b"":260,""component_count"":1,""compressed_network_arc_count"":62,""compressed_network_node_count"":64,""compressed_size_m"":126,""explicit_conflict_edge_count_k"":0,""foreground_cells_n"":517,""height"":5,""horizontal_chord_count_h"":62,""optimum_rectangle_count"":67,""q"":62,""reflex_count"":128,""vertical_chord_count_v"":0,""width"":129}",,complete,,64,,,True,5
,,,,,explicit-c0-flow,,,,,"{""coefficient_of_variation"":0.07892134500741535,""mad"":41.0,""max"":14375.0,""median"":3416.0,""min"":3208.0,""n"":10000,""q1"":3375.0,""q3"":3458.0}",,,sparse-conflict,,,,,,,,,,,,,distributions,representation-and-solver-kernel,,,"{""biclique_count"":0,""biclique_total_vertex_occurrences_sigma"":0,""boundary_size_b"":260,""component_count"":1,""compressed_network_arc_count"":62,""compressed_network_node_count"":64,""compressed_size_m"":126,""explicit_conflict_edge_count_k"":0,""foreground_cells_n"":517,""height"":5,""horizontal_chord_count_h"":62,""optimum_rectangle_count"":67,""q"":62,""reflex_count"":128,""vertical_chord_count_v"":0,""width"":129}",,complete,,64,,,True,5
,,,,,explicit-hopcroft-karp,,,,,"{""coefficient_of_variation"":0.1437526854291211,""mad"":41.0,""max"":8917.0,""median"":875.0,""min"":750.0,""n"":10000,""q1"":833.0,""q3"":875.0}",,,sparse-conflict,,,,,,,,,,,,,distributions,representation-and-solver-kernel,,,"{""biclique_count"":0,""biclique_total_vertex_occurrences_sigma"":0,""boundary_size_b"":260,""component_count"":1,""compressed_network_arc_count"":62,""compressed_network_node_count"":64,""compressed_size_m"":126,""explicit_conflict_edge_count_k"":0,""foreground_cells_n"":517,""height"":5,""horizontal_chord_count_h"":62,""optimum_rectangle_count"":67,""q"":62,""reflex_count"":128,""vertical_chord_count_v"":0,""width"":129}",,complete,,64,,,True,6
,,,,,compact-mrd,,,,,"{""coefficient_of_variation"":0.028442618471371348,""mad"":2166.0,""max"":333709.0,""median"":255792.0,""min"":248500.0,""n"":1781,""q1"":253958.0,""q3"":258417.0}",,,sparse-conflict,,,,,,,,,,,,,distributions,solve-from-canonical-instance,,,"{""biclique_count"":0,""biclique_total_vertex_occurrences_sigma"":0,""boundary_size_b"":260,""component_count"":1,""compressed_network_arc_count"":62,""compressed_network_node_count"":64,""compressed_size_m"":126,""explicit_conflict_edge_count_k"":0,""foreground_cells_n"":517,""height"":5,""horizontal_chord_count_h"":62,""optimum_rectangle_count"":67,""q"":62,""reflex_count"":128,""vertical_chord_count_v"":0,""width"":129}",,complete,,64,,,True,5
,,,,,explicit-c0-flow,,,,,"{""coefficient_of_variation"":0.028137589031822115,""mad"":2083.0,""max"":350667.0,""median"":252333.0,""min"":245416.0,""n"":1904,""q1"":250375.0,""q3"":254542.0}",,,sparse-conflict,,,,,,,,,,,,,distributions,solve-from-canonical-instance,,,"{""biclique_count"":0,""biclique_total_vertex_occurrences_sigma"":0,""boundary_size_b"":260,""component_count"":1,""compressed_network_arc_count"":62,""compressed_network_node_count"":64,""compressed_size_m"":126,""explicit_conflict_edge_count_k"":0,""foreground_cells_n"":517,""height"":5,""horizontal_chord_count_h"":62,""optimum_rectangle_count"":67,""q"":62,""reflex_count"":128,""vertical_chord_count_v"":0,""width"":129}",,complete,,64,,,True,5
,,,,,explicit-hopcroft-karp,,,,,"{""coefficient_of_variation"":0.025317372705187746,""mad"":2041.0,""max"":314291.0,""median"":249666.0,""min"":241833.0,""n"":1983,""q1"":247875.0,""q3"":252104.5}",,,sparse-conflict,,,,,,,,,,,,,distributions,solve-from-canonical-instance,,,"{""biclique_count"":0,""biclique_total_vertex_occurrences_sigma"":0,""boundary_size_b"":260,""component_count"":1,""compressed_network_arc_count"":62,""compressed_network_node_count"":64,""compressed_size_m"":126,""explicit_conflict_edge_count_k"":0,""foreground_cells_n"":517,""height"":5,""horizontal_chord_count_h"":62,""optimum_rectangle_count"":67,""q"":62,""reflex_count"":128,""vertical_chord_count_v"":0,""width"":129}",,complete,,64,,,True,5
,,,,,compact-mrd,,,,,"{""coefficient_of_variation"":0.07290458294590738,""mad"":83.0,""max"":52625.0,""median"":12333.0,""min"":12083.0,""n"":10000,""q1"":12250.0,""q3"":12417.0}",,,sparse-conflict,,,,,,,,,,,,,distributions,representation-and-solver-kernel,,,"{""biclique_count"":0,""biclique_total_vertex_occurrences_sigma"":0,""boundary_size_b"":516,""component_count"":1,""compressed_network_arc_count"":126,""compressed_network_node_count"":128,""compressed_size_m"":254,""explicit_conflict_edge_count_k"":0,""foreground_cells_n"":1029,""height"":5,""horizontal_chord_count_h"":126,""optimum_rectangle_count"":131,""q"":126,""reflex_count"":256,""vertical_chord_count_v"":0,""width"":257}",,complete,,128,,,True,8
,,,,,explicit-c0-flow,,,,,"{""coefficient_of_variation"":0.1193095956997033,""mad"":42.0,""max"":46875.0,""median"":5833.0,""min"":5666.0,""n"":10000,""q1"":5791.0,""q3"":5875.0}",,,sparse-conflict,,,,,,,,,,,,,distributions,representation-and-solver-kernel,,,"{""biclique_count"":0,""biclique_total_vertex_occurrences_sigma"":0,""boundary_size_b"":516,""component_count"":1,""compressed_network_arc_count"":126,""compressed_network_node_count"":128,""compressed_size_m"":254,""explicit_conflict_edge_count_k"":0,""foreground_cells_n"":1029,""height"":5,""horizontal_chord_count_h"":126,""optimum_rectangle_count"":131,""q"":126,""reflex_count"":256,""vertical_chord_count_v"":0,""width"":257}",,complete,,128,,,True,5
,,,,,explicit-hopcroft-karp,,,,,"{""coefficient_of_variation"":0.12724726265834055,""mad"":41.0,""max"":14708.0,""median"":1416.0,""min"":1291.0,""n"":10000,""q1"":1375.0,""q3"":1417.0}",,,sparse-conflict,,,,,,,,,,,,,distributions,representation-and-solver-kernel,,,"{""biclique_count"":0,""biclique_total_vertex_occurrences_sigma"":0,""boundary_size_b"":516,""component_count"":1,""compressed_network_arc_count"":126,""compressed_network_node_count"":128,""compressed_size_m"":254,""explicit_conflict_edge_count_k"":0,""foreground_cells_n"":1029,""height"":5,""horizontal_chord_count_h"":126,""optimum_rectangle_count"":131,""q"":126,""reflex_count"":256,""vertical_chord_count_v"":0,""width"":257}",,complete,,128,,,True,5
,,,,,compact-mrd,,,,,"{""coefficient_of_variation"":0.026973186310727745,""mad"":4625.0,""max"":704958.0,""median"":514375.0,""min"":502250.0,""n"":892,""q1"":510458.0,""q3"":520083.25}",,,sparse-conflict,,,,,,,,,,,,,distributions,solve-from-canonical-instance,,,"{""biclique_count"":0,""biclique_total_vertex_occurrences_sigma"":0,""boundary_size_b"":516,""component_count"":1,""compressed_network_arc_count"":126,""compressed_network_node_count"":128,""compressed_size_m"":254,""explicit_conflict_edge_count_k"":0,""foreground_cells_n"":1029,""height"":5,""horizontal_chord_count_h"":126,""optimum_rectangle_count"":131,""q"":126,""reflex_count"":256,""vertical_chord_count_v"":0,""width"":257}",,complete,,128,,,True,5
,,,,,explicit-c0-flow,,,,,"{""coefficient_of_variation"":0.023188290585505977,""mad"":4334.0,""max"":624417.0,""median"":507750.0,""min"":492375.0,""n"":969,""q1"":504000.0,""q3"":513584.0}",,,sparse-conflict,,,,,,,,,,,,,distributions,solve-from-canonical-instance,,,"{""biclique_count"":0,""biclique_total_vertex_occurrences_sigma"":0,""boundary_size_b"":516,""component_count"":1,""compressed_network_arc_count"":126,""compressed_network_node_count"":128,""compressed_size_m"":254,""explicit_conflict_edge_count_k"":0,""foreground_cells_n"":1029,""height"":5,""horizontal_chord_count_h"":126,""optimum_rectangle_count"":131,""q"":126,""reflex_count"":256,""vertical_chord_count_v"":0,""width"":257}",,complete,,128,,,True,5
,,,,,explicit-hopcroft-karp,,,,,"{""coefficient_of_variation"":0.024536632789086046,""mad"":4125.0,""max"":593541.0,""median"":502375.0,""min"":488417.0,""n"":980,""q1"":498864.75,""q3"":507635.5}",,,sparse-conflict,,,,,,,,,,,,,distributions,solve-from-canonical-instance,,,"{""biclique_count"":0,""biclique_total_vertex_occurrences_sigma"":0,""boundary_size_b"":516,""component_count"":1,""compressed_network_arc_count"":126,""compressed_network_node_count"":128,""compressed_size_m"":254,""explicit_conflict_edge_count_k"":0,""foreground_cells_n"":1029,""height"":5,""horizontal_chord_count_h"":126,""optimum_rectangle_count"":131,""q"":126,""reflex_count"":256,""vertical_chord_count_v"":0,""width"":257}",,complete,,128,,,True,5
,,,,,compact-mrd,,,,,"{""coefficient_of_variation"":0.08669649856677063,""mad"":209.0,""max"":93875.0,""median"":23416.0,""min"":22708.0,""n"":10000,""q1"":23250.0,""q3"":24084.0}",,,sparse-conflict,,,,,,,,,,,,,distributions,representation-and-solver-kernel,,,"{""biclique_count"":0,""biclique_total_vertex_occurrences_sigma"":0,""boundary_size_b"":1028,""component_count"":1,""compressed_network_arc_count"":254,""compressed_network_node_count"":256,""compressed_size_m"":510,""explicit_conflict_edge_count_k"":0,""foreground_cells_n"":2053,""height"":5,""horizontal_chord_count_h"":254,""optimum_rectangle_count"":259,""q"":254,""reflex_count"":512,""vertical_chord_count_v"":0,""width"":513}",,complete,,256,,,True,5
,,,,,explicit-c0-flow,,,,,"{""coefficient_of_variation"":0.0768731855074715,""mad"":84.0,""max"":59542.0,""median"":10708.0,""min"":10250.0,""n"":10000,""q1"":10625.0,""q3"":10833.0}",,,sparse-conflict,,,,,,,,,,,,,distributions,representation-and-solver-kernel,,,"{""biclique_count"":0,""biclique_total_vertex_occurrences_sigma"":0,""boundary_size_b"":1028,""component_count"":1,""compressed_network_arc_count"":254,""compressed_network_node_count"":256,""compressed_size_m"":510,""explicit_conflict_edge_count_k"":0,""foreground_cells_n"":2053,""height"":5,""horizontal_chord_count_h"":254,""optimum_rectangle_count"":259,""q"":254,""reflex_count"":512,""vertical_chord_count_v"":0,""width"":513}",,complete,,256,,,True,5
,,,,,explicit-hopcroft-karp,,,,,"{""coefficient_of_variation"":0.054566379715060294,""mad"":42.0,""max"":8541.0,""median"":2375.0,""min"":2208.0,""n"":10000,""q1"":2333.0,""q3"":2375.0}",,,sparse-conflict,,,,,,,,,,,,,distributions,representation-and-solver-kernel,,,"{""biclique_count"":0,""biclique_total_vertex_occurrences_sigma"":0,""boundary_size_b"":1028,""component_count"":1,""compressed_network_arc_count"":254,""compressed_network_node_count"":256,""compressed_size_m"":510,""explicit_conflict_edge_count_k"":0,""foreground_cells_n"":2053,""height"":5,""horizontal_chord_count_h"":254,""optimum_rectangle_count"":259,""q"":254,""reflex_count"":512,""vertical_chord_count_v"":0,""width"":513}",,complete,,256,,,True,5
,,,,,compact-mrd,,,,,"{""coefficient_of_variation"":0.02027753971774246,""mad"":8626.0,""max"":1225667.0,""median"":1051958.0,""min"":1027708.0,""n"":449,""q1"":1044083.0,""q3"":1062208.0}",,,sparse-conflict,,,,,,,,,,,,,distributions,solve-from-canonical-instance,,,"{""biclique_count"":0,""biclique_total_vertex_occurrences_sigma"":0,""boundary_size_b"":1028,""component_count"":1,""compressed_network_arc_count"":254,""compressed_network_node_count"":256,""compressed_size_m"":510,""explicit_conflict_edge_count_k"":0,""foreground_cells_n"":2053,""height"":5,""horizontal_chord_count_h"":254,""optimum_rectangle_count"":259,""q"":254,""reflex_count"":512,""vertical_chord_count_v"":0,""width"":513}",,complete,,256,,,True,5
,,,,,explicit-c0-flow,,,,,"{""coefficient_of_variation"":0.028191086457467904,""mad"":8875.0,""max"":1493875.0,""median"":1038500.0,""min"":1014125.0,""n"":470,""q1"":1030917.0,""q3"":1048739.5}",,,sparse-conflict,,,,,,,,,,,,,distributions,solve-from-canonical-instance,,,"{""biclique_count"":0,""biclique_total_vertex_occurrences_sigma"":0,""boundary_size_b"":1028,""component_count"":1,""compressed_network_arc_count"":254,""compressed_network_node_count"":256,""compressed_size_m"":510,""explicit_conflict_edge_count_k"":0,""foreground_cells_n"":2053,""height"":5,""horizontal_chord_count_h"":254,""optimum_rectangle_count"":259,""q"":254,""reflex_count"":512,""vertical_chord_count_v"":0,""width"":513}",,complete,,256,,,True,5
,,,,,explicit-hopcroft-karp,,,,,"{""coefficient_of_variation"":0.021274596310390186,""mad"":9584.0,""max"":1155500.0,""median"":1029959.0,""min"":1005917.0,""n"":479,""q1"":1021729.0,""q3"":1042208.5}",,,sparse-conflict,,,,,,,,,,,,,distributions,solve-from-canonical-instance,,,"{""biclique_count"":0,""biclique_total_vertex_occurrences_sigma"":0,""boundary_size_b"":1028,""component_count"":1,""compressed_network_arc_count"":254,""compressed_network_node_count"":256,""compressed_size_m"":510,""explicit_conflict_edge_count_k"":0,""foreground_cells_n"":2053,""height"":5,""horizontal_chord_count_h"":254,""optimum_rectangle_count"":259,""q"":254,""reflex_count"":512,""vertical_chord_count_v"":0,""width"":513}",,complete,,256,,,True,5
,,,,,compact-mrd,,,,,"{""coefficient_of_variation"":0.07612599958179192,""mad"":625.0,""max"":107333.0,""median"":46542.0,""min"":45125.0,""n"":8565,""q1"":46125.0,""q3"":49750.0}",,,sparse-conflict,,,,,,,,,,,,,distributions,representation-and-solver-kernel,,,"{""biclique_count"":0,""biclique_total_vertex_occurrences_sigma"":0,""boundary_size_b"":2052,""component_count"":1,""compressed_network_arc_count"":510,""compressed_network_node_count"":512,""compressed_size_m"":1022,""explicit_conflict_edge_count_k"":0,""foreground_cells_n"":4101,""height"":5,""horizontal_chord_count_h"":510,""optimum_rectangle_count"":515,""q"":510,""reflex_count"":1024,""vertical_chord_count_v"":0,""width"":1025}",,complete,,512,,,True,6
,,,,,explicit-c0-flow,,,,,"{""coefficient_of_variation"":0.06427118282405142,""mad"":250.0,""max"":69542.0,""median"":20834.0,""min"":20000.0,""n"":10000,""q1"":20583.0,""q3"":21084.0}",,,sparse-conflict,,,,,,,,,,,,,distributions,representation-and-solver-kernel,,,"{""biclique_count"":0,""biclique_total_vertex_occurrences_sigma"":0,""boundary_size_b"":2052,""component_count"":1,""compressed_network_arc_count"":510,""compressed_network_node_count"":512,""compressed_size_m"":1022,""explicit_conflict_edge_count_k"":0,""foreground_cells_n"":4101,""height"":5,""horizontal_chord_count_h"":510,""optimum_rectangle_count"":515,""q"":510,""reflex_count"":1024,""vertical_chord_count_v"":0,""width"":1025}",,complete,,512,,,True,5
,,,,,explicit-hopcroft-karp,,,,,"{""coefficient_of_variation"":0.09057661515684963,""mad"":42.0,""max"":31875.0,""median"":4250.0,""min"":4000.0,""n"":10000,""q1"":4208.0,""q3"":4292.0}",,,sparse-conflict,,,,,,,,,,,,,distributions,representation-and-solver-kernel,,,"{""biclique_count"":0,""biclique_total_vertex_occurrences_sigma"":0,""boundary_size_b"":2052,""component_count"":1,""compressed_network_arc_count"":510,""compressed_network_node_count"":512,""compressed_size_m"":1022,""explicit_conflict_edge_count_k"":0,""foreground_cells_n"":4101,""height"":5,""horizontal_chord_count_h"":510,""optimum_rectangle_count"":515,""q"":510,""reflex_count"":1024,""vertical_chord_count_v"":0,""width"":1025}",,complete,,512,,,True,5
,,,,,compact-mrd,,,,,"{""coefficient_of_variation"":0.01584749175334923,""mad"":16666.0,""max"":2321125.0,""median"":2173875.0,""min"":2129334.0,""n"":223,""q1"":2159458.0,""q3"":2194416.5}",,,sparse-conflict,,,,,,,,,,,,,distributions,solve-from-canonical-instance,,,"{""biclique_count"":0,""biclique_total_vertex_occurrences_sigma"":0,""boundary_size_b"":2052,""component_count"":1,""compressed_network_arc_count"":510,""compressed_network_node_count"":512,""compressed_size_m"":1022,""explicit_conflict_edge_count_k"":0,""foreground_cells_n"":4101,""height"":5,""horizontal_chord_count_h"":510,""optimum_rectangle_count"":515,""q"":510,""reflex_count"":1024,""vertical_chord_count_v"":0,""width"":1025}",,complete,,512,,,True,5
,,,,,explicit-c0-flow,,,,,"{""coefficient_of_variation"":0.01631525267975726,""mad"":17208.5,""max"":2301708.0,""median"":2147125.5,""min"":2100167.0,""n"":226,""q1"":2132916.75,""q3"":2173853.75}",,,sparse-conflict,,,,,,,,,,,,,distributions,solve-from-canonical-instance,,,"{""biclique_count"":0,""biclique_total_vertex_occurrences_sigma"":0,""boundary_size_b"":2052,""component_count"":1,""compressed_network_arc_count"":510,""compressed_network_node_count"":512,""compressed_size_m"":1022,""explicit_conflict_edge_count_k"":0,""foreground_cells_n"":4101,""height"":5,""horizontal_chord_count_h"":510,""optimum_rectangle_count"":515,""q"":510,""reflex_count"":1024,""vertical_chord_count_v"":0,""width"":1025}",,complete,,512,,,True,5
,,,,,explicit-hopcroft-karp,,,,,"{""coefficient_of_variation"":0.015595349190561903,""mad"":18208.0,""max"":2276333.0,""median"":2132396.0,""min"":2080375.0,""n"":228,""q1"":2117604.5,""q3"":2156708.5}",,,sparse-conflict,,,,,,,,,,,,,distributions,solve-from-canonical-instance,,,"{""biclique_count"":0,""biclique_total_vertex_occurrences_sigma"":0,""boundary_size_b"":2052,""component_count"":1,""compressed_network_arc_count"":510,""compressed_network_node_count"":512,""compressed_size_m"":1022,""explicit_conflict_edge_count_k"":0,""foreground_cells_n"":4101,""height"":5,""horizontal_chord_count_h"":510,""optimum_rectangle_count"":515,""q"":510,""reflex_count"":1024,""vertical_chord_count_v"":0,""width"":1025}",,complete,,512,,,True,5
,,,,,compact-mrd,,,,,"{""coefficient_of_variation"":0.0772646739154639,""mad"":5250.0,""max"":172584.0,""median"":102875.0,""min"":88875.0,""n"":4403,""q1"":92500.0,""q3"":106916.5}",,,sparse-conflict,,,,,,,,,,,,,distributions,representation-and-solver-kernel,,,"{""biclique_count"":0,""biclique_total_vertex_occurrences_sigma"":0,""boundary_size_b"":4100,""component_count"":1,""compressed_network_arc_count"":1022,""compressed_network_node_count"":1024,""compressed_size_m"":2046,""explicit_conflict_edge_count_k"":0,""foreground_cells_n"":8197,""height"":5,""horizontal_chord_count_h"":1022,""optimum_rectangle_count"":1027,""q"":1022,""reflex_count"":2048,""vertical_chord_count_v"":0,""width"":2049}",,complete,,1024,,,True,14
,,,,,explicit-c0-flow,,,,,"{""coefficient_of_variation"":0.05977123515002313,""mad"":250.0,""max"":120042.0,""median"":39666.0,""min"":39083.0,""n"":10000,""q1"":39458.0,""q3"":40083.0}",,,sparse-conflict,,,,,,,,,,,,,distributions,representation-and-solver-kernel,,,"{""biclique_count"":0,""biclique_total_vertex_occurrences_sigma"":0,""boundary_size_b"":4100,""component_count"":1,""compressed_network_arc_count"":1022,""compressed_network_node_count"":1024,""compressed_size_m"":2046,""explicit_conflict_edge_count_k"":0,""foreground_cells_n"":8197,""height"":5,""horizontal_chord_count_h"":1022,""optimum_rectangle_count"":1027,""q"":1022,""reflex_count"":2048,""vertical_chord_count_v"":0,""width"":2049}",,complete,,1024,,,True,5
,,,,,explicit-hopcroft-karp,,,,,"{""coefficient_of_variation"":0.09802341336222854,""mad"":42.0,""max"":63000.0,""median"":7750.0,""min"":7417.0,""n"":10000,""q1"":7708.0,""q3"":7792.0}",,,sparse-conflict,,,,,,,,,,,,,distributions,representation-and-solver-kernel,,,"{""biclique_count"":0,""biclique_total_vertex_occurrences_sigma"":0,""boundary_size_b"":4100,""component_count"":1,""compressed_network_arc_count"":1022,""compressed_network_node_count"":1024,""compressed_size_m"":2046,""explicit_conflict_edge_count_k"":0,""foreground_cells_n"":8197,""height"":5,""horizontal_chord_count_h"":1022,""optimum_rectangle_count"":1027,""q"":1022,""reflex_count"":2048,""vertical_chord_count_v"":0,""width"":2049}",,complete,,1024,,,True,5
,,,,,compact-mrd,,,,,"{""coefficient_of_variation"":0.016900296374428928,""mad"":34250.0,""max"":5057333.0,""median"":4480583.0,""min"":4418000.0,""n"":109,""q1"":4456334.0,""q3"":4531667.0}",,,sparse-conflict,,,,,,,,,,,,,distributions,solve-from-canonical-instance,,,"{""biclique_count"":0,""biclique_total_vertex_occurrences_sigma"":0,""boundary_size_b"":4100,""component_count"":1,""compressed_network_arc_count"":1022,""compressed_network_node_count"":1024,""compressed_size_m"":2046,""explicit_conflict_edge_count_k"":0,""foreground_cells_n"":8197,""height"":5,""horizontal_chord_count_h"":1022,""optimum_rectangle_count"":1027,""q"":1022,""reflex_count"":2048,""vertical_chord_count_v"":0,""width"":2049}",,complete,,1024,,,True,5
,,,,,explicit-c0-flow,,,,,"{""coefficient_of_variation"":0.011891495575648987,""mad"":28125.0,""max"":4735125.0,""median"":4436625.0,""min"":4350041.0,""n"":113,""q1"":4413833.0,""q3"":4480083.0}",,,sparse-conflict,,,,,,,,,,,,,distributions,solve-from-canonical-instance,,,"{""biclique_count"":0,""biclique_total_vertex_occurrences_sigma"":0,""boundary_size_b"":4100,""component_count"":1,""compressed_network_arc_count"":1022,""compressed_network_node_count"":1024,""compressed_size_m"":2046,""explicit_conflict_edge_count_k"":0,""foreground_cells_n"":8197,""height"":5,""horizontal_chord_count_h"":1022,""optimum_rectangle_count"":1027,""q"":1022,""reflex_count"":2048,""vertical_chord_count_v"":0,""width"":2049}",,complete,,1024,,,True,5
,,,,,explicit-hopcroft-karp,,,,,"{""coefficient_of_variation"":0.011385533612576385,""mad"":29666.0,""max"":4560625.0,""median"":4408541.0,""min"":4334542.0,""n"":111,""q1"":4387000.5,""q3"":4467229.5}",,,sparse-conflict,,,,,,,,,,,,,distributions,solve-from-canonical-instance,,,"{""biclique_count"":0,""biclique_total_vertex_occurrences_sigma"":0,""boundary_size_b"":4100,""component_count"":1,""compressed_network_arc_count"":1022,""compressed_network_node_count"":1024,""compressed_size_m"":2046,""explicit_conflict_edge_count_k"":0,""foreground_cells_n"":8197,""height"":5,""horizontal_chord_count_h"":1022,""optimum_rectangle_count"":1027,""q"":1022,""reflex_count"":2048,""vertical_chord_count_v"":0,""width"":2049}",,complete,,1024,,,True,5
,,,,,compact-mrd,,,,,"{""coefficient_of_variation"":0.0469338254773377,""mad"":3125.0,""max"":314584.0,""median"":213458.0,""min"":177541.0,""n"":2578,""q1"":208916.25,""q3"":215958.0}",,,sparse-conflict,,,,,,,,,,,,,distributions,representation-and-solver-kernel,,,"{""biclique_count"":0,""biclique_total_vertex_occurrences_sigma"":0,""boundary_size_b"":8196,""component_count"":1,""compressed_network_arc_count"":2046,""compressed_network_node_count"":2048,""compressed_size_m"":4094,""explicit_conflict_edge_count_k"":0,""foreground_cells_n"":16389,""height"":5,""horizontal_chord_count_h"":2046,""optimum_rectangle_count"":2051,""q"":2046,""reflex_count"":4096,""vertical_chord_count_v"":0,""width"":4097}",,complete,,2048,,,True,6
,,,,,explicit-c0-flow,,,,,"{""coefficient_of_variation"":0.03585576599140324,""mad"":542.0,""max"":131500.0,""median"":77917.0,""min"":75709.0,""n"":6379,""q1"":77292.0,""q3"":78458.0}",,,sparse-conflict,,,,,,,,,,,,,distributions,representation-and-solver-kernel,,,"{""biclique_count"":0,""biclique_total_vertex_occurrences_sigma"":0,""boundary_size_b"":8196,""component_count"":1,""compressed_network_arc_count"":2046,""compressed_network_node_count"":2048,""compressed_size_m"":4094,""explicit_conflict_edge_count_k"":0,""foreground_cells_n"":16389,""height"":5,""horizontal_chord_count_h"":2046,""optimum_rectangle_count"":2051,""q"":2046,""reflex_count"":4096,""vertical_chord_count_v"":0,""width"":4097}",,complete,,2048,,,True,5
,,,,,explicit-hopcroft-karp,,,,,"{""coefficient_of_variation"":0.09764829430574293,""mad"":83.0,""max"":70333.0,""median"":14959.0,""min"":14583.0,""n"":10000,""q1"":14916.0,""q3"":15042.0}",,,sparse-conflict,,,,,,,,,,,,,distributions,representation-and-solver-kernel,,,"{""biclique_count"":0,""biclique_total_vertex_occurrences_sigma"":0,""boundary_size_b"":8196,""component_count"":1,""compressed_network_arc_count"":2046,""compressed_network_node_count"":2048,""compressed_size_m"":4094,""explicit_conflict_edge_count_k"":0,""foreground_cells_n"":16389,""height"":5,""horizontal_chord_count_h"":2046,""optimum_rectangle_count"":2051,""q"":2046,""reflex_count"":4096,""vertical_chord_count_v"":0,""width"":4097}",,complete,,2048,,,True,5
,,,,,compact-mrd,,,,,"{""coefficient_of_variation"":0.010122535074156728,""mad"":48208.0,""max"":9482333.0,""median"":9169042.0,""min"":9024000.0,""n"":53,""q1"":9130208.0,""q3"":9235041.0}",,,sparse-conflict,,,,,,,,,,,,,distributions,solve-from-canonical-instance,,,"{""biclique_count"":0,""biclique_total_vertex_occurrences_sigma"":0,""boundary_size_b"":8196,""component_count"":1,""compressed_network_arc_count"":2046,""compressed_network_node_count"":2048,""compressed_size_m"":4094,""explicit_conflict_edge_count_k"":0,""foreground_cells_n"":16389,""height"":5,""horizontal_chord_count_h"":2046,""optimum_rectangle_count"":2051,""q"":2046,""reflex_count"":4096,""vertical_chord_count_v"":0,""width"":4097}",,complete,,2048,,,True,5
,,,,,explicit-c0-flow,,,,,"{""coefficient_of_variation"":0.024242687565690476,""mad"":64875.0,""max"":10418458.0,""median"":9030584.0,""min"":8894000.0,""n"":55,""q1"":8964083.5,""q3"":9078979.0}",,,sparse-conflict,,,,,,,,,,,,,distributions,solve-from-canonical-instance,,,"{""biclique_count"":0,""biclique_total_vertex_occurrences_sigma"":0,""boundary_size_b"":8196,""component_count"":1,""compressed_network_arc_count"":2046,""compressed_network_node_count"":2048,""compressed_size_m"":4094,""explicit_conflict_edge_count_k"":0,""foreground_cells_n"":16389,""height"":5,""horizontal_chord_count_h"":2046,""optimum_rectangle_count"":2051,""q"":2046,""reflex_count"":4096,""vertical_chord_count_v"":0,""width"":4097}",,complete,,2048,,,True,5
,,,,,explicit-hopcroft-karp,,,,,"{""coefficient_of_variation"":0.011078570774378377,""mad"":66625.0,""max"":9305375.0,""median"":8982187.5,""min"":8849208.0,""n"":54,""q1"":8916844.25,""q3"":9047240.0}",,,sparse-conflict,,,,,,,,,,,,,distributions,solve-from-canonical-instance,,,"{""biclique_count"":0,""biclique_total_vertex_occurrences_sigma"":0,""boundary_size_b"":8196,""component_count"":1,""compressed_network_arc_count"":2046,""compressed_network_node_count"":2048,""compressed_size_m"":4094,""explicit_conflict_edge_count_k"":0,""foreground_cells_n"":16389,""height"":5,""horizontal_chord_count_h"":2046,""optimum_rectangle_count"":2051,""q"":2046,""reflex_count"":4096,""vertical_chord_count_v"":0,""width"":4097}",,complete,,2048,,,True,5
,,,,,compact-mrd,,,,,"{""coefficient_of_variation"":0.03137491714409409,""mad"":3541.5,""max"":515834.0,""median"":424166.5,""min"":349667.0,""n"":1146,""q1"":420520.75,""q3"":427614.75}",,,sparse-conflict,,,,,,,,,,,,,distributions,representation-and-solver-kernel,,,"{""biclique_count"":0,""biclique_total_vertex_occurrences_sigma"":0,""boundary_size_b"":16388,""component_count"":1,""compressed_network_arc_count"":4094,""compressed_network_node_count"":4096,""compressed_size_m"":8190,""explicit_conflict_edge_count_k"":0,""foreground_cells_n"":32773,""height"":5,""horizontal_chord_count_h"":4094,""optimum_rectangle_count"":4099,""q"":4094,""reflex_count"":8192,""vertical_chord_count_v"":0,""width"":8193}",,complete,,4096,,,True,5
,,,,,explicit-c0-flow,,,,,"{""coefficient_of_variation"":0.03234371247160765,""mad"":1042.0,""max"":238166.0,""median"":149458.0,""min"":146250.0,""n"":3173,""q1"":148750.0,""q3"":151083.0}",,,sparse-conflict,,,,,,,,,,,,,distributions,representation-and-solver-kernel,,,"{""biclique_count"":0,""biclique_total_vertex_occurrences_sigma"":0,""boundary_size_b"":16388,""component_count"":1,""compressed_network_arc_count"":4094,""compressed_network_node_count"":4096,""compressed_size_m"":8190,""explicit_conflict_edge_count_k"":0,""foreground_cells_n"":32773,""height"":5,""horizontal_chord_count_h"":4094,""optimum_rectangle_count"":4099,""q"":4094,""reflex_count"":8192,""vertical_chord_count_v"":0,""width"":8193}",,complete,,4096,,,True,5
,,,,,explicit-hopcroft-karp,,,,,"{""coefficient_of_variation"":0.07078304556599993,""mad"":167.0,""max"":117000.0,""median"":28834.0,""min"":28458.0,""n"":10000,""q1"":28709.0,""q3"":29417.0}",,,sparse-conflict,,,,,,,,,,,,,distributions,representation-and-solver-kernel,,,"{""biclique_count"":0,""biclique_total_vertex_occurrences_sigma"":0,""boundary_size_b"":16388,""component_count"":1,""compressed_network_arc_count"":4094,""compressed_network_node_count"":4096,""compressed_size_m"":8190,""explicit_conflict_edge_count_k"":0,""foreground_cells_n"":32773,""height"":5,""horizontal_chord_count_h"":4094,""optimum_rectangle_count"":4099,""q"":4094,""reflex_count"":8192,""vertical_chord_count_v"":0,""width"":8193}",,complete,,4096,,,True,5
,,,,,compact-mrd,,,,,"{""coefficient_of_variation"":0.007696996467040997,""mad"":73479.0,""max"":19387959.0,""median"":18988417.0,""min"":18820541.0,""n"":24,""q1"":18925229.75,""q3"":19072708.25}",,,sparse-conflict,,,,,,,,,,,,,distributions,solve-from-canonical-instance,,,"{""biclique_count"":0,""biclique_total_vertex_occurrences_sigma"":0,""boundary_size_b"":16388,""component_count"":1,""compressed_network_arc_count"":4094,""compressed_network_node_count"":4096,""compressed_size_m"":8190,""explicit_conflict_edge_count_k"":0,""foreground_cells_n"":32773,""height"":5,""horizontal_chord_count_h"":4094,""optimum_rectangle_count"":4099,""q"":4094,""reflex_count"":8192,""vertical_chord_count_v"":0,""width"":8193}",,complete,,4096,,,True,5
,,,,,explicit-c0-flow,,,,,"{""coefficient_of_variation"":0.007418329566644521,""mad"":71250.0,""max"":19198875.0,""median"":18717666.5,""min"":18560583.0,""n"":26,""q1"":18645833.25,""q3"":18750312.5}",,,sparse-conflict,,,,,,,,,,,,,distributions,solve-from-canonical-instance,,,"{""biclique_count"":0,""biclique_total_vertex_occurrences_sigma"":0,""boundary_size_b"":16388,""component_count"":1,""compressed_network_arc_count"":4094,""compressed_network_node_count"":4096,""compressed_size_m"":8190,""explicit_conflict_edge_count_k"":0,""foreground_cells_n"":32773,""height"":5,""horizontal_chord_count_h"":4094,""optimum_rectangle_count"":4099,""q"":4094,""reflex_count"":8192,""vertical_chord_count_v"":0,""width"":8193}",,complete,,4096,,,True,5
,,,,,explicit-hopcroft-karp,,,,,"{""coefficient_of_variation"":0.00603950529813651,""mad"":39354.0,""max"":18968875.0,""median"":18673020.5,""min"":18463208.0,""n"":26,""q1"":18632583.25,""q3"":18708916.5}",,,sparse-conflict,,,,,,,,,,,,,distributions,solve-from-canonical-instance,,,"{""biclique_count"":0,""biclique_total_vertex_occurrences_sigma"":0,""boundary_size_b"":16388,""component_count"":1,""compressed_network_arc_count"":4094,""compressed_network_node_count"":4096,""compressed_size_m"":8190,""explicit_conflict_edge_count_k"":0,""foreground_cells_n"":32773,""height"":5,""horizontal_chord_count_h"":4094,""optimum_rectangle_count"":4099,""q"":4094,""reflex_count"":8192,""vertical_chord_count_v"":0,""width"":8193}",,complete,,4096,,,True,5
,,,,,compact-mrd,,,,,"{""coefficient_of_variation"":0.025597543213490725,""mad"":7167.0,""max"":977291.0,""median"":850750.0,""min"":705209.0,""n"":583,""q1"":844895.5,""q3"":860333.5}",,,sparse-conflict,,,,,,,,,,,,,distributions,representation-and-solver-kernel,,,"{""biclique_count"":0,""biclique_total_vertex_occurrences_sigma"":0,""boundary_size_b"":32772,""component_count"":1,""compressed_network_arc_count"":8190,""compressed_network_node_count"":8192,""compressed_size_m"":16382,""explicit_conflict_edge_count_k"":0,""foreground_cells_n"":65541,""height"":5,""horizontal_chord_count_h"":8190,""optimum_rectangle_count"":8195,""q"":8190,""reflex_count"":16384,""vertical_chord_count_v"":0,""width"":16385}",,complete,,8192,,,True,5
,,,,,explicit-c0-flow,,,,,"{""coefficient_of_variation"":0.024423823976795,""mad"":2749.0,""max"":362583.0,""median"":297583.0,""min"":290208.0,""n"":1650,""q1"":295177.5,""q3"":300989.75}",,,sparse-conflict,,,,,,,,,,,,,distributions,representation-and-solver-kernel,,,"{""biclique_count"":0,""biclique_total_vertex_occurrences_sigma"":0,""boundary_size_b"":32772,""component_count"":1,""compressed_network_arc_count"":8190,""compressed_network_node_count"":8192,""compressed_size_m"":16382,""explicit_conflict_edge_count_k"":0,""foreground_cells_n"":65541,""height"":5,""horizontal_chord_count_h"":8190,""optimum_rectangle_count"":8195,""q"":8190,""reflex_count"":16384,""vertical_chord_count_v"":0,""width"":16385}",,complete,,8192,,,True,5
,,,,,explicit-hopcroft-karp,,,,,"{""coefficient_of_variation"":0.07050631517791787,""mad"":249.0,""max"":263083.0,""median"":57083.0,""min"":56458.0,""n"":7957,""q1"":56917.0,""q3"":58333.0}",,,sparse-conflict,,,,,,,,,,,,,distributions,representation-and-solver-kernel,,,"{""biclique_count"":0,""biclique_total_vertex_occurrences_sigma"":0,""boundary_size_b"":32772,""component_count"":1,""compressed_network_arc_count"":8190,""compressed_network_node_count"":8192,""compressed_size_m"":16382,""explicit_conflict_edge_count_k"":0,""foreground_cells_n"":65541,""height"":5,""horizontal_chord_count_h"":8190,""optimum_rectangle_count"":8195,""q"":8190,""reflex_count"":16384,""vertical_chord_count_v"":0,""width"":16385}",,complete,,8192,,,True,5
,,,,,compact-mrd,,,,,"{""coefficient_of_variation"":0.014158586674806576,""mad"":346249.0,""max"":43737333.0,""median"":42049458.0,""min"":41398167.0,""n"":15,""q1"":41693771.0,""q3"":42183708.0}",,,sparse-conflict,,,,,,,,,,,,,distributions,solve-from-canonical-instance,,,"{""biclique_count"":0,""biclique_total_vertex_occurrences_sigma"":0,""boundary_size_b"":32772,""component_count"":1,""compressed_network_arc_count"":8190,""compressed_network_node_count"":8192,""compressed_size_m"":16382,""explicit_conflict_edge_count_k"":0,""foreground_cells_n"":65541,""height"":5,""horizontal_chord_count_h"":8190,""optimum_rectangle_count"":8195,""q"":8190,""reflex_count"":16384,""vertical_chord_count_v"":0,""width"":16385}",,complete,,8192,,,True,5
,,,,,explicit-c0-flow,,,,,"{""coefficient_of_variation"":0.015488636182290207,""mad"":488250.0,""max"":43381209.0,""median"":41485500.0,""min"":40866250.0,""n"":15,""q1"":41350396.0,""q3"":42105000.0}",,,sparse-conflict,,,,,,,,,,,,,distributions,solve-from-canonical-instance,,,"{""biclique_count"":0,""biclique_total_vertex_occurrences_sigma"":0,""boundary_size_b"":32772,""component_count"":1,""compressed_network_arc_count"":8190,""compressed_network_node_count"":8192,""compressed_size_m"":16382,""explicit_conflict_edge_count_k"":0,""foreground_cells_n"":65541,""height"":5,""horizontal_chord_count_h"":8190,""optimum_rectangle_count"":8195,""q"":8190,""reflex_count"":16384,""vertical_chord_count_v"":0,""width"":16385}",,complete,,8192,,,True,5
,,,,,explicit-hopcroft-karp,,,,,"{""coefficient_of_variation"":0.008908034478371695,""mad"":204750.0,""max"":42142333.0,""median"":41358375.0,""min"":40833000.0,""n"":15,""q1"":41156291.5,""q3"":41634124.5}",,,sparse-conflict,,,,,,,,,,,,,distributions,solve-from-canonical-instance,,,"{""biclique_count"":0,""biclique_total_vertex_occurrences_sigma"":0,""boundary_size_b"":32772,""component_count"":1,""compressed_network_arc_count"":8190,""compressed_network_node_count"":8192,""compressed_size_m"":16382,""explicit_conflict_edge_count_k"":0,""foreground_cells_n"":65541,""height"":5,""horizontal_chord_count_h"":8190,""optimum_rectangle_count"":8195,""q"":8190,""reflex_count"":16384,""vertical_chord_count_v"":0,""width"":16385}",,complete,,8192,,,True,5
,,,,,compact-mrd,,,,,"{""coefficient_of_variation"":0.10839809262473261,""mad"":125.0,""max"":92834.0,""median"":12417.0,""min"":12042.0,""n"":10000,""q1"":12292.0,""q3"":12542.0}",,,supported-holes,,,,,,,,,,,,,distributions,representation-and-solver-kernel,,,"{""biclique_count"":0,""biclique_total_vertex_occurrences_sigma"":0,""boundary_size_b"":260,""component_count"":1,""compressed_network_arc_count"":126,""compressed_network_node_count"":128,""compressed_size_m"":254,""explicit_conflict_edge_count_k"":0,""foreground_cells_n"":867,""height"":7,""horizontal_chord_count_h"":126,""optimum_rectangle_count"":67,""q"":126,""reflex_count"":256,""vertical_chord_count_v"":0,""width"":133}",,complete,,64,,,True,5
,,,,,explicit-c0-flow,,,,,"{""coefficient_of_variation"":0.13456135209921904,""mad"":42.0,""max"":71250.0,""median"":5958.0,""min"":5708.0,""n"":10000,""q1"":5916.0,""q3"":6000.0}",,,supported-holes,,,,,,,,,,,,,distributions,representation-and-solver-kernel,,,"{""biclique_count"":0,""biclique_total_vertex_occurrences_sigma"":0,""boundary_size_b"":260,""component_count"":1,""compressed_network_arc_count"":126,""compressed_network_node_count"":128,""compressed_size_m"":254,""explicit_conflict_edge_count_k"":0,""foreground_cells_n"":867,""height"":7,""horizontal_chord_count_h"":126,""optimum_rectangle_count"":67,""q"":126,""reflex_count"":256,""vertical_chord_count_v"":0,""width"":133}",,complete,,64,,,True,5
,,,,,explicit-hopcroft-karp,,,,,"{""coefficient_of_variation"":0.2845114103295723,""mad"":41.0,""max"":41334.0,""median"":1417.0,""min"":1333.0,""n"":10000,""q1"":1416.0,""q3"":1458.0}",,,supported-holes,,,,,,,,,,,,,distributions,representation-and-solver-kernel,,,"{""biclique_count"":0,""biclique_total_vertex_occurrences_sigma"":0,""boundary_size_b"":260,""component_count"":1,""compressed_network_arc_count"":126,""compressed_network_node_count"":128,""compressed_size_m"":254,""explicit_conflict_edge_count_k"":0,""foreground_cells_n"":867,""height"":7,""horizontal_chord_count_h"":126,""optimum_rectangle_count"":67,""q"":126,""reflex_count"":256,""vertical_chord_count_v"":0,""width"":133}",,complete,,64,,,True,5
,,,,,compact-mrd,,,,,"{""coefficient_of_variation"":0.0330735796667069,""mad"":3666.0,""max"":470834.0,""median"":326083.0,""min"":313833.0,""n"":1453,""q1"":322958.0,""q3"":330875.0}",,,supported-holes,,,,,,,,,,,,,distributions,solve-from-canonical-instance,,,"{""biclique_count"":0,""biclique_total_vertex_occurrences_sigma"":0,""boundary_size_b"":260,""component_count"":1,""compressed_network_arc_count"":126,""compressed_network_node_count"":128,""compressed_size_m"":254,""explicit_conflict_edge_count_k"":0,""foreground_cells_n"":867,""height"":7,""horizontal_chord_count_h"":126,""optimum_rectangle_count"":67,""q"":126,""reflex_count"":256,""vertical_chord_count_v"":0,""width"":133}",,complete,,64,,,True,5
,,,,,explicit-c0-flow,,,,,"{""coefficient_of_variation"":0.033202682256783494,""mad"":3958.0,""max"":447667.0,""median"":320208.0,""min"":307542.0,""n"":1509,""q1"":316583.0,""q3"":324708.0}",,,supported-holes,,,,,,,,,,,,,distributions,solve-from-canonical-instance,,,"{""biclique_count"":0,""biclique_total_vertex_occurrences_sigma"":0,""boundary_size_b"":260,""component_count"":1,""compressed_network_arc_count"":126,""compressed_network_node_count"":128,""compressed_size_m"":254,""explicit_conflict_edge_count_k"":0,""foreground_cells_n"":867,""height"":7,""horizontal_chord_count_h"":126,""optimum_rectangle_count"":67,""q"":126,""reflex_count"":256,""vertical_chord_count_v"":0,""width"":133}",,complete,,64,,,True,5
,,,,,explicit-hopcroft-karp,,,,,"{""coefficient_of_variation"":0.032245492287092184,""mad"":3916.5,""max"":406042.0,""median"":315917.0,""min"":302542.0,""n"":1578,""q1"":312500.0,""q3"":320833.75}",,,supported-holes,,,,,,,,,,,,,distributions,solve-from-canonical-instance,,,"{""biclique_count"":0,""biclique_total_vertex_occurrences_sigma"":0,""boundary_size_b"":260,""component_count"":1,""compressed_network_arc_count"":126,""compressed_network_node_count"":128,""compressed_size_m"":254,""explicit_conflict_edge_count_k"":0,""foreground_cells_n"":867,""height"":7,""horizontal_chord_count_h"":126,""optimum_rectangle_count"":67,""q"":126,""reflex_count"":256,""vertical_chord_count_v"":0,""width"":133}",,complete,,64,,,True,10
,,,,,compact-mrd,,,,,"{""coefficient_of_variation"":0.08794920810407363,""mad"":208.0,""max"":109333.0,""median"":23208.0,""min"":22583.0,""n"":10000,""q1"":23042.0,""q3"":23542.0}",,,supported-holes,,,,,,,,,,,,,distributions,representation-and-solver-kernel,,,"{""biclique_count"":0,""biclique_total_vertex_occurrences_sigma"":0,""boundary_size_b"":516,""component_count"":1,""compressed_network_arc_count"":254,""compressed_network_node_count"":256,""compressed_size_m"":510,""explicit_conflict_edge_count_k"":0,""foreground_cells_n"":1699,""height"":7,""horizontal_chord_count_h"":254,""optimum_rectangle_count"":131,""q"":254,""reflex_count"":512,""vertical_chord_count_v"":0,""width"":261}",,complete,,128,,,True,8
,,,,,explicit-c0-flow,,,,,"{""coefficient_of_variation"":0.0906775428995222,""mad"":125.0,""max"":57167.0,""median"":10791.0,""min"":10333.0,""n"":10000,""q1"":10666.0,""q3"":10916.0}",,,supported-holes,,,,,,,,,,,,,distributions,representation-and-solver-kernel,,,"{""biclique_count"":0,""biclique_total_vertex_occurrences_sigma"":0,""boundary_size_b"":516,""component_count"":1,""compressed_network_arc_count"":254,""compressed_network_node_count"":256,""compressed_size_m"":510,""explicit_conflict_edge_count_k"":0,""foreground_cells_n"":1699,""height"":7,""horizontal_chord_count_h"":254,""optimum_rectangle_count"":131,""q"":254,""reflex_count"":512,""vertical_chord_count_v"":0,""width"":261}",,complete,,128,,,True,5
,,,,,explicit-hopcroft-karp,,,,,"{""coefficient_of_variation"":0.2038626198089204,""mad"":42.0,""max"":43083.0,""median"":2375.0,""min"":2250.0,""n"":10000,""q1"":2375.0,""q3"":2417.0}",,,supported-holes,,,,,,,,,,,,,distributions,representation-and-solver-kernel,,,"{""biclique_count"":0,""biclique_total_vertex_occurrences_sigma"":0,""boundary_size_b"":516,""component_count"":1,""compressed_network_arc_count"":254,""compressed_network_node_count"":256,""compressed_size_m"":510,""explicit_conflict_edge_count_k"":0,""foreground_cells_n"":1699,""height"":7,""horizontal_chord_count_h"":254,""optimum_rectangle_count"":131,""q"":254,""reflex_count"":512,""vertical_chord_count_v"":0,""width"":261}",,complete,,128,,,True,6
,,,,,compact-mrd,,,,,"{""coefficient_of_variation"":0.03259795031610934,""mad"":9229.0,""max"":813208.0,""median"":652375.0,""min"":621542.0,""n"":708,""q1"":644916.75,""q3"":664302.25}",,,supported-holes,,,,,,,,,,,,,distributions,solve-from-canonical-instance,,,"{""biclique_count"":0,""biclique_total_vertex_occurrences_sigma"":0,""boundary_size_b"":516,""component_count"":1,""compressed_network_arc_count"":254,""compressed_network_node_count"":256,""compressed_size_m"":510,""explicit_conflict_edge_count_k"":0,""foreground_cells_n"":1699,""height"":7,""horizontal_chord_count_h"":254,""optimum_rectangle_count"":131,""q"":254,""reflex_count"":512,""vertical_chord_count_v"":0,""width"":261}",,complete,,128,,,True,5
,,,,,explicit-c0-flow,,,,,"{""coefficient_of_variation"":0.03205025978161974,""mad"":9125.0,""max"":922333.0,""median"":638375.0,""min"":615916.0,""n"":763,""q1"":630958.0,""q3"":650041.5}",,,supported-holes,,,,,,,,,,,,,distributions,solve-from-canonical-instance,,,"{""biclique_count"":0,""biclique_total_vertex_occurrences_sigma"":0,""boundary_size_b"":516,""component_count"":1,""compressed_network_arc_count"":254,""compressed_network_node_count"":256,""compressed_size_m"":510,""explicit_conflict_edge_count_k"":0,""foreground_cells_n"":1699,""height"":7,""horizontal_chord_count_h"":254,""optimum_rectangle_count"":131,""q"":254,""reflex_count"":512,""vertical_chord_count_v"":0,""width"":261}",,complete,,128,,,True,5
,,,,,explicit-hopcroft-karp,,,,,"{""coefficient_of_variation"":0.030250527625414185,""mad"":9083.0,""max"":751000.0,""median"":630229.5,""min"":603959.0,""n"":756,""q1"":622834.0,""q3"":642260.5}",,,supported-holes,,,,,,,,,,,,,distributions,solve-from-canonical-instance,,,"{""biclique_count"":0,""biclique_total_vertex_occurrences_sigma"":0,""boundary_size_b"":516,""component_count"":1,""compressed_network_arc_count"":254,""compressed_network_node_count"":256,""compressed_size_m"":510,""explicit_conflict_edge_count_k"":0,""foreground_cells_n"":1699,""height"":7,""horizontal_chord_count_h"":254,""optimum_rectangle_count"":131,""q"":254,""reflex_count"":512,""vertical_chord_count_v"":0,""width"":261}",,complete,,128,,,True,5
,,,,,compact-mrd,,,,,"{""coefficient_of_variation"":0.08451300665792347,""mad"":375.0,""max"":168791.0,""median"":45458.0,""min"":44541.0,""n"":10000,""q1"":45166.0,""q3"":46167.0}",,,supported-holes,,,,,,,,,,,,,distributions,representation-and-solver-kernel,,,"{""biclique_count"":0,""biclique_total_vertex_occurrences_sigma"":0,""boundary_size_b"":1028,""component_count"":1,""compressed_network_arc_count"":510,""compressed_network_node_count"":512,""compressed_size_m"":1022,""explicit_conflict_edge_count_k"":0,""foreground_cells_n"":3363,""height"":7,""horizontal_chord_count_h"":510,""optimum_rectangle_count"":259,""q"":510,""reflex_count"":1024,""vertical_chord_count_v"":0,""width"":517}",,complete,,256,,,True,5
,,,,,explicit-c0-flow,,,,,"{""coefficient_of_variation"":0.0748763623077413,""mad"":167.0,""max"":90750.0,""median"":20458.0,""min"":19750.0,""n"":10000,""q1"":20333.0,""q3"":20708.0}",,,supported-holes,,,,,,,,,,,,,distributions,representation-and-solver-kernel,,,"{""biclique_count"":0,""biclique_total_vertex_occurrences_sigma"":0,""boundary_size_b"":1028,""component_count"":1,""compressed_network_arc_count"":510,""compressed_network_node_count"":512,""compressed_size_m"":1022,""explicit_conflict_edge_count_k"":0,""foreground_cells_n"":3363,""height"":7,""horizontal_chord_count_h"":510,""optimum_rectangle_count"":259,""q"":510,""reflex_count"":1024,""vertical_chord_count_v"":0,""width"":517}",,complete,,256,,,True,7
,,,,,explicit-hopcroft-karp,,,,,"{""coefficient_of_variation"":0.16122654971460373,""mad"":42.0,""max"":40375.0,""median"":4292.0,""min"":4041.0,""n"":10000,""q1"":4250.0,""q3"":4333.0}",,,supported-holes,,,,,,,,,,,,,distributions,representation-and-solver-kernel,,,"{""biclique_count"":0,""biclique_total_vertex_occurrences_sigma"":0,""boundary_size_b"":1028,""component_count"":1,""compressed_network_arc_count"":510,""compressed_network_node_count"":512,""compressed_size_m"":1022,""explicit_conflict_edge_count_k"":0,""foreground_cells_n"":3363,""height"":7,""horizontal_chord_count_h"":510,""optimum_rectangle_count"":259,""q"":510,""reflex_count"":1024,""vertical_chord_count_v"":0,""width"":517}",,complete,,256,,,True,5
,,,,,compact-mrd,,,,,"{""coefficient_of_variation"":0.02008207275830821,""mad"":12125.0,""max"":1451042.0,""median"":1299625.0,""min"":1265792.0,""n"":357,""q1"":1289333.0,""q3"":1315416.0}",,,supported-holes,,,,,,,,,,,,,distributions,solve-from-canonical-instance,,,"{""biclique_count"":0,""biclique_total_vertex_occurrences_sigma"":0,""boundary_size_b"":1028,""component_count"":1,""compressed_network_arc_count"":510,""compressed_network_node_count"":512,""compressed_size_m"":1022,""explicit_conflict_edge_count_k"":0,""foreground_cells_n"":3363,""height"":7,""horizontal_chord_count_h"":510,""optimum_rectangle_count"":259,""q"":510,""reflex_count"":1024,""vertical_chord_count_v"":0,""width"":517}",,complete,,256,,,True,5
,,,,,explicit-c0-flow,,,,,"{""coefficient_of_variation"":0.01760091471802559,""mad"":9333.0,""max"":1377500.0,""median"":1271625.0,""min"":1245958.0,""n"":387,""q1"":1264271.0,""q3"":1284812.5}",,,supported-holes,,,,,,,,,,,,,distributions,solve-from-canonical-instance,,,"{""biclique_count"":0,""biclique_total_vertex_occurrences_sigma"":0,""boundary_size_b"":1028,""component_count"":1,""compressed_network_arc_count"":510,""compressed_network_node_count"":512,""compressed_size_m"":1022,""explicit_conflict_edge_count_k"":0,""foreground_cells_n"":3363,""height"":7,""horizontal_chord_count_h"":510,""optimum_rectangle_count"":259,""q"":510,""reflex_count"":1024,""vertical_chord_count_v"":0,""width"":517}",,complete,,256,,,True,5
,,,,,explicit-hopcroft-karp,,,,,"{""coefficient_of_variation"":0.017443395863547723,""mad"":10792.0,""max"":1412583.0,""median"":1256458.0,""min"":1214875.0,""n"":391,""q1"":1247333.5,""q3"":1269208.5}",,,supported-holes,,,,,,,,,,,,,distributions,solve-from-canonical-instance,,,"{""biclique_count"":0,""biclique_total_vertex_occurrences_sigma"":0,""boundary_size_b"":1028,""component_count"":1,""compressed_network_arc_count"":510,""compressed_network_node_count"":512,""compressed_size_m"":1022,""explicit_conflict_edge_count_k"":0,""foreground_cells_n"":3363,""height"":7,""horizontal_chord_count_h"":510,""optimum_rectangle_count"":259,""q"":510,""reflex_count"":1024,""vertical_chord_count_v"":0,""width"":517}",,complete,,256,,,True,5
,,,,,compact-mrd,,,,,"{""coefficient_of_variation"":0.08691630771930672,""mad"":7458.0,""max"":192292.0,""median"":96708.0,""min"":88041.0,""n"":5044,""q1"":90042.0,""q3"":105792.0}",,,supported-holes,,,,,,,,,,,,,distributions,representation-and-solver-kernel,,,"{""biclique_count"":0,""biclique_total_vertex_occurrences_sigma"":0,""boundary_size_b"":2052,""component_count"":1,""compressed_network_arc_count"":1022,""compressed_network_node_count"":1024,""compressed_size_m"":2046,""explicit_conflict_edge_count_k"":0,""foreground_cells_n"":6691,""height"":7,""horizontal_chord_count_h"":1022,""optimum_rectangle_count"":515,""q"":1022,""reflex_count"":2048,""vertical_chord_count_v"":0,""width"":1029}",,complete,,512,,,True,43
,,,,,explicit-c0-flow,,,,,"{""coefficient_of_variation"":0.05580699042412202,""mad"":166.0,""max"":90583.0,""median"":39542.0,""min"":38917.0,""n"":10000,""q1"":39417.0,""q3"":39750.0}",,,supported-holes,,,,,,,,,,,,,distributions,representation-and-solver-kernel,,,"{""biclique_count"":0,""biclique_total_vertex_occurrences_sigma"":0,""boundary_size_b"":2052,""component_count"":1,""compressed_network_arc_count"":1022,""compressed_network_node_count"":1024,""compressed_size_m"":2046,""explicit_conflict_edge_count_k"":0,""foreground_cells_n"":6691,""height"":7,""horizontal_chord_count_h"":1022,""optimum_rectangle_count"":515,""q"":1022,""reflex_count"":2048,""vertical_chord_count_v"":0,""width"":1029}",,complete,,512,,,True,5
,,,,,explicit-hopcroft-karp,,,,,"{""coefficient_of_variation"":0.07743989094075071,""mad"":43.0,""max"":44250.0,""median"":7791.0,""min"":7458.0,""n"":10000,""q1"":7709.0,""q3"":7833.0}",,,supported-holes,,,,,,,,,,,,,distributions,representation-and-solver-kernel,,,"{""biclique_count"":0,""biclique_total_vertex_occurrences_sigma"":0,""boundary_size_b"":2052,""component_count"":1,""compressed_network_arc_count"":1022,""compressed_network_node_count"":1024,""compressed_size_m"":2046,""explicit_conflict_edge_count_k"":0,""foreground_cells_n"":6691,""height"":7,""horizontal_chord_count_h"":1022,""optimum_rectangle_count"":515,""q"":1022,""reflex_count"":2048,""vertical_chord_count_v"":0,""width"":1029}",,complete,,512,,,True,5
,,,,,compact-mrd,,,,,"{""coefficient_of_variation"":0.016167665349047042,""mad"":21937.5,""max"":2870167.0,""median"":2675354.0,""min"":2604541.0,""n"":170,""q1"":2654760.0,""q3"":2698812.0}",,,supported-holes,,,,,,,,,,,,,distributions,solve-from-canonical-instance,,,"{""biclique_count"":0,""biclique_total_vertex_occurrences_sigma"":0,""boundary_size_b"":2052,""component_count"":1,""compressed_network_arc_count"":1022,""compressed_network_node_count"":1024,""compressed_size_m"":2046,""explicit_conflict_edge_count_k"":0,""foreground_cells_n"":6691,""height"":7,""horizontal_chord_count_h"":1022,""optimum_rectangle_count"":515,""q"":1022,""reflex_count"":2048,""vertical_chord_count_v"":0,""width"":1029}",,complete,,512,,,True,5
,,,,,explicit-c0-flow,,,,,"{""coefficient_of_variation"":0.013361889428459155,""mad"":16729.0,""max"":2758083.0,""median"":2613396.0,""min"":2568708.0,""n"":186,""q1"":2600031.25,""q3"":2635697.75}",,,supported-holes,,,,,,,,,,,,,distributions,solve-from-canonical-instance,,,"{""biclique_count"":0,""biclique_total_vertex_occurrences_sigma"":0,""boundary_size_b"":2052,""component_count"":1,""compressed_network_arc_count"":1022,""compressed_network_node_count"":1024,""compressed_size_m"":2046,""explicit_conflict_edge_count_k"":0,""foreground_cells_n"":6691,""height"":7,""horizontal_chord_count_h"":1022,""optimum_rectangle_count"":515,""q"":1022,""reflex_count"":2048,""vertical_chord_count_v"":0,""width"":1029}",,complete,,512,,,True,5
,,,,,explicit-hopcroft-karp,,,,,"{""coefficient_of_variation"":0.015570442281116493,""mad"":22979.0,""max"":2758917.0,""median"":2595583.5,""min"":2518458.0,""n"":186,""q1"":2573822.25,""q3"":2623343.75}",,,supported-holes,,,,,,,,,,,,,distributions,solve-from-canonical-instance,,,"{""biclique_count"":0,""biclique_total_vertex_occurrences_sigma"":0,""boundary_size_b"":2052,""component_count"":1,""compressed_network_arc_count"":1022,""compressed_network_node_count"":1024,""compressed_size_m"":2046,""explicit_conflict_edge_count_k"":0,""foreground_cells_n"":6691,""height"":7,""horizontal_chord_count_h"":1022,""optimum_rectangle_count"":515,""q"":1022,""reflex_count"":2048,""vertical_chord_count_v"":0,""width"":1029}",,complete,,512,,,True,5
,,,,,compact-mrd,,,,,"{""coefficient_of_variation"":0.051875013447377,""mad"":3334.0,""max"":289250.0,""median"":212541.0,""min"":175875.0,""n"":2379,""q1"":206270.5,""q3"":214875.0}",,,supported-holes,,,,,,,,,,,,,distributions,representation-and-solver-kernel,,,"{""biclique_count"":0,""biclique_total_vertex_occurrences_sigma"":0,""boundary_size_b"":4100,""component_count"":1,""compressed_network_arc_count"":2046,""compressed_network_node_count"":2048,""compressed_size_m"":4094,""explicit_conflict_edge_count_k"":0,""foreground_cells_n"":13347,""height"":7,""horizontal_chord_count_h"":2046,""optimum_rectangle_count"":1027,""q"":2046,""reflex_count"":4096,""vertical_chord_count_v"":0,""width"":2053}",,complete,,1024,,,True,5
,,,,,explicit-c0-flow,,,,,"{""coefficient_of_variation"":0.042401364220125595,""mad"":542.0,""max"":166000.0,""median"":77084.0,""min"":75875.0,""n"":6514,""q1"":76667.0,""q3"":78083.0}",,,supported-holes,,,,,,,,,,,,,distributions,representation-and-solver-kernel,,,"{""biclique_count"":0,""biclique_total_vertex_occurrences_sigma"":0,""boundary_size_b"":4100,""component_count"":1,""compressed_network_arc_count"":2046,""compressed_network_node_count"":2048,""compressed_size_m"":4094,""explicit_conflict_edge_count_k"":0,""foreground_cells_n"":13347,""height"":7,""horizontal_chord_count_h"":2046,""optimum_rectangle_count"":1027,""q"":2046,""reflex_count"":4096,""vertical_chord_count_v"":0,""width"":2053}",,complete,,1024,,,True,5
,,,,,explicit-hopcroft-karp,,,,,"{""coefficient_of_variation"":0.09350730642212417,""mad"":84.0,""max"":80209.0,""median"":15000.0,""min"":14583.0,""n"":10000,""q1"":14875.0,""q3"":15084.0}",,,supported-holes,,,,,,,,,,,,,distributions,representation-and-solver-kernel,,,"{""biclique_count"":0,""biclique_total_vertex_occurrences_sigma"":0,""boundary_size_b"":4100,""component_count"":1,""compressed_network_arc_count"":2046,""compressed_network_node_count"":2048,""compressed_size_m"":4094,""explicit_conflict_edge_count_k"":0,""foreground_cells_n"":13347,""height"":7,""horizontal_chord_count_h"":2046,""optimum_rectangle_count"":1027,""q"":2046,""reflex_count"":4096,""vertical_chord_count_v"":0,""width"":2053}",,complete,,1024,,,True,10
,,,,,compact-mrd,,,,,"{""coefficient_of_variation"":0.011544469593193222,""mad"":45833.0,""max"":5609583.0,""median"":5440042.0,""min"":5336209.0,""n"":89,""q1"":5390334.0,""q3"":5465250.0}",,,supported-holes,,,,,,,,,,,,,distributions,solve-from-canonical-instance,,,"{""biclique_count"":0,""biclique_total_vertex_occurrences_sigma"":0,""boundary_size_b"":4100,""component_count"":1,""compressed_network_arc_count"":2046,""compressed_network_node_count"":2048,""compressed_size_m"":4094,""explicit_conflict_edge_count_k"":0,""foreground_cells_n"":13347,""height"":7,""horizontal_chord_count_h"":2046,""optimum_rectangle_count"":1027,""q"":2046,""reflex_count"":4096,""vertical_chord_count_v"":0,""width"":2053}",,complete,,1024,,,True,5
,,,,,explicit-c0-flow,,,,,"{""coefficient_of_variation"":0.012871248224369813,""mad"":32708.0,""max"":5553750.0,""median"":5292875.0,""min"":5196875.0,""n"":95,""q1"":5267999.5,""q3"":5344896.0}",,,supported-holes,,,,,,,,,,,,,distributions,solve-from-canonical-instance,,,"{""biclique_count"":0,""biclique_total_vertex_occurrences_sigma"":0,""boundary_size_b"":4100,""component_count"":1,""compressed_network_arc_count"":2046,""compressed_network_node_count"":2048,""compressed_size_m"":4094,""explicit_conflict_edge_count_k"":0,""foreground_cells_n"":13347,""height"":7,""horizontal_chord_count_h"":2046,""optimum_rectangle_count"":1027,""q"":2046,""reflex_count"":4096,""vertical_chord_count_v"":0,""width"":2053}",,complete,,1024,,,True,5
,,,,,explicit-hopcroft-karp,,,,,"{""coefficient_of_variation"":0.011656110389043173,""mad"":36167.0,""max"":5450167.0,""median"":5257375.0,""min"":5162209.0,""n"":95,""q1"":5227146.0,""q3"":5302042.0}",,,supported-holes,,,,,,,,,,,,,distributions,solve-from-canonical-instance,,,"{""biclique_count"":0,""biclique_total_vertex_occurrences_sigma"":0,""boundary_size_b"":4100,""component_count"":1,""compressed_network_arc_count"":2046,""compressed_network_node_count"":2048,""compressed_size_m"":4094,""explicit_conflict_edge_count_k"":0,""foreground_cells_n"":13347,""height"":7,""horizontal_chord_count_h"":2046,""optimum_rectangle_count"":1027,""q"":2046,""reflex_count"":4096,""vertical_chord_count_v"":0,""width"":2053}",,complete,,1024,,,True,5
,,,,,compact-mrd,,,,,"{""coefficient_of_variation"":0.051969644675193154,""mad"":5750.5,""max"":775375.0,""median"":424834.0,""min"":344875.0,""n"":1186,""q1"":417635.25,""q3"":430030.75}",,,supported-holes,,,,,,,,,,,,,distributions,representation-and-solver-kernel,,,"{""biclique_count"":0,""biclique_total_vertex_occurrences_sigma"":0,""boundary_size_b"":8196,""component_count"":1,""compressed_network_arc_count"":4094,""compressed_network_node_count"":4096,""compressed_size_m"":8190,""explicit_conflict_edge_count_k"":0,""foreground_cells_n"":26659,""height"":7,""horizontal_chord_count_h"":4094,""optimum_rectangle_count"":2051,""q"":4094,""reflex_count"":8192,""vertical_chord_count_v"":0,""width"":4101}",,complete,,2048,,,True,5
,,,,,explicit-c0-flow,,,,,"{""coefficient_of_variation"":0.04074006939305165,""mad"":1041.0,""max"":339208.0,""median"":150833.0,""min"":147166.0,""n"":3220,""q1"":149792.0,""q3"":151833.25}",,,supported-holes,,,,,,,,,,,,,distributions,representation-and-solver-kernel,,,"{""biclique_count"":0,""biclique_total_vertex_occurrences_sigma"":0,""boundary_size_b"":8196,""component_count"":1,""compressed_network_arc_count"":4094,""compressed_network_node_count"":4096,""compressed_size_m"":8190,""explicit_conflict_edge_count_k"":0,""foreground_cells_n"":26659,""height"":7,""horizontal_chord_count_h"":4094,""optimum_rectangle_count"":2051,""q"":4094,""reflex_count"":8192,""vertical_chord_count_v"":0,""width"":4101}",,complete,,2048,,,True,5
,,,,,explicit-hopcroft-karp,,,,,"{""coefficient_of_variation"":0.067182752998205,""mad"":167.0,""max"":92625.0,""median"":28834.0,""min"":28416.0,""n"":10000,""q1"":28709.0,""q3"":29292.0}",,,supported-holes,,,,,,,,,,,,,distributions,representation-and-solver-kernel,,,"{""biclique_count"":0,""biclique_total_vertex_occurrences_sigma"":0,""boundary_size_b"":8196,""component_count"":1,""compressed_network_arc_count"":4094,""compressed_network_node_count"":4096,""compressed_size_m"":8190,""explicit_conflict_edge_count_k"":0,""foreground_cells_n"":26659,""height"":7,""horizontal_chord_count_h"":4094,""optimum_rectangle_count"":2051,""q"":4094,""reflex_count"":8192,""vertical_chord_count_v"":0,""width"":4101}",,complete,,2048,,,True,5
,,,,,compact-mrd,,,,,"{""coefficient_of_variation"":0.00995714877488907,""mad"":54416.5,""max"":11567708.0,""median"":11100062.5,""min"":10986875.0,""n"":44,""q1"":11055938.0,""q3"":11179833.5}",,,supported-holes,,,,,,,,,,,,,distributions,solve-from-canonical-instance,,,"{""biclique_count"":0,""biclique_total_vertex_occurrences_sigma"":0,""boundary_size_b"":8196,""component_count"":1,""compressed_network_arc_count"":4094,""compressed_network_node_count"":4096,""compressed_size_m"":8190,""explicit_conflict_edge_count_k"":0,""foreground_cells_n"":26659,""height"":7,""horizontal_chord_count_h"":4094,""optimum_rectangle_count"":2051,""q"":4094,""reflex_count"":8192,""vertical_chord_count_v"":0,""width"":4101}",,complete,,2048,,,True,5
,,,,,explicit-c0-flow,,,,,"{""coefficient_of_variation"":0.010238432992372405,""mad"":73083.5,""max"":11206625.0,""median"":10839708.5,""min"":10659458.0,""n"":46,""q1"":10767281.25,""q3"":10913437.75}",,,supported-holes,,,,,,,,,,,,,distributions,solve-from-canonical-instance,,,"{""biclique_count"":0,""biclique_total_vertex_occurrences_sigma"":0,""boundary_size_b"":8196,""component_count"":1,""compressed_network_arc_count"":4094,""compressed_network_node_count"":4096,""compressed_size_m"":8190,""explicit_conflict_edge_count_k"":0,""foreground_cells_n"":26659,""height"":7,""horizontal_chord_count_h"":4094,""optimum_rectangle_count"":2051,""q"":4094,""reflex_count"":8192,""vertical_chord_count_v"":0,""width"":4101}",,complete,,2048,,,True,5
,,,,,explicit-hopcroft-karp,,,,,"{""coefficient_of_variation"":0.007434502278422008,""mad"":51416.0,""max"":10935958.0,""median"":10726375.0,""min"":10565750.0,""n"":47,""q1"":10673812.5,""q3"":10770416.5}",,,supported-holes,,,,,,,,,,,,,distributions,solve-from-canonical-instance,,,"{""biclique_count"":0,""biclique_total_vertex_occurrences_sigma"":0,""boundary_size_b"":8196,""component_count"":1,""compressed_network_arc_count"":4094,""compressed_network_node_count"":4096,""compressed_size_m"":8190,""explicit_conflict_edge_count_k"":0,""foreground_cells_n"":26659,""height"":7,""horizontal_chord_count_h"":4094,""optimum_rectangle_count"":2051,""q"":4094,""reflex_count"":8192,""vertical_chord_count_v"":0,""width"":4101}",,complete,,2048,,,True,5
,,,,,compact-mrd,,,,,"{""coefficient_of_variation"":0.07982602735881797,""mad"":18166.0,""max"":943167.0,""median"":711625.0,""min"":682125.0,""n"":663,""q1"":694937.5,""q3"":741625.5}",,,supported-holes,,,,,,,,,,,,,distributions,representation-and-solver-kernel,,,"{""biclique_count"":0,""biclique_total_vertex_occurrences_sigma"":0,""boundary_size_b"":16388,""component_count"":1,""compressed_network_arc_count"":8190,""compressed_network_node_count"":8192,""compressed_size_m"":16382,""explicit_conflict_edge_count_k"":0,""foreground_cells_n"":53283,""height"":7,""horizontal_chord_count_h"":8190,""optimum_rectangle_count"":4099,""q"":8190,""reflex_count"":16384,""vertical_chord_count_v"":0,""width"":8197}",,complete,,4096,,,True,8
,,,,,explicit-c0-flow,,,,,"{""coefficient_of_variation"":0.02795363661803648,""mad"":2103.5,""max"":391292.0,""median"":297479.5,""min"":293125.0,""n"":1688,""q1"":295750.0,""q3"":299875.0}",,,supported-holes,,,,,,,,,,,,,distributions,representation-and-solver-kernel,,,"{""biclique_count"":0,""biclique_total_vertex_occurrences_sigma"":0,""boundary_size_b"":16388,""component_count"":1,""compressed_network_arc_count"":8190,""compressed_network_node_count"":8192,""compressed_size_m"":16382,""explicit_conflict_edge_count_k"":0,""foreground_cells_n"":53283,""height"":7,""horizontal_chord_count_h"":8190,""optimum_rectangle_count"":4099,""q"":8190,""reflex_count"":16384,""vertical_chord_count_v"":0,""width"":8197}",,complete,,4096,,,True,10
,,,,,explicit-hopcroft-karp,,,,,"{""coefficient_of_variation"":0.048498346693689055,""mad"":166.0,""max"":184417.0,""median"":56917.0,""min"":56416.0,""n"":8339,""q1"":56792.0,""q3"":57125.0}",,,supported-holes,,,,,,,,,,,,,distributions,representation-and-solver-kernel,,,"{""biclique_count"":0,""biclique_total_vertex_occurrences_sigma"":0,""boundary_size_b"":16388,""component_count"":1,""compressed_network_arc_count"":8190,""compressed_network_node_count"":8192,""compressed_size_m"":16382,""explicit_conflict_edge_count_k"":0,""foreground_cells_n"":53283,""height"":7,""horizontal_chord_count_h"":8190,""optimum_rectangle_count"":4099,""q"":8190,""reflex_count"":16384,""vertical_chord_count_v"":0,""width"":8197}",,complete,,4096,,,True,5
,,,,,compact-mrd,,,,,"{""coefficient_of_variation"":0.013676896201862576,""mad"":149876.0,""max"":24049791.0,""median"":22998666.0,""min"":22534416.0,""n"":21,""q1"":22894875.0,""q3"":23148542.0}",,,supported-holes,,,,,,,,,,,,,distributions,solve-from-canonical-instance,,,"{""biclique_count"":0,""biclique_total_vertex_occurrences_sigma"":0,""boundary_size_b"":16388,""component_count"":1,""compressed_network_arc_count"":8190,""compressed_network_node_count"":8192,""compressed_size_m"":16382,""explicit_conflict_edge_count_k"":0,""foreground_cells_n"":53283,""height"":7,""horizontal_chord_count_h"":8190,""optimum_rectangle_count"":4099,""q"":8190,""reflex_count"":16384,""vertical_chord_count_v"":0,""width"":8197}",,complete,,4096,,,True,5
,,,,,explicit-c0-flow,,,,,"{""coefficient_of_variation"":0.009816035991296419,""mad"":151937.5,""max"":23069750.0,""median"":22537396.0,""min"":22143833.0,""n"":22,""q1"":22380645.75,""q3"":22651218.25}",,,supported-holes,,,,,,,,,,,,,distributions,solve-from-canonical-instance,,,"{""biclique_count"":0,""biclique_total_vertex_occurrences_sigma"":0,""boundary_size_b"":16388,""component_count"":1,""compressed_network_arc_count"":8190,""compressed_network_node_count"":8192,""compressed_size_m"":16382,""explicit_conflict_edge_count_k"":0,""foreground_cells_n"":53283,""height"":7,""horizontal_chord_count_h"":8190,""optimum_rectangle_count"":4099,""q"":8190,""reflex_count"":16384,""vertical_chord_count_v"":0,""width"":8197}",,complete,,4096,,,True,5
,,,,,explicit-hopcroft-karp,,,,,"{""coefficient_of_variation"":0.0230141989381181,""mad"":203854.5,""max"":24315209.0,""median"":22417479.0,""min"":21974459.0,""n"":22,""q1"":22220083.0,""q3"":22615739.75}",,,supported-holes,,,,,,,,,,,,,distributions,solve-from-canonical-instance,,,"{""biclique_count"":0,""biclique_total_vertex_occurrences_sigma"":0,""boundary_size_b"":16388,""component_count"":1,""compressed_network_arc_count"":8190,""compressed_network_node_count"":8192,""compressed_size_m"":16382,""explicit_conflict_edge_count_k"":0,""foreground_cells_n"":53283,""height"":7,""horizontal_chord_count_h"":8190,""optimum_rectangle_count"":4099,""q"":8190,""reflex_count"":16384,""vertical_chord_count_v"":0,""width"":8197}",,complete,,4096,,,True,5
,,,,,compact-mrd,,,,,"{""coefficient_of_variation"":0.2291490794376407,""mad"":31832.0,""max"":5586834.0,""median"":1803291.0,""min"":1723084.0,""n"":275,""q1"":1774437.0,""q3"":1845187.5}",,,supported-holes,,,,,,,,,,,,,distributions,representation-and-solver-kernel,,,"{""biclique_count"":0,""biclique_total_vertex_occurrences_sigma"":0,""boundary_size_b"":32772,""component_count"":1,""compressed_network_arc_count"":16382,""compressed_network_node_count"":16384,""compressed_size_m"":32766,""explicit_conflict_edge_count_k"":0,""foreground_cells_n"":106531,""height"":7,""horizontal_chord_count_h"":16382,""optimum_rectangle_count"":8195,""q"":16382,""reflex_count"":32768,""vertical_chord_count_v"":0,""width"":16389}",,complete,,8192,,,True,10
,,,,,explicit-c0-flow,,,,,"{""coefficient_of_variation"":0.1889334867669364,""mad"":7604.5,""max"":2867250.0,""median"":607625.0,""min"":594416.0,""n"":824,""q1"":602792.0,""q3"":624573.0}",,,supported-holes,,,,,,,,,,,,,distributions,representation-and-solver-kernel,,,"{""biclique_count"":0,""biclique_total_vertex_occurrences_sigma"":0,""boundary_size_b"":32772,""component_count"":1,""compressed_network_arc_count"":16382,""compressed_network_node_count"":16384,""compressed_size_m"":32766,""explicit_conflict_edge_count_k"":0,""foreground_cells_n"":106531,""height"":7,""horizontal_chord_count_h"":16382,""optimum_rectangle_count"":8195,""q"":16382,""reflex_count"":32768,""vertical_chord_count_v"":0,""width"":16389}",,complete,,8192,,,True,9
,,,,,explicit-hopcroft-karp,,,,,"{""coefficient_of_variation"":0.11066940573975481,""mad"":1584.0,""max"":448875.0,""median"":113334.0,""min"":110125.0,""n"":4168,""q1"":111708.0,""q3"":114666.0}",,,supported-holes,,,,,,,,,,,,,distributions,representation-and-solver-kernel,,,"{""biclique_count"":0,""biclique_total_vertex_occurrences_sigma"":0,""boundary_size_b"":32772,""component_count"":1,""compressed_network_arc_count"":16382,""compressed_network_node_count"":16384,""compressed_size_m"":32766,""explicit_conflict_edge_count_k"":0,""foreground_cells_n"":106531,""height"":7,""horizontal_chord_count_h"":16382,""optimum_rectangle_count"":8195,""q"":16382,""reflex_count"":32768,""vertical_chord_count_v"":0,""width"":16389}",,complete,,8192,,,True,5
,,,,,compact-mrd,,,,,"{""coefficient_of_variation"":0.03919265276125657,""mad"":765250.0,""max"":59525417.0,""median"":53919083.0,""min"":52607750.0,""n"":15,""q1"":53405271.0,""q3"":55988229.5}",,,supported-holes,,,,,,,,,,,,,distributions,solve-from-canonical-instance,,,"{""biclique_count"":0,""biclique_total_vertex_occurrences_sigma"":0,""boundary_size_b"":32772,""component_count"":1,""compressed_network_arc_count"":16382,""compressed_network_node_count"":16384,""compressed_size_m"":32766,""explicit_conflict_edge_count_k"":0,""foreground_cells_n"":106531,""height"":7,""horizontal_chord_count_h"":16382,""optimum_rectangle_count"":8195,""q"":16382,""reflex_count"":32768,""vertical_chord_count_v"":0,""width"":16389}",,complete,,8192,,,True,11
,,,,,explicit-c0-flow,,,,,"{""coefficient_of_variation"":0.03294543790392033,""mad"":1119668.0,""max"":57722250.0,""median"":53253334.0,""min"":50997709.0,""n"":15,""q1"":52357875.0,""q3"":54220521.0}",,,supported-holes,,,,,,,,,,,,,distributions,solve-from-canonical-instance,,,"{""biclique_count"":0,""biclique_total_vertex_occurrences_sigma"":0,""boundary_size_b"":32772,""component_count"":1,""compressed_network_arc_count"":16382,""compressed_network_node_count"":16384,""compressed_size_m"":32766,""explicit_conflict_edge_count_k"":0,""foreground_cells_n"":106531,""height"":7,""horizontal_chord_count_h"":16382,""optimum_rectangle_count"":8195,""q"":16382,""reflex_count"":32768,""vertical_chord_count_v"":0,""width"":16389}",,complete,,8192,,,True,5
,,,,,explicit-hopcroft-karp,,,,,"{""coefficient_of_variation"":0.039427877376674546,""mad"":781708.0,""max"":58279208.0,""median"":52226375.0,""min"":50649125.0,""n"":15,""q1"":51808562.5,""q3"":53360541.5}",,,supported-holes,,,,,,,,,,,,,distributions,solve-from-canonical-instance,,,"{""biclique_count"":0,""biclique_total_vertex_occurrences_sigma"":0,""boundary_size_b"":32772,""component_count"":1,""compressed_network_arc_count"":16382,""compressed_network_node_count"":16384,""compressed_size_m"":32766,""explicit_conflict_edge_count_k"":0,""foreground_cells_n"":106531,""height"":7,""horizontal_chord_count_h"":16382,""optimum_rectangle_count"":8195,""q"":16382,""reflex_count"":32768,""vertical_chord_count_v"":0,""width"":16389}",,complete,,8192,,,True,5
,,,,,,,,,,,,explicit-hopcroft-karp,comb-staircase,,,1.020388895381389,,"[1.0198708220096706,1.0208833970689242]",,,,,7,,"{""coefficient_of_variation"":0.1407983864832536,""mad"":0.01367052487776399,""max"":4.640253565768621,""median"":1.0203963825283817,""min"":0.1873824731288142,""n"":6841,""q1"":1.006574103292311,""q3"":1.0335645715086539}",paired_comparisons,solve-from-canonical-instance,,,,,,,64,,,,
,,,,,,,,,,,,explicit-c0-flow,comb-staircase,,,1.0070889712767506,,"[1.0080350877192983,1.009163200370145]",,,,,7,,"{""coefficient_of_variation"":0.13476341361254607,""mad"":0.013279666946085067,""max"":6.121220230131121,""median"":1.008714596949891,""min"":0.05459162082099027,""n"":6841,""q1"":0.9950403397027601,""q3"":1.021832229194707}",paired_comparisons,solve-from-canonical-instance,,,,,,,64,,,,
,,,,,,,,,,,,explicit-hopcroft-karp,comb-staircase,,,4.193714577821689,,"[4.255255255255255,4.255255255255255]",,,,,7,,"{""coefficient_of_variation"":0.32516856138431643,""mad"":0.24924924924924952,""max"":81.09981515711645,""median"":4.255255255255255,""min"":0.10104918032786886,""n"":10000,""q1"":4.0,""q3"":4.504504504504505}",paired_comparisons,representation-and-solver-kernel,,,,,,,64,,,,
,,,,,,,,,,,,explicit-c0-flow,comb-staircase,,,1.520925032752687,,"[1.5203336809176224,1.5219206680584552]",,,,,7,,"{""coefficient_of_variation"":0.45648130727749403,""mad"":0.062376433785192864,""max"":43.875,""median"":1.521376433785193,""min"":0.07473533106047012,""n"":10000,""q1"":1.459,""q3"":1.5714285714285714}",paired_comparisons,representation-and-solver-kernel,,,,,,,64,,,,
,,,,,,,,,,,,explicit-hopcroft-karp,comb-staircase,,,1.0127565096265365,,"[1.0123554927753835,1.0136576665617776]",,,,,11,,"{""coefficient_of_variation"":0.059654558727275056,""mad"":0.01165727067236344,""max"":2.583546686108615,""median"":1.012853486369612,""min"":0.45490764384634025,""n"":3862,""q1"":1.001460650907084,""q3"":1.0248613802839623}",paired_comparisons,solve-from-canonical-instance,,,,,,,128,,,,
,,,,,,,,,,,,explicit-c0-flow,comb-staircase,,,1.005630529228317,,"[1.0050294850389547,1.0061901639344262]",,,,,11,,"{""coefficient_of_variation"":0.0608971673626629,""mad"":0.01151111580905978,""max"":2.592690272413265,""median"":1.0057500007537903,""min"":0.4791837634114465,""n"":3862,""q1"":0.994324912383838,""q3"":1.0174523095024641}",paired_comparisons,solve-from-canonical-instance,,,,,,,128,,,,
,,,,,,,,,,,,explicit-hopcroft-karp,comb-staircase,,,4.516392629275924,,"[4.507211538461538,4.507211538461538]",,,,,11,,"{""coefficient_of_variation"":0.11522011370124699,""mad"":0.18823210662239465,""max"":19.104803493449783,""median"":4.507211538461538,""min"":0.06329668065820307,""n"":10000,""q1"":4.39568345323741,""q3"":4.709134615384615}",paired_comparisons,representation-and-solver-kernel,,,,,,,128,,,,
,,,,,,,,,,,,explicit-c0-flow,comb-staircase,,,1.553826837910843,,"[1.5521523178807948,1.5521523178807948]",,,,,11,,"{""coefficient_of_variation"":0.09342741394934498,""mad"":0.047847682119205315,""max"":7.243377483443709,""median"":1.5521523178807948,""min"":0.1018480380042288,""n"":10000,""q1"":1.5161290322580645,""q3"":1.6}",paired_comparisons,representation-and-solver-kernel,,,,,,,128,,,,
,,,,,,,,,,,,explicit-hopcroft-karp,comb-staircase,,,1.016622912526724,,"[1.0099591177560552,1.0114540038563784]",,,,,15,,"{""coefficient_of_variation"":0.1736687755735214,""mad"":0.010353556774164385,""max"":5.388557158575332,""median"":1.0107529568198208,""min"":0.4959794661190965,""n"":2278,""q1"":1.0006193621464714,""q3"":1.0217172541834552}",paired_comparisons,solve-from-canonical-instance,,,,,,,256,,,,
,,,,,,,,,,,,explicit-c0-flow,comb-staircase,,,1.0074105857666484,,"[1.004466655419324,1.0061356048572532]",,,,,15,,"{""coefficient_of_variation"":0.17889938876349118,""mad"":0.010373880662831847,""max"":5.386259862709843,""median"":1.0054789141993896,""min"":0.16067805051583067,""n"":2278,""q1"":0.9952004860651507,""q3"":1.015942788499972}",paired_comparisons,solve-from-canonical-instance,,,,,,,256,,,,
,,,,,,,,,,,,explicit-hopcroft-karp,comb-staircase,,,5.079978044478759,,"[5.174291938997821,5.185589519650655]",,,,,15,,"{""coefficient_of_variation"":0.1887526357886776,""mad"":0.267276973865723,""max"":81.33187772925764,""median"":5.1799407293242385,""min"":0.2696160267111853,""n"":10000,""q1"":4.901960784313726,""q3"":5.39568345323741}",paired_comparisons,representation-and-solver-kernel,,,,,,,256,,,,
,,,,,,,,,,,,explicit-c0-flow,comb-staircase,,,1.6192942403703479,,"[1.6289437585733881,1.6363636363636365]",,,,,15,,"{""coefficient_of_variation"":0.19049121797091317,""mad"":0.037323197707022304,""max"":25.061090909090908,""median"":1.6363636363636365,""min"":0.10526315789473684,""n"":10000,""q1"":1.5878616796047988,""q3"":1.666909090909091}",paired_comparisons,representation-and-solver-kernel,,,,,,,256,,,,
,,,,,,,,,,,,explicit-hopcroft-karp,comb-staircase,,,1.0020744988857042,,"[1.0003690985321336,1.0025670329670329]",,,,,0,,"{""coefficient_of_variation"":0.04879721020691684,""mad"":0.021878186960724133,""max"":1.4946176142697882,""median"":1.0014553701594626,""min"":0.5911598860122477,""n"":3952,""q1"":0.9805888684646417,""q3"":1.0244212906676213}",paired_comparisons,solve-from-canonical-instance,,,,,,,512,,,,
,,,,,,,,,,,,explicit-c0-flow,comb-staircase,,,0.9999248920608209,,"[0.999633403679987,1.0025190655302116]",,,,,0,,"{""coefficient_of_variation"":0.0491910191204339,""mad"":0.022042856711464553,""max"":1.5807731315687912,""median"":1.0011100852467731,""min"":0.6365390543826999,""n"":3952,""q1"":0.9785171352941844,""q3"":1.022439260038145}",paired_comparisons,solve-from-canonical-instance,,,,,,,512,,,,
,,,,,,,,,,,,explicit-hopcroft-karp,comb-staircase,,,3.1225257380235,,"[3.0,3.0]",,,,,0,,"{""coefficient_of_variation"":0.17554072249469738,""mad"":0.32799999999999985,""max"":48.328,""median"":3.0,""min"":1.2492492492492493,""n"":10000,""q1"":3.0,""q3"":3.336}",paired_comparisons,representation-and-solver-kernel,,,,,,,512,,,,
,,,,,,,,,,,,explicit-c0-flow,comb-staircase,,,1.177657247746996,,"[1.1261261261261262,1.1261261261261262]",,,,,0,,"{""coefficient_of_variation"":0.1547436121700735,""mad"":0.1223768678858499,""max"":16.109333333333332,""median"":1.1261261261261262,""min"":0.23500352858151025,""n"":10000,""q1"":1.122754491017964,""q3"":1.2522522522522523}",paired_comparisons,representation-and-solver-kernel,,,,,,,512,,,,
,,,,,,,,,,,,explicit-hopcroft-karp,comb-staircase,,,1.0027935306940792,,"[1.0019579204538063,1.0042108115617472]",,,,,31,,"{""coefficient_of_variation"":0.023367005587544485,""mad"":0.008482581465500127,""max"":1.1687841782301431,""median"":1.0031658243194377,""min"":0.8486919480452526,""n"":598,""q1"":0.9944145210404365,""q3"":1.011271981654766}",paired_comparisons,solve-from-canonical-instance,,,,,,,1024,,,,
,,,,,,,,,,,,explicit-c0-flow,comb-staircase,,,1.000961642510486,,"[0.9998678725459407,1.0021620512683644]",,,,,31,,"{""coefficient_of_variation"":0.023085750325383375,""mad"":0.008682242451837463,""max"":1.0933109505354364,""median"":1.0010151689609574,""min"":0.8424100549882169,""n"":598,""q1"":0.9924814385621182,""q3"":1.0097260682356937}",paired_comparisons,solve-from-canonical-instance,,,,,,,1024,,,,
,,,,,,,,,,,,explicit-hopcroft-karp,comb-staircase,,,5.899435172351402,,"[5.931389365351629,5.931389365351629]",,,,,31,,"{""coefficient_of_variation"":0.12471905745645906,""mad"":0.13196679903193242,""max"":25.138376383763838,""median"":5.931389365351629,""min"":0.3514409077216588,""n"":10000,""q1"":5.789022298456261,""q3"":6.063356164383562}",paired_comparisons,representation-and-solver-kernel,,,,,,,1024,,,,
,,,,,,,,,,,,explicit-c0-flow,comb-staircase,,,1.6344107865745763,,"[1.627764705882353,1.627764705882353]",,,,,31,,"{""coefficient_of_variation"":0.13738302174560496,""mad"":0.031273477812177486,""max"":13.882299683114532,""median"":1.627764705882353,""min"":0.08309677419354838,""n"":10000,""q1"":1.6041666666666667,""q3"":1.6601056168987038}",paired_comparisons,representation-and-solver-kernel,,,,,,,1024,,,,
,,,,,,,,,,,,explicit-hopcroft-karp,comb-staircase,,,1.004254077488184,,"[1.0011522454661514,1.004346268046334]",,,,,45,,"{""coefficient_of_variation"":0.03474035779279282,""mad"":0.008269987838257664,""max"":1.4516474385127431,""median"":1.0029789716938686,""min"":0.8574562818610053,""n"":292,""q1"":0.9948472230321442,""q3"":1.0112998862344913}",paired_comparisons,solve-from-canonical-instance,,,,,,,2048,,,,
,,,,,,,,,,,,explicit-c0-flow,comb-staircase,,,1.0012110381613977,,"[0.9995151144103467,1.0029047527381676]",,,,,45,,"{""coefficient_of_variation"":0.03488653876646669,""mad"":0.008271504125139995,""max"":1.4411074269571036,""median"":1.0011466695947489,""min"":0.9094462106549086,""n"":292,""q1"":0.9922856964598662,""q3"":1.0090381566502848}",paired_comparisons,solve-from-canonical-instance,,,,,,,2048,,,,
,,,,,,,,,,,,explicit-hopcroft-karp,comb-staircase,,,6.299466740578364,,"[6.278666666666668,6.278666666666667]",,,,,45,,"{""coefficient_of_variation"":0.06437985192943672,""mad"":0.2217766540244419,""max"":15.166666666666666,""median"":6.278666666666667,""min"":1.0331477061787324,""n"":10000,""q1"":6.166666666666667,""q3"":6.582510578279266}",paired_comparisons,representation-and-solver-kernel,,,,,,,2048,,,,
,,,,,,,,,,,,explicit-c0-flow,comb-staircase,,,1.7126920913408579,,"[1.7113050014455045,1.712]",,,,,45,,"{""coefficient_of_variation"":0.04565836058881155,""mad"":0.025753581661891012,""max"":3.400891632373114,""median"":1.712,""min"":0.1239569415383064,""n"":10000,""q1"":1.686246418338109,""q3"":1.7379106681432264}",paired_comparisons,representation-and-solver-kernel,,,,,,,2048,,,,
,,,,,,,,,,,,explicit-hopcroft-karp,comb-staircase,,,1.0021429867604372,,"[0.9980163853538556,1.0033609036806792]",,,,,63,,"{""coefficient_of_variation"":0.0225376538330952,""mad"":0.009576158567648596,""max"":1.1825619344129743,""median"":1.0008828867686033,""min"":0.9267868828828829,""n"":149,""q1"":0.9916331850496567,""q3"":1.0110304219823356}",paired_comparisons,solve-from-canonical-instance,,,,,,,4096,,,,
,,,,,,,,,,,,explicit-c0-flow,comb-staircase,,,1.000510170873707,,"[0.9982311059461554,1.0039013920211526]",,,,,63,,"{""coefficient_of_variation"":0.021768517557063882,""mad"":0.01055617163021294,""max"":1.16367019692718,""median"":1.0014151922224874,""min"":0.9436422721558205,""n"":149,""q1"":0.9898981514660226,""q3"":1.0107778641380383}",paired_comparisons,solve-from-canonical-instance,,,,,,,4096,,,,
,,,,,,,,,,,,explicit-hopcroft-karp,comb-staircase,,,6.83490445845195,,"[6.857142857142857,6.857142857142857]",,,,,63,,"{""coefficient_of_variation"":0.09455336181611657,""mad"":0.14285714285714324,""max"":36.5,""median"":6.857142857142857,""min"":3.800288046087374,""n"":10000,""q1"":6.640829694323144,""q3"":6.953142857142857}",paired_comparisons,representation-and-solver-kernel,,,,,,,4096,,,,
,,,,,,,,,,,,explicit-c0-flow,comb-staircase,,,1.7601227650539761,,"[1.7559262510974538,1.7559262510974538]",,,,,63,,"{""coefficient_of_variation"":0.09344277630260361,""mad"":0.021851526680323863,""max"":10.046301524562395,""median"":1.7559262510974538,""min"":0.20192532673730654,""n"":10000,""q1"":1.735106998264893,""q3"":1.7777777777777777}",paired_comparisons,representation-and-solver-kernel,,,,,,,4096,,,,
,,,,,,,,,,,,explicit-hopcroft-karp,comb-staircase,,,0.9995092044722582,,"[0.9933494931781761,0.9999690304142939]",,,,,0,,"{""coefficient_of_variation"":0.03093381777521252,""mad"":0.018498250504716984,""max"":1.1008457437028865,""median"":0.9975616804923736,""min"":0.9050673459049127,""n"":331,""q1"":0.9812950391801096,""q3"":1.0181683707746223}",paired_comparisons,solve-from-canonical-instance,,,,,,,8192,,,,
,,,,,,,,,,,,explicit-c0-flow,comb-staircase,,,1.0012871229178713,,"[0.9979663409982825,1.0070701556115795]",,,,,0,,"{""coefficient_of_variation"":0.03223581316644844,""mad"":0.020795178049359042,""max"":1.105048735996259,""median"":1.0032361937906402,""min"":0.9024669072236396,""n"":331,""q1"":0.9825699888394988,""q3"":1.0238280987341772}",paired_comparisons,solve-from-canonical-instance,,,,,,,8192,,,,
,,,,,,,,,,,,explicit-hopcroft-karp,comb-staircase,,,3.2454267336709965,,"[3.328,3.328]",,,,,0,,"{""coefficient_of_variation"":0.16452218560309947,""mad"":0.008000000000000007,""max"":32.68862275449102,""median"":3.328,""min"":0.35732647814910024,""n"":10000,""q1"":3.0,""q3"":3.336}",paired_comparisons,representation-and-solver-kernel,,,,,,,8192,,,,
,,,,,,,,,,,,explicit-c0-flow,comb-staircase,,,1.1723976436792423,,"[1.1990407673860912,1.2455089820359282]",,,,,0,,"{""coefficient_of_variation"":0.14118463090470035,""mad"":0.09520720720720721,""max"":7.278666666666667,""median"":1.2213333333333334,""min"":0.20938023450586266,""n"":10000,""q1"":1.112,""q3"":1.2492492492492493}",paired_comparisons,representation-and-solver-kernel,,,,,,,8192,,,,
,,,,,,,,,,,,explicit-hopcroft-karp,dense-conflict,,,1.141791421899476,,"[1.1366564607025014,1.1453295246203692]",,,,,256,,"{""coefficient_of_variation"":0.03170022465474279,""mad"":0.02033865400289414,""max"":1.3094988023934455,""median"":1.1415297726315055,""min"":1.0319618450042976,""n"":304,""q1"":1.121063672549624,""q3"":1.1613692730948464}",paired_comparisons,solve-from-canonical-instance,,,,,,,64,,,,
,,,,,,,,,,,,explicit-c0-flow,dense-conflict,,,0.49740963024364293,,"[0.4938511496991662,0.49969013131401563]",,,,,256,,"{""coefficient_of_variation"":0.02664072345395576,""mad"":0.00863311232058056,""max"":0.5607907581910657,""median"":0.496372256939428,""min"":0.4698368029884431,""n"":154,""q1"":0.48807338094503916,""q3"":0.5050431016493748}",paired_comparisons,solve-from-canonical-instance,,,,,,,64,,,,
,,,,,,,,,,,,explicit-hopcroft-karp,dense-conflict,,,2.612461867831039,,"[2.5534360226344046,2.560238028592459]",,,,,256,,"{""coefficient_of_variation"":0.08850565684828515,""mad"":0.056361105091379926,""max"":3.8448397272034494,""median"":2.55699481865285,""min"":1.6019649348004517,""n"":1273,""q1"":2.506129189123475,""q3"":2.655692715667431}",paired_comparisons,representation-and-solver-kernel,,,,,,,64,,,,
,,,,,,,,,,,,explicit-c0-flow,dense-conflict,,,0.15713282964672232,,"[0.15348307254557014,0.15859641864373908]",,,,,256,,"{""coefficient_of_variation"":0.08460216935692624,""mad"":0.010034117458555772,""max"":0.20110122286958193,""median"":0.15633675990827067,""min"":0.13455097484624093,""n"":266,""q1"":0.14645420052185257,""q3"":0.1663844717212859}",paired_comparisons,representation-and-solver-kernel,,,,,,,64,,,,
,,,,,,,,,,,,explicit-hopcroft-karp,dense-conflict,,,1.002411534151387,,"[0.999923250177853,1.0069196103217832]",,,,,512,,"{""coefficient_of_variation"":0.018274654969861772,""mad"":0.011715628054392857,""max"":1.0539093529939978,""median"":1.0044772556621004,""min"":0.9649644268774703,""n"":89,""q1"":0.9891563131791246,""q3"":1.0117493307104912}",paired_comparisons,solve-from-canonical-instance,,,,,,,128,,,,
,,,,,,,,,,,,explicit-c0-flow,dense-conflict,,,0.4279792771728844,,"[0.426552983585758,0.4307907950886244]",,,,,512,,"{""coefficient_of_variation"":0.015269435136338903,""mad"":0.005009566005845484,""max"":0.4415358879091312,""median"":0.4276738094181306,""min"":0.4134364653879703,""n"":38,""q1"":0.4248690409271051,""q3"":0.4328625866298499}",paired_comparisons,solve-from-canonical-instance,,,,,,,128,,,,
,,,,,,,,,,,,explicit-hopcroft-karp,dense-conflict,,,0.8942986221642225,,"[0.8734822176778319,0.8774459259227649]",,,,,512,,"{""coefficient_of_variation"":0.07497166844234623,""mad"":0.012013112172610196,""max"":1.2401835105389518,""median"":0.8751311495298387,""min"":0.7246064649170483,""n"":694,""q1"":0.8665621229013172,""q3"":0.8930605286773491}",paired_comparisons,representation-and-solver-kernel,,,,,,,128,,,,
,,,,,,,,,,,,explicit-c0-flow,dense-conflict,,,0.08059835834216732,,"[0.08055981513827276,0.08286818273099657]",,,,,512,,"{""coefficient_of_variation"":0.055531962292448514,""mad"":0.0026115785178916218,""max"":0.09338019968913154,""median"":0.08193676656387511,""min"":0.07223215080663434,""n"":62,""q1"":0.07664616866102904,""q3"":0.08350115185712208}",paired_comparisons,representation-and-solver-kernel,,,,,,,128,,,,
,,,,,,,,,,,,explicit-hopcroft-karp,dense-conflict,,,0.8772087827809052,,"[0.8756457849332221,0.8836300092995091]",,,,,1024,,"{""coefficient_of_variation"":0.012962345435487717,""mad"":0.005724086231934877,""max"":0.8899104503938396,""median"":0.8786732017694543,""min"":0.8358649987755739,""n"":21,""q1"":0.8741670520605969,""q3"":0.8849752077044962}",paired_comparisons,solve-from-canonical-instance,,,,,,,256,,,,
,,,,,,,,,,,,explicit-c0-flow,dense-conflict,,,0.3717626703603214,,"[0.37004505140774496,0.37399381038612606]",,,,,1024,,"{""coefficient_of_variation"":0.008374438478285366,""mad"":0.0019845012234502857,""max"":0.3768391827965874,""median"":0.3722323345378076,""min"":0.36546658568794865,""n"":15,""q1"":0.3701464423610511,""q3"":0.37389079790015906}",paired_comparisons,solve-from-canonical-instance,,,,,,,256,,,,
,,,,,,,,,,,,explicit-hopcroft-karp,dense-conflict,,,0.27830050096433573,,"[0.2694508683509358,0.27534493320299774]",,,,,1024,,"{""coefficient_of_variation"":0.05845774652657415,""mad"":0.006783233850434001,""max"":0.32544367695682064,""median"":0.27107461447591075,""min"":0.2581407250241749,""n"":127,""q1"":0.2664808187824328,""q3"":0.2906690842495434}",paired_comparisons,representation-and-solver-kernel,,,,,,,256,,,,
,,,,,,,,,,,,explicit-c0-flow,dense-conflict,,,0.03434017464299491,,"[0.03283268738991886,0.03537035836465455]",,,,,1024,,"{""coefficient_of_variation"":0.03598843222675027,""mad"":0.0008967008219138289,""max"":0.03602279170552883,""median"":0.03447365754274072,""min"":0.03197307923715177,""n"":15,""q1"":0.03355128467055775,""q3"":0.035289681421759506}",paired_comparisons,representation-and-solver-kernel,,,,,,,256,,,,
,,,,,,,,,,,,explicit-hopcroft-karp,dense-conflict,,,0.76006543151901,,"[0.7547093802131727,0.7670452599063262]",,,,,2048,,"{""coefficient_of_variation"":0.011033331139535996,""mad"":0.005908809976405083,""max"":0.7720486587253942,""median"":0.7611364499299211,""min"":0.7442155029624659,""n"":7,""q1"":0.7562672689416601,""q3"":0.7654239924178935}",paired_comparisons,solve-from-canonical-instance,,,,,,,512,,,,
,,,,,,,,,,,,explicit-c0-flow,dense-conflict,,,0.3230353328742817,,"[0.3208383457688635,0.32496372760281134]",,,,,2048,,"{""coefficient_of_variation"":0.010831088031378387,""mad"":0.0012726922186517275,""max"":0.3305727157846999,""median"":0.3221110379875152,""min"":0.3189301836481398,""n"":7,""q1"":0.3211809595848503,""q3"":0.32370151666165975}",paired_comparisons,solve-from-canonical-instance,,,,,,,512,,,,
,,,,,,,,,,,,explicit-hopcroft-karp,dense-conflict,,,0.08641363508356122,,"[0.08546005274194893,0.08726775210660515]",,,,,2048,,"{""coefficient_of_variation"":0.02849587525818768,""mad"":0.0011286820071778406,""max"":0.09229053438460456,""median"":0.08613907009942731,""min"":0.0816067113748186,""n"":18,""q1"":0.08542159492378165,""q3"":0.08728323188475928}",paired_comparisons,representation-and-solver-kernel,,,,,,,512,,,,
,,,,,,,,,,,,explicit-c0-flow,dense-conflict,,,0.014106043090530736,,"[0.013860852820455476,0.014498133325713973]",,,,,2048,,"{""coefficient_of_variation"":0.024640900526744003,""mad"":0.0002130885036774697,""max"":0.014726503709032513,""median"":0.01395182808031149,""min"":0.013701290649092864,""n"":7,""q1"":0.013864654748598146,""q3"":0.014331524954851467}",paired_comparisons,representation-and-solver-kernel,,,,,,,512,,,,
,,,,,,,,,,,,explicit-hopcroft-karp,dense-conflict,,,0.6251577488969914,,"[0.6210414530829521,0.6269563836458999]",,,,,4096,,"{""coefficient_of_variation"":0.00891746033820329,""mad"":0.0020134788585521868,""max"":0.637827389241598,""median"":0.6230549319415043,""min"":0.619921863105098,""n"":7,""q1"":0.6220355754048645,""q3"":0.6257007032546251}",paired_comparisons,solve-from-canonical-instance,,,,,,,1024,,,,
,,,,,,,,,,,,explicit-c0-flow,dense-conflict,,,0.26738029851677164,,"[0.26294403600043875,0.272258776010192]",,,,,4096,,"{""coefficient_of_variation"":0.01558304397743382,""mad"":0.003976784060492067,""max"":0.2728348796846331,""median"":0.26828199194969987,""min"":0.26134303498917905,""n"":7,""q1"":0.2638601801233301,""q3"":0.27085467790962026}",paired_comparisons,solve-from-canonical-instance,,,,,,,1024,,,,
,,,,,,,,,,,,explicit-hopcroft-karp,dense-conflict,,,0.02414548168776298,,"[0.024120974660222623,0.024446467676435445]",,,,,4096,,"{""coefficient_of_variation"":0.02045815000761685,""mad"":8.274419460746127e-05,""max"":0.02478205968133194,""median"":0.024198836541088155,""min"":0.023054349311082887,""n"":7,""q1"":0.02414553707977859,""q3"":0.02436402420606553}",paired_comparisons,representation-and-solver-kernel,,,,,,,1024,,,,
,,,,,,,,,,,,explicit-c0-flow,dense-conflict,,,0.005327797669788426,,"[0.005249596298512685,0.005441424684131693]",,,,,4096,,"{""coefficient_of_variation"":0.028019761846819223,""mad"":9.490831306652701e-05,""max"":0.00552329687660199,""median"":0.005346516371065166,""min"":0.0050272876849976585,""n"":7,""q1"":0.005277541904951283,""q3"":0.0054286409917013705}",paired_comparisons,representation-and-solver-kernel,,,,,,,1024,,,,
,,,,,,,,,,,,explicit-hopcroft-karp,random-connected,,,1.4783696593276672,,"[1.4758848787102585,1.4784211007218346]",,,,,15,,"{""coefficient_of_variation"":0.0718578083232862,""mad"":0.03266928104575162,""max"":3.833192399522483,""median"":1.477113725490196,""min"":0.6279424528550012,""n"":6932,""q1"":1.4458305048969944,""q3"":1.510987814803003}",paired_comparisons,solve-from-canonical-instance,,,,,,,64,,,,
,,,,,,,,,,,,explicit-c0-flow,random-connected,,,1.1165948570418056,,"[1.115211515152999,1.1171369470669354]",,,,,15,,"{""coefficient_of_variation"":0.0733967666162223,""mad"":0.022142687077359113,""max"":3.261904761904762,""median"":1.1162097003075595,""min"":0.46414645308924485,""n"":6932,""q1"":1.094661142545619,""q3"":1.1387989037819524}",paired_comparisons,solve-from-canonical-instance,,,,,,,64,,,,
,,,,,,,,,,,,explicit-hopcroft-karp,random-connected,,,18.89340505762969,,"[18.956782713085232,18.95798319327731]",,,,,15,,"{""coefficient_of_variation"":0.08875818956877968,""mad"":0.486016806722688,""max"":64.79856115107914,""median"":18.95798319327731,""min"":0.42423376623376624,""n"":10000,""q1"":18.285714285714285,""q3"":19.30732292917167}",paired_comparisons,representation-and-solver-kernel,,,,,,,64,,,,
,,,,,,,,,,,,explicit-c0-flow,random-connected,,,1.457234652099667,,"[1.4537566918958833,1.4548177153655681]",,,,,15,,"{""coefficient_of_variation"":0.0929392017517496,""mad"":0.015685418691480102,""max"":5.75336,""median"":1.4541540716314005,""min"":0.33931199591828726,""n"":10000,""q1"":1.4393011346520734,""q3"":1.4709970348406227}",paired_comparisons,representation-and-solver-kernel,,,,,,,64,,,,
,,,,,,,,,,,,explicit-hopcroft-karp,random-connected,,,1.2356482169351615,,"[1.2344928836507483,1.2366197740448348]",,,,,15,,"{""coefficient_of_variation"":0.06393318383646868,""mad"":0.025589105769664222,""max"":3.3528401689495912,""median"":1.235555644966605,""min"":0.39294117647058824,""n"":6359,""q1"":1.2094168603578677,""q3"":1.2607335338406573}",paired_comparisons,solve-from-canonical-instance,,,,,,,128,,,,
,,,,,,,,,,,,explicit-c0-flow,random-connected,,,1.0986750050024603,,"[1.0970359722702379,1.0988859172142618]",,,,,15,,"{""coefficient_of_variation"":0.06043392886887891,""mad"":0.02124549012680177,""max"":2.177735779632386,""median"":1.0979526875497359,""min"":0.5809673202614379,""n"":6359,""q1"":1.0776827803767632,""q3"":1.1199835467486945}",paired_comparisons,solve-from-canonical-instance,,,,,,,128,,,,
,,,,,,,,,,,,explicit-hopcroft-karp,random-connected,,,15.837549990503373,,"[15.855878634639696,15.88888888888889]",,,,,15,,"{""coefficient_of_variation"":0.08408772719108008,""mad"":0.5563737373737361,""max"":67.10998735777497,""median"":15.887626262626263,""min"":0.5859372197309417,""n"":10000,""q1"":15.52020202020202,""q3"":16.554666666666666}",paired_comparisons,representation-and-solver-kernel,,,,,,,128,,,,
,,,,,,,,,,,,explicit-c0-flow,random-connected,,,1.807969779652729,,"[1.8085925925925925,1.8110639543392362]",,,,,15,,"{""coefficient_of_variation"":0.06627801020892382,""mad"":0.02133223727506217,""max"":7.406725268592158,""median"":1.809776207302709,""min"":0.33299613059861916,""n"":10000,""q1"":1.7866237377433045,""q3"":1.829357529635592}",paired_comparisons,representation-and-solver-kernel,,,,,,,128,,,,
,,,,,,,,,,,,explicit-hopcroft-karp,random-connected,,,1.185444313074373,,"[1.1841940700808626,1.1879937785194112]",,,,,19,,"{""coefficient_of_variation"":0.0633179817603769,""mad"":0.03055134841212581,""max"":2.0913838120104438,""median"":1.1863517060367454,""min"":0.5256498649791107,""n"":3729,""q1"":1.1548387096774193,""q3"":1.2157644252978526}",paired_comparisons,solve-from-canonical-instance,,,,,,,256,,,,
,,,,,,,,,,,,explicit-c0-flow,random-connected,,,1.0269625137995668,,"[1.0242864885316645,1.0271675331209122]",,,,,19,,"{""coefficient_of_variation"":0.06086057956348968,""mad"":0.02529175453114174,""max"":1.8215080030626756,""median"":1.02565398362629,""min"":0.5897390599507425,""n"":3729,""q1"":1.0014983031265796,""q3"":1.0520301207098801}",paired_comparisons,solve-from-canonical-instance,,,,,,,256,,,,
,,,,,,,,,,,,explicit-hopcroft-karp,random-connected,,,13.31854881207166,,"[13.350035285815101,13.378969654199013]",,,,,19,,"{""coefficient_of_variation"":0.06525236158058527,""mad"":0.3234463276836159,""max"":41.02733333333333,""median"":13.359463276836157,""min"":1.5723270440251573,""n"":10000,""q1"":13.02681721947777,""q3"":13.66690909090909}",paired_comparisons,representation-and-solver-kernel,,,,,,,256,,,,
,,,,,,,,,,,,explicit-c0-flow,random-connected,,,1.1805630115427046,,"[1.1808259398736196,1.1815827701635824]",,,,,19,,"{""coefficient_of_variation"":0.05469852843868596,""mad"":0.010456692913385801,""max"":3.7297575757575756,""median"":1.1811023622047243,""min"":0.4026145468546598,""n"":10000,""q1"":1.1705826771653542,""q3"":1.191497510532363}",paired_comparisons,representation-and-solver-kernel,,,,,,,256,,,,
,,,,,,,,,,,,explicit-hopcroft-karp,random-connected,,,1.2648828808920471,,"[1.2618064516129033,1.2653084995451822]",,,,,38,,"{""coefficient_of_variation"":0.050335186657847045,""mad"":0.023632180934592295,""max"":1.8623469907253691,""median"":1.263527758257203,""min"":0.9325025960539979,""n"":1809,""q1"":1.2403394125295903,""q3"":1.2877579818050409}",paired_comparisons,solve-from-canonical-instance,,,,,,,512,,,,
,,,,,,,,,,,,explicit-c0-flow,random-connected,,,0.9866661409810368,,"[0.9835736688101204,0.98650649423526]",,,,,38,,"{""coefficient_of_variation"":0.04709559054306592,""mad"":0.015904489380498155,""max"":1.5124078958159772,""median"":0.9851267203426803,""min"":0.760666377440347,""n"":1809,""q1"":0.9694533692722372,""q3"":1.0014582541990298}",paired_comparisons,solve-from-canonical-instance,,,,,,,512,,,,
,,,,,,,,,,,,explicit-hopcroft-karp,random-connected,,,16.5409961423079,,"[16.5,16.514]",,,,,38,,"{""coefficient_of_variation"":0.21068150656551238,""mad"":0.2428809379971817,""max"":316.0381302784514,""median"":16.50525969756739,""min"":2.1287412944503328,""n"":8962,""q1"":16.272189349112427,""q3"":16.75}",paired_comparisons,representation-and-solver-kernel,,,,,,,512,,,,
,,,,,,,,,,,,explicit-c0-flow,random-connected,,,0.9382618007278898,,"[0.9348327995829299,0.9353947990543735]",,,,,38,,"{""coefficient_of_variation"":0.3105124974381347,""mad"":0.007009838963224713,""max"":26.569420035149385,""median"":0.9350934474217518,""min"":0.1668918897022843,""n"":8409,""q1"":0.9282250968792707,""q3"":0.9422858010169234}",paired_comparisons,representation-and-solver-kernel,,,,,,,512,,,,
,,,,,,,,,,,,explicit-hopcroft-karp,random-connected,,,1.172065577064519,,"[1.1696192965130494,1.1739179444674679]",,,,,42,,"{""coefficient_of_variation"":0.041213798544773854,""mad"":0.023536803159502684,""max"":1.4925423994493268,""median"":1.1716890553618409,""min"":0.8290493168497868,""n"":1185,""q1"":1.1478686189157103,""q3"":1.1950380593893768}",paired_comparisons,solve-from-canonical-instance,,,,,,,1024,,,,
,,,,,,,,,,,,explicit-c0-flow,random-connected,,,0.9621995996103745,,"[0.9608216155104659,0.9643699542194251]",,,,,42,,"{""coefficient_of_variation"":0.042957320761453546,""mad"":0.016985903683113257,""max"":1.2350146077026471,""median"":0.9625159003685624,""min"":0.7654123298638911,""n"":1185,""q1"":0.9454793655761101,""q3"":0.9791424630177313}",paired_comparisons,solve-from-canonical-instance,,,,,,,1024,,,,
,,,,,,,,,,,,explicit-hopcroft-karp,random-connected,,,15.08593276443061,,"[15.080551724137932,15.092603049124788]",,,,,42,,"{""coefficient_of_variation"":0.06418429292752649,""mad"":0.190772092040552,""max"":37.67454895778595,""median"":15.089719116443959,""min"":2.5438181579293127,""n"":8583,""q1"":14.900215749730313,""q3"":15.280491208484511}",paired_comparisons,representation-and-solver-kernel,,,,,,,1024,,,,
,,,,,,,,,,,,explicit-c0-flow,random-connected,,,0.799611001075777,,"[0.7975076024089202,0.7980584502532456]",,,,,42,,"{""coefficient_of_variation"":0.06323419387416099,""mad"":0.006956116386690581,""max"":2.88703355704698,""median"":0.7977987926977214,""min"":0.44783976763887207,""n"":7159,""q1"":0.7918443028442861,""q3"":0.8064038825757576}",paired_comparisons,representation-and-solver-kernel,,,,,,,1024,,,,
,,,,,,,,,,,,explicit-hopcroft-karp,random-connected,,,1.201093681263927,,"[1.1974475873544093,1.2034349098323756]",,,,,82,,"{""coefficient_of_variation"":0.039181471133826355,""mad"":0.022250205380692778,""max"":1.662425287356322,""median"":1.2005778559418665,""min"":1.011012215879728,""n"":573,""q1"":1.1782719164064392,""q3"":1.2225148375984662}",paired_comparisons,solve-from-canonical-instance,,,,,,,2048,,,,
,,,,,,,,,,,,explicit-c0-flow,random-connected,,,0.91259485351237,,"[0.9080075640279681,0.9120792702107581]",,,,,82,,"{""coefficient_of_variation"":0.037449028301014646,""mad"":0.015908616171845247,""max"":1.2714813186813188,""median"":0.9097439100562149,""min"":0.7641570558507192,""n"":573,""q1"":0.8966071733487625,""q3"":0.9273938548775179}",paired_comparisons,solve-from-canonical-instance,,,,,,,2048,,,,
,,,,,,,,,,,,explicit-hopcroft-karp,random-connected,,,13.417725472392435,,"[13.40696103896104,13.427333333333333]",,,,,82,,"{""coefficient_of_variation"":0.050868173743998144,""mad"":0.1350896854552115,""max"":24.918188458729,""median"":13.416031058888201,""min"":3.1485123948300364,""n"":1926,""q1"":13.286358974358974,""q3"":13.557007895011452}",paired_comparisons,representation-and-solver-kernel,,,,,,,2048,,,,
,,,,,,,,,,,,explicit-c0-flow,random-connected,,,0.6487195429089423,,"[0.6439012064562614,0.644655553974415]",,,,,82,,"{""coefficient_of_variation"":0.05777043285652714,""mad"":0.005730774344963385,""max"":1.2409334741288278,""median"":0.6443273540184071,""min"":0.4830827067669173,""n"":1926,""q1"":0.6389735117364745,""q3"":0.6505502018737696}",paired_comparisons,representation-and-solver-kernel,,,,,,,2048,,,,
,,,,,,,,,,,,explicit-hopcroft-karp,random-connected,,,1.161218250168588,,"[1.1548479056047198,1.1632722335369994]",,,,,101,,"{""coefficient_of_variation"":0.03495783023215604,""mad"":0.020376508623355605,""max"":1.3638177976050716,""median"":1.159510986723756,""min"":1.0246818564192515,""n"":353,""q1"":1.1398028509194362,""q3"":1.181119129303206}",paired_comparisons,solve-from-canonical-instance,,,,,,,4096,,,,
,,,,,,,,,,,,explicit-c0-flow,random-connected,,,0.904959584521053,,"[0.8997286122603545,0.907380981467582]",,,,,101,,"{""coefficient_of_variation"":0.03207600427584232,""mad"":0.017274296233287467,""max"":1.0451641925326136,""median"":0.9032538729015291,""min"":0.8197513335175111,""n"":344,""q1"":0.8860448377455794,""q3"":0.9205139848992225}",paired_comparisons,solve-from-canonical-instance,,,,,,,4096,,,,
,,,,,,,,,,,,explicit-hopcroft-karp,random-connected,,,10.634870633590452,,"[10.520763963058366,10.543307086614174]",,,,,101,,"{""coefficient_of_variation"":0.07205981180766259,""mad"":0.12391240157480254,""max"":16.937181256374874,""median"":10.532787401574803,""min"":2.8350852706416014,""n"":1455,""q1"":10.423357466354378,""q3"":10.683693390058522}",paired_comparisons,representation-and-solver-kernel,,,,,,,4096,,,,
,,,,,,,,,,,,explicit-c0-flow,random-connected,,,0.5483212308594398,,"[0.5353087649162418,0.5373218159281066]",,,,,101,,"{""coefficient_of_variation"":0.08760703470256712,""mad"":0.01104154051275319,""max"":0.977657791274557,""median"":0.5362026760424812,""min"":0.4324140032957439,""n"":1410,""q1"":0.5265542424858665,""q3"":0.5528435768928784}",paired_comparisons,representation-and-solver-kernel,,,,,,,4096,,,,
,,,,,,,,,,,,explicit-hopcroft-karp,random-connected,,,1.2019544791739565,,"[1.1938313236747755,1.205344190140845]",,,,,165,,"{""coefficient_of_variation"":0.02596825214982363,""mad"":0.02134577067223098,""max"":1.2862986863332566,""median"":1.199467246258878,""min"":1.142110701107011,""n"":174,""q1"":1.179996725898955,""q3"":1.2242836175175351}",paired_comparisons,solve-from-canonical-instance,,,,,,,8192,,,,
,,,,,,,,,,,,explicit-c0-flow,random-connected,,,0.849861767715782,,"[0.8439158468012561,0.8538879623855871]",,,,,165,,"{""coefficient_of_variation"":0.025243532720309443,""mad"":0.01669745565394032,""max"":0.9136385270943882,""median"":0.848841629599319,""min"":0.7957626797303958,""n"":153,""q1"":0.8317121847078358,""q3"":0.8649981251936447}",paired_comparisons,solve-from-canonical-instance,,,,,,,8192,,,,
,,,,,,,,,,,,explicit-hopcroft-karp,random-connected,,,7.728638456592636,,"[7.461655028361968,7.745577526509334]",,,,,165,,"{""coefficient_of_variation"":0.1579366097325728,""mad"":0.8735416145398327,""max"":11.382877664504171,""median"":7.626999281162144,""min"":3.5206576687116566,""n"":916,""q1"":6.771428607422644,""q3"":8.674017506932218}",paired_comparisons,representation-and-solver-kernel,,,,,,,8192,,,,
,,,,,,,,,,,,explicit-c0-flow,random-connected,,,0.4477257937797781,,"[0.43186060983198504,0.4551901909364377]",,,,,165,,"{""coefficient_of_variation"":0.15150115155730842,""mad"":0.056447667322200024,""max"":0.6233024550746646,""median"":0.44421110182790924,""min"":0.3322444632699988,""n"":488,""q1"":0.3932110435754974,""q3"":0.5097558842368133}",paired_comparisons,representation-and-solver-kernel,,,,,,,8192,,,,
,,,,,,,,,,,,explicit-hopcroft-karp,representation-crossover,,,1.000371056578331,,"[0.998183891650784,1.0043093777388257]",,,,,32,,"{""coefficient_of_variation"":0.02802465034355905,""mad"":0.017337683813303917,""max"":1.0850966233485635,""median"":1.0013378899395244,""min"":0.90656315995307,""n"":405,""q1"":0.9831944573713662,""q3"":1.0177814838571735}",paired_comparisons,solve-from-canonical-instance,,,,,,,64,,,,
,,,,,,,,,,,,explicit-c0-flow,representation-crossover,,,0.9261980872253062,,"[0.9238242527545957,0.9288898665881891]",,,,,32,,"{""coefficient_of_variation"":0.023835383229926357,""mad"":0.012885025203649925,""max"":0.9894868217958003,""median"":0.9267529756298829,""min"":0.8137065719360569,""n"":382,""q1"":0.9142437048629866,""q3"":0.9396757885399446}",paired_comparisons,solve-from-canonical-instance,,,,,,,64,,,,
,,,,,,,,,,,,explicit-hopcroft-karp,representation-crossover,,,2.1970813730214824,,"[2.195310344827586,2.195586206896552]",,,,,32,,"{""coefficient_of_variation"":0.09164715450214221,""mad"":0.03054042894435982,""max"":13.182967741935483,""median"":2.195310344827586,""min"":0.22694187111880282,""n"":10000,""q1"":2.1666666666666665,""q3"":2.227699530516432}",paired_comparisons,representation-and-solver-kernel,,,,,,,64,,,,
,,,,,,,,,,,,explicit-c0-flow,representation-crossover,,,0.08431642476187755,,"[0.08399027132406522,0.08418274111675127]",,,,,32,,"{""coefficient_of_variation"":0.12321739991069522,""mad"":0.0014833207182362723,""max"":0.48478291814946617,""median"":0.08408729197461592,""min"":0.03200768122899664,""n"":4860,""q1"":0.08262191020146253,""q3"":0.08559513649661424}",paired_comparisons,representation-and-solver-kernel,,,,,,,64,,,,
,,,,,,,,,,,,explicit-hopcroft-karp,representation-crossover,,,1.0008232374369073,,"[0.9953646555127584,1.0023522182824554]",,,,,48,,"{""coefficient_of_variation"":0.02879048144476136,""mad"":0.015786191774452563,""max"":1.220658482217816,""median"":1.000121994403247,""min"":0.9325048858703758,""n"":204,""q1"":0.9851495880235768,""q3"":1.0170357290222793}",paired_comparisons,solve-from-canonical-instance,,,,,,,128,,,,
,,,,,,,,,,,,explicit-c0-flow,representation-crossover,,,0.9153087101299626,,"[0.9103966343801976,0.9184857936284705]",,,,,48,,"{""coefficient_of_variation"":0.033334263309721515,""mad"":0.014266846552496049,""max"":1.1828314200488113,""median"":0.9136269530910048,""min"":0.8482697699990837,""n"":192,""q1"":0.9022975731569263,""q3"":0.9287209084165632}",paired_comparisons,solve-from-canonical-instance,,,,,,,128,,,,
,,,,,,,,,,,,explicit-hopcroft-karp,representation-crossover,,,1.3523010762555756,,"[1.341294565593631,1.3429565217391304]",,,,,48,,"{""coefficient_of_variation"":0.10531333838697117,""mad"":0.017563627971382445,""max"":6.76,""median"":1.3414493422570968,""min"":0.2969306729105161,""n"":10000,""q1"":1.3270108886547243,""q3"":1.364091809390656}",paired_comparisons,representation-and-solver-kernel,,,,,,,128,,,,
,,,,,,,,,,,,explicit-c0-flow,representation-crossover,,,0.054841237574474885,,"[0.05409638116681496,0.05421088660504209]",,,,,48,,"{""coefficient_of_variation"":0.14014724435119316,""mad"":0.0008939166816254868,""max"":0.23502929336568862,""median"":0.0541458248037453,""min"":0.027290289288092833,""n"":2107,""q1"":0.0532875523855995,""q3"":0.05507833047455689}",paired_comparisons,representation-and-solver-kernel,,,,,,,128,,,,
,,,,,,,,,,,,explicit-hopcroft-karp,representation-crossover,,,0.9956790290494063,,"[0.9907069609162027,1.0001464669510476]",,,,,64,,"{""coefficient_of_variation"":0.01916046786761081,""mad"":0.011058759600716561,""max"":1.0536873563947629,""median"":0.9940756612885853,""min"":0.9148784239875302,""n"":128,""q1"":0.9843761776128965,""q3"":1.0086556795992405}",paired_comparisons,solve-from-canonical-instance,,,,,,,256,,,,
,,,,,,,,,,,,explicit-c0-flow,representation-crossover,,,0.9018526865266231,,"[0.8980560386491837,0.9052726180463775]",,,,,64,,"{""coefficient_of_variation"":0.015310041621690423,""mad"":0.00915389963430735,""max"":0.93695731853743,""median"":0.9021958285748632,""min"":0.8691863864105767,""n"":119,""q1"":0.8923432576626947,""q3"":0.9106138313724932}",paired_comparisons,solve-from-canonical-instance,,,,,,,256,,,,
,,,,,,,,,,,,explicit-hopcroft-karp,representation-crossover,,,0.9351575514145861,,"[0.9303126724701154,0.9320464327637928]",,,,,64,,"{""coefficient_of_variation"":0.05837221730977968,""mad"":0.008399774888486089,""max"":3.204290807231984,""median"":0.93185979597175,""min"":0.3443454306404825,""n"":10000,""q1"":0.9236755204756278,""q3"":0.940259570860236}",paired_comparisons,representation-and-solver-kernel,,,,,,,256,,,,
,,,,,,,,,,,,explicit-c0-flow,representation-crossover,,,0.036994037279191476,,"[0.03651820895522388,0.03664072947150138]",,,,,64,,"{""coefficient_of_variation"":0.06624715635390604,""mad"":0.0005626048005653167,""max"":0.0614429528627896,""median"":0.03657030971189367,""min"":0.03062792209674547,""n"":1155,""q1"":0.03606433999662313,""q3"":0.03717961237314786}",paired_comparisons,representation-and-solver-kernel,,,,,,,256,,,,
,,,,,,,,,,,,explicit-hopcroft-karp,representation-crossover,,,0.9992154046305303,,"[0.995536604436553,1.0038824011153438]",,,,,92,,"{""coefficient_of_variation"":0.015381053929818997,""mad"":0.009407573904375632,""max"":1.0364124078834618,""median"":0.9988207468097087,""min"":0.9553613300370007,""n"":66,""q1"":0.9923318721924235,""q3"":1.0087802432918043}",paired_comparisons,solve-from-canonical-instance,,,,,,,512,,,,
,,,,,,,,,,,,explicit-c0-flow,representation-crossover,,,0.8987332903132795,,"[0.8941708098074097,0.9025457888099786]",,,,,92,,"{""coefficient_of_variation"":0.01705260461977519,""mad"":0.00826784550324322,""max"":0.9547823041474655,""median"":0.8987385269858759,""min"":0.8490541365181763,""n"":61,""q1"":0.8899955010725186,""q3"":0.9054430403140992}",paired_comparisons,solve-from-canonical-instance,,,,,,,512,,,,
,,,,,,,,,,,,explicit-hopcroft-karp,representation-crossover,,,0.5664694939634197,,"[0.563933694256851,0.5644268330382486]",,,,,92,,"{""coefficient_of_variation"":0.07043231952837095,""mad"":0.006790393702843067,""max"":1.9141152542372881,""median"":0.5641473836080129,""min"":0.23310344827586207,""n"":10000,""q1"":0.5581447269276923,""q3"":0.5722694571615435}",paired_comparisons,representation-and-solver-kernel,,,,,,,512,,,,
,,,,,,,,,,,,explicit-c0-flow,representation-crossover,,,0.025432985491192422,,"[0.024798686374190453,0.02493885579356026]",,,,,92,,"{""coefficient_of_variation"":0.11194774537932461,""mad"":0.00044390676779547736,""max"":0.06958250973345313,""median"":0.02485652097351313,""min"":0.022638458428783183,""n"":583,""q1"":0.02444663074057312,""q3"":0.025367617192086734}",paired_comparisons,representation-and-solver-kernel,,,,,,,512,,,,
,,,,,,,,,,,,explicit-hopcroft-karp,representation-crossover,,,0.9917777372794105,,"[0.9863896560040142,0.9938753089810491]",,,,,128,,"{""coefficient_of_variation"":0.011583422414409026,""mad"":0.00550704441923755,""max"":1.0226312070476453,""median"":0.9908506666033028,""min"":0.9704616363297537,""n"":36,""q1"":0.9853158483843967,""q3"":0.9962870926098752}",paired_comparisons,solve-from-canonical-instance,,,,,,,1024,,,,
,,,,,,,,,,,,explicit-c0-flow,representation-crossover,,,0.8902796054891945,,"[0.8872266536650352,0.891719899419426]",,,,,128,,"{""coefficient_of_variation"":0.008205180410965948,""mad"":0.005615131263192463,""max"":0.9085308905467245,""median"":0.8886936759408051,""min"":0.8770250146189331,""n"":32,""q1"":0.8843521885255392,""q3"":0.895863055307556}",paired_comparisons,solve-from-canonical-instance,,,,,,,1024,,,,
,,,,,,,,,,,,explicit-hopcroft-karp,representation-crossover,,,0.3464059355021089,,"[0.3452905579895417,0.3455782747603834]",,,,,128,,"{""coefficient_of_variation"":0.06009406375660801,""mad"":0.0028272685916721774,""max"":0.8754459837356562,""median"":0.34542938417775043,""min"":0.1890263880837765,""n"":5976,""q1"":0.3425797858716254,""q3"":0.3481707031990599}",paired_comparisons,representation-and-solver-kernel,,,,,,,1024,,,,
,,,,,,,,,,,,explicit-c0-flow,representation-crossover,,,0.01761279278505311,,"[0.017088212081201835,0.01725447472211274]",,,,,128,,"{""coefficient_of_variation"":0.09822949909367476,""mad"":0.0003713984841902645,""max"":0.0352246223211564,""median"":0.017165405814327503,""min"":0.016010156121024424,""n"":288,""q1"":0.01688216353256026,""q3"":0.01767301783344146}",paired_comparisons,representation-and-solver-kernel,,,,,,,1024,,,,
,,,,,,,,,,,,explicit-hopcroft-karp,representation-crossover,,,0.9958492814195438,,"[0.992018372211186,0.9993314776673055]",,,,,184,,"{""coefficient_of_variation"":0.008140387534801353,""mad"":0.004675221829812337,""max"":1.0198043703076243,""median"":0.9943944725708058,""min"":0.9839865128361437,""n"":18,""q1"":0.9915319295425904,""q3"":0.9993878364412778}",paired_comparisons,solve-from-canonical-instance,,,,,,,2048,,,,
,,,,,,,,,,,,explicit-c0-flow,representation-crossover,,,0.8847789112836465,,"[0.8816855143866023,0.8881114327414148]",,,,,184,,"{""coefficient_of_variation"":0.0070786286822475605,""mad"":0.0037603680079693613,""max"":0.8989601620797938,""median"":0.8848866768963464,""min"":0.8720716209516827,""n"":16,""q1"":0.8814059116374896,""q3"":0.8882206891696853}",paired_comparisons,solve-from-canonical-instance,,,,,,,2048,,,,
,,,,,,,,,,,,explicit-hopcroft-karp,representation-crossover,,,0.1910554384991688,,"[0.1894766400268273,0.18985044845750493]",,,,,184,,"{""coefficient_of_variation"":0.064942429577854,""mad"":0.0028502490660024943,""max"":0.5016485148514851,""median"":0.18965108028146732,""min"":0.12887127600545284,""n"":2344,""q1"":0.18725238193954225,""q3"":0.19302440828255157}",paired_comparisons,representation-and-solver-kernel,,,,,,,2048,,,,
,,,,,,,,,,,,explicit-c0-flow,representation-crossover,,,0.011739437462375393,,"[0.011490020313527805,0.011683386646702511]",,,,,184,,"{""coefficient_of_variation"":0.07405428422094337,""mad"":0.00044920237420804747,""max"":0.015504504738037281,""median"":0.011570615309488002,""min"":0.010535798728479605,""n"":137,""q1"":0.011161838027220051,""q3"":0.012102907076784162}",paired_comparisons,representation-and-solver-kernel,,,,,,,2048,,,,
,,,,,,,,,,,,explicit-hopcroft-karp,representation-crossover,,,1.0251253322131215,,"[0.9564173042070524,0.9991864419594232]",,,,,256,,"{""coefficient_of_variation"":0.19631681931141362,""mad"":0.027067579656646634,""max"":1.6188370636864309,""median"":0.9847609693100616,""min"":0.8442223396915988,""n"":15,""q1"":0.9647527498532688,""q3"":1.0055074954630658}",paired_comparisons,solve-from-canonical-instance,,,,,,,4096,,,,
,,,,,,,,,,,,explicit-c0-flow,representation-crossover,,,0.9118098496834746,,"[0.8678153341811067,0.8889513081944249]",,,,,256,,"{""coefficient_of_variation"":0.20207041916570898,""mad"":0.015157114541581973,""max"":1.4209257375229722,""median"":0.8737941936528429,""min"":0.6608998188497002,""n"":15,""q1"":0.8698515303551713,""q3"":0.8930242821060246}",paired_comparisons,solve-from-canonical-instance,,,,,,,4096,,,,
,,,,,,,,,,,,explicit-hopcroft-karp,representation-crossover,,,0.10028659670062547,,"[0.0988781629305884,0.09915369685218148]",,,,,256,,"{""coefficient_of_variation"":0.07845886679875395,""mad"":0.0010597844337741427,""max"":0.19745822546481526,""median"":0.09900839891187102,""min"":0.08015488867376573,""n"":936,""q1"":0.09795990977035976,""q3"":0.10012436492967394}",paired_comparisons,representation-and-solver-kernel,,,,,,,4096,,,,
,,,,,,,,,,,,explicit-c0-flow,representation-crossover,,,0.008552926800885418,,"[0.008279043224126276,0.008906806136573525]",,,,,256,,"{""coefficient_of_variation"":0.11071197816273522,""mad"":0.0006304869082288025,""max"":0.01045521158020138,""median"":0.0085941119758095,""min"":0.006818987223261516,""n"":68,""q1"":0.008017549590143428,""q3"":0.009274713891239926}",paired_comparisons,representation-and-solver-kernel,,,,,,,4096,,,,
,,,,,,,,,,,,explicit-hopcroft-karp,representation-crossover,,,0.9780830117938077,,"[0.9750007213538372,0.981302313955925]",,,,,364,,"{""coefficient_of_variation"":0.0033215215143249815,""mad"":0.003019240481178631,""max"":0.9822972136644019,""median"":0.9780199618350158,""min"":0.9725054640206827,""n"":7,""q1"":0.9761436943906725,""q3"":0.9807544262235947}",paired_comparisons,solve-from-canonical-instance,,,,,,,8192,,,,
,,,,,,,,,,,,explicit-c0-flow,representation-crossover,,,0.8718846737780539,,"[0.8666727589130101,0.8788684392723382]",,,,,364,,"{""coefficient_of_variation"":0.006958215066598063,""mad"":0.004646156910719346,""max"":0.8790129364847777,""median"":0.8711407968105287,""min"":0.8612286545221919,""n"":7,""q1"":0.8686514797986975,""q3"":0.8773276964967931}",paired_comparisons,solve-from-canonical-instance,,,,,,,8192,,,,
,,,,,,,,,,,,explicit-hopcroft-karp,representation-crossover,,,0.053210676842018474,,"[0.05209562705477546,0.052396280400572245]",,,,,364,,"{""coefficient_of_variation"":0.06849447086434883,""mad"":0.0007208130449714092,""max"":0.08198153835644123,""median"":0.052248855373013735,""min"":0.04726243764407421,""n"":329,""q1"":0.05164390515995111,""q3"":0.053239320957986884}",paired_comparisons,representation-and-solver-kernel,,,,,,,8192,,,,
,,,,,,,,,,,,explicit-c0-flow,representation-crossover,,,0.005739304945966733,,"[0.0055970279624292605,0.005927940898261178]",,,,,364,,"{""coefficient_of_variation"":0.05511181361703173,""mad"":0.00021677678972878856,""max"":0.006260946136125984,""median"":0.005768168826692483,""min"":0.004847034266339012,""n"":31,""q1"":0.005540003727393542,""q3"":0.005977621742591364}",paired_comparisons,representation-and-solver-kernel,,,,,,,8192,,,,
,,,,,,,,,,,,explicit-hopcroft-karp,sparse-conflict,,,1.02476630370871,,"[1.0232801638219442,1.0254252598531413]",,,,,62,,"{""coefficient_of_variation"":0.03434551854876187,""mad"":0.012006045460488224,""max"":1.3495963020030817,""median"":1.024375189107413,""min"":0.8158585514698162,""n"":1781,""q1"":1.0124725796224752,""q3"":1.0364230576441102}",paired_comparisons,solve-from-canonical-instance,,,,,,,64,,,,
,,,,,,,,,,,,explicit-c0-flow,sparse-conflict,,,1.0141913672807592,,"[1.0126791763757481,1.014585388360327]",,,,,62,,"{""coefficient_of_variation"":0.03407132024411233,""mad"":0.01221940399119803,""max"":1.310121735245784,""median"":1.013539129140655,""min"":0.7874078780969468,""n"":1781,""q1"":1.0021734335839598,""q3"":1.0271273090364452}",paired_comparisons,solve-from-canonical-instance,,,,,,,64,,,,
,,,,,,,,,,,,explicit-hopcroft-karp,sparse-conflict,,,7.893261448547643,,"[7.857142857142857,7.857142857142857]",,,,,62,,"{""coefficient_of_variation"":0.0847748853946001,""mad"":0.23638232271325865,""max"":41.089566020313946,""median"":7.857142857142857,""min"":0.7709992149826175,""n"":10000,""q1"":7.714285714285714,""q3"":8.103241296518608}",paired_comparisons,representation-and-solver-kernel,,,,,,,64,,,,
,,,,,,,,,,,,explicit-c0-flow,sparse-conflict,,,2.0039649058205615,,"[2.0,2.0]",,,,,62,,"{""coefficient_of_variation"":0.09161377213379993,""mad"":0.0245925925925925,""max"":12.275862068965518,""median"":2.0,""min"":0.46956521739130436,""n"":10000,""q1"":1.9754170324846356,""q3"":2.0245950809838034}",paired_comparisons,representation-and-solver-kernel,,,,,,,64,,,,
,,,,,,,,,,,,explicit-hopcroft-karp,sparse-conflict,,,1.0242002596003938,,"[1.0210880346837494,1.0243876551860693]",,,,,126,,"{""coefficient_of_variation"":0.030759903987535094,""mad"":0.011667192674426174,""max"":1.387256551487995,""median"":1.0224186707876641,""min"":0.8558259767687434,""n"":892,""q1"":1.012205958392986,""q3"":1.0363722554411003}",paired_comparisons,solve-from-canonical-instance,,,,,,,128,,,,
,,,,,,,,,,,,explicit-c0-flow,sparse-conflict,,,1.0139933014772449,,"[1.0112860208142005,1.0141274970331677]",,,,,126,,"{""coefficient_of_variation"":0.027949004928701112,""mad"":0.010654637429331815,""max"":1.3911356684755796,""median"":1.0127310976820738,""min"":0.8319755401549124,""n"":892,""q1"":1.0024067313082277,""q3"":1.0235974522143887}",paired_comparisons,solve-from-canonical-instance,,,,,,,128,,,,
,,,,,,,,,,,,explicit-hopcroft-karp,sparse-conflict,,,8.824737496856342,,"[8.79181369089626,8.818181818181818]",,,,,126,,"{""coefficient_of_variation"":0.07609811184307395,""mad"":0.15299789879948555,""max"":37.13832039520113,""median"":8.798022598870057,""min"":0.9405085667663856,""n"":10000,""q1"":8.645024700070572,""q3"":8.969454545454546}",paired_comparisons,representation-and-solver-kernel,,,,,,,128,,,,
,,,,,,,,,,,,explicit-c0-flow,sparse-conflict,,,2.124225233479728,,"[2.114520829761701,2.114986187845304]",,,,,126,,"{""coefficient_of_variation"":0.06515631400316806,""mad"":0.016270839637055,""max"":8.363795295613478,""median"":2.114986187845304,""min"":0.270208,""n"":10000,""q1"":2.098360655737705,""q3"":2.130434782608696}",paired_comparisons,representation-and-solver-kernel,,,,,,,128,,,,
,,,,,,,,,,,,explicit-hopcroft-karp,sparse-conflict,,,1.0219882591626817,,"[1.020932794711715,1.0244194613934514]",,,,,254,,"{""coefficient_of_variation"":0.0223333643416068,""mad"":0.008903580776317366,""max"":1.1425406911421585,""median"":1.0228412852969815,""min"":0.9303825539763481,""n"":449,""q1"":1.0137777777777779,""q3"":1.0314746030861899}",paired_comparisons,solve-from-canonical-instance,,,,,,,256,,,,
,,,,,,,,,,,,explicit-c0-flow,sparse-conflict,,,1.0142178870228933,,"[1.0123060273011746,1.0151053864168618]",,,,,254,,"{""coefficient_of_variation"":0.019522129637007533,""mad"":0.009071899053524568,""max"":1.126243818063623,""median"":1.0134775301424919,""min"":0.9436936305392564,""n"":449,""q1"":1.0042779701179176,""q3"":1.0225350110186961}",paired_comparisons,solve-from-canonical-instance,,,,,,,256,,,,
,,,,,,,,,,,,explicit-hopcroft-karp,sparse-conflict,,,10.157476572252252,,"[9.961439588688947,9.965709387055293]",,,,,254,,"{""coefficient_of_variation"":0.08143624598240048,""mad"":0.19349886073950273,""max"":28.991859468723224,""median"":9.965709387055293,""min"":3.249034070951879,""n"":10000,""q1"":9.789473684210526,""q3"":10.216404886561955}",paired_comparisons,representation-and-solver-kernel,,,,,,,256,,,,
,,,,,,,,,,,,explicit-c0-flow,sparse-conflict,,,2.2406241336539434,,"[2.187320711417097,2.1882352941176473]",,,,,254,,"{""coefficient_of_variation"":0.0810364058834161,""mad"":0.023485842865178963,""max"":8.56680051104216,""median"":2.1876523532720795,""min"":0.41846091834335425,""n"":10000,""q1"":2.168658823529412,""q3"":2.223178427997705}",paired_comparisons,representation-and-solver-kernel,,,,,,,256,,,,
,,,,,,,,,,,,explicit-hopcroft-karp,sparse-conflict,,,1.0190186446928697,,"[1.0175510925260616,1.0223565992388395]",,,,,510,,"{""coefficient_of_variation"":0.019097679561720357,""mad"":0.009131789210598651,""max"":1.0759024277188713,""median"":1.0200598275558683,""min"":0.9556302754351177,""n"":223,""q1"":1.0103492503721125,""q3"":1.0285427865168195}",paired_comparisons,solve-from-canonical-instance,,,,,,,512,,,,
,,,,,,,,,,,,explicit-c0-flow,sparse-conflict,,,1.0119862008452327,,"[1.010901724787317,1.0145618157453686]",,,,,510,,"{""coefficient_of_variation"":0.01867708687058812,""mad"":0.009151412103261647,""max"":1.0651515609557585,""median"":1.0125854214123007,""min"":0.9409859982239276,""n"":223,""q1"":1.002028487529754,""q3"":1.0210258309534863}",paired_comparisons,solve-from-canonical-instance,,,,,,,512,,,,
,,,,,,,,,,,,explicit-hopcroft-karp,sparse-conflict,,,11.328652497115629,,"[10.971245247148289,10.990969581749049]",,,,,510,,"{""coefficient_of_variation"":0.07892725949720082,""mad"":0.2538217711614852,""max"":23.41981234998909,""median"":10.980988593155894,""min"":2.022469585367872,""n"":8565,""q1"":10.823529411764707,""q3"":11.725446975263287}",paired_comparisons,representation-and-solver-kernel,,,,,,,512,,,,
,,,,,,,,,,,,explicit-c0-flow,sparse-conflict,,,2.30415925079636,,"[2.2314564419548,2.2343757575757577]",,,,,510,,"{""coefficient_of_variation"":0.07757535285985195,""mad"":0.03573619974748787,""max"":4.76146748292077,""median"":2.2326557877660083,""min"":0.7597279341980386,""n"":8565,""q1"":2.207257601835915,""q3"":2.3779399059230104}",paired_comparisons,representation-and-solver-kernel,,,,,,,512,,,,
,,,,,,,,,,,,explicit-hopcroft-karp,sparse-conflict,,,1.0170803607407484,,"[1.0134036614382735,1.01939219025976]",,,,,1022,,"{""coefficient_of_variation"":0.021567475566671646,""mad"":0.010861896939614368,""max"":1.148328006459459,""median"":1.0159846801914885,""min"":0.9833814444292175,""n"":109,""q1"":1.005122783251874,""q3"":1.0267953408588728}",paired_comparisons,solve-from-canonical-instance,,,,,,,1024,,,,
,,,,,,,,,,,,explicit-c0-flow,sparse-conflict,,,1.0119792047282787,,"[1.0043223103057757,1.013958189913166]",,,,,1022,,"{""coefficient_of_variation"":0.021293589587226294,""mad"":0.01278911084490042,""max"":1.140098176797137,""median"":1.0102454177023228,""min"":0.9666851455874977,""n"":109,""q1"":0.9984856982613572,""q3"":1.0234397010062775}",paired_comparisons,solve-from-canonical-instance,,,,,,,1024,,,,
,,,,,,,,,,,,explicit-hopcroft-karp,sparse-conflict,,,12.870626035546609,,"[13.138475359342916,13.234648282905656]",,,,,1022,,"{""coefficient_of_variation"":0.08012304979258365,""mad"":0.7294997133639356,""max"":20.304,""median"":13.188129032258065,""min"":1.632936507936508,""n"":4403,""q1"":11.8906497320365,""q3"":13.74547057344903}",paired_comparisons,representation-and-solver-kernel,,,,,,,1024,,,,
,,,,,,,,,,,,explicit-c0-flow,sparse-conflict,,,2.489526067460595,,"[2.5464827586206895,2.5628930817610063]",,,,,1022,,"{""coefficient_of_variation"":0.07885777166166558,""mad"":0.1376395070123908,""max"":3.9169624659353746,""median"":2.553797241412282,""min"":0.9285000249912531,""n"":4403,""q1"":2.29361713836478,""q3"":2.6611010375742925}",paired_comparisons,representation-and-solver-kernel,,,,,,,1024,,,,
,,,,,,,,,,,,explicit-hopcroft-karp,sparse-conflict,,,1.0212632630613363,,"[1.0143312543312544,1.025398371627159]",,,,,2046,,"{""coefficient_of_variation"":0.012256117652619615,""mad"":0.008900718481451575,""max"":1.0550774011514428,""median"":1.0198854377859008,""min"":0.9958043718842078,""n"":53,""q1"":1.0109847193044492,""q3"":1.0285902964218794}",paired_comparisons,solve-from-canonical-instance,,,,,,,2048,,,,
,,,,,,,,,,,,explicit-c0-flow,sparse-conflict,,,1.0138003502956694,,"[1.0146165954576118,1.019980117491174]",,,,,2046,,"{""coefficient_of_variation"":0.022604307789147283,""mad"":0.007135365713842656,""max"":1.054134263440935,""median"":1.0174680740075395,""min"":0.9001532664430764,""n"":53,""q1"":1.00947583601822,""q3"":1.0222060631677736}",paired_comparisons,solve-from-canonical-instance,,,,,,,2048,,,,
,,,,,,,,,,,,explicit-hopcroft-karp,sparse-conflict,,,13.960678857526277,,"[14.171826725169526,14.207744055361157]",,,,,2046,,"{""coefficient_of_variation"":0.05787046085069679,""mad"":0.2237571952461348,""max"":20.460747967479676,""median"":14.190304196974628,""min"":3.2744406941664925,""n"":2578,""q1"":13.840185943824363,""q3"":14.362195849632036}",paired_comparisons,representation-and-solver-kernel,,,,,,,2048,,,,
,,,,,,,,,,,,explicit-c0-flow,sparse-conflict,,,2.7024391689300313,,"[2.7395014682606806,2.7455439039090317]",,,,,2046,,"{""coefficient_of_variation"":0.05148748542322651,""mad"":0.04209515584726775,""max"":3.619271899007837,""median"":2.74249507708255,""min"":1.6245247148288973,""n"":2578,""q1"":2.6727571990188035,""q3"":2.775326789432015}",paired_comparisons,representation-and-solver-kernel,,,,,,,2048,,,,
,,,,,,,,,,,,explicit-hopcroft-karp,sparse-conflict,,,1.0186555681674054,,"[1.0139749885945843,1.0212537369483432]",,,,,4094,,"{""coefficient_of_variation"":0.00938503678470528,""mad"":0.0050200434218726775,""max"":1.0427275960448519,""median"":1.016258980394709,""min"":0.9987194285375385,""n"":24,""q1"":1.0135427233026464,""q3"":1.0228730556339765}",paired_comparisons,solve-from-canonical-instance,,,,,,,4096,,,,
,,,,,,,,,,,,explicit-c0-flow,sparse-conflict,,,1.0153795841880744,,"[1.0087050740167023,1.0208316005350397]",,,,,4094,,"{""coefficient_of_variation"":0.010543170982238075,""mad"":0.0074937701065463935,""max"":1.0379833469650448,""median"":1.0142901371877127,""min"":0.9920112506592184,""n"":24,""q1"":1.007218463694461,""q3"":1.0216762948195308}",paired_comparisons,solve-from-canonical-instance,,,,,,,4096,,,,
,,,,,,,,,,,,explicit-hopcroft-karp,sparse-conflict,,,14.216050793642315,,"[14.333950806863164,14.371504956870869]",,,,,4094,,"{""coefficient_of_variation"":0.04768982598316992,""mad"":0.1686404720199226,""max"":17.510828976848394,""median"":14.352688499802472,""min"":9.287554836236637,""n"":1146,""q1"":14.139946803225358,""q3"":14.495339244042208}",paired_comparisons,representation-and-solver-kernel,,,,,,,4096,,,,
,,,,,,,,,,,,explicit-c0-flow,sparse-conflict,,,2.795949973013448,,"[2.805114685057502,2.811166127377121]",,,,,4094,,"{""coefficient_of_variation"":0.03570216291082069,""mad"":0.028712200785615982,""max"":3.388072249589491,""median"":2.808158294748894,""min"":1.77187339922575,""n"":1146,""q1"":2.7727616734951646,""q3"":2.8344315548578227}",paired_comparisons,representation-and-solver-kernel,,,,,,,4096,,,,
,,,,,,,,,,,,explicit-hopcroft-karp,sparse-conflict,,,1.0174350283544744,,"[1.0073954136668848,1.0261827766398888]",,,,,8190,,"{""coefficient_of_variation"":0.015249610728032574,""mad"":0.006913498705064525,""max"":1.0570775731499265,""median"":1.0138409374770407,""min"":0.9895849145323777,""n"":15,""q1"":1.0076389263627412,""q3"":1.024574787412977}",paired_comparisons,solve-from-canonical-instance,,,,,,,8192,,,,
,,,,,,,,,,,,explicit-c0-flow,sparse-conflict,,,1.00880910954165,,"[0.99310480955359,1.0186164769272594]",,,,,8190,,"{""coefficient_of_variation"":0.017882208504655748,""mad"":0.008412160721067874,""max"":1.0397559253536195,""median"":1.0102043162061916,""min"":0.9708273921088737,""n"":15,""q1"":0.9975610506608348,""q3"":1.018543392915185}",paired_comparisons,solve-from-canonical-instance,,,,,,,8192,,,,
,,,,,,,,,,,,explicit-hopcroft-karp,sparse-conflict,,,14.617016371523116,,"[14.75390563770312,14.79236114739537]",,,,,8190,,"{""coefficient_of_variation"":0.04421465317055887,""mad"":0.191631476459019,""max"":16.64482096069869,""median"":14.768981215007065,""min"":9.101017069626936,""n"":583,""q1"":14.520369305280017,""q3"":14.935886564138954}",paired_comparisons,representation-and-solver-kernel,,,,,,,8192,,,,
,,,,,,,,,,,,explicit-c0-flow,sparse-conflict,,,2.8274074181298117,,"[2.8334530370052153,2.8410231866984392]",,,,,8190,,"{""coefficient_of_variation"":0.031624355548151066,""mad"":0.034469501283781234,""max"":3.242295798319328,""median"":2.8374183417717695,""min"":2.297097719869707,""n"":583,""q1"":2.795358815438006,""q3"":2.8667918431718826}",paired_comparisons,representation-and-solver-kernel,,,,,,,8192,,,,
,,,,,,,,,,,,explicit-hopcroft-karp,supported-holes,,,1.0340252056129524,,"[1.032150935379463,1.0350255804801258]",,,,,126,,"{""coefficient_of_variation"":0.03662342853478017,""mad"":0.015225653668761385,""max"":1.3973076763276135,""median"":1.0336814874696847,""min"":0.797905025866618,""n"":1453,""q1"":1.0189825092714977,""q3"":1.0493121257533171}",paired_comparisons,solve-from-canonical-instance,,,,,,,64,,,,
,,,,,,,,,,,,explicit-c0-flow,supported-holes,,,1.019464935858226,,"[1.0183072627299152,1.02089081592432]",,,,,126,,"{""coefficient_of_variation"":0.03581295962097013,""mad"":0.014805542647710057,""max"":1.2852332688588008,""median"":1.0195149701728028,""min"":0.8201270452358037,""n"":1453,""q1"":1.0055608646188852,""q3"":1.0352378698224851}",paired_comparisons,solve-from-canonical-instance,,,,,,,64,,,,
,,,,,,,,,,,,explicit-hopcroft-karp,supported-holes,,,8.72214732338328,,"[8.703599153140438,8.709745762711865]",,,,,126,,"{""coefficient_of_variation"":0.10606236144579753,""mad"":0.18852983514893218,""max"":61.88933333333333,""median"":8.704304869442485,""min"":0.3054386219577104,""n"":10000,""q1"":8.544581618655693,""q3"":8.909090909090908}",paired_comparisons,representation-and-solver-kernel,,,,,,,64,,,,
,,,,,,,,,,,,explicit-c0-flow,supported-holes,,,2.0928894424936115,,"[2.084502281561602,2.0851063829787235]",,,,,126,,"{""coefficient_of_variation"":0.0963635129104735,""mad"":0.021129141311697186,""max"":13.586126152495243,""median"":2.084685598377282,""min"":0.2198736842105263,""n"":10000,""q1"":2.063376711171202,""q3"":2.1054588473888796}",paired_comparisons,representation-and-solver-kernel,,,,,,,64,,,,
,,,,,,,,,,,,explicit-hopcroft-karp,supported-holes,,,1.0348943088240437,,"[1.032921714572219,1.0373636431641922]",,,,,254,,"{""coefficient_of_variation"":0.040266447130176804,""mad"":0.014710316474683571,""max"":1.2679899306606233,""median"":1.0356394062776513,""min"":0.8686192741340844,""n"":708,""q1"":1.018949930935135,""q3"":1.04925951449943}",paired_comparisons,solve-from-canonical-instance,,,,,,,128,,,,
,,,,,,,,,,,,explicit-c0-flow,supported-holes,,,1.0227372242100876,,"[1.0205525967921378,1.0235748715922561]",,,,,254,,"{""coefficient_of_variation"":0.039467129114647,""mad"":0.014900855075552721,""max"":1.2927742388810903,""median"":1.0218247346092326,""min"":0.7228495565050801,""n"":708,""q1"":1.0068872704994773,""q3"":1.0366389399798752}",paired_comparisons,solve-from-canonical-instance,,,,,,,128,,,,
,,,,,,,,,,,,explicit-hopcroft-karp,supported-holes,,,9.84020103040442,,"[9.72682119205298,9.736842105263158]",,,,,254,,"{""coefficient_of_variation"":0.08090780446623867,""mad"":0.18011172706063583,""max"":28.25793327908869,""median"":9.736842105263158,""min"":0.7021330919388158,""n"":10000,""q1"":9.567645841952833,""q3"":9.929704243463352}",paired_comparisons,representation-and-solver-kernel,,,,,,,128,,,,
,,,,,,,,,,,,explicit-c0-flow,supported-holes,,,2.1871424194143456,,"[2.1561826192931473,2.157057471264368]",,,,,254,,"{""coefficient_of_variation"":0.0825225361668089,""mad"":0.020436363636363808,""max"":6.346948016663648,""median"":2.1568,""min"":0.41544947259782744,""n"":10000,""q1"":2.1379310344827585,""q3"":2.178232558139535}",paired_comparisons,representation-and-solver-kernel,,,,,,,128,,,,
,,,,,,,,,,,,explicit-hopcroft-karp,supported-holes,,,1.0360688091226267,,"[1.032705046383164,1.0372159581951563]",,,,,510,,"{""coefficient_of_variation"":0.022729351623160927,""mad"":0.011085972222748985,""max"":1.145346603073525,""median"":1.0349402555252258,""min"":0.931213245522564,""n"":357,""q1"":1.0245974384236454,""q3"":1.04638355577533}",paired_comparisons,solve-from-canonical-instance,,,,,,,256,,,,
,,,,,,,,,,,,explicit-c0-flow,supported-holes,,,1.022374761363192,,"[1.0200579372022942,1.0240599463423754]",,,,,510,,"{""coefficient_of_variation"":0.023813227747808082,""mad"":0.010879872810092062,""max"":1.1340918816746701,""median"":1.0221829603455046,""min"":0.9499397459165154,""n"":357,""q1"":1.0112739535806388,""q3"":1.032773860363492}",paired_comparisons,solve-from-canonical-instance,,,,,,,256,,,,
,,,,,,,,,,,,explicit-hopcroft-karp,supported-holes,,,10.88189242276645,,"[10.630221425242977,10.637411764705883]",,,,,510,,"{""coefficient_of_variation"":0.08450329986739967,""mad"":0.1621065731045448,""max"":37.162263320123294,""median"":10.637176470588235,""min"":1.2321981424148607,""n"":10000,""q1"":10.510500807754443,""q3"":10.949333333333334}",paired_comparisons,representation-and-solver-kernel,,,,,,,256,,,,
,,,,,,,,,,,,explicit-c0-flow,supported-holes,,,2.2664445377088063,,"[2.2181234567901233,2.219189534769352]",,,,,510,,"{""coefficient_of_variation"":0.07858776899838152,""mad"":0.018557007125890923,""max"":4.881874285714286,""median"":2.218576801266825,""min"":0.6193719008264463,""n"":10000,""q1"":2.2016814937921594,""q3"":2.2398072099542614}",paired_comparisons,representation-and-solver-kernel,,,,,,,256,,,,
,,,,,,,,,,,,explicit-hopcroft-karp,supported-holes,,,1.030788316432966,,"[1.0301433456854905,1.0369748658155675]",,,,,1022,,"{""coefficient_of_variation"":0.0212155568930122,""mad"":0.011258136061293111,""max"":1.1022675819691805,""median"":1.0345200011566504,""min"":0.9670914347912605,""n"":170,""q1"":1.017274233865787,""q3"":1.0435975656244396}",paired_comparisons,solve-from-canonical-instance,,,,,,,512,,,,
,,,,,,,,,,,,explicit-c0-flow,supported-holes,,,1.023134209341286,,"[1.021062131736527,1.0264379797214063]",,,,,1022,,"{""coefficient_of_variation"":0.01930796146851602,""mad"":0.010521606851888854,""max"":1.0849754760667203,""median"":1.0239871517486443,""min"":0.9650724796896976,""n"":170,""q1"":1.012976870686693,""q3"":1.0336692664316876}",paired_comparisons,solve-from-canonical-instance,,,,,,,512,,,,
,,,,,,,,,,,,explicit-hopcroft-karp,supported-holes,,,12.481527320562146,,"[12.265036713041901,12.45405544147844]",,,,,1022,,"{""coefficient_of_variation"":0.0920851704909078,""mad"":0.9316690733258266,""max"":24.288493116079323,""median"":12.359030469629728,""min"":2.1450169491525424,""n"":5044,""q1"":11.540996367410482,""q3"":13.528814543202634}",paired_comparisons,representation-and-solver-kernel,,,,,,,512,,,,
,,,,,,,,,,,,explicit-c0-flow,supported-holes,,,2.439168199028487,,"[2.3948276923076923,2.4236559596420104]",,,,,1022,,"{""coefficient_of_variation"":0.0919823442311373,""mad"":0.17202336028751142,""max"":4.709114953225254,""median"":2.4089308920079526,""min"":1.0423258227261185,""n"":5044,""q1"":2.255011069377887,""q3"":2.6525088297511354}",paired_comparisons,representation-and-solver-kernel,,,,,,,512,,,,
,,,,,,,,,,,,explicit-hopcroft-karp,supported-holes,,,1.032439481070792,,"[1.0302143695955106,1.0362909635867963]",,,,,2046,,"{""coefficient_of_variation"":0.013977291666935177,""mad"":0.008308791532754878,""max"":1.0727188318446852,""median"":1.0332717442878991,""min"":1.0000001859024243,""n"":89,""q1"":1.0235964593414375,""q3"":1.0404076680343677}",paired_comparisons,solve-from-canonical-instance,,,,,,,1024,,,,
,,,,,,,,,,,,explicit-c0-flow,supported-holes,,,1.0238657787969176,,"[1.0219678298154597,1.027611895521322]",,,,,2046,,"{""coefficient_of_variation"":0.0149212824335989,""mad"":0.007619122060821493,""max"":1.0608798070688141,""median"":1.025485580284338,""min"":0.9666290344361917,""n"":89,""q1"":1.0161125747216682,""q3"":1.0325206431690495}",paired_comparisons,solve-from-canonical-instance,,,,,,,1024,,,,
,,,,,,,,,,,,explicit-hopcroft-karp,supported-holes,,,13.907777039684811,,"[14.13460021041557,14.176588897827836]",,,,,2046,,"{""coefficient_of_variation"":0.0625362799415483,""mad"":0.2877357729058456,""max"":19.23076923076923,""median"":14.156105520805005,""min"":2.716341058983406,""n"":2379,""q1"":13.731057189783469,""q3"":14.384203389830509}",paired_comparisons,representation-and-solver-kernel,,,,,,,1024,,,,
,,,,,,,,,,,,explicit-c0-flow,supported-holes,,,2.6962828490668747,,"[2.730973813420622,2.7386624]",,,,,2046,,"{""coefficient_of_variation"":0.05576527482705204,""mad"":0.060442612330009915,""max"":3.7024,""median"":2.734760002049075,""min"":1.3054759036144579,""n"":2379,""q1"":2.6593929530218228,""q3"":2.7871205795589726}",paired_comparisons,representation-and-solver-kernel,,,,,,,1024,,,,
,,,,,,,,,,,,explicit-hopcroft-karp,supported-holes,,,1.038374550727996,,"[1.0335275887091702,1.0417055310256118]",,,,,4094,,"{""coefficient_of_variation"":0.012887431710083018,""mad"":0.007926051973299653,""max"":1.088960366791594,""median"":1.0375969750833614,""min"":1.0174418324849606,""n"":44,""q1"":1.0282765615418847,""q3"":1.0452756493497533}",paired_comparisons,solve-from-canonical-instance,,,,,,,2048,,,,
,,,,,,,,,,,,explicit-c0-flow,supported-holes,,,1.0258996931362703,,"[1.0225634950698486,1.0296689415779166]",,,,,4094,,"{""coefficient_of_variation"":0.013115084177341063,""mad"":0.00907405054448629,""max"":1.0619517804069174,""median"":1.0248639435266893,""min"":0.9875854684171194,""n"":44,""q1"":1.016559168403063,""q3"":1.036309501784558}",paired_comparisons,solve-from-canonical-instance,,,,,,,2048,,,,
,,,,,,,,,,,,explicit-hopcroft-karp,supported-holes,,,14.071162480383283,,"[14.322802722575744,14.362869198312236]",,,,,4094,,"{""coefficient_of_variation"":0.06418094221088345,""mad"":0.22676314970360956,""max"":24.136186770428015,""median"":14.348122751035373,""min"":4.636977058029689,""n"":1186,""q1"":13.91008522445393,""q3"":14.509860040847471}",paired_comparisons,representation-and-solver-kernel,,,,,,,2048,,,,
,,,,,,,,,,,,explicit-c0-flow,supported-holes,,,2.7623563682849546,,"[2.800304864675657,2.810355939258046]",,,,,4094,,"{""coefficient_of_variation"":0.05555300336635902,""mad"":0.04106420297602931,""max"":4.204465965718995,""median"":2.8066460672079936,""min"":1.3115109313459588,""n"":1186,""q1"":2.7304254939274193,""q3"":2.837888438957322}",paired_comparisons,representation-and-solver-kernel,,,,,,,2048,,,,
,,,,,,,,,,,,explicit-hopcroft-karp,supported-holes,,,1.0218139409366522,,"[1.0184482173830758,1.0331921995561018]",,,,,8190,,"{""coefficient_of_variation"":0.02494703877949456,""mad"":0.011323159032433416,""max"":1.0634285127073515,""median"":1.0238404163052905,""min"":0.9395799559033196,""n"":21,""q1"":1.0156869584280388,""q3"":1.0388509847804575}",paired_comparisons,solve-from-canonical-instance,,,,,,,4096,,,,
,,,,,,,,,,,,explicit-c0-flow,supported-holes,,,1.0213230450101431,,"[1.0148502579776189,1.0276879258035723]",,,,,8190,,"{""coefficient_of_variation"":0.011076903210611663,""mad"":0.008850527036834865,""max"":1.042481648045601,""median"":1.0195539769469901,""min"":1.003630881338413,""n"":21,""q1"":1.0132848155227274,""q3"":1.0294614210868778}",paired_comparisons,solve-from-canonical-instance,,,,,,,4096,,,,
,,,,,,,,,,,,explicit-hopcroft-karp,supported-holes,,,12.694388749004762,,"[12.3375645961225,12.386982495137538]",,,,,8190,,"{""coefficient_of_variation"":0.08549970884155997,""mad"":0.30602283501983685,""max"":16.39121669765906,""median"":12.359758432246162,""min"":7.415677261510109,""n"":663,""q1"":12.063557921140458,""q3"":12.761343518001908}",paired_comparisons,representation-and-solver-kernel,,,,,,,4096,,,,
,,,,,,,,,,,,explicit-c0-flow,supported-holes,,,2.464065603481542,,"[2.3937859173571576,2.401316985476801]",,,,,8190,,"{""coefficient_of_variation"":0.08661724275202047,""mad"":0.06041732712402359,""max"":3.1958221092757304,""median"":2.3979500891265597,""min"":1.8967088517015427,""n"":663,""q1"":2.3403079031180365,""q3"":2.4979937885504793}",paired_comparisons,representation-and-solver-kernel,,,,,,,4096,,,,
,,,,,,,,,,,,explicit-hopcroft-karp,supported-holes,,,1.0354863383818547,,"[1.0243592274181734,1.047617224055853]",,,,,16382,,"{""coefficient_of_variation"":0.030288756358018306,""mad"":0.009916996608758444,""max"":1.1322318599127097,""median"":1.0294922512283475,""min"":0.9825666985728426,""n"":15,""q1"":1.0244306447752638,""q3"":1.0445738489275862}",paired_comparisons,solve-from-canonical-instance,,,,,,,8192,,,,
,,,,,,,,,,,,explicit-c0-flow,supported-holes,,,1.0246854224375341,,"[1.0089672365438729,1.041203197243777]",,,,,16382,,"{""coefficient_of_variation"":0.028387601917636607,""mad"":0.009743879717042825,""max"":1.0910558698257118,""median"":1.0155877955176948,""min"":0.9778808833820222,""n"":15,""q1"":1.0098050505681535,""q3"":1.0390897925271072}",paired_comparisons,solve-from-canonical-instance,,,,,,,8192,,,,
,,,,,,,,,,,,explicit-hopcroft-karp,supported-holes,,,14.852204326779038,,"[14.922051776920005,15.08402479338843]",,,,,16382,,"{""coefficient_of_variation"":0.14490060576035155,""mad"":0.35680613831141983,""max"":43.87577454391242,""median"":14.991206751054852,""min"":5.0298902812587025,""n"":275,""q1"":14.604195684132987,""q3"":15.327311568050579}",paired_comparisons,representation-and-solver-kernel,,,,,,,8192,,,,
,,,,,,,,,,,,explicit-c0-flow,supported-holes,,,2.8683590740280613,,"[2.885753063037937,2.899539137228127]",,,,,16382,,"{""coefficient_of_variation"":0.08011625100491129,""mad"":0.04145451243913234,""max"":4.194219119886172,""median"":2.8940377959021286,""min"":1.9484990844886214,""n"":275,""q1"":2.847397676785221,""q3"":2.931822444106846}",paired_comparisons,representation-and-solver-kernel,,,,,,,8192,,,,
,,,1.5899585118815738,"[1.2213333333333334,1.6961449437305451]",,compact-clearly-slower,,,,,,explicit-c0-flow,comb-staircase,,,,,,,,,,,,,family_classifications,representation-and-solver-kernel,,,,,,,,,8,,
,,,4.843576133892888,"[3.328,6.278666666666667]",,compact-clearly-slower,,,,,,explicit-hopcroft-karp,comb-staircase,,,,,,,,,,,,,family_classifications,representation-and-solver-kernel,,,,,,,,,8,,
,,,1.0023256930065638,"[1.0011100852467731,1.0057500007537903]",,compact-clearly-slower,,,,,,explicit-c0-flow,comb-staircase,,,,,,,,,,,,,family_classifications,solve-from-canonical-instance,,,,,,,,,8,,
,,,1.0030723980066532,"[1.0008828867686033,1.012853486369612]",,compact-clearly-slower,,,,,,explicit-hopcroft-karp,comb-staircase,,,,,,,,,,,,,family_classifications,solve-from-canonical-instance,,,,,,,,,8,,
,,,0.03447365754274072,"[0.005346516371065166,0.15633675990827067]",,insufficient,,,,,,explicit-c0-flow,dense-conflict,,,,,,,,,,,,,family_classifications,representation-and-solver-kernel,,,,64,,,,,5,,
,,,0.27107461447591075,"[0.024198836541088155,2.55699481865285]",,insufficient,,,,,,explicit-hopcroft-karp,dense-conflict,,,,,,,,,,,,,family_classifications,representation-and-solver-kernel,,,,128,,,,,5,,
,,,0.3722323345378076,"[0.26828199194969987,0.496372256939428]",,insufficient,,,,,,explicit-c0-flow,dense-conflict,,,,,,,,,,,,,family_classifications,solve-from-canonical-instance,,,,64,,,,,5,,
,,,0.8786732017694543,"[0.6230549319415043,1.1415297726315055]",,insufficient,,,,,,explicit-hopcroft-karp,dense-conflict,,,,,,,,,,,,,family_classifications,solve-from-canonical-instance,,,,256,,,,,5,,
,,,0.8664461200597366,"[0.5362026760424812,1.4541540716314005]",,unresolved,,,,,,explicit-c0-flow,random-connected,,,,,,,,,,,,,family_classifications,representation-and-solver-kernel,,,,512,,,,,8,,
,,,14.25287508766608,"[10.532787401574803,16.50525969756739]",,compact-clearly-slower,,,,,,explicit-hopcroft-karp,random-connected,,,,,,,,,,,,,family_classifications,representation-and-solver-kernel,,,,,,,,,8,,
,,,0.9738213103556214,"[0.9032538729015291,1.0979526875497359]",,unresolved,,,,,,explicit-c0-flow,random-connected,,,,,,,,,,,,,family_classifications,solve-from-canonical-instance,,,,512,,,,,8,,
,,,1.2000225511003721,"[1.1716890553618409,1.263527758257203]",,compact-clearly-slower,,,,,,explicit-hopcroft-karp,random-connected,,,,,,,,,,,,,family_classifications,solve-from-canonical-instance,,,,,,,,,8,,
,,,0.021010963393920317,"[0.0085941119758095,0.0541458248037453]",,compact-clearly-faster,,,,,,explicit-c0-flow,representation-crossover,,,,,,,,,,,,,family_classifications,representation-and-solver-kernel,,,,64,,,,,8,,
,,,0.4547883838928817,"[0.09900839891187102,1.3414493422570968]",,unresolved,,,,,,explicit-hopcroft-karp,representation-crossover,,,,,,,,,,,,,family_classifications,representation-and-solver-kernel,,,,256,,,,,8,,
,,,0.8937161014633405,"[0.8737941936528429,0.9136269530910048]",,compact-clearly-faster,,,,,,explicit-c0-flow,representation-crossover,,,,,,,,,,,,,family_classifications,solve-from-canonical-instance,,,,64,,,,,8,,
,,,0.9942350669296955,"[0.9847609693100616,1.000121994403247]",,unresolved,,,,,,explicit-hopcroft-karp,representation-crossover,,,,,,,,,,,,,family_classifications,solve-from-canonical-instance,,,,512,,,,,8,,
,,,2.393226514589145,"[2.114986187845304,2.808158294748894]",,compact-clearly-slower,,,,,,explicit-c0-flow,sparse-conflict,,,,,,,,,,,,,family_classifications,representation-and-solver-kernel,,,,,,,,,8,,
,,,12.08455881270698,"[8.798022598870057,14.352688499802472]",,compact-clearly-slower,,,,,,explicit-hopcroft-karp,sparse-conflict,,,,,,,,,,,,,family_classifications,representation-and-solver-kernel,,,,,,,,,8,,
,,,1.0131043139122828,"[1.0102454177023228,1.0142901371877127]",,compact-clearly-slower,,,,,,explicit-c0-flow,sparse-conflict,,,,,,,,,,,,,family_classifications,solve-from-canonical-instance,,,,,,,,,8,,
,,,1.0199726326708847,"[1.0159846801914885,1.0228412852969815]",,compact-clearly-slower,,,,,,explicit-hopcroft-karp,sparse-conflict,,,,,,,,,,,,,family_classifications,solve-from-canonical-instance,,,,,,,,,8,,
,,,2.403440490567256,"[2.1568,2.8066460672079936]",,compact-clearly-slower,,,,,,explicit-c0-flow,supported-holes,,,,,,,,,,,,,family_classifications,representation-and-solver-kernel,,,,,,,,,8,,
,,,12.359394450937945,"[9.736842105263158,14.348122751035373]",,compact-clearly-slower,,,,,,explicit-hopcroft-karp,supported-holes,,,,,,,,,,,,,family_classifications,representation-and-solver-kernel,,,,,,,,,8,,
,,,1.0220038474773685,"[1.0195149701728028,1.0248639435266893]",,compact-clearly-slower,,,,,,explicit-c0-flow,supported-holes,,,,,,,,,,,,,family_classifications,solve-from-canonical-instance,,,,,,,,,8,,
,,,1.0341007443131676,"[1.0294922512283475,1.0356394062776513]",,compact-clearly-slower,,,,,,explicit-hopcroft-karp,supported-holes,,,,,,,,,,,,,family_classifications,solve-from-canonical-instance,,,,,,,,,8,,
,,,,,compact-mrd,,,,,,[],,comb-staircase,"[64,128,256,512,1024,2048,4096,8192]",,,N,,0.15858999741374924,"[-0.35931756458206565,0.6899992400305157]",,,,0.05427003630335603,,fits,representation-and-solver-kernel,,,,,,estimated,,0.3519667313680763,8,,
,,,,,compact-mrd,,,,,,[],,comb-staircase,"[64,128,256,512,1024,2048,4096,8192]",,,B,,0.5579044388232587,"[-0.554746235690644,1.43107859143955]",,,,0.1673211476748654,,fits,representation-and-solver-kernel,,,,,,estimated,,0.7003755552824982,8,,
,,,,,compact-mrd,,,,,,"[512,8192]",,comb-staircase,"[64,128,256,1024,2048,4096]",,,q,,,,,,,,,fits,representation-and-solver-kernel,,,,,,insufficient,,,6,,
,,,,,compact-mrd,,,,,,"[64,128,256,512,1024,2048,4096,8192]",,comb-staircase,[],,,K,,,,,,,,,fits,representation-and-solver-kernel,,,,,,insufficient,,,0,,
,,,,,compact-mrd,,,,,,[],,comb-staircase,"[64,128,256,512,1024,2048,4096,8192]",,,M,,0.6461336929115439,"[0.6208725701699203,0.6847190366038518]",,,,0.9982702738441916,,fits,representation-and-solver-kernel,,,,,,estimated,,0.6533391275115492,8,,
,,,,,explicit-c0-flow,,,,,,[],,comb-staircase,"[64,128,256,512,1024,2048,4096,8192]",,,N,,0.14237475298569174,"[-0.30430800144585685,0.5912669431662892]",,,,0.060133311331087236,,fits,representation-and-solver-kernel,,,,,,estimated,,0.3173930114634457,8,,
,,,,,explicit-c0-flow,,,,,,[],,comb-staircase,"[64,128,256,512,1024,2048,4096,8192]",,,B,,0.48799087838517496,"[-0.4879831064603321,1.2100936026206042]",,,,0.17599293496511947,,fits,representation-and-solver-kernel,,,,,,estimated,,0.6375182676885851,8,,
,,,,,explicit-c0-flow,,,,,,"[512,8192]",,comb-staircase,"[64,128,256,1024,2048,4096]",,,q,,,,,,,,,fits,representation-and-solver-kernel,,,,,,insufficient,,,6,,
,,,,,explicit-c0-flow,,,,,,"[64,128,256,512,1024,2048,4096,8192]",,comb-staircase,[],,,K,,,,,,,,,fits,representation-and-solver-kernel,,,,,,insufficient,,,0,,
,,,,,explicit-c0-flow,,,,,,[],,comb-staircase,"[64,128,256,512,1024,2048,4096,8192]",,,M,,0.5505417204592828,"[0.5223728267368748,0.6179998995811299]",,,,0.9963787544280075,,fits,representation-and-solver-kernel,,,,,,estimated,,0.5620029768613715,8,,
,,,,,explicit-hopcroft-karp,,,,,,[],,comb-staircase,"[64,128,256,512,1024,2048,4096,8192]",,,N,,0.09186475022776878,"[-0.287159257165478,0.4715862278315276]",,,,0.03544306864165492,,fits,representation-and-solver-kernel,,,,,,estimated,,0.23397918697599776,8,,
,,,,,explicit-hopcroft-karp,,,,,,[],,comb-staircase,"[64,128,256,512,1024,2048,4096,8192]",,,B,,0.3584880900794509,"[-0.45549706692715847,0.989332324478087]",,,,0.13446388518784247,,fits,representation-and-solver-kernel,,,,,,estimated,,0.47503172532811166,8,,
,,,,,explicit-hopcroft-karp,,,,,,"[512,8192]",,comb-staircase,"[64,128,256,1024,2048,4096]",,,q,,,,,,,,,fits,representation-and-solver-kernel,,,,,,insufficient,,,6,,
,,,,,explicit-hopcroft-karp,,,,,,"[64,128,256,512,1024,2048,4096,8192]",,comb-staircase,[],,,K,,,,,,,,,fits,representation-and-solver-kernel,,,,,,insufficient,,,0,,
,,,,,explicit-hopcroft-karp,,,,,,[],,comb-staircase,"[64,128,256,512,1024,2048,4096,8192]",,,M,,0.4630575526738792,"[0.4385071859884656,0.4729052651026159]",,,,0.9979259077577238,,fits,representation-and-solver-kernel,,,,,,estimated,,0.4670259679677063,8,,
,,,,,compact-mrd,,,,,,[],,comb-staircase,"[64,128,256,512,1024,2048,4096,8192]",,,N,,0.959269219718487,"[0.8028940825608746,1.1252036611828666]",,,,0.9579826287576607,,fits,solve-from-canonical-instance,,,,,,estimated,,1.017478863525052,8,,
,,,,,compact-mrd,,,,,,[],,comb-staircase,"[64,128,256,512,1024,2048,4096,8192]",,,B,,1.9625175840430953,"[1.8953827212074499,2.0113261993776135]",,,,0.9989100942703076,,fits,solve-from-canonical-instance,,,,,,estimated,,1.9708145233488612,8,,
,,,,,compact-mrd,,,,,,"[512,8192]",,comb-staircase,"[64,128,256,1024,2048,4096]",,,q,,,,,,,,,fits,solve-from-canonical-instance,,,,,,insufficient,,,6,,
,,,,,compact-mrd,,,,,,"[64,128,256,512,1024,2048,4096,8192]",,comb-staircase,[],,,K,,,,,,,,,fits,solve-from-canonical-instance,,,,,,insufficient,,,0,,
,,,,,compact-mrd,,,,,,[],,comb-staircase,"[64,128,256,512,1024,2048,4096,8192]",,,M,,0.37004751545943276,"[-0.36944526091852375,1.9582476747190323]",,,,0.15797429843837174,,fits,solve-from-canonical-instance,,,,,,estimated,,1.8233549841938186,8,,
,,,,,explicit-c0-flow,,,,,,[],,comb-staircase,"[64,128,256,512,1024,2048,4096,8192]",,,N,,0.9613988764242769,"[0.8048474287403837,1.126080666213325]",,,,0.9583147902117682,,fits,solve-from-canonical-instance,,,,,,estimated,,1.020311943586497,8,,
,,,,,explicit-c0-flow,,,,,,[],,comb-staircase,"[64,128,256,512,1024,2048,4096,8192]",,,B,,1.9665340636391142,"[1.8992711900771644,2.0152871127085206]",,,,0.9989105286296447,,fits,solve-from-canonical-instance,,,,,,estimated,,1.9839324471445936,8,,
,,,,,explicit-c0-flow,,,,,,"[512,8192]",,comb-staircase,"[64,128,256,1024,2048,4096]",,,q,,,,,,,,,fits,solve-from-canonical-instance,,,,,,insufficient,,,6,,
,,,,,explicit-c0-flow,,,,,,"[64,128,256,512,1024,2048,4096,8192]",,comb-staircase,[],,,K,,,,,,,,,fits,solve-from-canonical-instance,,,,,,insufficient,,,0,,
,,,,,explicit-c0-flow,,,,,,[],,comb-staircase,"[64,128,256,512,1024,2048,4096,8192]",,,M,,0.370163600289354,"[-0.3702035330267228,1.9629329644839248]",,,,0.1574284524715519,,fits,solve-from-canonical-instance,,,,,,estimated,,1.8316375943646122,8,,
,,,,,explicit-hopcroft-karp,,,,,,[],,comb-staircase,"[64,128,256,512,1024,2048,4096,8192]",,,N,,0.9640814714988037,"[0.8082571860241747,1.127487691250609]",,,,0.9589412723281039,,fits,solve-from-canonical-instance,,,,,,estimated,,1.0226697286804483,8,,
,,,,,explicit-hopcroft-karp,,,,,,[],,comb-staircase,"[64,128,256,512,1024,2048,4096,8192]",,,B,,1.971427332083677,"[1.9063024804074487,2.0190750277669234]",,,,0.9989615168138899,,fits,solve-from-canonical-instance,,,,,,estimated,,1.9869414665135803,8,,
,,,,,explicit-hopcroft-karp,,,,,,"[512,8192]",,comb-staircase,"[64,128,256,1024,2048,4096]",,,q,,,,,,,,,fits,solve-from-canonical-instance,,,,,,insufficient,,,6,,
,,,,,explicit-hopcroft-karp,,,,,,"[64,128,256,512,1024,2048,4096,8192]",,comb-staircase,[],,,K,,,,,,,,,fits,solve-from-canonical-instance,,,,,,insufficient,,,0,,
,,,,,explicit-hopcroft-karp,,,,,,[],,comb-staircase,"[64,128,256,512,1024,2048,4096,8192]",,,M,,0.36976972893691207,"[-0.3724345789463435,1.9673414131758298]",,,,0.15632271269960052,,fits,solve-from-canonical-instance,,,,,,estimated,,1.8421550747037838,8,,
,,,,,compact-mrd,,,,,,[],,dense-conflict,"[64,128,256,512,1024]",,,N,,,,,,,,,fits,representation-and-solver-kernel,,,,,,insufficient,,,5,,
,,,,,compact-mrd,,,,,,[],,dense-conflict,"[64,128,256,512,1024]",,,B,,,,,,,,,fits,representation-and-solver-kernel,,,,,,insufficient,,,5,,
,,,,,compact-mrd,,,,,,[],,dense-conflict,"[64,128,256,512,1024]",,,q,,,,,,,,,fits,representation-and-solver-kernel,,,,,,insufficient,,,5,,
,,,,,compact-mrd,,,,,,[],,dense-conflict,"[64,128,256,512,1024]",,,K,,,,,,,,,fits,representation-and-solver-kernel,,,,,,insufficient,,,5,,
,,,,,compact-mrd,,,,,,[],,dense-conflict,"[64,128,256,512,1024]",,,M,,,,,,,,,fits,representation-and-solver-kernel,,,,,,insufficient,,,5,,
,,,,,explicit-c0-flow,,,,,,[],,dense-conflict,"[64,128,256,512,1024]",,,N,,,,,,,,,fits,representation-and-solver-kernel,,,,,,insufficient,,,5,,
,,,,,explicit-c0-flow,,,,,,[],,dense-conflict,"[64,128,256,512,1024]",,,B,,,,,,,,,fits,representation-and-solver-kernel,,,,,,insufficient,,,5,,
,,,,,explicit-c0-flow,,,,,,[],,dense-conflict,"[64,128,256,512,1024]",,,q,,,,,,,,,fits,representation-and-solver-kernel,,,,,,insufficient,,,5,,
,,,,,explicit-c0-flow,,,,,,[],,dense-conflict,"[64,128,256,512,1024]",,,K,,,,,,,,,fits,representation-and-solver-kernel,,,,,,insufficient,,,5,,
,,,,,explicit-c0-flow,,,,,,[],,dense-conflict,"[64,128,256,512,1024]",,,M,,,,,,,,,fits,representation-and-solver-kernel,,,,,,insufficient,,,5,,
,,,,,explicit-hopcroft-karp,,,,,,[],,dense-conflict,"[64,128,256,512,1024]",,,N,,,,,,,,,fits,representation-and-solver-kernel,,,,,,insufficient,,,5,,
,,,,,explicit-hopcroft-karp,,,,,,[],,dense-conflict,"[64,128,256,512,1024]",,,B,,,,,,,,,fits,representation-and-solver-kernel,,,,,,insufficient,,,5,,
,,,,,explicit-hopcroft-karp,,,,,,[],,dense-conflict,"[64,128,256,512,1024]",,,q,,,,,,,,,fits,representation-and-solver-kernel,,,,,,insufficient,,,5,,
,,,,,explicit-hopcroft-karp,,,,,,[],,dense-conflict,"[64,128,256,512,1024]",,,K,,,,,,,,,fits,representation-and-solver-kernel,,,,,,insufficient,,,5,,
,,,,,explicit-hopcroft-karp,,,,,,[],,dense-conflict,"[64,128,256,512,1024]",,,M,,,,,,,,,fits,representation-and-solver-kernel,,,,,,insufficient,,,5,,
,,,,,compact-mrd,,,,,,[],,dense-conflict,"[64,128,256,512,1024]",,,N,,,,,,,,,fits,solve-from-canonical-instance,,,,,,insufficient,,,5,,
,,,,,compact-mrd,,,,,,[],,dense-conflict,"[64,128,256,512,1024]",,,B,,,,,,,,,fits,solve-from-canonical-instance,,,,,,insufficient,,,5,,
,,,,,compact-mrd,,,,,,[],,dense-conflict,"[64,128,256,512,1024]",,,q,,,,,,,,,fits,solve-from-canonical-instance,,,,,,insufficient,,,5,,
,,,,,compact-mrd,,,,,,[],,dense-conflict,"[64,128,256,512,1024]",,,K,,,,,,,,,fits,solve-from-canonical-instance,,,,,,insufficient,,,5,,
,,,,,compact-mrd,,,,,,[],,dense-conflict,"[64,128,256,512,1024]",,,M,,,,,,,,,fits,solve-from-canonical-instance,,,,,,insufficient,,,5,,
,,,,,explicit-c0-flow,,,,,,[],,dense-conflict,"[64,128,256,512,1024]",,,N,,,,,,,,,fits,solve-from-canonical-instance,,,,,,insufficient,,,5,,
,,,,,explicit-c0-flow,,,,,,[],,dense-conflict,"[64,128,256,512,1024]",,,B,,,,,,,,,fits,solve-from-canonical-instance,,,,,,insufficient,,,5,,
,,,,,explicit-c0-flow,,,,,,[],,dense-conflict,"[64,128,256,512,1024]",,,q,,,,,,,,,fits,solve-from-canonical-instance,,,,,,insufficient,,,5,,
,,,,,explicit-c0-flow,,,,,,[],,dense-conflict,"[64,128,256,512,1024]",,,K,,,,,,,,,fits,solve-from-canonical-instance,,,,,,insufficient,,,5,,
,,,,,explicit-c0-flow,,,,,,[],,dense-conflict,"[64,128,256,512,1024]",,,M,,,,,,,,,fits,solve-from-canonical-instance,,,,,,insufficient,,,5,,
,,,,,explicit-hopcroft-karp,,,,,,[],,dense-conflict,"[64,128,256,512,1024]",,,N,,,,,,,,,fits,solve-from-canonical-instance,,,,,,insufficient,,,5,,
,,,,,explicit-hopcroft-karp,,,,,,[],,dense-conflict,"[64,128,256,512,1024]",,,B,,,,,,,,,fits,solve-from-canonical-instance,,,,,,insufficient,,,5,,
,,,,,explicit-hopcroft-karp,,,,,,[],,dense-conflict,"[64,128,256,512,1024]",,,q,,,,,,,,,fits,solve-from-canonical-instance,,,,,,insufficient,,,5,,
,,,,,explicit-hopcroft-karp,,,,,,[],,dense-conflict,"[64,128,256,512,1024]",,,K,,,,,,,,,fits,solve-from-canonical-instance,,,,,,insufficient,,,5,,
,,,,,explicit-hopcroft-karp,,,,,,[],,dense-conflict,"[64,128,256,512,1024]",,,M,,,,,,,,,fits,solve-from-canonical-instance,,,,,,insufficient,,,5,,
,,,,,compact-mrd,,,,,,[],,random-connected,"[64,128,256,512,1024,2048,4096,8192]",,,N,,0.7037558203315504,"[0.5637312767756554,0.8465858851141653]",,,,0.9483203590621774,,fits,representation-and-solver-kernel,,,,,,estimated,,0.7372695483024682,8,,
,,,,,compact-mrd,,,,,,[],,random-connected,"[64,128,256,512,1024,2048,4096,8192]",,,B,,1.3665240803895715,"[1.1849509972077195,1.5034924976525237]",,,,0.981357145945258,,fits,representation-and-solver-kernel,,,,,,estimated,,1.3965475096435251,8,,
,,,,,compact-mrd,,,,,,[],,random-connected,"[64,128,256,512,1024,2048,4096,8192]",,,q,,1.3397788065854919,"[1.2535154260617338,1.401253891358829]",,,,0.9962298807124519,,fits,representation-and-solver-kernel,,,,,,estimated,,1.3189748876055654,8,,
,,,,,compact-mrd,,,,,,[],,random-connected,"[64,128,256,512,1024,2048,4096,8192]",,,K,,0.6903478529272511,"[0.6477792753951145,0.7272166793759877]",,,,0.9962716467547487,,fits,representation-and-solver-kernel,,,,,,estimated,,0.703043098388433,8,,
,,,,,compact-mrd,,,,,,[],,random-connected,"[64,128,256,512,1024,2048,4096,8192]",,,M,,1.0656601084935349,"[1.0181540253057675,1.1124198522236601]",,,,0.9970973333494899,,fits,representation-and-solver-kernel,,,,,,estimated,,1.027263515237559,8,,
,,,,,explicit-c0-flow,,,,,,[],,random-connected,"[64,128,256,512,1024,2048,4096,8192]",,,N,,1.0071898704059212,"[0.8055989030074165,1.197826005571093]",,,,0.9525286197523922,,fits,representation-and-solver-kernel,,,,,,estimated,,1.0907794583891213,8,,
,,,,,explicit-c0-flow,,,,,,[],,random-connected,"[64,128,256,512,1024,2048,4096,8192]",,,B,,1.9507839046699482,"[1.68213274848875,2.177986782014999]",,,,0.9807427316948628,,fits,representation-and-solver-kernel,,,,,,estimated,,1.9844060268235455,8,,
,,,,,explicit-c0-flow,,,,,,[],,random-connected,"[64,128,256,512,1024,2048,4096,8192]",,,q,,1.9093623557402757,"[1.747320731102495,2.0419242458528517]",,,,0.9922345109990827,,fits,representation-and-solver-kernel,,,,,,estimated,,1.8833325028994536,8,,
,,,,,explicit-c0-flow,,,,,,[],,random-connected,"[64,128,256,512,1024,2048,4096,8192]",,,K,,0.9870037779862705,"[0.942857552202381,1.0211445332314975]",,,,0.998673908650884,,fits,representation-and-solver-kernel,,,,,,estimated,,0.9848581497978716,8,,
,,,,,explicit-c0-flow,,,,,,[],,random-connected,"[64,128,256,512,1024,2048,4096,8192]",,,M,,1.5205853417482247,"[1.4120075022038348,1.591138199789099]",,,,0.9955566921907613,,fits,representation-and-solver-kernel,,,,,,estimated,,1.5374934875504729,8,,
,,,,,explicit-hopcroft-karp,,,,,,[],,random-connected,"[64,128,256,512,1024,2048,4096,8192]",,,N,,0.8407411386808794,"[0.6575212360434666,1.0030771925771402]",,,,0.958691683003687,,fits,representation-and-solver-kernel,,,,,,estimated,,0.8513266150787336,8,,
,,,,,explicit-hopcroft-karp,,,,,,[],,random-connected,"[64,128,256,512,1024,2048,4096,8192]",,,B,,1.6215195586310247,"[1.353852018245061,1.8430228482916047]",,,,0.9787689454234385,,fits,representation-and-solver-kernel,,,,,,estimated,,1.6045211532472745,8,,
,,,,,explicit-hopcroft-karp,,,,,,[],,random-connected,"[64,128,256,512,1024,2048,4096,8192]",,,q,,1.5841158916457052,"[1.3742956250956564,1.7297375351474324]",,,,0.9865305658945466,,fits,representation-and-solver-kernel,,,,,,estimated,,1.5657262585005312,8,,
,,,,,explicit-hopcroft-karp,,,,,,[],,random-connected,"[64,128,256,512,1024,2048,4096,8192]",,,K,,0.8136035100739162,"[0.6755935006321556,0.9244485194744202]",,,,0.9801910403984773,,fits,representation-and-solver-kernel,,,,,,estimated,,0.8105637931610624,8,,
,,,,,explicit-hopcroft-karp,,,,,,[],,random-connected,"[64,128,256,512,1024,2048,4096,8192]",,,M,,1.2555892077693651,"[1.064654720438995,1.4131181676036024]",,,,0.9804796241740529,,fits,representation-and-solver-kernel,,,,,,estimated,,1.232987132787378,8,,
,,,,,compact-mrd,,,,,,[],,random-connected,"[64,128,256,512,1024,2048,4096,8192]",,,N,,0.8520874176775043,"[0.7831145046668848,0.9133318755404835]",,,,0.9933312190399566,,fits,solve-from-canonical-instance,,,,,,estimated,,0.8689634540309092,8,,
,,,,,compact-mrd,,,,,,[],,random-connected,"[64,128,256,512,1024,2048,4096,8192]",,,B,,1.6294443809162074,"[1.5397523917772489,1.6863371699017982]",,,,0.9969796602366874,,fits,solve-from-canonical-instance,,,,,,estimated,,1.6387253064332938,8,,
,,,,,compact-mrd,,,,,,[],,random-connected,"[64,128,256,512,1024,2048,4096,8192]",,,q,,1.5768136701648419,"[1.4105324702135273,1.7006769757716518]",,,,0.9859816095607041,,fits,solve-from-canonical-instance,,,,,,estimated,,1.5806647518704124,8,,
,,,,,compact-mrd,,,,,,[],,random-connected,"[64,128,256,512,1024,2048,4096,8192]",,,K,,0.8076141113589209,"[0.707253499420519,0.9327461916670958]",,,,0.9742363205232647,,fits,solve-from-canonical-instance,,,,,,estimated,,0.7946987652724591,8,,
,,,,,compact-mrd,,,,,,[],,random-connected,"[64,128,256,512,1024,2048,4096,8192]",,,M,,1.248433682332177,"[1.093865682277136,1.4036330116404685]",,,,0.9777904625753665,,fits,solve-from-canonical-instance,,,,,,estimated,,1.2268611246928474,8,,
,,,,,explicit-c0-flow,,,,,,[],,random-connected,"[64,128,256,512,1024,2048,4096,8192]",,,N,,0.9089015200410033,"[0.8378434939667756,0.9720916910076035]",,,,0.9935462991915207,,fits,solve-from-canonical-instance,,,,,,estimated,,0.9208896103773472,8,,
,,,,,explicit-c0-flow,,,,,,[],,random-connected,"[64,128,256,512,1024,2048,4096,8192]",,,B,,1.7377405018673624,"[1.6361982425273776,1.7986591553877904]",,,,0.9967947304853296,,fits,solve-from-canonical-instance,,,,,,estimated,,1.742317476108581,8,,
,,,,,explicit-c0-flow,,,,,,[],,random-connected,"[64,128,256,512,1024,2048,4096,8192]",,,q,,1.6814066107970114,"[1.502891518642554,1.8138494160308978]",,,,0.9855581037909221,,fits,solve-from-canonical-instance,,,,,,estimated,,1.7062981125151824,8,,
,,,,,explicit-c0-flow,,,,,,[],,random-connected,"[64,128,256,512,1024,2048,4096,8192]",,,K,,0.8614310495890536,"[0.7577061808740944,0.9962998643309888]",,,,0.9743752239116293,,fits,solve-from-canonical-instance,,,,,,estimated,,0.8409357935552366,8,,
,,,,,explicit-c0-flow,,,,,,[],,random-connected,"[64,128,256,512,1024,2048,4096,8192]",,,M,,1.3313798729925912,"[1.1679248070462804,1.4974762445767096]",,,,0.9775691485824849,,fits,solve-from-canonical-instance,,,,,,estimated,,1.3072928397519856,8,,
,,,,,explicit-hopcroft-karp,,,,,,[],,random-connected,"[64,128,256,512,1024,2048,4096,8192]",,,N,,0.8826773062067169,"[0.8446941661076709,0.916796795902995]",,,,0.9981437483847294,,fits,solve-from-canonical-instance,,,,,,estimated,,0.8854734594511865,8,,
,,,,,explicit-hopcroft-karp,,,,,,[],,random-connected,"[64,128,256,512,1024,2048,4096,8192]",,,B,,1.6816286041045685,"[1.5538143293869595,1.7537718677302414]",,,,0.9943305367491876,,fits,solve-from-canonical-instance,,,,,,estimated,,1.7068166746533273,8,,
,,,,,explicit-hopcroft-karp,,,,,,[],,random-connected,"[64,128,256,512,1024,2048,4096,8192]",,,q,,1.6218248860143272,"[1.4183612140458695,1.8039061317406508]",,,,0.9767408938169817,,fits,solve-from-canonical-instance,,,,,,estimated,,1.6128372770943167,8,,
,,,,,explicit-hopcroft-karp,,,,,,[],,random-connected,"[64,128,256,512,1024,2048,4096,8192]",,,K,,0.8290596927787112,"[0.7162381178095903,0.9918249242419329]",,,,0.9613720908773014,,fits,solve-from-canonical-instance,,,,,,estimated,,0.7930264355847316,8,,
,,,,,explicit-hopcroft-karp,,,,,,[],,random-connected,"[64,128,256,512,1024,2048,4096,8192]",,,M,,1.282494679715883,"[1.1032339263986846,1.486767121438337]",,,,0.9662497075613256,,fits,solve-from-canonical-instance,,,,,,estimated,,1.2478704337415274,8,,
,,,,,compact-mrd,,,,,,[],,representation-crossover,"[64,128,256,512,1024,2048,4096,8192]",,,N,,0.48553529220584307,"[0.4801969156988683,0.4901783144709523]",,,,0.9998579600869805,,fits,representation-and-solver-kernel,,,,,,estimated,,0.4860831177069551,8,,
,,,,,compact-mrd,,,,,,[],,representation-crossover,"[64,128,256,512,1024,2048,4096,8192]",,,B,,0.900701273586067,"[0.873640178290382,0.9313859416101761]",,,,0.9992076638330681,,fits,representation-and-solver-kernel,,,,,,estimated,,0.9087873183545188,8,,
,,,,,compact-mrd,,,,,,[],,representation-crossover,"[64,128,256,512,1024,2048,4096,8192]",,,q,,0.8908417525138057,"[0.8604371947174435,0.9249138666922181]",,,,0.9990057026189307,,fits,representation-and-solver-kernel,,,,,,estimated,,0.901244558965841,8,,
,,,,,compact-mrd,,,,,,[],,representation-crossover,"[64,128,256,512,1024,2048,4096,8192]",,,K,,0.44542087625690296,"[0.43021859735872175,0.46245693334610904]",,,,0.9990057026189307,,fits,representation-and-solver-kernel,,,,,,estimated,,0.4506222794829205,8,,
,,,,,compact-mrd,,,,,,[],,representation-crossover,"[64,128,256,512,1024,2048,4096,8192]",,,M,,0.900701273586067,"[0.873640178290382,0.9313859416101761]",,,,0.9992076638330681,,fits,representation-and-solver-kernel,,,,,,estimated,,0.9087873183545188,8,,
,,,,,explicit-c0-flow,,,,,,[],,representation-crossover,"[64,128,256,512,1024,2048,4096,8192]",,,N,,1.138191865544647,"[1.1170914461915924,1.1561917397760895]",,,,0.9997395841684911,,fits,representation-and-solver-kernel,,,,,,estimated,,1.1340731679575546,8,,
,,,,,explicit-c0-flow,,,,,,[],,representation-crossover,"[64,128,256,512,1024,2048,4096,8192]",,,B,,2.112223125898601,"[2.0798789191239706,2.1362602472839822]",,,,0.9998457847275651,,fits,representation-and-solver-kernel,,,,,,estimated,,2.110142446807626,8,,
,,,,,explicit-c0-flow,,,,,,[],,representation-crossover,"[64,128,256,512,1024,2048,4096,8192]",,,q,,2.089222156348533,"[2.048179548305761,2.1197263203450745]",,,,0.9997589869014768,,fits,representation-and-solver-kernel,,,,,,estimated,,2.0914224528676093,8,,
,,,,,explicit-c0-flow,,,,,,[],,representation-crossover,"[64,128,256,512,1024,2048,4096,8192]",,,K,,1.0446110781742668,"[1.0240897741528805,1.0598631601725372]",,,,0.9997589869014768,,fits,representation-and-solver-kernel,,,,,,estimated,,1.0457112264338047,8,,
,,,,,explicit-c0-flow,,,,,,[],,representation-crossover,"[64,128,256,512,1024,2048,4096,8192]",,,M,,2.112223125898601,"[2.0798789191239706,2.1362602472839822]",,,,0.9998457847275651,,fits,representation-and-solver-kernel,,,,,,estimated,,2.110142446807626,8,,
,,,,,explicit-hopcroft-karp,,,,,,[],,representation-crossover,"[64,128,256,512,1024,2048,4096,8192]",,,N,,1.330462987891242,"[1.2605513414631544,1.3890867948473082]",,,,0.9983633306506386,,fits,representation-and-solver-kernel,,,,,,estimated,,1.320489928834149,8,,
,,,,,explicit-hopcroft-karp,,,,,,[],,representation-crossover,"[64,128,256,512,1024,2048,4096,8192]",,,B,,2.4659781190182914,"[2.2710821566270925,2.6482860935326857]",,,,0.9959991416235526,,fits,representation-and-solver-kernel,,,,,,estimated,,2.457503846553374,8,,
,,,,,explicit-hopcroft-karp,,,,,,[],,representation-crossover,"[64,128,256,512,1024,2048,4096,8192]",,,q,,2.438666205329715,"[2.2357808187370014,2.630177995574703]",,,,0.9955380964721946,,fits,representation-and-solver-kernel,,,,,,estimated,,2.431598841883898,8,,
,,,,,explicit-hopcroft-karp,,,,,,[],,representation-crossover,"[64,128,256,512,1024,2048,4096,8192]",,,K,,1.2193331026648577,"[1.117890409368501,1.3150889977873514]",,,,0.9955380964721946,,fits,representation-and-solver-kernel,,,,,,estimated,,1.2157994209419494,8,,
,,,,,explicit-hopcroft-karp,,,,,,[],,representation-crossover,"[64,128,256,512,1024,2048,4096,8192]",,,M,,2.4659781190182914,"[2.2710821566270925,2.6482860935326857]",,,,0.9959991416235526,,fits,representation-and-solver-kernel,,,,,,estimated,,2.457503846553374,8,,
,,,,,compact-mrd,,,,,,[],,representation-crossover,"[64,128,256,512,1024,2048,4096,8192]",,,N,,1.0174929229011038,"[1.0006855132472794,1.0327768713074907]",,,,0.9997727470487,,fits,solve-from-canonical-instance,,,,,,estimated,,1.015406094029871,8,,
,,,,,compact-mrd,,,,,,[],,representation-crossover,"[64,128,256,512,1024,2048,4096,8192]",,,B,,1.8872475017125,"[1.8083404085325772,1.9635047432974566]",,,,0.9988349224908716,,fits,solve-from-canonical-instance,,,,,,estimated,,1.8955105507460952,8,,
,,,,,compact-mrd,,,,,,[],,representation-crossover,"[64,128,256,512,1024,2048,4096,8192]",,,q,,1.8665480464413577,"[1.7811934951925634,1.9499641340395146]",,,,0.9985894750619851,,fits,solve-from-canonical-instance,,,,,,estimated,,1.876993552196267,8,,
,,,,,compact-mrd,,,,,,[],,representation-crossover,"[64,128,256,512,1024,2048,4096,8192]",,,K,,0.9332740232206789,"[0.8905967475962817,0.9749820670197575]",,,,0.9985894750619851,,fits,solve-from-canonical-instance,,,,,,estimated,,0.9384967760981338,8,,
,,,,,compact-mrd,,,,,,[],,representation-crossover,"[64,128,256,512,1024,2048,4096,8192]",,,M,,1.8872475017125,"[1.8083404085325772,1.9635047432974566]",,,,0.9988349224908716,,fits,solve-from-canonical-instance,,,,,,estimated,,1.8955105507460952,8,,
,,,,,explicit-c0-flow,,,,,,[],,representation-crossover,"[64,128,256,512,1024,2048,4096,8192]",,,N,,1.0281301813050918,"[1.015621141178559,1.0374873779814051]",,,,0.9998913475205453,,fits,solve-from-canonical-instance,,,,,,estimated,,1.0269900890883865,8,,
,,,,,explicit-c0-flow,,,,,,[],,representation-crossover,"[64,128,256,512,1024,2048,4096,8192]",,,B,,1.907093846592842,"[1.8365017150950653,1.9768911136912324]",,,,0.9990753038185974,,fits,solve-from-canonical-instance,,,,,,estimated,,1.9091277530505542,8,,
,,,,,explicit-c0-flow,,,,,,[],,representation-crossover,"[64,128,256,512,1024,2048,4096,8192]",,,q,,1.8861945180229542,"[1.8083965207691304,1.9635893861337053]",,,,0.9988486523656123,,fits,solve-from-canonical-instance,,,,,,estimated,,1.8903580856054905,8,,
,,,,,explicit-c0-flow,,,,,,[],,representation-crossover,"[64,128,256,512,1024,2048,4096,8192]",,,K,,0.9430972590114771,"[0.9041982603845652,0.9817946930668526]",,,,0.9988486523656123,,fits,solve-from-canonical-instance,,,,,,estimated,,0.9451790428027455,8,,
,,,,,explicit-c0-flow,,,,,,[],,representation-crossover,"[64,128,256,512,1024,2048,4096,8192]",,,M,,1.907093846592842,"[1.8365017150950653,1.9768911136912324]",,,,0.9990753038185974,,fits,solve-from-canonical-instance,,,,,,estimated,,1.9091277530505542,8,,
,,,,,explicit-hopcroft-karp,,,,,,[],,representation-crossover,"[64,128,256,512,1024,2048,4096,8192]",,,N,,1.01923283488987,"[1.0032131181763546,1.0319799614426186]",,,,0.9998310731796388,,fits,solve-from-canonical-instance,,,,,,estimated,,1.0178593431258172,8,,
,,,,,explicit-hopcroft-karp,,,,,,[],,representation-crossover,"[64,128,256,512,1024,2048,4096,8192]",,,B,,1.8904611226008605,"[1.8139386725011548,1.9665224993812214]",,,,0.9988788529781493,,fits,solve-from-canonical-instance,,,,,,estimated,,1.8913081937830372,8,,
,,,,,explicit-hopcroft-karp,,,,,,[],,representation-crossover,"[64,128,256,512,1024,2048,4096,8192]",,,q,,1.8697248783092206,"[1.7860610701191468,1.953224568217607]",,,,0.9986317477680654,,fits,solve-from-canonical-instance,,,,,,estimated,,1.8713777725254186,8,,
,,,,,explicit-hopcroft-karp,,,,,,[],,representation-crossover,"[64,128,256,512,1024,2048,4096,8192]",,,K,,0.9348624391546103,"[0.8930305350595734,0.9766122841088036]",,,,0.9986317477680654,,fits,solve-from-canonical-instance,,,,,,estimated,,0.9356888862627094,8,,
,,,,,explicit-hopcroft-karp,,,,,,[],,representation-crossover,"[64,128,256,512,1024,2048,4096,8192]",,,M,,1.8904611226008605,"[1.8139386725011548,1.9665224993812214]",,,,0.9988788529781493,,fits,solve-from-canonical-instance,,,,,,estimated,,1.8913081937830372,8,,
,,,,,compact-mrd,,,,,,[],,sparse-conflict,"[64,128,256,512,1024,2048,4096,8192]",,,N,,1.013771297771039,"[0.9880413976362465,1.0500157670330597]",,,,0.9989369751356676,,fits,representation-and-solver-kernel,,,,,,estimated,,1.0177033832298692,8,,
,,,,,compact-mrd,,,,,,[],,sparse-conflict,"[64,128,256,512,1024,2048,4096,8192]",,,B,,1.014808310724233,"[0.9896970009948508,1.0504044574127593]",,,,0.998970362902288,,fits,representation-and-solver-kernel,,,,,,estimated,,1.0181334003614009,8,,
,,,,,compact-mrd,,,,,,[],,sparse-conflict,"[64,128,256,512,1024,2048,4096,8192]",,,q,,1.006404699928888,"[0.9765560093716704,1.04692602530888]",,,,0.9986750326412773,,fits,representation-and-solver-kernel,,,,,,estimated,,1.013809597629148,8,,
,,,,,compact-mrd,,,,,,"[64,128,256,512,1024,2048,4096,8192]",,sparse-conflict,[],,,K,,,,,,,,,fits,representation-and-solver-kernel,,,,,,insufficient,,,0,,
,,,,,compact-mrd,,,,,,[],,sparse-conflict,"[64,128,256,512,1024,2048,4096,8192]",,,M,,1.0092336360880747,"[0.9808750922543179,1.048027481725121]",,,,0.9987808092140514,,fits,representation-and-solver-kernel,,,,,,estimated,,1.0158334201627186,8,,
,,,,,explicit-c0-flow,,,,,,[],,sparse-conflict,"[64,128,256,512,1024,2048,4096,8192]",,,N,,0.9305170295074164,"[0.9000506793032897,0.9590144104299874]",,,,0.9991268259449564,,fits,representation-and-solver-kernel,,,,,,estimated,,0.9428956494123504,8,,
,,,,,explicit-c0-flow,,,,,,[],,sparse-conflict,"[64,128,256,512,1024,2048,4096,8192]",,,B,,0.9314698971141231,"[0.901634523681071,0.9593528247408443]",,,,0.9991624031675388,,fits,representation-and-solver-kernel,,,,,,estimated,,0.9433318087373423,8,,
,,,,,explicit-c0-flow,,,,,,[],,sparse-conflict,"[64,128,256,512,1024,2048,4096,8192]",,,q,,0.9237482866925034,"[0.8890471542899063,0.9567063135076805]",,,,0.9988494478477172,,fits,representation-and-solver-kernel,,,,,,estimated,,0.9398399346018659,8,,
,,,,,explicit-c0-flow,,,,,,"[64,128,256,512,1024,2048,4096,8192]",,sparse-conflict,[],,,K,,,,,,,,,fits,representation-and-solver-kernel,,,,,,insufficient,,,0,,
,,,,,explicit-c0-flow,,,,,,[],,sparse-conflict,"[64,128,256,512,1024,2048,4096,8192]",,,M,,0.9263476098082808,"[0.8932149662762326,0.9576057128366727]",,,,0.9989611278460734,,fits,representation-and-solver-kernel,,,,,,estimated,,0.9410045555288425,8,,
,,,,,explicit-hopcroft-karp,,,,,,[],,sparse-conflict,"[64,128,256,512,1024,2048,4096,8192]",,,N,,0.8677570106040885,"[0.8071922959216326,0.926715429754011]",,,,0.996739227213207,,fits,representation-and-solver-kernel,,,,,,estimated,,0.8691288443877715,8,,
,,,,,explicit-hopcroft-karp,,,,,,[],,sparse-conflict,"[64,128,256,512,1024,2048,4096,8192]",,,B,,0.8686596892977386,"[0.8086635382672643,0.9270322268570648]",,,,0.9968070301271145,,fits,representation-and-solver-kernel,,,,,,estimated,,0.8697127763443729,8,,
,,,,,explicit-hopcroft-karp,,,,,,[],,sparse-conflict,"[64,128,256,512,1024,2048,4096,8192]",,,q,,0.861345277571059,"[0.7970449213928276,0.9244911587918274]",,,,0.9962322946609352,,fits,representation-and-solver-kernel,,,,,,estimated,,0.8650272357028352,8,,
,,,,,explicit-hopcroft-karp,,,,,,"[64,128,256,512,1024,2048,4096,8192]",,sparse-conflict,[],,,K,,,,,,,,,fits,representation-and-solver-kernel,,,,,,insufficient,,,0,,
,,,,,explicit-hopcroft-karp,,,,,,[],,sparse-conflict,"[64,128,256,512,1024,2048,4096,8192]",,,M,,0.8638073997407971,"[0.8007659582287963,0.9253398876300477]",,,,0.9964322578665408,,fits,representation-and-solver-kernel,,,,,,estimated,,0.8665926853023352,8,,
,,,,,compact-mrd,,,,,,[],,sparse-conflict,"[64,128,256,512,1024,2048,4096,8192]",,,N,,1.0490638838625557,"[1.0364601580587685,1.0634825438308813]",,,,0.9998196967823104,,fits,solve-from-canonical-instance,,,,,,estimated,,1.0427227033070665,8,,
,,,,,compact-mrd,,,,,,[],,sparse-conflict,"[64,128,256,512,1024,2048,4096,8192]",,,B,,1.0501250811698093,"[1.038191003942061,1.0638962671506504]",,,,0.9998304207666644,,fits,solve-from-canonical-instance,,,,,,estimated,,1.043790246692287,8,,
,,,,,compact-mrd,,,,,,[],,sparse-conflict,"[64,128,256,512,1024,2048,4096,8192]",,,q,,1.0415258249528856,"[1.0238975465238047,1.0604336223736457]",,,,0.9997206801783339,,fits,solve-from-canonical-instance,,,,,,estimated,,1.039140800894399,8,,
,,,,,compact-mrd,,,,,,"[64,128,256,512,1024,2048,4096,8192]",,sparse-conflict,[],,,K,,,,,,,,,fits,solve-from-canonical-instance,,,,,,insufficient,,,0,,
,,,,,compact-mrd,,,,,,[],,sparse-conflict,"[64,128,256,512,1024,2048,4096,8192]",,,M,,1.044420536910455,"[1.028802220467031,1.0614768811445843]",,,,0.9997634893535317,,fits,solve-from-canonical-instance,,,,,,estimated,,1.0403245604549516,8,,
,,,,,explicit-c0-flow,,,,,,[],,sparse-conflict,"[64,128,256,512,1024,2048,4096,8192]",,,N,,1.0488793890644514,"[1.0364812160702601,1.063093059869643]",,,,0.9998190835814682,,fits,solve-from-canonical-instance,,,,,,estimated,,1.0425506277869694,8,,
,,,,,explicit-c0-flow,,,,,,[],,sparse-conflict,"[64,128,256,512,1024,2048,4096,8192]",,,B,,1.0499401600365483,"[1.038143243158328,1.06353528110446]",,,,0.9998293510272799,,fits,solve-from-canonical-instance,,,,,,estimated,,1.0437149173508842,8,,
,,,,,explicit-c0-flow,,,,,,[],,sparse-conflict,"[64,128,256,512,1024,2048,4096,8192]",,,q,,1.041344353159831,"[1.0241728165608677,1.0599212466092274]",,,,0.9997233259887532,,fits,solve-from-canonical-instance,,,,,,estimated,,1.0370092832644744,8,,
,,,,,explicit-c0-flow,,,,,,"[64,128,256,512,1024,2048,4096,8192]",,sparse-conflict,[],,,K,,,,,,,,,fits,solve-from-canonical-instance,,,,,,insufficient,,,0,,
,,,,,explicit-c0-flow,,,,,,[],,sparse-conflict,"[64,128,256,512,1024,2048,4096,8192]",,,M,,1.04423790537928,"[1.0290022649624269,1.0610257061993944]",,,,0.999764880352846,,fits,solve-from-canonical-instance,,,,,,estimated,,1.0387720052631149,8,,
,,,,,explicit-hopcroft-karp,,,,,,[],,sparse-conflict,"[64,128,256,512,1024,2048,4096,8192]",,,N,,1.0506575305245676,"[1.0381047660091207,1.064696072807279]",,,,0.999823315536283,,fits,solve-from-canonical-instance,,,,,,estimated,,1.045102300556203,8,,
,,,,,explicit-hopcroft-karp,,,,,,[],,sparse-conflict,"[64,128,256,512,1024,2048,4096,8192]",,,B,,1.0517201038180342,"[1.0398024006687703,1.0651198392950358]",,,,0.9998335906696209,,fits,solve-from-canonical-instance,,,,,,estimated,,1.0459683781736957,8,,
,,,,,explicit-hopcroft-karp,,,,,,[],,sparse-conflict,"[64,128,256,512,1024,2048,4096,8192]",,,q,,1.0431096862073976,"[1.0258130346397358,1.0614807778341273]",,,,0.99972749152881,,fits,solve-from-canonical-instance,,,,,,estimated,,1.0394133737599063,8,,
,,,,,explicit-hopcroft-karp,,,,,,"[64,128,256,512,1024,2048,4096,8192]",,sparse-conflict,[],,,K,,,,,,,,,fits,solve-from-canonical-instance,,,,,,insufficient,,,0,,
,,,,,explicit-hopcroft-karp,,,,,,[],,sparse-conflict,"[64,128,256,512,1024,2048,4096,8192]",,,M,,1.0460081582501615,"[1.0305785080799041,1.0626147590504498]",,,,0.9997690738710626,,fits,solve-from-canonical-instance,,,,,,estimated,,1.0409888959633231,8,,
,,,,,compact-mrd,,,,,,[],,supported-holes,"[64,128,256,512,1024,2048,4096,8192]",,,N,,1.0285496420731548,"[0.989320049788412,1.0639482223760592]",,,,0.9981409988066852,,fits,representation-and-solver-kernel,,,,,,estimated,,1.0367675932908926,8,,
,,,,,compact-mrd,,,,,,[],,supported-holes,"[64,128,256,512,1024,2048,4096,8192]",,,B,,1.0239179277846329,"[0.9844184354347139,1.0611123955653425]",,,,0.998087711828949,,fits,representation-and-solver-kernel,,,,,,estimated,,1.0295107454119312,8,,
,,,,,compact-mrd,,,,,,[],,supported-holes,"[64,128,256,512,1024,2048,4096,8192]",,,q,,1.0183460609958135,"[0.9789056209149132,1.0579658791839854]",,,,0.9980019112188562,,fits,representation-and-solver-kernel,,,,,,estimated,,1.0239415283273243,8,,
,,,,,compact-mrd,,,,,,"[64,128,256,512,1024,2048,4096,8192]",,supported-holes,[],,,K,,,,,,,,,fits,representation-and-solver-kernel,,,,,,insufficient,,,0,,
,,,,,compact-mrd,,,,,,[],,supported-holes,"[64,128,256,512,1024,2048,4096,8192]",,,M,,1.0197492876625573,"[0.9802987914748318,1.0587283530915577]",,,,0.9980257876111323,,fits,representation-and-solver-kernel,,,,,,estimated,,1.025855831124122,8,,
,,,,,explicit-c0-flow,,,,,,[],,supported-holes,"[64,128,256,512,1024,2048,4096,8192]",,,N,,0.9621980932214033,"[0.9412588611409608,0.9818651308855884]",,,,0.999663333788551,,fits,representation-and-solver-kernel,,,,,,estimated,,0.9637802131975962,8,,
,,,,,explicit-c0-flow,,,,,,[],,supported-holes,"[64,128,256,512,1024,2048,4096,8192]",,,B,,0.9578411204090226,"[0.9338870723130908,0.980373917497328]",,,,0.9995597708304803,,fits,representation-and-solver-kernel,,,,,,estimated,,0.9606902932606348,8,,
,,,,,explicit-c0-flow,,,,,,[],,supported-holes,"[64,128,256,512,1024,2048,4096,8192]",,,q,,0.9526001579339748,"[0.9250734765101505,0.9786054890010952]",,,,0.999413691919731,,fits,representation-and-solver-kernel,,,,,,estimated,,0.9570212960174005,8,,
,,,,,explicit-c0-flow,,,,,,"[64,128,256,512,1024,2048,4096,8192]",,supported-holes,[],,,K,,,,,,,,,fits,representation-and-solver-kernel,,,,,,insufficient,,,0,,
,,,,,explicit-c0-flow,,,,,,[],,supported-holes,"[64,128,256,512,1024,2048,4096,8192]",,,M,,0.9539200082729256,"[0.9272911180751772,0.9790482189175949]",,,,0.9994527271495038,,fits,representation-and-solver-kernel,,,,,,estimated,,0.9579403223138445,8,,
,,,,,explicit-hopcroft-karp,,,,,,[],,supported-holes,"[64,128,256,512,1024,2048,4096,8192]",,,N,,0.9156918544719707,"[0.8722792362964168,0.9556569265144544]",,,,0.9985486500146128,,fits,representation-and-solver-kernel,,,,,,estimated,,0.9209992361227696,8,,
,,,,,explicit-hopcroft-karp,,,,,,[],,supported-holes,"[64,128,256,512,1024,2048,4096,8192]",,,B,,0.9114959366463373,"[0.8654839720250789,0.9541984732747124]",,,,0.9983366974364379,,fits,representation-and-solver-kernel,,,,,,estimated,,0.9180455504190652,8,,
,,,,,explicit-hopcroft-karp,,,,,,[],,supported-holes,"[64,128,256,512,1024,2048,4096,8192]",,,q,,0.9064488303523804,"[0.8574345286700491,0.9524688774188481]",,,,0.9980592640619436,,fits,representation-and-solver-kernel,,,,,,estimated,,0.9145383004870173,8,,
,,,,,explicit-hopcroft-karp,,,,,,"[64,128,256,512,1024,2048,4096,8192]",,supported-holes,[],,,K,,,,,,,,,fits,representation-and-solver-kernel,,,,,,insufficient,,,0,,
,,,,,explicit-hopcroft-karp,,,,,,[],,supported-holes,"[64,128,256,512,1024,2048,4096,8192]",,,M,,0.9077198479747316,"[0.8594571408900061,0.9529018872925404]",,,,0.9981314784332217,,fits,representation-and-solver-kernel,,,,,,estimated,,0.9154168135068613,8,,
,,,,,compact-mrd,,,,,,[],,supported-holes,"[64,128,256,512,1024,2048,4096,8192]",,,N,,1.0503416477752596,"[1.0295092430683679,1.07509014101221]",,,,0.9994263399442964,,fits,solve-from-canonical-instance,,,,,,estimated,,1.0349898091346006,8,,
,,,,,compact-mrd,,,,,,[],,supported-holes,"[64,128,256,512,1024,2048,4096,8192]",,,B,,1.0455961698933185,"[1.0216701949605351,1.0731377377157103]",,,,0.9993431052182126,,fits,solve-from-canonical-instance,,,,,,estimated,,1.0316714742056723,8,,
,,,,,compact-mrd,,,,,,[],,supported-holes,"[64,128,256,512,1024,2048,4096,8192]",,,q,,1.039888129498701,"[1.0121587461758292,1.0710594418988415]",,,,0.9992222066801559,,fits,solve-from-canonical-instance,,,,,,estimated,,1.0289618868711052,8,,
,,,,,compact-mrd,,,,,,"[64,128,256,512,1024,2048,4096,8192]",,supported-holes,[],,,K,,,,,,,,,fits,solve-from-canonical-instance,,,,,,insufficient,,,0,,
,,,,,compact-mrd,,,,,,[],,supported-holes,"[64,128,256,512,1024,2048,4096,8192]",,,M,,1.04132557992775,"[1.0145837909356474,1.0715251690144099]",,,,0.9992548252876476,,fits,solve-from-canonical-instance,,,,,,estimated,,1.0295672977016084,8,,
,,,,,explicit-c0-flow,,,,,,[],,supported-holes,"[64,128,256,512,1024,2048,4096,8192]",,,N,,1.051000611142907,"[1.0272993361890772,1.0781073983599763]",,,,0.9993217395862422,,fits,solve-from-canonical-instance,,,,,,estimated,,1.0348087782571584,8,,
,,,,,explicit-c0-flow,,,,,,[],,supported-holes,"[64,128,256,512,1024,2048,4096,8192]",,,B,,1.046246979044136,"[1.0194515754765507,1.076073699652001]",,,,0.999228624858263,,fits,solve-from-canonical-instance,,,,,,estimated,,1.0315411250075566,8,,
,,,,,explicit-c0-flow,,,,,,[],,supported-holes,"[64,128,256,512,1024,2048,4096,8192]",,,q,,1.0405291632304534,"[1.0099231768086117,1.0740463959917625]",,,,0.9990957905527614,,fits,solve-from-canonical-instance,,,,,,estimated,,1.0276732963147686,8,,
,,,,,explicit-c0-flow,,,,,,"[64,128,256,512,1024,2048,4096,8192]",,supported-holes,[],,,K,,,,,,,,,fits,solve-from-canonical-instance,,,,,,insufficient,,,0,,
,,,,,explicit-c0-flow,,,,,,[],,supported-holes,"[64,128,256,512,1024,2048,4096,8192]",,,M,,1.0419690719865498,"[1.0123096787164634,1.074655540140009]",,,,0.9991314201926598,,fits,solve-from-canonical-instance,,,,,,estimated,,1.0286408733279888,8,,
,,,,,explicit-hopcroft-karp,,,,,,[],,supported-holes,"[64,128,256,512,1024,2048,4096,8192]",,,N,,1.0509984894405242,"[1.0291674775299047,1.0756219242598892]",,,,0.9994362066914312,,fits,solve-from-canonical-instance,,,,,,estimated,,1.0361746261319098,8,,
,,,,,explicit-hopcroft-karp,,,,,,[],,supported-holes,"[64,128,256,512,1024,2048,4096,8192]",,,B,,1.0462487573890666,"[1.0214795678320212,1.073643497056287]",,,,0.9993505134057162,,fits,solve-from-canonical-instance,,,,,,estimated,,1.0328518676530551,8,,
,,,,,explicit-hopcroft-karp,,,,,,[],,supported-holes,"[64,128,256,512,1024,2048,4096,8192]",,,q,,1.0405355923685609,"[1.0118173086544973,1.071517219457446]",,,,0.9992266138585115,,fits,solve-from-canonical-instance,,,,,,estimated,,1.0289063812346735,8,,
,,,,,explicit-hopcroft-karp,,,,,,"[64,128,256,512,1024,2048,4096,8192]",,supported-holes,[],,,K,,,,,,,,,fits,solve-from-canonical-instance,,,,,,insufficient,,,0,,
,,,,,explicit-hopcroft-karp,,,,,,[],,supported-holes,"[64,128,256,512,1024,2048,4096,8192]",,,M,,1.0419743341028975,"[1.0142785592217416,1.07198302890577]",,,,0.9992599927358474,,fits,solve-from-canonical-instance,,,,,,estimated,,1.029894665247552,8,,
,,,,,compact-mrd,,,,,,,,comb-staircase,,,,,,,,,"{""biclique_construction_ns"":625.0,""chord_generation_ns"":null,""chord_selection_ns"":null,""compressed_network_construction_ns"":83.0,""embedding_ns"":83.0,""explicit_conflict_construction_ns"":null,""explicit_network_construction_ns"":null,""geometry_preprocessing_ns"":null,""matching_ns"":null,""max_flow_ns"":541.0,""rectangle_completion_recovery_ns"":null,""verification_ns"":null,""vertex_cover_recovery_ns"":41.0}",,,,phase_decomposition,representation-and-solver-kernel,,,"{""biclique_count"":0,""biclique_total_vertex_occurrences_sigma"":0,""boundary_size_b"":34,""component_count"":1,""compressed_network_arc_count"":7,""compressed_network_node_count"":9,""compressed_size_m"":16,""explicit_conflict_edge_count_k"":0,""foreground_cells_n"":81,""height"":9,""horizontal_chord_count_h"":7,""optimum_rectangle_count"":9,""q"":7,""reflex_count"":15,""vertical_chord_count_v"":0,""width"":17}",,,,64,,,,
,,,,,explicit-c0-flow,,,,,,,,comb-staircase,,,,,,,,,"{""biclique_construction_ns"":null,""chord_generation_ns"":null,""chord_selection_ns"":null,""compressed_network_construction_ns"":null,""embedding_ns"":83.0,""explicit_conflict_construction_ns"":41.0,""explicit_network_construction_ns"":83.0,""geometry_preprocessing_ns"":null,""matching_ns"":null,""max_flow_ns"":541.0,""rectangle_completion_recovery_ns"":null,""verification_ns"":null,""vertex_cover_recovery_ns"":41.0}",,,,phase_decomposition,representation-and-solver-kernel,,,"{""biclique_count"":0,""biclique_total_vertex_occurrences_sigma"":0,""boundary_size_b"":34,""component_count"":1,""compressed_network_arc_count"":7,""compressed_network_node_count"":9,""compressed_size_m"":16,""explicit_conflict_edge_count_k"":0,""foreground_cells_n"":81,""height"":9,""horizontal_chord_count_h"":7,""optimum_rectangle_count"":9,""q"":7,""reflex_count"":15,""vertical_chord_count_v"":0,""width"":17}",,,,64,,,,
,,,,,explicit-hopcroft-karp,,,,,,,,comb-staircase,,,,,,,,,"{""biclique_construction_ns"":null,""chord_generation_ns"":null,""chord_selection_ns"":null,""compressed_network_construction_ns"":null,""embedding_ns"":null,""explicit_conflict_construction_ns"":41.0,""explicit_network_construction_ns"":null,""geometry_preprocessing_ns"":null,""matching_ns"":125.0,""max_flow_ns"":null,""rectangle_completion_recovery_ns"":null,""verification_ns"":null,""vertex_cover_recovery_ns"":125.0}",,,,phase_decomposition,representation-and-solver-kernel,,,"{""biclique_count"":0,""biclique_total_vertex_occurrences_sigma"":0,""boundary_size_b"":34,""component_count"":1,""compressed_network_arc_count"":7,""compressed_network_node_count"":9,""compressed_size_m"":16,""explicit_conflict_edge_count_k"":0,""foreground_cells_n"":81,""height"":9,""horizontal_chord_count_h"":7,""optimum_rectangle_count"":9,""q"":7,""reflex_count"":15,""vertical_chord_count_v"":0,""width"":17}",,,,64,,,,
,,,,,compact-mrd,,,,,,,,comb-staircase,,,,,,,,,"{""biclique_construction_ns"":625.0,""chord_generation_ns"":792.0,""chord_selection_ns"":41.0,""compressed_network_construction_ns"":83.0,""embedding_ns"":83.0,""explicit_conflict_construction_ns"":null,""explicit_network_construction_ns"":null,""geometry_preprocessing_ns"":41250.0,""matching_ns"":null,""max_flow_ns"":542.0,""rectangle_completion_recovery_ns"":11667.0,""verification_ns"":1834.0,""vertex_cover_recovery_ns"":41.0}",,,,phase_decomposition,solve-from-canonical-instance,,,"{""biclique_count"":0,""biclique_total_vertex_occurrences_sigma"":0,""boundary_size_b"":34,""component_count"":1,""compressed_network_arc_count"":7,""compressed_network_node_count"":9,""compressed_size_m"":16,""explicit_conflict_edge_count_k"":0,""foreground_cells_n"":81,""height"":9,""horizontal_chord_count_h"":7,""optimum_rectangle_count"":9,""q"":7,""reflex_count"":15,""vertical_chord_count_v"":0,""width"":17}",,,,64,,,,
,,,,,explicit-c0-flow,,,,,,,,comb-staircase,,,,,,,,,"{""biclique_construction_ns"":null,""chord_generation_ns"":792.0,""chord_selection_ns"":41.0,""compressed_network_construction_ns"":null,""embedding_ns"":83.0,""explicit_conflict_construction_ns"":41.0,""explicit_network_construction_ns"":83.0,""geometry_preprocessing_ns"":41125.0,""matching_ns"":null,""max_flow_ns"":542.0,""rectangle_completion_recovery_ns"":11666.0,""verification_ns"":1834.0,""vertex_cover_recovery_ns"":41.0}",,,,phase_decomposition,solve-from-canonical-instance,,,"{""biclique_count"":0,""biclique_total_vertex_occurrences_sigma"":0,""boundary_size_b"":34,""component_count"":1,""compressed_network_arc_count"":7,""compressed_network_node_count"":9,""compressed_size_m"":16,""explicit_conflict_edge_count_k"":0,""foreground_cells_n"":81,""height"":9,""horizontal_chord_count_h"":7,""optimum_rectangle_count"":9,""q"":7,""reflex_count"":15,""vertical_chord_count_v"":0,""width"":17}",,,,64,,,,
,,,,,explicit-hopcroft-karp,,,,,,,,comb-staircase,,,,,,,,,"{""biclique_construction_ns"":null,""chord_generation_ns"":791.0,""chord_selection_ns"":41.0,""compressed_network_construction_ns"":null,""embedding_ns"":null,""explicit_conflict_construction_ns"":41.0,""explicit_network_construction_ns"":null,""geometry_preprocessing_ns"":41083.0,""matching_ns"":125.0,""max_flow_ns"":null,""rectangle_completion_recovery_ns"":11666.0,""verification_ns"":1834.0,""vertex_cover_recovery_ns"":125.0}",,,,phase_decomposition,solve-from-canonical-instance,,,"{""biclique_count"":0,""biclique_total_vertex_occurrences_sigma"":0,""boundary_size_b"":34,""component_count"":1,""compressed_network_arc_count"":7,""compressed_network_node_count"":9,""compressed_size_m"":16,""explicit_conflict_edge_count_k"":0,""foreground_cells_n"":81,""height"":9,""horizontal_chord_count_h"":7,""optimum_rectangle_count"":9,""q"":7,""reflex_count"":15,""vertical_chord_count_v"":0,""width"":17}",,,,64,,,,
,,,,,compact-mrd,,,,,,,,comb-staircase,,,,,,,,,"{""biclique_construction_ns"":792.0,""chord_generation_ns"":null,""chord_selection_ns"":null,""compressed_network_construction_ns"":125.0,""embedding_ns"":125.0,""explicit_conflict_construction_ns"":null,""explicit_network_construction_ns"":null,""geometry_preprocessing_ns"":null,""matching_ns"":null,""max_flow_ns"":709.0,""rectangle_completion_recovery_ns"":null,""verification_ns"":null,""vertex_cover_recovery_ns"":41.0}",,,,phase_decomposition,representation-and-solver-kernel,,,"{""biclique_count"":0,""biclique_total_vertex_occurrences_sigma"":0,""boundary_size_b"":50,""component_count"":1,""compressed_network_arc_count"":11,""compressed_network_node_count"":13,""compressed_size_m"":24,""explicit_conflict_edge_count_k"":0,""foreground_cells_n"":169,""height"":13,""horizontal_chord_count_h"":11,""optimum_rectangle_count"":13,""q"":11,""reflex_count"":23,""vertical_chord_count_v"":0,""width"":25}",,,,128,,,,
,,,,,explicit-c0-flow,,,,,,,,comb-staircase,,,,,,,,,"{""biclique_construction_ns"":null,""chord_generation_ns"":null,""chord_selection_ns"":null,""compressed_network_construction_ns"":null,""embedding_ns"":125.0,""explicit_conflict_construction_ns"":41.0,""explicit_network_construction_ns"":125.0,""geometry_preprocessing_ns"":null,""matching_ns"":null,""max_flow_ns"":708.0,""rectangle_completion_recovery_ns"":null,""verification_ns"":null,""vertex_cover_recovery_ns"":41.0}",,,,phase_decomposition,representation-and-solver-kernel,,,"{""biclique_count"":0,""biclique_total_vertex_occurrences_sigma"":0,""boundary_size_b"":50,""component_count"":1,""compressed_network_arc_count"":11,""compressed_network_node_count"":13,""compressed_size_m"":24,""explicit_conflict_edge_count_k"":0,""foreground_cells_n"":169,""height"":13,""horizontal_chord_count_h"":11,""optimum_rectangle_count"":13,""q"":11,""reflex_count"":23,""vertical_chord_count_v"":0,""width"":25}",,,,128,,,,
,,,,,explicit-hopcroft-karp,,,,,,,,comb-staircase,,,,,,,,,"{""biclique_construction_ns"":null,""chord_generation_ns"":null,""chord_selection_ns"":null,""compressed_network_construction_ns"":null,""embedding_ns"":null,""explicit_conflict_construction_ns"":41.0,""explicit_network_construction_ns"":null,""geometry_preprocessing_ns"":null,""matching_ns"":166.0,""max_flow_ns"":null,""rectangle_completion_recovery_ns"":null,""verification_ns"":null,""vertex_cover_recovery_ns"":125.0}",,,,phase_decomposition,representation-and-solver-kernel,,,"{""biclique_count"":0,""biclique_total_vertex_occurrences_sigma"":0,""boundary_size_b"":50,""component_count"":1,""compressed_network_arc_count"":11,""compressed_network_node_count"":13,""compressed_size_m"":24,""explicit_conflict_edge_count_k"":0,""foreground_cells_n"":169,""height"":13,""horizontal_chord_count_h"":11,""optimum_rectangle_count"":13,""q"":11,""reflex_count"":23,""vertical_chord_count_v"":0,""width"":25}",,,,128,,,,
,,,,,compact-mrd,,,,,,,,comb-staircase,,,,,,,,,"{""biclique_construction_ns"":833.0,""chord_generation_ns"":1167.0,""chord_selection_ns"":41.0,""compressed_network_construction_ns"":125.0,""embedding_ns"":125.0,""explicit_conflict_construction_ns"":null,""explicit_network_construction_ns"":null,""geometry_preprocessing_ns"":85458.0,""matching_ns"":null,""max_flow_ns"":792.0,""rectangle_completion_recovery_ns"":23084.0,""verification_ns"":3375.0,""vertex_cover_recovery_ns"":42.0}",,,,phase_decomposition,solve-from-canonical-instance,,,"{""biclique_count"":0,""biclique_total_vertex_occurrences_sigma"":0,""boundary_size_b"":50,""component_count"":1,""compressed_network_arc_count"":11,""compressed_network_node_count"":13,""compressed_size_m"":24,""explicit_conflict_edge_count_k"":0,""foreground_cells_n"":169,""height"":13,""horizontal_chord_count_h"":11,""optimum_rectangle_count"":13,""q"":11,""reflex_count"":23,""vertical_chord_count_v"":0,""width"":25}",,,,128,,,,
,,,,,explicit-c0-flow,,,,,,,,comb-staircase,,,,,,,,,"{""biclique_construction_ns"":null,""chord_generation_ns"":1167.0,""chord_selection_ns"":41.0,""compressed_network_construction_ns"":null,""embedding_ns"":125.0,""explicit_conflict_construction_ns"":42.0,""explicit_network_construction_ns"":125.0,""geometry_preprocessing_ns"":85500.0,""matching_ns"":null,""max_flow_ns"":792.0,""rectangle_completion_recovery_ns"":23125.0,""verification_ns"":3375.0,""vertex_cover_recovery_ns"":42.0}",,,,phase_decomposition,solve-from-canonical-instance,,,"{""biclique_count"":0,""biclique_total_vertex_occurrences_sigma"":0,""boundary_size_b"":50,""component_count"":1,""compressed_network_arc_count"":11,""compressed_network_node_count"":13,""compressed_size_m"":24,""explicit_conflict_edge_count_k"":0,""foreground_cells_n"":169,""height"":13,""horizontal_chord_count_h"":11,""optimum_rectangle_count"":13,""q"":11,""reflex_count"":23,""vertical_chord_count_v"":0,""width"":25}",,,,128,,,,
,,,,,explicit-hopcroft-karp,,,,,,,,comb-staircase,,,,,,,,,"{""biclique_construction_ns"":null,""chord_generation_ns"":1167.0,""chord_selection_ns"":41.0,""compressed_network_construction_ns"":null,""embedding_ns"":null,""explicit_conflict_construction_ns"":42.0,""explicit_network_construction_ns"":null,""geometry_preprocessing_ns"":85500.0,""matching_ns"":167.0,""max_flow_ns"":null,""rectangle_completion_recovery_ns"":23125.0,""verification_ns"":3376.0,""vertex_cover_recovery_ns"":167.0}",,,,phase_decomposition,solve-from-canonical-instance,,,"{""biclique_count"":0,""biclique_total_vertex_occurrences_sigma"":0,""boundary_size_b"":50,""component_count"":1,""compressed_network_arc_count"":11,""compressed_network_node_count"":13,""compressed_size_m"":24,""explicit_conflict_edge_count_k"":0,""foreground_cells_n"":169,""height"":13,""horizontal_chord_count_h"":11,""optimum_rectangle_count"":13,""q"":11,""reflex_count"":23,""vertical_chord_count_v"":0,""width"":25}",,,,128,,,,
,,,,,compact-mrd,,,,,,,,comb-staircase,,,,,,,,,"{""biclique_construction_ns"":1000.0,""chord_generation_ns"":null,""chord_selection_ns"":null,""compressed_network_construction_ns"":125.0,""embedding_ns"":125.0,""explicit_conflict_construction_ns"":null,""explicit_network_construction_ns"":null,""geometry_preprocessing_ns"":null,""matching_ns"":null,""max_flow_ns"":834.0,""rectangle_completion_recovery_ns"":null,""verification_ns"":null,""vertex_cover_recovery_ns"":41.5}",,,,phase_decomposition,representation-and-solver-kernel,,,"{""biclique_count"":0,""biclique_total_vertex_occurrences_sigma"":0,""boundary_size_b"":66,""component_count"":1,""compressed_network_arc_count"":15,""compressed_network_node_count"":17,""compressed_size_m"":32,""explicit_conflict_edge_count_k"":0,""foreground_cells_n"":289,""height"":17,""horizontal_chord_count_h"":15,""optimum_rectangle_count"":17,""q"":15,""reflex_count"":31,""vertical_chord_count_v"":0,""width"":33}",,,,256,,,,
,,,,,explicit-c0-flow,,,,,,,,comb-staircase,,,,,,,,,"{""biclique_construction_ns"":null,""chord_generation_ns"":null,""chord_selection_ns"":null,""compressed_network_construction_ns"":null,""embedding_ns"":125.0,""explicit_conflict_construction_ns"":41.0,""explicit_network_construction_ns"":125.0,""geometry_preprocessing_ns"":null,""matching_ns"":null,""max_flow_ns"":834.0,""rectangle_completion_recovery_ns"":null,""verification_ns"":null,""vertex_cover_recovery_ns"":42.0}",,,,phase_decomposition,representation-and-solver-kernel,,,"{""biclique_count"":0,""biclique_total_vertex_occurrences_sigma"":0,""boundary_size_b"":66,""component_count"":1,""compressed_network_arc_count"":15,""compressed_network_node_count"":17,""compressed_size_m"":32,""explicit_conflict_edge_count_k"":0,""foreground_cells_n"":289,""height"":17,""horizontal_chord_count_h"":15,""optimum_rectangle_count"":17,""q"":15,""reflex_count"":31,""vertical_chord_count_v"":0,""width"":33}",,,,256,,,,
,,,,,explicit-hopcroft-karp,,,,,,,,comb-staircase,,,,,,,,,"{""biclique_construction_ns"":null,""chord_generation_ns"":null,""chord_selection_ns"":null,""compressed_network_construction_ns"":null,""embedding_ns"":null,""explicit_conflict_construction_ns"":41.0,""explicit_network_construction_ns"":null,""geometry_preprocessing_ns"":null,""matching_ns"":166.0,""max_flow_ns"":null,""rectangle_completion_recovery_ns"":null,""verification_ns"":null,""vertex_cover_recovery_ns"":167.0}",,,,phase_decomposition,representation-and-solver-kernel,,,"{""biclique_count"":0,""biclique_total_vertex_occurrences_sigma"":0,""boundary_size_b"":66,""component_count"":1,""compressed_network_arc_count"":15,""compressed_network_node_count"":17,""compressed_size_m"":32,""explicit_conflict_edge_count_k"":0,""foreground_cells_n"":289,""height"":17,""horizontal_chord_count_h"":15,""optimum_rectangle_count"":17,""q"":15,""reflex_count"":31,""vertical_chord_count_v"":0,""width"":33}",,,,256,,,,
,,,,,compact-mrd,,,,,,,,comb-staircase,,,,,,,,,"{""biclique_construction_ns"":1042.0,""chord_generation_ns"":1500.0,""chord_selection_ns"":41.0,""compressed_network_construction_ns"":125.0,""embedding_ns"":125.0,""explicit_conflict_construction_ns"":null,""explicit_network_construction_ns"":null,""geometry_preprocessing_ns"":155250.0,""matching_ns"":null,""max_flow_ns"":958.0,""rectangle_completion_recovery_ns"":39500.0,""verification_ns"":5126.0,""vertex_cover_recovery_ns"":42.0}",,,,phase_decomposition,solve-from-canonical-instance,,,"{""biclique_count"":0,""biclique_total_vertex_occurrences_sigma"":0,""boundary_size_b"":66,""component_count"":1,""compressed_network_arc_count"":15,""compressed_network_node_count"":17,""compressed_size_m"":32,""explicit_conflict_edge_count_k"":0,""foreground_cells_n"":289,""height"":17,""horizontal_chord_count_h"":15,""optimum_rectangle_count"":17,""q"":15,""reflex_count"":31,""vertical_chord_count_v"":0,""width"":33}",,,,256,,,,
,,,,,explicit-c0-flow,,,,,,,,comb-staircase,,,,,,,,,"{""biclique_construction_ns"":null,""chord_generation_ns"":1500.0,""chord_selection_ns"":41.0,""compressed_network_construction_ns"":null,""embedding_ns"":125.0,""explicit_conflict_construction_ns"":42.0,""explicit_network_construction_ns"":125.0,""geometry_preprocessing_ns"":154875.0,""matching_ns"":null,""max_flow_ns"":958.0,""rectangle_completion_recovery_ns"":39416.0,""verification_ns"":5125.0,""vertex_cover_recovery_ns"":42.0}",,,,phase_decomposition,solve-from-canonical-instance,,,"{""biclique_count"":0,""biclique_total_vertex_occurrences_sigma"":0,""boundary_size_b"":66,""component_count"":1,""compressed_network_arc_count"":15,""compressed_network_node_count"":17,""compressed_size_m"":32,""explicit_conflict_edge_count_k"":0,""foreground_cells_n"":289,""height"":17,""horizontal_chord_count_h"":15,""optimum_rectangle_count"":17,""q"":15,""reflex_count"":31,""vertical_chord_count_v"":0,""width"":33}",,,,256,,,,
,,,,,explicit-hopcroft-karp,,,,,,,,comb-staircase,,,,,,,,,"{""biclique_construction_ns"":null,""chord_generation_ns"":1500.0,""chord_selection_ns"":41.0,""compressed_network_construction_ns"":null,""embedding_ns"":null,""explicit_conflict_construction_ns"":41.0,""explicit_network_construction_ns"":null,""geometry_preprocessing_ns"":155000.0,""matching_ns"":167.0,""max_flow_ns"":null,""rectangle_completion_recovery_ns"":39500.0,""verification_ns"":5125.0,""vertex_cover_recovery_ns"":167.0}",,,,phase_decomposition,solve-from-canonical-instance,,,"{""biclique_count"":0,""biclique_total_vertex_occurrences_sigma"":0,""boundary_size_b"":66,""component_count"":1,""compressed_network_arc_count"":15,""compressed_network_node_count"":17,""compressed_size_m"":32,""explicit_conflict_edge_count_k"":0,""foreground_cells_n"":289,""height"":17,""horizontal_chord_count_h"":15,""optimum_rectangle_count"":17,""q"":15,""reflex_count"":31,""vertical_chord_count_v"":0,""width"":33}",,,,256,,,,
,,,,,compact-mrd,,,,,,,,comb-staircase,,,,,,,,,"{""biclique_construction_ns"":125.0,""chord_generation_ns"":null,""chord_selection_ns"":null,""compressed_network_construction_ns"":0.0,""embedding_ns"":0.0,""explicit_conflict_construction_ns"":null,""explicit_network_construction_ns"":null,""geometry_preprocessing_ns"":null,""matching_ns"":null,""max_flow_ns"":83.0,""rectangle_completion_recovery_ns"":null,""verification_ns"":null,""vertex_cover_recovery_ns"":0.0}",,,,phase_decomposition,representation-and-solver-kernel,,,"{""biclique_count"":0,""biclique_total_vertex_occurrences_sigma"":0,""boundary_size_b"":48,""component_count"":1,""compressed_network_arc_count"":0,""compressed_network_node_count"":2,""compressed_size_m"":2,""explicit_conflict_edge_count_k"":0,""foreground_cells_n"":276,""height"":23,""horizontal_chord_count_h"":0,""optimum_rectangle_count"":23,""q"":0,""reflex_count"":22,""vertical_chord_count_v"":0,""width"":23}",,,,512,,,,
,,,,,explicit-c0-flow,,,,,,,,comb-staircase,,,,,,,,,"{""biclique_construction_ns"":null,""chord_generation_ns"":null,""chord_selection_ns"":null,""compressed_network_construction_ns"":null,""embedding_ns"":0.0,""explicit_conflict_construction_ns"":0.0,""explicit_network_construction_ns"":0.0,""geometry_preprocessing_ns"":null,""matching_ns"":null,""max_flow_ns"":84.0,""rectangle_completion_recovery_ns"":null,""verification_ns"":null,""vertex_cover_recovery_ns"":0.0}",,,,phase_decomposition,representation-and-solver-kernel,,,"{""biclique_count"":0,""biclique_total_vertex_occurrences_sigma"":0,""boundary_size_b"":48,""component_count"":1,""compressed_network_arc_count"":0,""compressed_network_node_count"":2,""compressed_size_m"":2,""explicit_conflict_edge_count_k"":0,""foreground_cells_n"":276,""height"":23,""horizontal_chord_count_h"":0,""optimum_rectangle_count"":23,""q"":0,""reflex_count"":22,""vertical_chord_count_v"":0,""width"":23}",,,,512,,,,
,,,,,explicit-hopcroft-karp,,,,,,,,comb-staircase,,,,,,,,,"{""biclique_construction_ns"":null,""chord_generation_ns"":null,""chord_selection_ns"":null,""compressed_network_construction_ns"":null,""embedding_ns"":null,""explicit_conflict_construction_ns"":0.0,""explicit_network_construction_ns"":null,""geometry_preprocessing_ns"":null,""matching_ns"":0.0,""max_flow_ns"":null,""rectangle_completion_recovery_ns"":null,""verification_ns"":null,""vertex_cover_recovery_ns"":0.0}",,,,phase_decomposition,representation-and-solver-kernel,,,"{""biclique_count"":0,""biclique_total_vertex_occurrences_sigma"":0,""boundary_size_b"":48,""component_count"":1,""compressed_network_arc_count"":0,""compressed_network_node_count"":2,""compressed_size_m"":2,""explicit_conflict_edge_count_k"":0,""foreground_cells_n"":276,""height"":23,""horizontal_chord_count_h"":0,""optimum_rectangle_count"":23,""q"":0,""reflex_count"":22,""vertical_chord_count_v"":0,""width"":23}",,,,512,,,,
,,,,,compact-mrd,,,,,,,,comb-staircase,,,,,,,,,"{""biclique_construction_ns"":125.0,""chord_generation_ns"":875.0,""chord_selection_ns"":0.0,""compressed_network_construction_ns"":0.0,""embedding_ns"":0.0,""explicit_conflict_construction_ns"":null,""explicit_network_construction_ns"":null,""geometry_preprocessing_ns"":54542.0,""matching_ns"":null,""max_flow_ns"":125.0,""rectangle_completion_recovery_ns"":51208.0,""verification_ns"":3417.0,""vertex_cover_recovery_ns"":0.0}",,,,phase_decomposition,solve-from-canonical-instance,,,"{""biclique_count"":0,""biclique_total_vertex_occurrences_sigma"":0,""boundary_size_b"":48,""component_count"":1,""compressed_network_arc_count"":0,""compressed_network_node_count"":2,""compressed_size_m"":2,""explicit_conflict_edge_count_k"":0,""foreground_cells_n"":276,""height"":23,""horizontal_chord_count_h"":0,""optimum_rectangle_count"":23,""q"":0,""reflex_count"":22,""vertical_chord_count_v"":0,""width"":23}",,,,512,,,,
,,,,,explicit-c0-flow,,,,,,,,comb-staircase,,,,,,,,,"{""biclique_construction_ns"":null,""chord_generation_ns"":875.0,""chord_selection_ns"":0.0,""compressed_network_construction_ns"":null,""embedding_ns"":0.0,""explicit_conflict_construction_ns"":0.0,""explicit_network_construction_ns"":0.0,""geometry_preprocessing_ns"":54458.0,""matching_ns"":null,""max_flow_ns"":125.0,""rectangle_completion_recovery_ns"":51167.0,""verification_ns"":3417.0,""vertex_cover_recovery_ns"":0.0}",,,,phase_decomposition,solve-from-canonical-instance,,,"{""biclique_count"":0,""biclique_total_vertex_occurrences_sigma"":0,""boundary_size_b"":48,""component_count"":1,""compressed_network_arc_count"":0,""compressed_network_node_count"":2,""compressed_size_m"":2,""explicit_conflict_edge_count_k"":0,""foreground_cells_n"":276,""height"":23,""horizontal_chord_count_h"":0,""optimum_rectangle_count"":23,""q"":0,""reflex_count"":22,""vertical_chord_count_v"":0,""width"":23}",,,,512,,,,
,,,,,explicit-hopcroft-karp,,,,,,,,comb-staircase,,,,,,,,,"{""biclique_construction_ns"":null,""chord_generation_ns"":875.0,""chord_selection_ns"":0.0,""compressed_network_construction_ns"":null,""embedding_ns"":null,""explicit_conflict_construction_ns"":0.0,""explicit_network_construction_ns"":null,""geometry_preprocessing_ns"":54542.0,""matching_ns"":0.0,""max_flow_ns"":null,""rectangle_completion_recovery_ns"":51167.0,""verification_ns"":3417.0,""vertex_cover_recovery_ns"":0.0}",,,,phase_decomposition,solve-from-canonical-instance,,,"{""biclique_count"":0,""biclique_total_vertex_occurrences_sigma"":0,""boundary_size_b"":48,""component_count"":1,""compressed_network_arc_count"":0,""compressed_network_node_count"":2,""compressed_size_m"":2,""explicit_conflict_edge_count_k"":0,""foreground_cells_n"":276,""height"":23,""horizontal_chord_count_h"":0,""optimum_rectangle_count"":23,""q"":0,""reflex_count"":22,""vertical_chord_count_v"":0,""width"":23}",,,,512,,,,
,,,,,compact-mrd,,,,,,,,comb-staircase,,,,,,,,,"{""biclique_construction_ns"":1500.0,""chord_generation_ns"":null,""chord_selection_ns"":null,""compressed_network_construction_ns"":167.0,""embedding_ns"":167.0,""explicit_conflict_construction_ns"":null,""explicit_network_construction_ns"":null,""geometry_preprocessing_ns"":null,""matching_ns"":null,""max_flow_ns"":1417.0,""rectangle_completion_recovery_ns"":null,""verification_ns"":null,""vertex_cover_recovery_ns"":42.0}",,,,phase_decomposition,representation-and-solver-kernel,,,"{""biclique_count"":0,""biclique_total_vertex_occurrences_sigma"":0,""boundary_size_b"":130,""component_count"":1,""compressed_network_arc_count"":31,""compressed_network_node_count"":33,""compressed_size_m"":64,""explicit_conflict_edge_count_k"":0,""foreground_cells_n"":1089,""height"":33,""horizontal_chord_count_h"":31,""optimum_rectangle_count"":33,""q"":31,""reflex_count"":63,""vertical_chord_count_v"":0,""width"":65}",,,,1024,,,,
,,,,,explicit-c0-flow,,,,,,,,comb-staircase,,,,,,,,,"{""biclique_construction_ns"":null,""chord_generation_ns"":null,""chord_selection_ns"":null,""compressed_network_construction_ns"":null,""embedding_ns"":167.0,""explicit_conflict_construction_ns"":41.0,""explicit_network_construction_ns"":208.0,""geometry_preprocessing_ns"":null,""matching_ns"":null,""max_flow_ns"":1417.0,""rectangle_completion_recovery_ns"":null,""verification_ns"":null,""vertex_cover_recovery_ns"":42.0}",,,,phase_decomposition,representation-and-solver-kernel,,,"{""biclique_count"":0,""biclique_total_vertex_occurrences_sigma"":0,""boundary_size_b"":130,""component_count"":1,""compressed_network_arc_count"":31,""compressed_network_node_count"":33,""compressed_size_m"":64,""explicit_conflict_edge_count_k"":0,""foreground_cells_n"":1089,""height"":33,""horizontal_chord_count_h"":31,""optimum_rectangle_count"":33,""q"":31,""reflex_count"":63,""vertical_chord_count_v"":0,""width"":65}",,,,1024,,,,
,,,,,explicit-hopcroft-karp,,,,,,,,comb-staircase,,,,,,,,,"{""biclique_construction_ns"":null,""chord_generation_ns"":null,""chord_selection_ns"":null,""compressed_network_construction_ns"":null,""embedding_ns"":null,""explicit_conflict_construction_ns"":41.0,""explicit_network_construction_ns"":null,""geometry_preprocessing_ns"":null,""matching_ns"":208.0,""max_flow_ns"":null,""rectangle_completion_recovery_ns"":null,""verification_ns"":null,""vertex_cover_recovery_ns"":250.0}",,,,phase_decomposition,representation-and-solver-kernel,,,"{""biclique_count"":0,""biclique_total_vertex_occurrences_sigma"":0,""boundary_size_b"":130,""component_count"":1,""compressed_network_arc_count"":31,""compressed_network_node_count"":33,""compressed_size_m"":64,""explicit_conflict_edge_count_k"":0,""foreground_cells_n"":1089,""height"":33,""horizontal_chord_count_h"":31,""optimum_rectangle_count"":33,""q"":31,""reflex_count"":63,""vertical_chord_count_v"":0,""width"":65}",,,,1024,,,,
,,,,,compact-mrd,,,,,,,,comb-staircase,,,,,,,,,"{""biclique_construction_ns"":1584.0,""chord_generation_ns"":2708.0,""chord_selection_ns"":41.0,""compressed_network_construction_ns"":208.0,""embedding_ns"":209.0,""explicit_conflict_construction_ns"":null,""explicit_network_construction_ns"":null,""geometry_preprocessing_ns"":617187.5,""matching_ns"":null,""max_flow_ns"":1500.0,""rectangle_completion_recovery_ns"":142416.5,""verification_ns"":15125.0,""vertex_cover_recovery_ns"":42.0}",,,,phase_decomposition,solve-from-canonical-instance,,,"{""biclique_count"":0,""biclique_total_vertex_occurrences_sigma"":0,""boundary_size_b"":130,""component_count"":1,""compressed_network_arc_count"":31,""compressed_network_node_count"":33,""compressed_size_m"":64,""explicit_conflict_edge_count_k"":0,""foreground_cells_n"":1089,""height"":33,""horizontal_chord_count_h"":31,""optimum_rectangle_count"":33,""q"":31,""reflex_count"":63,""vertical_chord_count_v"":0,""width"":65}",,,,1024,,,,
,,,,,explicit-c0-flow,,,,,,,,comb-staircase,,,,,,,,,"{""biclique_construction_ns"":null,""chord_generation_ns"":2708.0,""chord_selection_ns"":41.0,""compressed_network_construction_ns"":null,""embedding_ns"":208.0,""explicit_conflict_construction_ns"":42.0,""explicit_network_construction_ns"":250.0,""geometry_preprocessing_ns"":617604.5,""matching_ns"":null,""max_flow_ns"":1500.0,""rectangle_completion_recovery_ns"":142479.5,""verification_ns"":15125.0,""vertex_cover_recovery_ns"":42.0}",,,,phase_decomposition,solve-from-canonical-instance,,,"{""biclique_count"":0,""biclique_total_vertex_occurrences_sigma"":0,""boundary_size_b"":130,""component_count"":1,""compressed_network_arc_count"":31,""compressed_network_node_count"":33,""compressed_size_m"":64,""explicit_conflict_edge_count_k"":0,""foreground_cells_n"":1089,""height"":33,""horizontal_chord_count_h"":31,""optimum_rectangle_count"":33,""q"":31,""reflex_count"":63,""vertical_chord_count_v"":0,""width"":65}",,,,1024,,,,
,,,,,explicit-hopcroft-karp,,,,,,,,comb-staircase,,,,,,,,,"{""biclique_construction_ns"":null,""chord_generation_ns"":2708.0,""chord_selection_ns"":41.0,""compressed_network_construction_ns"":null,""embedding_ns"":null,""explicit_conflict_construction_ns"":42.0,""explicit_network_construction_ns"":null,""geometry_preprocessing_ns"":618042.0,""matching_ns"":292.0,""max_flow_ns"":null,""rectangle_completion_recovery_ns"":142583.0,""verification_ns"":15125.0,""vertex_cover_recovery_ns"":292.0}",,,,phase_decomposition,solve-from-canonical-instance,,,"{""biclique_count"":0,""biclique_total_vertex_occurrences_sigma"":0,""boundary_size_b"":130,""component_count"":1,""compressed_network_arc_count"":31,""compressed_network_node_count"":33,""compressed_size_m"":64,""explicit_conflict_edge_count_k"":0,""foreground_cells_n"":1089,""height"":33,""horizontal_chord_count_h"":31,""optimum_rectangle_count"":33,""q"":31,""reflex_count"":63,""vertical_chord_count_v"":0,""width"":65}",,,,1024,,,,
,,,,,compact-mrd,,,,,,,,comb-staircase,,,,,,,,,"{""biclique_construction_ns"":2083.0,""chord_generation_ns"":null,""chord_selection_ns"":null,""compressed_network_construction_ns"":250.0,""embedding_ns"":250.0,""explicit_conflict_construction_ns"":null,""explicit_network_construction_ns"":null,""geometry_preprocessing_ns"":null,""matching_ns"":null,""max_flow_ns"":1875.0,""rectangle_completion_recovery_ns"":null,""verification_ns"":null,""vertex_cover_recovery_ns"":42.0}",,,,phase_decomposition,representation-and-solver-kernel,,,"{""biclique_count"":0,""biclique_total_vertex_occurrences_sigma"":0,""boundary_size_b"":186,""component_count"":1,""compressed_network_arc_count"":45,""compressed_network_node_count"":47,""compressed_size_m"":92,""explicit_conflict_edge_count_k"":0,""foreground_cells_n"":2209,""height"":47,""horizontal_chord_count_h"":45,""optimum_rectangle_count"":47,""q"":45,""reflex_count"":91,""vertical_chord_count_v"":0,""width"":93}",,,,2048,,,,
,,,,,explicit-c0-flow,,,,,,,,comb-staircase,,,,,,,,,"{""biclique_construction_ns"":null,""chord_generation_ns"":null,""chord_selection_ns"":null,""compressed_network_construction_ns"":null,""embedding_ns"":250.0,""explicit_conflict_construction_ns"":42.0,""explicit_network_construction_ns"":250.0,""geometry_preprocessing_ns"":null,""matching_ns"":null,""max_flow_ns"":1875.0,""rectangle_completion_recovery_ns"":null,""verification_ns"":null,""vertex_cover_recovery_ns"":42.0}",,,,phase_decomposition,representation-and-solver-kernel,,,"{""biclique_count"":0,""biclique_total_vertex_occurrences_sigma"":0,""boundary_size_b"":186,""component_count"":1,""compressed_network_arc_count"":45,""compressed_network_node_count"":47,""compressed_size_m"":92,""explicit_conflict_edge_count_k"":0,""foreground_cells_n"":2209,""height"":47,""horizontal_chord_count_h"":45,""optimum_rectangle_count"":47,""q"":45,""reflex_count"":91,""vertical_chord_count_v"":0,""width"":93}",,,,2048,,,,
,,,,,explicit-hopcroft-karp,,,,,,,,comb-staircase,,,,,,,,,"{""biclique_construction_ns"":null,""chord_generation_ns"":null,""chord_selection_ns"":null,""compressed_network_construction_ns"":null,""embedding_ns"":null,""explicit_conflict_construction_ns"":42.0,""explicit_network_construction_ns"":null,""geometry_preprocessing_ns"":null,""matching_ns"":250.0,""max_flow_ns"":null,""rectangle_completion_recovery_ns"":null,""verification_ns"":null,""vertex_cover_recovery_ns"":333.0}",,,,phase_decomposition,representation-and-solver-kernel,,,"{""biclique_count"":0,""biclique_total_vertex_occurrences_sigma"":0,""boundary_size_b"":186,""component_count"":1,""compressed_network_arc_count"":45,""compressed_network_node_count"":47,""compressed_size_m"":92,""explicit_conflict_edge_count_k"":0,""foreground_cells_n"":2209,""height"":47,""horizontal_chord_count_h"":45,""optimum_rectangle_count"":47,""q"":45,""reflex_count"":91,""vertical_chord_count_v"":0,""width"":93}",,,,2048,,,,
,,,,,compact-mrd,,,,,,,,comb-staircase,,,,,,,,,"{""biclique_construction_ns"":2375.0,""chord_generation_ns"":4208.0,""chord_selection_ns"":41.5,""compressed_network_construction_ns"":333.0,""embedding_ns"":292.0,""explicit_conflict_construction_ns"":null,""explicit_network_construction_ns"":null,""geometry_preprocessing_ns"":1302854.0,""matching_ns"":null,""max_flow_ns"":2125.0,""rectangle_completion_recovery_ns"":289729.0,""verification_ns"":31084.0,""vertex_cover_recovery_ns"":42.0}",,,,phase_decomposition,solve-from-canonical-instance,,,"{""biclique_count"":0,""biclique_total_vertex_occurrences_sigma"":0,""boundary_size_b"":186,""component_count"":1,""compressed_network_arc_count"":45,""compressed_network_node_count"":47,""compressed_size_m"":92,""explicit_conflict_edge_count_k"":0,""foreground_cells_n"":2209,""height"":47,""horizontal_chord_count_h"":45,""optimum_rectangle_count"":47,""q"":45,""reflex_count"":91,""vertical_chord_count_v"":0,""width"":93}",,,,2048,,,,
,,,,,explicit-c0-flow,,,,,,,,comb-staircase,,,,,,,,,"{""biclique_construction_ns"":null,""chord_generation_ns"":4209.0,""chord_selection_ns"":42.0,""compressed_network_construction_ns"":null,""embedding_ns"":292.0,""explicit_conflict_construction_ns"":42.0,""explicit_network_construction_ns"":333.0,""geometry_preprocessing_ns"":1303396.0,""matching_ns"":null,""max_flow_ns"":2125.0,""rectangle_completion_recovery_ns"":289812.5,""verification_ns"":31083.5,""vertex_cover_recovery_ns"":42.0}",,,,phase_decomposition,solve-from-canonical-instance,,,"{""biclique_count"":0,""biclique_total_vertex_occurrences_sigma"":0,""boundary_size_b"":186,""component_count"":1,""compressed_network_arc_count"":45,""compressed_network_node_count"":47,""compressed_size_m"":92,""explicit_conflict_edge_count_k"":0,""foreground_cells_n"":2209,""height"":47,""horizontal_chord_count_h"":45,""optimum_rectangle_count"":47,""q"":45,""reflex_count"":91,""vertical_chord_count_v"":0,""width"":93}",,,,2048,,,,
,,,,,explicit-hopcroft-karp,,,,,,,,comb-staircase,,,,,,,,,"{""biclique_construction_ns"":null,""chord_generation_ns"":4208.0,""chord_selection_ns"":42.0,""compressed_network_construction_ns"":null,""embedding_ns"":null,""explicit_conflict_construction_ns"":42.0,""explicit_network_construction_ns"":null,""geometry_preprocessing_ns"":1303541.0,""matching_ns"":375.0,""max_flow_ns"":null,""rectangle_completion_recovery_ns"":290208.0,""verification_ns"":31083.0,""vertex_cover_recovery_ns"":417.0}",,,,phase_decomposition,solve-from-canonical-instance,,,"{""biclique_count"":0,""biclique_total_vertex_occurrences_sigma"":0,""boundary_size_b"":186,""component_count"":1,""compressed_network_arc_count"":45,""compressed_network_node_count"":47,""compressed_size_m"":92,""explicit_conflict_edge_count_k"":0,""foreground_cells_n"":2209,""height"":47,""horizontal_chord_count_h"":45,""optimum_rectangle_count"":47,""q"":45,""reflex_count"":91,""vertical_chord_count_v"":0,""width"":93}",,,,2048,,,,
,,,,,compact-mrd,,,,,,,,comb-staircase,,,,,,,,,"{""biclique_construction_ns"":2750.0,""chord_generation_ns"":null,""chord_selection_ns"":null,""compressed_network_construction_ns"":291.0,""embedding_ns"":291.0,""explicit_conflict_construction_ns"":null,""explicit_network_construction_ns"":null,""geometry_preprocessing_ns"":null,""matching_ns"":null,""max_flow_ns"":2458.0,""rectangle_completion_recovery_ns"":null,""verification_ns"":null,""vertex_cover_recovery_ns"":42.0}",,,,phase_decomposition,representation-and-solver-kernel,,,"{""biclique_count"":0,""biclique_total_vertex_occurrences_sigma"":0,""boundary_size_b"":258,""component_count"":1,""compressed_network_arc_count"":63,""compressed_network_node_count"":65,""compressed_size_m"":128,""explicit_conflict_edge_count_k"":0,""foreground_cells_n"":4225,""height"":65,""horizontal_chord_count_h"":63,""optimum_rectangle_count"":65,""q"":63,""reflex_count"":127,""vertical_chord_count_v"":0,""width"":129}",,,,4096,,,,
,,,,,explicit-c0-flow,,,,,,,,comb-staircase,,,,,,,,,"{""biclique_construction_ns"":null,""chord_generation_ns"":null,""chord_selection_ns"":null,""compressed_network_construction_ns"":null,""embedding_ns"":291.0,""explicit_conflict_construction_ns"":42.0,""explicit_network_construction_ns"":291.0,""geometry_preprocessing_ns"":null,""matching_ns"":null,""max_flow_ns"":2458.0,""rectangle_completion_recovery_ns"":null,""verification_ns"":null,""vertex_cover_recovery_ns"":42.0}",,,,phase_decomposition,representation-and-solver-kernel,,,"{""biclique_count"":0,""biclique_total_vertex_occurrences_sigma"":0,""boundary_size_b"":258,""component_count"":1,""compressed_network_arc_count"":63,""compressed_network_node_count"":65,""compressed_size_m"":128,""explicit_conflict_edge_count_k"":0,""foreground_cells_n"":4225,""height"":65,""horizontal_chord_count_h"":63,""optimum_rectangle_count"":65,""q"":63,""reflex_count"":127,""vertical_chord_count_v"":0,""width"":129}",,,,4096,,,,
,,,,,explicit-hopcroft-karp,,,,,,,,comb-staircase,,,,,,,,,"{""biclique_construction_ns"":null,""chord_generation_ns"":null,""chord_selection_ns"":null,""compressed_network_construction_ns"":null,""embedding_ns"":null,""explicit_conflict_construction_ns"":42.0,""explicit_network_construction_ns"":null,""geometry_preprocessing_ns"":null,""matching_ns"":292.0,""max_flow_ns"":null,""rectangle_completion_recovery_ns"":null,""verification_ns"":null,""vertex_cover_recovery_ns"":375.0}",,,,phase_decomposition,representation-and-solver-kernel,,,"{""biclique_count"":0,""biclique_total_vertex_occurrences_sigma"":0,""boundary_size_b"":258,""component_count"":1,""compressed_network_arc_count"":63,""compressed_network_node_count"":65,""compressed_size_m"":128,""explicit_conflict_edge_count_k"":0,""foreground_cells_n"":4225,""height"":65,""horizontal_chord_count_h"":63,""optimum_rectangle_count"":65,""q"":63,""reflex_count"":127,""vertical_chord_count_v"":0,""width"":129}",,,,4096,,,,
,,,,,compact-mrd,,,,,,,,comb-staircase,,,,,,,,,"{""biclique_construction_ns"":3375.0,""chord_generation_ns"":5458.0,""chord_selection_ns"":42.0,""compressed_network_construction_ns"":417.0,""embedding_ns"":333.0,""explicit_conflict_construction_ns"":null,""explicit_network_construction_ns"":null,""geometry_preprocessing_ns"":2596208.0,""matching_ns"":null,""max_flow_ns"":2833.0,""rectangle_completion_recovery_ns"":546625.0,""verification_ns"":53376.0,""vertex_cover_recovery_ns"":83.0}",,,,phase_decomposition,solve-from-canonical-instance,,,"{""biclique_count"":0,""biclique_total_vertex_occurrences_sigma"":0,""boundary_size_b"":258,""component_count"":1,""compressed_network_arc_count"":63,""compressed_network_node_count"":65,""compressed_size_m"":128,""explicit_conflict_edge_count_k"":0,""foreground_cells_n"":4225,""height"":65,""horizontal_chord_count_h"":63,""optimum_rectangle_count"":65,""q"":63,""reflex_count"":127,""vertical_chord_count_v"":0,""width"":129}",,,,4096,,,,
,,,,,explicit-c0-flow,,,,,,,,comb-staircase,,,,,,,,,"{""biclique_construction_ns"":null,""chord_generation_ns"":5459.0,""chord_selection_ns"":42.0,""compressed_network_construction_ns"":null,""embedding_ns"":333.0,""explicit_conflict_construction_ns"":83.0,""explicit_network_construction_ns"":584.0,""geometry_preprocessing_ns"":2596250.0,""matching_ns"":null,""max_flow_ns"":2833.0,""rectangle_completion_recovery_ns"":547750.0,""verification_ns"":53458.0,""vertex_cover_recovery_ns"":83.0}",,,,phase_decomposition,solve-from-canonical-instance,,,"{""biclique_count"":0,""biclique_total_vertex_occurrences_sigma"":0,""boundary_size_b"":258,""component_count"":1,""compressed_network_arc_count"":63,""compressed_network_node_count"":65,""compressed_size_m"":128,""explicit_conflict_edge_count_k"":0,""foreground_cells_n"":4225,""height"":65,""horizontal_chord_count_h"":63,""optimum_rectangle_count"":65,""q"":63,""reflex_count"":127,""vertical_chord_count_v"":0,""width"":129}",,,,4096,,,,
,,,,,explicit-hopcroft-karp,,,,,,,,comb-staircase,,,,,,,,,"{""biclique_construction_ns"":null,""chord_generation_ns"":5458.0,""chord_selection_ns"":42.0,""compressed_network_construction_ns"":null,""embedding_ns"":null,""explicit_conflict_construction_ns"":83.0,""explicit_network_construction_ns"":null,""geometry_preprocessing_ns"":2594250.0,""matching_ns"":542.0,""max_flow_ns"":null,""rectangle_completion_recovery_ns"":546583.0,""verification_ns"":53416.0,""vertex_cover_recovery_ns"":833.0}",,,,phase_decomposition,solve-from-canonical-instance,,,"{""biclique_count"":0,""biclique_total_vertex_occurrences_sigma"":0,""boundary_size_b"":258,""component_count"":1,""compressed_network_arc_count"":63,""compressed_network_node_count"":65,""compressed_size_m"":128,""explicit_conflict_edge_count_k"":0,""foreground_cells_n"":4225,""height"":65,""horizontal_chord_count_h"":63,""optimum_rectangle_count"":65,""q"":63,""reflex_count"":127,""vertical_chord_count_v"":0,""width"":129}",,,,4096,,,,
,,,,,compact-mrd,,,,,,,,comb-staircase,,,,,,,,,"{""biclique_construction_ns"":125.0,""chord_generation_ns"":null,""chord_selection_ns"":null,""compressed_network_construction_ns"":0.0,""embedding_ns"":0.0,""explicit_conflict_construction_ns"":null,""explicit_network_construction_ns"":null,""geometry_preprocessing_ns"":null,""matching_ns"":null,""max_flow_ns"":84.0,""rectangle_completion_recovery_ns"":null,""verification_ns"":null,""vertex_cover_recovery_ns"":0.0}",,,,phase_decomposition,representation-and-solver-kernel,,,"{""biclique_count"":0,""biclique_total_vertex_occurrences_sigma"":0,""boundary_size_b"":184,""component_count"":1,""compressed_network_arc_count"":0,""compressed_network_node_count"":2,""compressed_size_m"":2,""explicit_conflict_edge_count_k"":0,""foreground_cells_n"":4186,""height"":91,""horizontal_chord_count_h"":0,""optimum_rectangle_count"":91,""q"":0,""reflex_count"":90,""vertical_chord_count_v"":0,""width"":91}",,,,8192,,,,
,,,,,explicit-c0-flow,,,,,,,,comb-staircase,,,,,,,,,"{""biclique_construction_ns"":null,""chord_generation_ns"":null,""chord_selection_ns"":null,""compressed_network_construction_ns"":null,""embedding_ns"":0.0,""explicit_conflict_construction_ns"":41.0,""explicit_network_construction_ns"":0.0,""geometry_preprocessing_ns"":null,""matching_ns"":null,""max_flow_ns"":84.0,""rectangle_completion_recovery_ns"":null,""verification_ns"":null,""vertex_cover_recovery_ns"":0.0}",,,,phase_decomposition,representation-and-solver-kernel,,,"{""biclique_count"":0,""biclique_total_vertex_occurrences_sigma"":0,""boundary_size_b"":184,""component_count"":1,""compressed_network_arc_count"":0,""compressed_network_node_count"":2,""compressed_size_m"":2,""explicit_conflict_edge_count_k"":0,""foreground_cells_n"":4186,""height"":91,""horizontal_chord_count_h"":0,""optimum_rectangle_count"":91,""q"":0,""reflex_count"":90,""vertical_chord_count_v"":0,""width"":91}",,,,8192,,,,
,,,,,explicit-hopcroft-karp,,,,,,,,comb-staircase,,,,,,,,,"{""biclique_construction_ns"":null,""chord_generation_ns"":null,""chord_selection_ns"":null,""compressed_network_construction_ns"":null,""embedding_ns"":null,""explicit_conflict_construction_ns"":0.0,""explicit_network_construction_ns"":null,""geometry_preprocessing_ns"":null,""matching_ns"":0.0,""max_flow_ns"":null,""rectangle_completion_recovery_ns"":null,""verification_ns"":null,""vertex_cover_recovery_ns"":0.0}",,,,phase_decomposition,representation-and-solver-kernel,,,"{""biclique_count"":0,""biclique_total_vertex_occurrences_sigma"":0,""boundary_size_b"":184,""component_count"":1,""compressed_network_arc_count"":0,""compressed_network_node_count"":2,""compressed_size_m"":2,""explicit_conflict_edge_count_k"":0,""foreground_cells_n"":4186,""height"":91,""horizontal_chord_count_h"":0,""optimum_rectangle_count"":91,""q"":0,""reflex_count"":90,""vertical_chord_count_v"":0,""width"":91}",,,,8192,,,,
,,,,,compact-mrd,,,,,,,,comb-staircase,,,,,,,,,"{""biclique_construction_ns"":125.0,""chord_generation_ns"":3250.0,""chord_selection_ns"":0.0,""compressed_network_construction_ns"":0.0,""embedding_ns"":41.0,""explicit_conflict_construction_ns"":null,""explicit_network_construction_ns"":null,""geometry_preprocessing_ns"":583375.0,""matching_ns"":null,""max_flow_ns"":208.0,""rectangle_completion_recovery_ns"":729708.0,""verification_ns"":41208.0,""vertex_cover_recovery_ns"":0.0}",,,,phase_decomposition,solve-from-canonical-instance,,,"{""biclique_count"":0,""biclique_total_vertex_occurrences_sigma"":0,""boundary_size_b"":184,""component_count"":1,""compressed_network_arc_count"":0,""compressed_network_node_count"":2,""compressed_size_m"":2,""explicit_conflict_edge_count_k"":0,""foreground_cells_n"":4186,""height"":91,""horizontal_chord_count_h"":0,""optimum_rectangle_count"":91,""q"":0,""reflex_count"":90,""vertical_chord_count_v"":0,""width"":91}",,,,8192,,,,
,,,,,explicit-c0-flow,,,,,,,,comb-staircase,,,,,,,,,"{""biclique_construction_ns"":null,""chord_generation_ns"":3250.0,""chord_selection_ns"":0.0,""compressed_network_construction_ns"":null,""embedding_ns"":0.0,""explicit_conflict_construction_ns"":41.0,""explicit_network_construction_ns"":0.0,""geometry_preprocessing_ns"":578458.0,""matching_ns"":null,""max_flow_ns"":208.0,""rectangle_completion_recovery_ns"":730604.0,""verification_ns"":41167.0,""vertex_cover_recovery_ns"":0.0}",,,,phase_decomposition,solve-from-canonical-instance,,,"{""biclique_count"":0,""biclique_total_vertex_occurrences_sigma"":0,""boundary_size_b"":184,""component_count"":1,""compressed_network_arc_count"":0,""compressed_network_node_count"":2,""compressed_size_m"":2,""explicit_conflict_edge_count_k"":0,""foreground_cells_n"":4186,""height"":91,""horizontal_chord_count_h"":0,""optimum_rectangle_count"":91,""q"":0,""reflex_count"":90,""vertical_chord_count_v"":0,""width"":91}",,,,8192,,,,
,,,,,explicit-hopcroft-karp,,,,,,,,comb-staircase,,,,,,,,,"{""biclique_construction_ns"":null,""chord_generation_ns"":3250.0,""chord_selection_ns"":0.0,""compressed_network_construction_ns"":null,""embedding_ns"":null,""explicit_conflict_construction_ns"":0.0,""explicit_network_construction_ns"":null,""geometry_preprocessing_ns"":582041.0,""matching_ns"":0.0,""max_flow_ns"":null,""rectangle_completion_recovery_ns"":729333.0,""verification_ns"":41167.0,""vertex_cover_recovery_ns"":0.0}",,,,phase_decomposition,solve-from-canonical-instance,,,"{""biclique_count"":0,""biclique_total_vertex_occurrences_sigma"":0,""boundary_size_b"":184,""component_count"":1,""compressed_network_arc_count"":0,""compressed_network_node_count"":2,""compressed_size_m"":2,""explicit_conflict_edge_count_k"":0,""foreground_cells_n"":4186,""height"":91,""horizontal_chord_count_h"":0,""optimum_rectangle_count"":91,""q"":0,""reflex_count"":90,""vertical_chord_count_v"":0,""width"":91}",,,,8192,,,,
,,,,,compact-mrd,,,,,,,,dense-conflict,,,,,,,,,"{""biclique_construction_ns"":205292.0,""chord_generation_ns"":null,""chord_selection_ns"":null,""compressed_network_construction_ns"":7458.0,""embedding_ns"":1000.0,""explicit_conflict_construction_ns"":null,""explicit_network_construction_ns"":null,""geometry_preprocessing_ns"":null,""matching_ns"":null,""max_flow_ns"":27459.0,""rectangle_completion_recovery_ns"":null,""verification_ns"":null,""vertex_cover_recovery_ns"":500.0}",,,,phase_decomposition,representation-and-solver-kernel,,,"{""biclique_count"":164,""biclique_total_vertex_occurrences_sigma"":795,""boundary_size_b"":516,""component_count"":1,""compressed_network_arc_count"":1051,""compressed_network_node_count"":422,""compressed_size_m"":1473,""explicit_conflict_edge_count_k"":4352,""foreground_cells_n"":4617,""height"":69,""horizontal_chord_count_h"":128,""optimum_rectangle_count"":129,""q"":256,""reflex_count"":256,""vertical_chord_count_v"":128,""width"":69}",,,,64,,,,
,,,,,explicit-c0-flow,,,,,,,,dense-conflict,,,,,,,,,"{""biclique_construction_ns"":null,""chord_generation_ns"":null,""chord_selection_ns"":null,""compressed_network_construction_ns"":null,""embedding_ns"":1083.0,""explicit_conflict_construction_ns"":90145.5,""explicit_network_construction_ns"":117542.0,""geometry_preprocessing_ns"":null,""matching_ns"":null,""max_flow_ns"":249792.0,""rectangle_completion_recovery_ns"":null,""verification_ns"":null,""vertex_cover_recovery_ns"":5167.0}",,,,phase_decomposition,representation-and-solver-kernel,,,"{""biclique_count"":164,""biclique_total_vertex_occurrences_sigma"":795,""boundary_size_b"":516,""component_count"":1,""compressed_network_arc_count"":1051,""compressed_network_node_count"":422,""compressed_size_m"":1473,""explicit_conflict_edge_count_k"":4352,""foreground_cells_n"":4617,""height"":69,""horizontal_chord_count_h"":128,""optimum_rectangle_count"":129,""q"":256,""reflex_count"":256,""vertical_chord_count_v"":128,""width"":69}",,,,64,,,,
,,,,,explicit-hopcroft-karp,,,,,,,,dense-conflict,,,,,,,,,"{""biclique_construction_ns"":null,""chord_generation_ns"":null,""chord_selection_ns"":null,""compressed_network_construction_ns"":null,""embedding_ns"":null,""explicit_conflict_construction_ns"":87042.0,""explicit_network_construction_ns"":null,""geometry_preprocessing_ns"":null,""matching_ns"":8792.0,""max_flow_ns"":null,""rectangle_completion_recovery_ns"":null,""verification_ns"":null,""vertex_cover_recovery_ns"":84.0}",,,,phase_decomposition,representation-and-solver-kernel,,,"{""biclique_count"":164,""biclique_total_vertex_occurrences_sigma"":795,""boundary_size_b"":516,""component_count"":1,""compressed_network_arc_count"":1051,""compressed_network_node_count"":422,""compressed_size_m"":1473,""explicit_conflict_edge_count_k"":4352,""foreground_cells_n"":4617,""height"":69,""horizontal_chord_count_h"":128,""optimum_rectangle_count"":129,""q"":256,""reflex_count"":256,""vertical_chord_count_v"":128,""width"":69}",,,,64,,,,
,,,,,compact-mrd,,,,,,,,dense-conflict,,,,,,,,,"{""biclique_construction_ns"":244271.5,""chord_generation_ns"":11834.0,""chord_selection_ns"":42.0,""compressed_network_construction_ns"":8291.0,""embedding_ns"":1042.0,""explicit_conflict_construction_ns"":null,""explicit_network_construction_ns"":null,""geometry_preprocessing_ns"":695187.0,""matching_ns"":null,""max_flow_ns"":33083.0,""rectangle_completion_recovery_ns"":395250.0,""verification_ns"":35750.0,""vertex_cover_recovery_ns"":583.0}",,,,phase_decomposition,solve-from-canonical-instance,,,"{""biclique_count"":164,""biclique_total_vertex_occurrences_sigma"":795,""boundary_size_b"":516,""component_count"":1,""compressed_network_arc_count"":1051,""compressed_network_node_count"":422,""compressed_size_m"":1473,""explicit_conflict_edge_count_k"":4352,""foreground_cells_n"":4617,""height"":69,""horizontal_chord_count_h"":128,""optimum_rectangle_count"":129,""q"":256,""reflex_count"":256,""vertical_chord_count_v"":128,""width"":69}",,,,64,,,,
,,,,,explicit-c0-flow,,,,,,,,dense-conflict,,,,,,,,,"{""biclique_construction_ns"":null,""chord_generation_ns"":11791.0,""chord_selection_ns"":41.0,""compressed_network_construction_ns"":null,""embedding_ns"":1042.0,""explicit_conflict_construction_ns"":90792.0,""explicit_network_construction_ns"":119354.5,""geometry_preprocessing_ns"":700125.5,""matching_ns"":null,""max_flow_ns"":252458.0,""rectangle_completion_recovery_ns"":396604.5,""verification_ns"":35854.5,""vertex_cover_recovery_ns"":5125.0}",,,,phase_decomposition,solve-from-canonical-instance,,,"{""biclique_count"":164,""biclique_total_vertex_occurrences_sigma"":795,""boundary_size_b"":516,""component_count"":1,""compressed_network_arc_count"":1051,""compressed_network_node_count"":422,""compressed_size_m"":1473,""explicit_conflict_edge_count_k"":4352,""foreground_cells_n"":4617,""height"":69,""horizontal_chord_count_h"":128,""optimum_rectangle_count"":129,""q"":256,""reflex_count"":256,""vertical_chord_count_v"":128,""width"":69}",,,,64,,,,
,,,,,explicit-hopcroft-karp,,,,,,,,dense-conflict,,,,,,,,,"{""biclique_construction_ns"":null,""chord_generation_ns"":11750.0,""chord_selection_ns"":42.0,""compressed_network_construction_ns"":null,""embedding_ns"":null,""explicit_conflict_construction_ns"":88292.0,""explicit_network_construction_ns"":null,""geometry_preprocessing_ns"":697250.0,""matching_ns"":9250.0,""max_flow_ns"":null,""rectangle_completion_recovery_ns"":394875.0,""verification_ns"":35624.0,""vertex_cover_recovery_ns"":125.0}",,,,phase_decomposition,solve-from-canonical-instance,,,"{""biclique_count"":164,""biclique_total_vertex_occurrences_sigma"":795,""boundary_size_b"":516,""component_count"":1,""compressed_network_arc_count"":1051,""compressed_network_node_count"":422,""compressed_size_m"":1473,""explicit_conflict_edge_count_k"":4352,""foreground_cells_n"":4617,""height"":69,""horizontal_chord_count_h"":128,""optimum_rectangle_count"":129,""q"":256,""reflex_count"":256,""vertical_chord_count_v"":128,""width"":69}",,,,64,,,,
,,,,,compact-mrd,,,,,,,,dense-conflict,,,,,,,,,"{""biclique_construction_ns"":423958.5,""chord_generation_ns"":null,""chord_selection_ns"":null,""compressed_network_construction_ns"":13917.0,""embedding_ns"":1750.0,""explicit_conflict_construction_ns"":null,""explicit_network_construction_ns"":null,""geometry_preprocessing_ns"":null,""matching_ns"":null,""max_flow_ns"":54417.0,""rectangle_completion_recovery_ns"":null,""verification_ns"":null,""vertex_cover_recovery_ns"":917.0}",,,,phase_decomposition,representation-and-solver-kernel,,,"{""biclique_count"":308,""biclique_total_vertex_occurrences_sigma"":1619,""boundary_size_b"":1028,""component_count"":1,""compressed_network_arc_count"":2131,""compressed_network_node_count"":822,""compressed_size_m"":2953,""explicit_conflict_edge_count_k"":16896,""foreground_cells_n"":17417,""height"":133,""horizontal_chord_count_h"":256,""optimum_rectangle_count"":257,""q"":512,""reflex_count"":512,""vertical_chord_count_v"":256,""width"":133}",,,,128,,,,
,,,,,explicit-c0-flow,,,,,,,,dense-conflict,,,,,,,,,"{""biclique_construction_ns"":null,""chord_generation_ns"":null,""chord_selection_ns"":null,""compressed_network_construction_ns"":null,""embedding_ns"":2125.0,""explicit_conflict_construction_ns"":560792.0,""explicit_network_construction_ns"":432291.5,""geometry_preprocessing_ns"":null,""matching_ns"":null,""max_flow_ns"":856374.5,""rectangle_completion_recovery_ns"":null,""verification_ns"":null,""vertex_cover_recovery_ns"":21604.0}",,,,phase_decomposition,representation-and-solver-kernel,,,"{""biclique_count"":308,""biclique_total_vertex_occurrences_sigma"":1619,""boundary_size_b"":1028,""component_count"":1,""compressed_network_arc_count"":2131,""compressed_network_node_count"":822,""compressed_size_m"":2953,""explicit_conflict_edge_count_k"":16896,""foreground_cells_n"":17417,""height"":133,""horizontal_chord_count_h"":256,""optimum_rectangle_count"":257,""q"":512,""reflex_count"":512,""vertical_chord_count_v"":256,""width"":133}",,,,128,,,,
,,,,,explicit-hopcroft-karp,,,,,,,,dense-conflict,,,,,,,,,"{""biclique_construction_ns"":null,""chord_generation_ns"":null,""chord_selection_ns"":null,""compressed_network_construction_ns"":null,""embedding_ns"":null,""explicit_conflict_construction_ns"":544292.0,""explicit_network_construction_ns"":null,""geometry_preprocessing_ns"":null,""matching_ns"":33417.0,""max_flow_ns"":null,""rectangle_completion_recovery_ns"":null,""verification_ns"":null,""vertex_cover_recovery_ns"":167.0}",,,,phase_decomposition,representation-and-solver-kernel,,,"{""biclique_count"":308,""biclique_total_vertex_occurrences_sigma"":1619,""boundary_size_b"":1028,""component_count"":1,""compressed_network_arc_count"":2131,""compressed_network_node_count"":822,""compressed_size_m"":2953,""explicit_conflict_edge_count_k"":16896,""foreground_cells_n"":17417,""height"":133,""horizontal_chord_count_h"":256,""optimum_rectangle_count"":257,""q"":512,""reflex_count"":512,""vertical_chord_count_v"":256,""width"":133}",,,,128,,,,
,,,,,compact-mrd,,,,,,,,dense-conflict,,,,,,,,,"{""biclique_construction_ns"":521708.0,""chord_generation_ns"":23666.0,""chord_selection_ns"":42.0,""compressed_network_construction_ns"":15083.0,""embedding_ns"":2458.0,""explicit_conflict_construction_ns"":null,""explicit_network_construction_ns"":null,""geometry_preprocessing_ns"":2588459.0,""matching_ns"":null,""max_flow_ns"":69500.0,""rectangle_completion_recovery_ns"":1494833.0,""verification_ns"":126084.0,""vertex_cover_recovery_ns"":1291.0}",,,,phase_decomposition,solve-from-canonical-instance,,,"{""biclique_count"":308,""biclique_total_vertex_occurrences_sigma"":1619,""boundary_size_b"":1028,""component_count"":1,""compressed_network_arc_count"":2131,""compressed_network_node_count"":822,""compressed_size_m"":2953,""explicit_conflict_edge_count_k"":16896,""foreground_cells_n"":17417,""height"":133,""horizontal_chord_count_h"":256,""optimum_rectangle_count"":257,""q"":512,""reflex_count"":512,""vertical_chord_count_v"":256,""width"":133}",,,,128,,,,
,,,,,explicit-c0-flow,,,,,,,,dense-conflict,,,,,,,,,"{""biclique_construction_ns"":null,""chord_generation_ns"":23729.0,""chord_selection_ns"":125.0,""compressed_network_construction_ns"":null,""embedding_ns"":2479.5,""explicit_conflict_construction_ns"":562167.0,""explicit_network_construction_ns"":428188.0,""geometry_preprocessing_ns"":2587209.0,""matching_ns"":null,""max_flow_ns"":850187.0,""rectangle_completion_recovery_ns"":1521792.0,""verification_ns"":127729.0,""vertex_cover_recovery_ns"":21437.0}",,,,phase_decomposition,solve-from-canonical-instance,,,"{""biclique_count"":308,""biclique_total_vertex_occurrences_sigma"":1619,""boundary_size_b"":1028,""component_count"":1,""compressed_network_arc_count"":2131,""compressed_network_node_count"":822,""compressed_size_m"":2953,""explicit_conflict_edge_count_k"":16896,""foreground_cells_n"":17417,""height"":133,""horizontal_chord_count_h"":256,""optimum_rectangle_count"":257,""q"":512,""reflex_count"":512,""vertical_chord_count_v"":256,""width"":133}",,,,128,,,,
,,,,,explicit-hopcroft-karp,,,,,,,,dense-conflict,,,,,,,,,"{""biclique_construction_ns"":null,""chord_generation_ns"":23687.5,""chord_selection_ns"":83.0,""compressed_network_construction_ns"":null,""embedding_ns"":null,""explicit_conflict_construction_ns"":552917.0,""explicit_network_construction_ns"":null,""geometry_preprocessing_ns"":2612271.0,""matching_ns"":34020.5,""max_flow_ns"":null,""rectangle_completion_recovery_ns"":1503541.5,""verification_ns"":126042.0,""vertex_cover_recovery_ns"":250.0}",,,,phase_decomposition,solve-from-canonical-instance,,,"{""biclique_count"":308,""biclique_total_vertex_occurrences_sigma"":1619,""boundary_size_b"":1028,""component_count"":1,""compressed_network_arc_count"":2131,""compressed_network_node_count"":822,""compressed_size_m"":2953,""explicit_conflict_edge_count_k"":16896,""foreground_cells_n"":17417,""height"":133,""horizontal_chord_count_h"":256,""optimum_rectangle_count"":257,""q"":512,""reflex_count"":512,""vertical_chord_count_v"":256,""width"":133}",,,,128,,,,
,,,,,compact-mrd,,,,,,,,dense-conflict,,,,,,,,,"{""biclique_construction_ns"":879959.0,""chord_generation_ns"":null,""chord_selection_ns"":null,""compressed_network_construction_ns"":25833.0,""embedding_ns"":3000.0,""explicit_conflict_construction_ns"":null,""explicit_network_construction_ns"":null,""geometry_preprocessing_ns"":null,""matching_ns"":null,""max_flow_ns"":107834.0,""rectangle_completion_recovery_ns"":null,""verification_ns"":null,""vertex_cover_recovery_ns"":1667.0}",,,,phase_decomposition,representation-and-solver-kernel,,,"{""biclique_count"":578,""biclique_total_vertex_occurrences_sigma"":3280,""boundary_size_b"":2052,""component_count"":1,""compressed_network_arc_count"":4304,""compressed_network_node_count"":1604,""compressed_size_m"":5908,""explicit_conflict_edge_count_k"":66560,""foreground_cells_n"":67593,""height"":261,""horizontal_chord_count_h"":512,""optimum_rectangle_count"":513,""q"":1024,""reflex_count"":1024,""vertical_chord_count_v"":512,""width"":261}",,,,256,,,,
,,,,,explicit-c0-flow,,,,,,,,dense-conflict,,,,,,,,,"{""biclique_construction_ns"":null,""chord_generation_ns"":null,""chord_selection_ns"":null,""compressed_network_construction_ns"":null,""embedding_ns"":4042.0,""explicit_conflict_construction_ns"":3853833.0,""explicit_network_construction_ns"":1681125.0,""geometry_preprocessing_ns"":null,""matching_ns"":null,""max_flow_ns"":3648167.0,""rectangle_completion_recovery_ns"":null,""verification_ns"":null,""vertex_cover_recovery_ns"":106041.0}",,,,phase_decomposition,representation-and-solver-kernel,,,"{""biclique_count"":578,""biclique_total_vertex_occurrences_sigma"":3280,""boundary_size_b"":2052,""component_count"":1,""compressed_network_arc_count"":4304,""compressed_network_node_count"":1604,""compressed_size_m"":5908,""explicit_conflict_edge_count_k"":66560,""foreground_cells_n"":67593,""height"":261,""horizontal_chord_count_h"":512,""optimum_rectangle_count"":513,""q"":1024,""reflex_count"":1024,""vertical_chord_count_v"":512,""width"":261}",,,,256,,,,
,,,,,explicit-hopcroft-karp,,,,,,,,dense-conflict,,,,,,,,,"{""biclique_construction_ns"":null,""chord_generation_ns"":null,""chord_selection_ns"":null,""compressed_network_construction_ns"":null,""embedding_ns"":null,""explicit_conflict_construction_ns"":3796833.0,""explicit_network_construction_ns"":null,""geometry_preprocessing_ns"":null,""matching_ns"":115708.0,""max_flow_ns"":null,""rectangle_completion_recovery_ns"":null,""verification_ns"":null,""vertex_cover_recovery_ns"":333.0}",,,,phase_decomposition,representation-and-solver-kernel,,,"{""biclique_count"":578,""biclique_total_vertex_occurrences_sigma"":3280,""boundary_size_b"":2052,""component_count"":1,""compressed_network_arc_count"":4304,""compressed_network_node_count"":1604,""compressed_size_m"":5908,""explicit_conflict_edge_count_k"":66560,""foreground_cells_n"":67593,""height"":261,""horizontal_chord_count_h"":512,""optimum_rectangle_count"":513,""q"":1024,""reflex_count"":1024,""vertical_chord_count_v"":512,""width"":261}",,,,256,,,,
,,,,,compact-mrd,,,,,,,,dense-conflict,,,,,,,,,"{""biclique_construction_ns"":1027812.0,""chord_generation_ns"":46958.0,""chord_selection_ns"":125.0,""compressed_network_construction_ns"":28167.0,""embedding_ns"":3750.0,""explicit_conflict_construction_ns"":null,""explicit_network_construction_ns"":null,""geometry_preprocessing_ns"":10056542.0,""matching_ns"":null,""max_flow_ns"":130354.0,""rectangle_completion_recovery_ns"":5970667.0,""verification_ns"":460312.5,""vertex_cover_recovery_ns"":2187.0}",,,,phase_decomposition,solve-from-canonical-instance,,,"{""biclique_count"":578,""biclique_total_vertex_occurrences_sigma"":3280,""boundary_size_b"":2052,""component_count"":1,""compressed_network_arc_count"":4304,""compressed_network_node_count"":1604,""compressed_size_m"":5908,""explicit_conflict_edge_count_k"":66560,""foreground_cells_n"":67593,""height"":261,""horizontal_chord_count_h"":512,""optimum_rectangle_count"":513,""q"":1024,""reflex_count"":1024,""vertical_chord_count_v"":512,""width"":261}",,,,256,,,,
,,,,,explicit-c0-flow,,,,,,,,dense-conflict,,,,,,,,,"{""biclique_construction_ns"":null,""chord_generation_ns"":46792.0,""chord_selection_ns"":167.0,""compressed_network_construction_ns"":null,""embedding_ns"":3584.0,""explicit_conflict_construction_ns"":3871166.0,""explicit_network_construction_ns"":1721167.0,""geometry_preprocessing_ns"":10031084.0,""matching_ns"":null,""max_flow_ns"":3564209.0,""rectangle_completion_recovery_ns"":6064333.0,""verification_ns"":464749.0,""vertex_cover_recovery_ns"":100042.0}",,,,phase_decomposition,solve-from-canonical-instance,,,"{""biclique_count"":578,""biclique_total_vertex_occurrences_sigma"":3280,""boundary_size_b"":2052,""component_count"":1,""compressed_network_arc_count"":4304,""compressed_network_node_count"":1604,""compressed_size_m"":5908,""explicit_conflict_edge_count_k"":66560,""foreground_cells_n"":67593,""height"":261,""horizontal_chord_count_h"":512,""optimum_rectangle_count"":513,""q"":1024,""reflex_count"":1024,""vertical_chord_count_v"":512,""width"":261}",,,,256,,,,
,,,,,explicit-hopcroft-karp,,,,,,,,dense-conflict,,,,,,,,,"{""biclique_construction_ns"":null,""chord_generation_ns"":46875.0,""chord_selection_ns"":167.0,""compressed_network_construction_ns"":null,""embedding_ns"":null,""explicit_conflict_construction_ns"":3829334.0,""explicit_network_construction_ns"":null,""geometry_preprocessing_ns"":10100583.0,""matching_ns"":117292.0,""max_flow_ns"":null,""rectangle_completion_recovery_ns"":5980166.0,""verification_ns"":458250.0,""vertex_cover_recovery_ns"":500.0}",,,,phase_decomposition,solve-from-canonical-instance,,,"{""biclique_count"":578,""biclique_total_vertex_occurrences_sigma"":3280,""boundary_size_b"":2052,""component_count"":1,""compressed_network_arc_count"":4304,""compressed_network_node_count"":1604,""compressed_size_m"":5908,""explicit_conflict_edge_count_k"":66560,""foreground_cells_n"":67593,""height"":261,""horizontal_chord_count_h"":512,""optimum_rectangle_count"":513,""q"":1024,""reflex_count"":1024,""vertical_chord_count_v"":512,""width"":261}",,,,256,,,,
,,,,,compact-mrd,,,,,,,,dense-conflict,,,,,,,,,"{""biclique_construction_ns"":1827750.0,""chord_generation_ns"":null,""chord_selection_ns"":null,""compressed_network_construction_ns"":49125.0,""embedding_ns"":6208.0,""explicit_conflict_construction_ns"":null,""explicit_network_construction_ns"":null,""geometry_preprocessing_ns"":null,""matching_ns"":null,""max_flow_ns"":212541.0,""rectangle_completion_recovery_ns"":null,""verification_ns"":null,""vertex_cover_recovery_ns"":3208.0}",,,,phase_decomposition,representation-and-solver-kernel,,,"{""biclique_count"":1126,""biclique_total_vertex_occurrences_sigma"":6647,""boundary_size_b"":4100,""component_count"":1,""compressed_network_arc_count"":8695,""compressed_network_node_count"":3176,""compressed_size_m"":11871,""explicit_conflict_edge_count_k"":264192,""foreground_cells_n"":266249,""height"":517,""horizontal_chord_count_h"":1024,""optimum_rectangle_count"":1025,""q"":2048,""reflex_count"":2048,""vertical_chord_count_v"":1024,""width"":517}",,,,512,,,,
,,,,,explicit-c0-flow,,,,,,,,dense-conflict,,,,,,,,,"{""biclique_construction_ns"":null,""chord_generation_ns"":null,""chord_selection_ns"":null,""compressed_network_construction_ns"":null,""embedding_ns"":8667.0,""explicit_conflict_construction_ns"":27282208.0,""explicit_network_construction_ns"":8477042.0,""geometry_preprocessing_ns"":null,""matching_ns"":null,""max_flow_ns"":15521708.0,""rectangle_completion_recovery_ns"":null,""verification_ns"":null,""vertex_cover_recovery_ns"":446750.0}",,,,phase_decomposition,representation-and-solver-kernel,,,"{""biclique_count"":1126,""biclique_total_vertex_occurrences_sigma"":6647,""boundary_size_b"":4100,""component_count"":1,""compressed_network_arc_count"":8695,""compressed_network_node_count"":3176,""compressed_size_m"":11871,""explicit_conflict_edge_count_k"":264192,""foreground_cells_n"":266249,""height"":517,""horizontal_chord_count_h"":1024,""optimum_rectangle_count"":1025,""q"":2048,""reflex_count"":2048,""vertical_chord_count_v"":1024,""width"":517}",,,,512,,,,
,,,,,explicit-hopcroft-karp,,,,,,,,dense-conflict,,,,,,,,,"{""biclique_construction_ns"":null,""chord_generation_ns"":null,""chord_selection_ns"":null,""compressed_network_construction_ns"":null,""embedding_ns"":null,""explicit_conflict_construction_ns"":26837583.5,""explicit_network_construction_ns"":null,""geometry_preprocessing_ns"":null,""matching_ns"":448937.5,""max_flow_ns"":null,""rectangle_completion_recovery_ns"":null,""verification_ns"":null,""vertex_cover_recovery_ns"":833.0}",,,,phase_decomposition,representation-and-solver-kernel,,,"{""biclique_count"":1126,""biclique_total_vertex_occurrences_sigma"":6647,""boundary_size_b"":4100,""component_count"":1,""compressed_network_arc_count"":8695,""compressed_network_node_count"":3176,""compressed_size_m"":11871,""explicit_conflict_edge_count_k"":264192,""foreground_cells_n"":266249,""height"":517,""horizontal_chord_count_h"":1024,""optimum_rectangle_count"":1025,""q"":2048,""reflex_count"":2048,""vertical_chord_count_v"":1024,""width"":517}",,,,512,,,,
,,,,,compact-mrd,,,,,,,,dense-conflict,,,,,,,,,"{""biclique_construction_ns"":2012167.0,""chord_generation_ns"":93458.0,""chord_selection_ns"":208.0,""compressed_network_construction_ns"":52917.0,""embedding_ns"":7125.0,""explicit_conflict_construction_ns"":null,""explicit_network_construction_ns"":null,""geometry_preprocessing_ns"":39338833.0,""matching_ns"":null,""max_flow_ns"":242875.0,""rectangle_completion_recovery_ns"":24754875.0,""verification_ns"":1956792.0,""vertex_cover_recovery_ns"":3917.0}",,,,phase_decomposition,solve-from-canonical-instance,,,"{""biclique_count"":1126,""biclique_total_vertex_occurrences_sigma"":6647,""boundary_size_b"":4100,""component_count"":1,""compressed_network_arc_count"":8695,""compressed_network_node_count"":3176,""compressed_size_m"":11871,""explicit_conflict_edge_count_k"":264192,""foreground_cells_n"":266249,""height"":517,""horizontal_chord_count_h"":1024,""optimum_rectangle_count"":1025,""q"":2048,""reflex_count"":2048,""vertical_chord_count_v"":1024,""width"":517}",,,,512,,,,
,,,,,explicit-c0-flow,,,,,,,,dense-conflict,,,,,,,,,"{""biclique_construction_ns"":null,""chord_generation_ns"":96000.0,""chord_selection_ns"":84.0,""compressed_network_construction_ns"":null,""embedding_ns"":6958.0,""explicit_conflict_construction_ns"":27398209.0,""explicit_network_construction_ns"":7793917.0,""geometry_preprocessing_ns"":39058791.0,""matching_ns"":null,""max_flow_ns"":15841917.0,""rectangle_completion_recovery_ns"":24738459.0,""verification_ns"":1977833.0,""vertex_cover_recovery_ns"":444125.0}",,,,phase_decomposition,solve-from-canonical-instance,,,"{""biclique_count"":1126,""biclique_total_vertex_occurrences_sigma"":6647,""boundary_size_b"":4100,""component_count"":1,""compressed_network_arc_count"":8695,""compressed_network_node_count"":3176,""compressed_size_m"":11871,""explicit_conflict_edge_count_k"":264192,""foreground_cells_n"":266249,""height"":517,""horizontal_chord_count_h"":1024,""optimum_rectangle_count"":1025,""q"":2048,""reflex_count"":2048,""vertical_chord_count_v"":1024,""width"":517}",,,,512,,,,
,,,,,explicit-hopcroft-karp,,,,,,,,dense-conflict,,,,,,,,,"{""biclique_construction_ns"":null,""chord_generation_ns"":93625.0,""chord_selection_ns"":208.0,""compressed_network_construction_ns"":null,""embedding_ns"":null,""explicit_conflict_construction_ns"":26900958.0,""explicit_network_construction_ns"":null,""geometry_preprocessing_ns"":39806791.0,""matching_ns"":446459.0,""max_flow_ns"":null,""rectangle_completion_recovery_ns"":24712333.0,""verification_ns"":1976375.0,""vertex_cover_recovery_ns"":875.0}",,,,phase_decomposition,solve-from-canonical-instance,,,"{""biclique_count"":1126,""biclique_total_vertex_occurrences_sigma"":6647,""boundary_size_b"":4100,""component_count"":1,""compressed_network_arc_count"":8695,""compressed_network_node_count"":3176,""compressed_size_m"":11871,""explicit_conflict_edge_count_k"":264192,""foreground_cells_n"":266249,""height"":517,""horizontal_chord_count_h"":1024,""optimum_rectangle_count"":1025,""q"":2048,""reflex_count"":2048,""vertical_chord_count_v"":1024,""width"":517}",,,,512,,,,
,,,,,compact-mrd,,,,,,,,dense-conflict,,,,,,,,,"{""biclique_construction_ns"":3816292.0,""chord_generation_ns"":null,""chord_selection_ns"":null,""compressed_network_construction_ns"":106250.0,""embedding_ns"":12541.0,""explicit_conflict_construction_ns"":null,""explicit_network_construction_ns"":null,""geometry_preprocessing_ns"":null,""matching_ns"":null,""max_flow_ns"":428792.0,""rectangle_completion_recovery_ns"":null,""verification_ns"":null,""vertex_cover_recovery_ns"":6334.0}",,,,phase_decomposition,representation-and-solver-kernel,,,"{""biclique_count"":2187,""biclique_total_vertex_occurrences_sigma"":13400,""boundary_size_b"":8196,""component_count"":1,""compressed_network_arc_count"":17496,""compressed_network_node_count"":6285,""compressed_size_m"":23781,""explicit_conflict_edge_count_k"":1052672,""foreground_cells_n"":1056777,""height"":1029,""horizontal_chord_count_h"":2048,""optimum_rectangle_count"":2049,""q"":4096,""reflex_count"":4096,""vertical_chord_count_v"":2048,""width"":1029}",,,,1024,,,,
,,,,,explicit-c0-flow,,,,,,,,dense-conflict,,,,,,,,,"{""biclique_construction_ns"":null,""chord_generation_ns"":null,""chord_selection_ns"":null,""compressed_network_construction_ns"":null,""embedding_ns"":18166.0,""explicit_conflict_construction_ns"":196505958.0,""explicit_network_construction_ns"":30846292.0,""geometry_preprocessing_ns"":null,""matching_ns"":null,""max_flow_ns"":64370000.0,""rectangle_completion_recovery_ns"":null,""verification_ns"":null,""vertex_cover_recovery_ns"":1608666.0}",,,,phase_decomposition,representation-and-solver-kernel,,,"{""biclique_count"":2187,""biclique_total_vertex_occurrences_sigma"":13400,""boundary_size_b"":8196,""component_count"":1,""compressed_network_arc_count"":17496,""compressed_network_node_count"":6285,""compressed_size_m"":23781,""explicit_conflict_edge_count_k"":1052672,""foreground_cells_n"":1056777,""height"":1029,""horizontal_chord_count_h"":2048,""optimum_rectangle_count"":2049,""q"":4096,""reflex_count"":4096,""vertical_chord_count_v"":2048,""width"":1029}",,,,1024,,,,
,,,,,explicit-hopcroft-karp,,,,,,,,dense-conflict,,,,,,,,,"{""biclique_construction_ns"":null,""chord_generation_ns"":null,""chord_selection_ns"":null,""compressed_network_construction_ns"":null,""embedding_ns"":null,""explicit_conflict_construction_ns"":195604000.0,""explicit_network_construction_ns"":null,""geometry_preprocessing_ns"":null,""matching_ns"":1974833.0,""max_flow_ns"":null,""rectangle_completion_recovery_ns"":null,""verification_ns"":null,""vertex_cover_recovery_ns"":2042.0}",,,,phase_decomposition,representation-and-solver-kernel,,,"{""biclique_count"":2187,""biclique_total_vertex_occurrences_sigma"":13400,""boundary_size_b"":8196,""component_count"":1,""compressed_network_arc_count"":17496,""compressed_network_node_count"":6285,""compressed_size_m"":23781,""explicit_conflict_edge_count_k"":1052672,""foreground_cells_n"":1056777,""height"":1029,""horizontal_chord_count_h"":2048,""optimum_rectangle_count"":2049,""q"":4096,""reflex_count"":4096,""vertical_chord_count_v"":2048,""width"":1029}",,,,1024,,,,
,,,,,compact-mrd,,,,,,,,dense-conflict,,,,,,,,,"{""biclique_construction_ns"":4037750.0,""chord_generation_ns"":187000.0,""chord_selection_ns"":250.0,""compressed_network_construction_ns"":135292.0,""embedding_ns"":13458.0,""explicit_conflict_construction_ns"":null,""explicit_network_construction_ns"":null,""geometry_preprocessing_ns"":156471667.0,""matching_ns"":null,""max_flow_ns"":475416.0,""rectangle_completion_recovery_ns"":100047625.0,""verification_ns"":8949666.0,""vertex_cover_recovery_ns"":7500.0}",,,,phase_decomposition,solve-from-canonical-instance,,,"{""biclique_count"":2187,""biclique_total_vertex_occurrences_sigma"":13400,""boundary_size_b"":8196,""component_count"":1,""compressed_network_arc_count"":17496,""compressed_network_node_count"":6285,""compressed_size_m"":23781,""explicit_conflict_edge_count_k"":1052672,""foreground_cells_n"":1056777,""height"":1029,""horizontal_chord_count_h"":2048,""optimum_rectangle_count"":2049,""q"":4096,""reflex_count"":4096,""vertical_chord_count_v"":2048,""width"":1029}",,,,1024,,,,
,,,,,explicit-c0-flow,,,,,,,,dense-conflict,,,,,,,,,"{""biclique_construction_ns"":null,""chord_generation_ns"":186208.0,""chord_selection_ns"":375.0,""compressed_network_construction_ns"":null,""embedding_ns"":13208.0,""explicit_conflict_construction_ns"":196891958.0,""explicit_network_construction_ns"":29079000.0,""geometry_preprocessing_ns"":157526833.0,""matching_ns"":null,""max_flow_ns"":65823333.0,""rectangle_completion_recovery_ns"":100175958.0,""verification_ns"":8465708.0,""vertex_cover_recovery_ns"":1455458.0}",,,,phase_decomposition,solve-from-canonical-instance,,,"{""biclique_count"":2187,""biclique_total_vertex_occurrences_sigma"":13400,""boundary_size_b"":8196,""component_count"":1,""compressed_network_arc_count"":17496,""compressed_network_node_count"":6285,""compressed_size_m"":23781,""explicit_conflict_edge_count_k"":1052672,""foreground_cells_n"":1056777,""height"":1029,""horizontal_chord_count_h"":2048,""optimum_rectangle_count"":2049,""q"":4096,""reflex_count"":4096,""vertical_chord_count_v"":2048,""width"":1029}",,,,1024,,,,
,,,,,explicit-hopcroft-karp,,,,,,,,dense-conflict,,,,,,,,,"{""biclique_construction_ns"":null,""chord_generation_ns"":184000.0,""chord_selection_ns"":333.0,""compressed_network_construction_ns"":null,""embedding_ns"":null,""explicit_conflict_construction_ns"":195607500.0,""explicit_network_construction_ns"":null,""geometry_preprocessing_ns"":158188875.0,""matching_ns"":1977500.0,""max_flow_ns"":null,""rectangle_completion_recovery_ns"":101426750.0,""verification_ns"":8875000.0,""vertex_cover_recovery_ns"":1792.0}",,,,phase_decomposition,solve-from-canonical-instance,,,"{""biclique_count"":2187,""biclique_total_vertex_occurrences_sigma"":13400,""boundary_size_b"":8196,""component_count"":1,""compressed_network_arc_count"":17496,""compressed_network_node_count"":6285,""compressed_size_m"":23781,""explicit_conflict_edge_count_k"":1052672,""foreground_cells_n"":1056777,""height"":1029,""horizontal_chord_count_h"":2048,""optimum_rectangle_count"":2049,""q"":4096,""reflex_count"":4096,""vertical_chord_count_v"":2048,""width"":1029}",,,,1024,,,,
,,,,,compact-mrd,,,,,,,,random-connected,,,,,,,,,"{""biclique_construction_ns"":11458.0,""chord_generation_ns"":null,""chord_selection_ns"":null,""compressed_network_construction_ns"":708.0,""embedding_ns"":125.0,""explicit_conflict_construction_ns"":null,""explicit_network_construction_ns"":null,""geometry_preprocessing_ns"":null,""matching_ns"":null,""max_flow_ns"":2542.0,""rectangle_completion_recovery_ns"":null,""verification_ns"":null,""vertex_cover_recovery_ns"":83.0}",,,,phase_decomposition,representation-and-solver-kernel,,,"{""biclique_count"":17,""biclique_total_vertex_occurrences_sigma"":40,""boundary_size_b"":40,""component_count"":1,""compressed_network_arc_count"":55,""compressed_network_node_count"":34,""compressed_size_m"":89,""explicit_conflict_edge_count_k"":25,""foreground_cells_n"":64,""height"":16,""horizontal_chord_count_h"":7,""optimum_rectangle_count"":11,""q"":15,""reflex_count"":18,""vertical_chord_count_v"":8,""width"":16}",,,,64,,,,
,,,,,explicit-c0-flow,,,,,,,,random-connected,,,,,,,,,"{""biclique_construction_ns"":null,""chord_generation_ns"":null,""chord_selection_ns"":null,""compressed_network_construction_ns"":null,""embedding_ns"":125.0,""explicit_conflict_construction_ns"":333.0,""explicit_network_construction_ns"":958.0,""geometry_preprocessing_ns"":null,""matching_ns"":null,""max_flow_ns"":2458.0,""rectangle_completion_recovery_ns"":null,""verification_ns"":null,""vertex_cover_recovery_ns"":83.0}",,,,phase_decomposition,representation-and-solver-kernel,,,"{""biclique_count"":17,""biclique_total_vertex_occurrences_sigma"":40,""boundary_size_b"":40,""component_count"":1,""compressed_network_arc_count"":55,""compressed_network_node_count"":34,""compressed_size_m"":89,""explicit_conflict_edge_count_k"":25,""foreground_cells_n"":64,""height"":16,""horizontal_chord_count_h"":7,""optimum_rectangle_count"":11,""q"":15,""reflex_count"":18,""vertical_chord_count_v"":8,""width"":16}",,,,64,,,,
,,,,,explicit-hopcroft-karp,,,,,,,,random-connected,,,,,,,,,"{""biclique_construction_ns"":null,""chord_generation_ns"":null,""chord_selection_ns"":null,""compressed_network_construction_ns"":null,""embedding_ns"":null,""explicit_conflict_construction_ns"":333.0,""explicit_network_construction_ns"":null,""geometry_preprocessing_ns"":null,""matching_ns"":250.0,""max_flow_ns"":null,""rectangle_completion_recovery_ns"":null,""verification_ns"":null,""vertex_cover_recovery_ns"":42.0}",,,,phase_decomposition,representation-and-solver-kernel,,,"{""biclique_count"":17,""biclique_total_vertex_occurrences_sigma"":40,""boundary_size_b"":40,""component_count"":1,""compressed_network_arc_count"":55,""compressed_network_node_count"":34,""compressed_size_m"":89,""explicit_conflict_edge_count_k"":25,""foreground_cells_n"":64,""height"":16,""horizontal_chord_count_h"":7,""optimum_rectangle_count"":11,""q"":15,""reflex_count"":18,""vertical_chord_count_v"":8,""width"":16}",,,,64,,,,
,,,,,compact-mrd,,,,,,,,random-connected,,,,,,,,,"{""biclique_construction_ns"":11458.0,""chord_generation_ns"":1083.0,""chord_selection_ns"":41.0,""compressed_network_construction_ns"":708.0,""embedding_ns"":125.0,""explicit_conflict_construction_ns"":null,""explicit_network_construction_ns"":null,""geometry_preprocessing_ns"":18125.0,""matching_ns"":null,""max_flow_ns"":2542.0,""rectangle_completion_recovery_ns"":8708.0,""verification_ns"":1208.0,""vertex_cover_recovery_ns"":83.0}",,,,phase_decomposition,solve-from-canonical-instance,,,"{""biclique_count"":17,""biclique_total_vertex_occurrences_sigma"":40,""boundary_size_b"":40,""component_count"":1,""compressed_network_arc_count"":55,""compressed_network_node_count"":34,""compressed_size_m"":89,""explicit_conflict_edge_count_k"":25,""foreground_cells_n"":64,""height"":16,""horizontal_chord_count_h"":7,""optimum_rectangle_count"":11,""q"":15,""reflex_count"":18,""vertical_chord_count_v"":8,""width"":16}",,,,64,,,,
,,,,,explicit-c0-flow,,,,,,,,random-connected,,,,,,,,,"{""biclique_construction_ns"":null,""chord_generation_ns"":1083.0,""chord_selection_ns"":41.0,""compressed_network_construction_ns"":null,""embedding_ns"":125.0,""explicit_conflict_construction_ns"":333.0,""explicit_network_construction_ns"":958.0,""geometry_preprocessing_ns"":18167.0,""matching_ns"":null,""max_flow_ns"":2458.0,""rectangle_completion_recovery_ns"":8708.0,""verification_ns"":1208.0,""vertex_cover_recovery_ns"":83.0}",,,,phase_decomposition,solve-from-canonical-instance,,,"{""biclique_count"":17,""biclique_total_vertex_occurrences_sigma"":40,""boundary_size_b"":40,""component_count"":1,""compressed_network_arc_count"":55,""compressed_network_node_count"":34,""compressed_size_m"":89,""explicit_conflict_edge_count_k"":25,""foreground_cells_n"":64,""height"":16,""horizontal_chord_count_h"":7,""optimum_rectangle_count"":11,""q"":15,""reflex_count"":18,""vertical_chord_count_v"":8,""width"":16}",,,,64,,,,
,,,,,explicit-hopcroft-karp,,,,,,,,random-connected,,,,,,,,,"{""biclique_construction_ns"":null,""chord_generation_ns"":1083.0,""chord_selection_ns"":41.0,""compressed_network_construction_ns"":null,""embedding_ns"":null,""explicit_conflict_construction_ns"":333.0,""explicit_network_construction_ns"":null,""geometry_preprocessing_ns"":18166.0,""matching_ns"":250.0,""max_flow_ns"":null,""rectangle_completion_recovery_ns"":8625.0,""verification_ns"":1208.0,""vertex_cover_recovery_ns"":42.0}",,,,phase_decomposition,solve-from-canonical-instance,,,"{""biclique_count"":17,""biclique_total_vertex_occurrences_sigma"":40,""boundary_size_b"":40,""component_count"":1,""compressed_network_arc_count"":55,""compressed_network_node_count"":34,""compressed_size_m"":89,""explicit_conflict_edge_count_k"":25,""foreground_cells_n"":64,""height"":16,""horizontal_chord_count_h"":7,""optimum_rectangle_count"":11,""q"":15,""reflex_count"":18,""vertical_chord_count_v"":8,""width"":16}",,,,64,,,,
,,,,,compact-mrd,,,,,,,,random-connected,,,,,,,,,"{""biclique_construction_ns"":9500.0,""chord_generation_ns"":null,""chord_selection_ns"":null,""compressed_network_construction_ns"":583.0,""embedding_ns"":125.0,""explicit_conflict_construction_ns"":null,""explicit_network_construction_ns"":null,""geometry_preprocessing_ns"":null,""matching_ns"":null,""max_flow_ns"":1542.0,""rectangle_completion_recovery_ns"":null,""verification_ns"":null,""vertex_cover_recovery_ns"":42.0}",,,,phase_decomposition,representation-and-solver-kernel,,,"{""biclique_count"":12,""biclique_total_vertex_occurrences_sigma"":26,""boundary_size_b"":48,""component_count"":1,""compressed_network_arc_count"":41,""compressed_network_node_count"":29,""compressed_size_m"":70,""explicit_conflict_edge_count_k"":14,""foreground_cells_n"":128,""height"":23,""horizontal_chord_count_h"":8,""optimum_rectangle_count"":13,""q"":15,""reflex_count"":22,""vertical_chord_count_v"":7,""width"":23}",,,,128,,,,
,,,,,explicit-c0-flow,,,,,,,,random-connected,,,,,,,,,"{""biclique_construction_ns"":null,""chord_generation_ns"":null,""chord_selection_ns"":null,""compressed_network_construction_ns"":null,""embedding_ns"":125.0,""explicit_conflict_construction_ns"":208.0,""explicit_network_construction_ns"":625.0,""geometry_preprocessing_ns"":null,""matching_ns"":null,""max_flow_ns"":1917.0,""rectangle_completion_recovery_ns"":null,""verification_ns"":null,""vertex_cover_recovery_ns"":42.0}",,,,phase_decomposition,representation-and-solver-kernel,,,"{""biclique_count"":12,""biclique_total_vertex_occurrences_sigma"":26,""boundary_size_b"":48,""component_count"":1,""compressed_network_arc_count"":41,""compressed_network_node_count"":29,""compressed_size_m"":70,""explicit_conflict_edge_count_k"":14,""foreground_cells_n"":128,""height"":23,""horizontal_chord_count_h"":8,""optimum_rectangle_count"":13,""q"":15,""reflex_count"":22,""vertical_chord_count_v"":7,""width"":23}",,,,128,,,,
,,,,,explicit-hopcroft-karp,,,,,,,,random-connected,,,,,,,,,"{""biclique_construction_ns"":null,""chord_generation_ns"":null,""chord_selection_ns"":null,""compressed_network_construction_ns"":null,""embedding_ns"":null,""explicit_conflict_construction_ns"":167.0,""explicit_network_construction_ns"":null,""geometry_preprocessing_ns"":null,""matching_ns"":333.0,""max_flow_ns"":null,""rectangle_completion_recovery_ns"":null,""verification_ns"":null,""vertex_cover_recovery_ns"":83.0}",,,,phase_decomposition,representation-and-solver-kernel,,,"{""biclique_count"":12,""biclique_total_vertex_occurrences_sigma"":26,""boundary_size_b"":48,""component_count"":1,""compressed_network_arc_count"":41,""compressed_network_node_count"":29,""compressed_size_m"":70,""explicit_conflict_edge_count_k"":14,""foreground_cells_n"":128,""height"":23,""horizontal_chord_count_h"":8,""optimum_rectangle_count"":13,""q"":15,""reflex_count"":22,""vertical_chord_count_v"":7,""width"":23}",,,,128,,,,
,,,,,compact-mrd,,,,,,,,random-connected,,,,,,,,,"{""biclique_construction_ns"":9500.0,""chord_generation_ns"":1250.0,""chord_selection_ns"":41.0,""compressed_network_construction_ns"":583.0,""embedding_ns"":125.0,""explicit_conflict_construction_ns"":null,""explicit_network_construction_ns"":null,""geometry_preprocessing_ns"":29167.0,""matching_ns"":null,""max_flow_ns"":1542.0,""rectangle_completion_recovery_ns"":14709.0,""verification_ns"":1833.0,""vertex_cover_recovery_ns"":42.0}",,,,phase_decomposition,solve-from-canonical-instance,,,"{""biclique_count"":12,""biclique_total_vertex_occurrences_sigma"":26,""boundary_size_b"":48,""component_count"":1,""compressed_network_arc_count"":41,""compressed_network_node_count"":29,""compressed_size_m"":70,""explicit_conflict_edge_count_k"":14,""foreground_cells_n"":128,""height"":23,""horizontal_chord_count_h"":8,""optimum_rectangle_count"":13,""q"":15,""reflex_count"":22,""vertical_chord_count_v"":7,""width"":23}",,,,128,,,,
,,,,,explicit-c0-flow,,,,,,,,random-connected,,,,,,,,,"{""biclique_construction_ns"":null,""chord_generation_ns"":1250.0,""chord_selection_ns"":41.0,""compressed_network_construction_ns"":null,""embedding_ns"":125.0,""explicit_conflict_construction_ns"":208.0,""explicit_network_construction_ns"":625.0,""geometry_preprocessing_ns"":29209.0,""matching_ns"":null,""max_flow_ns"":1917.0,""rectangle_completion_recovery_ns"":14708.0,""verification_ns"":1833.0,""vertex_cover_recovery_ns"":42.0}",,,,phase_decomposition,solve-from-canonical-instance,,,"{""biclique_count"":12,""biclique_total_vertex_occurrences_sigma"":26,""boundary_size_b"":48,""component_count"":1,""compressed_network_arc_count"":41,""compressed_network_node_count"":29,""compressed_size_m"":70,""explicit_conflict_edge_count_k"":14,""foreground_cells_n"":128,""height"":23,""horizontal_chord_count_h"":8,""optimum_rectangle_count"":13,""q"":15,""reflex_count"":22,""vertical_chord_count_v"":7,""width"":23}",,,,128,,,,
,,,,,explicit-hopcroft-karp,,,,,,,,random-connected,,,,,,,,,"{""biclique_construction_ns"":null,""chord_generation_ns"":1250.0,""chord_selection_ns"":41.0,""compressed_network_construction_ns"":null,""embedding_ns"":null,""explicit_conflict_construction_ns"":167.0,""explicit_network_construction_ns"":null,""geometry_preprocessing_ns"":29208.0,""matching_ns"":333.0,""max_flow_ns"":null,""rectangle_completion_recovery_ns"":14708.0,""verification_ns"":1833.0,""vertex_cover_recovery_ns"":83.0}",,,,phase_decomposition,solve-from-canonical-instance,,,"{""biclique_count"":12,""biclique_total_vertex_occurrences_sigma"":26,""boundary_size_b"":48,""component_count"":1,""compressed_network_arc_count"":41,""compressed_network_node_count"":29,""compressed_size_m"":70,""explicit_conflict_edge_count_k"":14,""foreground_cells_n"":128,""height"":23,""horizontal_chord_count_h"":8,""optimum_rectangle_count"":13,""q"":15,""reflex_count"":22,""vertical_chord_count_v"":7,""width"":23}",,,,128,,,,
,,,,,compact-mrd,,,,,,,,random-connected,,,,,,,,,"{""biclique_construction_ns"":14000.0,""chord_generation_ns"":null,""chord_selection_ns"":null,""compressed_network_construction_ns"":834.0,""embedding_ns"":209.0,""explicit_conflict_construction_ns"":null,""explicit_network_construction_ns"":null,""geometry_preprocessing_ns"":null,""matching_ns"":null,""max_flow_ns"":2750.0,""rectangle_completion_recovery_ns"":null,""verification_ns"":null,""vertex_cover_recovery_ns"":125.0}",,,,phase_decomposition,representation-and-solver-kernel,,,"{""biclique_count"":20,""biclique_total_vertex_occurrences_sigma"":50,""boundary_size_b"":62,""component_count"":1,""compressed_network_arc_count"":69,""compressed_network_node_count"":41,""compressed_size_m"":110,""explicit_conflict_edge_count_k"":35,""foreground_cells_n"":256,""height"":32,""horizontal_chord_count_h"":10,""optimum_rectangle_count"":19,""q"":19,""reflex_count"":29,""vertical_chord_count_v"":9,""width"":32}",,,,256,,,,
,,,,,explicit-c0-flow,,,,,,,,random-connected,,,,,,,,,"{""biclique_construction_ns"":null,""chord_generation_ns"":null,""chord_selection_ns"":null,""compressed_network_construction_ns"":null,""embedding_ns"":209.0,""explicit_conflict_construction_ns"":541.0,""explicit_network_construction_ns"":1167.0,""geometry_preprocessing_ns"":null,""matching_ns"":null,""max_flow_ns"":4083.0,""rectangle_completion_recovery_ns"":null,""verification_ns"":null,""vertex_cover_recovery_ns"":125.0}",,,,phase_decomposition,representation-and-solver-kernel,,,"{""biclique_count"":20,""biclique_total_vertex_occurrences_sigma"":50,""boundary_size_b"":62,""component_count"":1,""compressed_network_arc_count"":69,""compressed_network_node_count"":41,""compressed_size_m"":110,""explicit_conflict_edge_count_k"":35,""foreground_cells_n"":256,""height"":32,""horizontal_chord_count_h"":10,""optimum_rectangle_count"":19,""q"":19,""reflex_count"":29,""vertical_chord_count_v"":9,""width"":32}",,,,256,,,,
,,,,,explicit-hopcroft-karp,,,,,,,,random-connected,,,,,,,,,"{""biclique_construction_ns"":null,""chord_generation_ns"":null,""chord_selection_ns"":null,""compressed_network_construction_ns"":null,""embedding_ns"":null,""explicit_conflict_construction_ns"":541.0,""explicit_network_construction_ns"":null,""geometry_preprocessing_ns"":null,""matching_ns"":500.0,""max_flow_ns"":null,""rectangle_completion_recovery_ns"":null,""verification_ns"":null,""vertex_cover_recovery_ns"":167.0}",,,,phase_decomposition,representation-and-solver-kernel,,,"{""biclique_count"":20,""biclique_total_vertex_occurrences_sigma"":50,""boundary_size_b"":62,""component_count"":1,""compressed_network_arc_count"":69,""compressed_network_node_count"":41,""compressed_size_m"":110,""explicit_conflict_edge_count_k"":35,""foreground_cells_n"":256,""height"":32,""horizontal_chord_count_h"":10,""optimum_rectangle_count"":19,""q"":19,""reflex_count"":29,""vertical_chord_count_v"":9,""width"":32}",,,,256,,,,
,,,,,compact-mrd,,,,,,,,random-connected,,,,,,,,,"{""biclique_construction_ns"":14166.0,""chord_generation_ns"":1750.0,""chord_selection_ns"":41.0,""compressed_network_construction_ns"":875.0,""embedding_ns"":209.0,""explicit_conflict_construction_ns"":null,""explicit_network_construction_ns"":null,""geometry_preprocessing_ns"":51167.0,""matching_ns"":null,""max_flow_ns"":2791.0,""rectangle_completion_recovery_ns"":33209.0,""verification_ns"":2958.0,""vertex_cover_recovery_ns"":125.0}",,,,phase_decomposition,solve-from-canonical-instance,,,"{""biclique_count"":20,""biclique_total_vertex_occurrences_sigma"":50,""boundary_size_b"":62,""component_count"":1,""compressed_network_arc_count"":69,""compressed_network_node_count"":41,""compressed_size_m"":110,""explicit_conflict_edge_count_k"":35,""foreground_cells_n"":256,""height"":32,""horizontal_chord_count_h"":10,""optimum_rectangle_count"":19,""q"":19,""reflex_count"":29,""vertical_chord_count_v"":9,""width"":32}",,,,256,,,,
,,,,,explicit-c0-flow,,,,,,,,random-connected,,,,,,,,,"{""biclique_construction_ns"":null,""chord_generation_ns"":1750.0,""chord_selection_ns"":41.0,""compressed_network_construction_ns"":null,""embedding_ns"":209.0,""explicit_conflict_construction_ns"":542.0,""explicit_network_construction_ns"":1208.0,""geometry_preprocessing_ns"":51208.0,""matching_ns"":null,""max_flow_ns"":4125.0,""rectangle_completion_recovery_ns"":33250.0,""verification_ns"":2958.0,""vertex_cover_recovery_ns"":125.0}",,,,phase_decomposition,solve-from-canonical-instance,,,"{""biclique_count"":20,""biclique_total_vertex_occurrences_sigma"":50,""boundary_size_b"":62,""component_count"":1,""compressed_network_arc_count"":69,""compressed_network_node_count"":41,""compressed_size_m"":110,""explicit_conflict_edge_count_k"":35,""foreground_cells_n"":256,""height"":32,""horizontal_chord_count_h"":10,""optimum_rectangle_count"":19,""q"":19,""reflex_count"":29,""vertical_chord_count_v"":9,""width"":32}",,,,256,,,,
,,,,,explicit-hopcroft-karp,,,,,,,,random-connected,,,,,,,,,"{""biclique_construction_ns"":null,""chord_generation_ns"":1709.0,""chord_selection_ns"":41.0,""compressed_network_construction_ns"":null,""embedding_ns"":null,""explicit_conflict_construction_ns"":541.0,""explicit_network_construction_ns"":null,""geometry_preprocessing_ns"":51167.0,""matching_ns"":500.0,""max_flow_ns"":null,""rectangle_completion_recovery_ns"":33250.0,""verification_ns"":2958.0,""vertex_cover_recovery_ns"":167.0}",,,,phase_decomposition,solve-from-canonical-instance,,,"{""biclique_count"":20,""biclique_total_vertex_occurrences_sigma"":50,""boundary_size_b"":62,""component_count"":1,""compressed_network_arc_count"":69,""compressed_network_node_count"":41,""compressed_size_m"":110,""explicit_conflict_edge_count_k"":35,""foreground_cells_n"":256,""height"":32,""horizontal_chord_count_h"":10,""optimum_rectangle_count"":19,""q"":19,""reflex_count"":29,""vertical_chord_count_v"":9,""width"":32}",,,,256,,,,
,,,,,compact-mrd,,,,,,,,random-connected,,,,,,,,,"{""biclique_construction_ns"":37208.0,""chord_generation_ns"":null,""chord_selection_ns"":null,""compressed_network_construction_ns"":1750.0,""embedding_ns"":375.0,""explicit_conflict_construction_ns"":null,""explicit_network_construction_ns"":null,""geometry_preprocessing_ns"":null,""matching_ns"":null,""max_flow_ns"":8333.0,""rectangle_completion_recovery_ns"":null,""verification_ns"":null,""vertex_cover_recovery_ns"":125.0}",,,,phase_decomposition,representation-and-solver-kernel,,,"{""biclique_count"":47,""biclique_total_vertex_occurrences_sigma"":136,""boundary_size_b"":110,""component_count"":1,""compressed_network_arc_count"":174,""compressed_network_node_count"":87,""compressed_size_m"":261,""explicit_conflict_edge_count_k"":130,""foreground_cells_n"":512,""height"":46,""horizontal_chord_count_h"":17,""optimum_rectangle_count"":33,""q"":38,""reflex_count"":53,""vertical_chord_count_v"":21,""width"":46}",,,,512,,,,
,,,,,explicit-c0-flow,,,,,,,,random-connected,,,,,,,,,"{""biclique_construction_ns"":null,""chord_generation_ns"":null,""chord_selection_ns"":null,""compressed_network_construction_ns"":null,""embedding_ns"":375.0,""explicit_conflict_construction_ns"":1792.0,""explicit_network_construction_ns"":3833.0,""geometry_preprocessing_ns"":null,""matching_ns"":null,""max_flow_ns"":10750.0,""rectangle_completion_recovery_ns"":null,""verification_ns"":null,""vertex_cover_recovery_ns"":250.0}",,,,phase_decomposition,representation-and-solver-kernel,,,"{""biclique_count"":47,""biclique_total_vertex_occurrences_sigma"":136,""boundary_size_b"":110,""component_count"":1,""compressed_network_arc_count"":174,""compressed_network_node_count"":87,""compressed_size_m"":261,""explicit_conflict_edge_count_k"":130,""foreground_cells_n"":512,""height"":46,""horizontal_chord_count_h"":17,""optimum_rectangle_count"":33,""q"":38,""reflex_count"":53,""vertical_chord_count_v"":21,""width"":46}",,,,512,,,,
,,,,,explicit-hopcroft-karp,,,,,,,,random-connected,,,,,,,,,"{""biclique_construction_ns"":null,""chord_generation_ns"":null,""chord_selection_ns"":null,""compressed_network_construction_ns"":null,""embedding_ns"":null,""explicit_conflict_construction_ns"":1791.0,""explicit_network_construction_ns"":null,""geometry_preprocessing_ns"":null,""matching_ns"":875.0,""max_flow_ns"":null,""rectangle_completion_recovery_ns"":null,""verification_ns"":null,""vertex_cover_recovery_ns"":42.0}",,,,phase_decomposition,representation-and-solver-kernel,,,"{""biclique_count"":47,""biclique_total_vertex_occurrences_sigma"":136,""boundary_size_b"":110,""component_count"":1,""compressed_network_arc_count"":174,""compressed_network_node_count"":87,""compressed_size_m"":261,""explicit_conflict_edge_count_k"":130,""foreground_cells_n"":512,""height"":46,""horizontal_chord_count_h"":17,""optimum_rectangle_count"":33,""q"":38,""reflex_count"":53,""vertical_chord_count_v"":21,""width"":46}",,,,512,,,,
,,,,,compact-mrd,,,,,,,,random-connected,,,,,,,,,"{""biclique_construction_ns"":37417.0,""chord_generation_ns"":3042.0,""chord_selection_ns"":41.0,""compressed_network_construction_ns"":1791.0,""embedding_ns"":334.0,""explicit_conflict_construction_ns"":null,""explicit_network_construction_ns"":null,""geometry_preprocessing_ns"":96125.0,""matching_ns"":null,""max_flow_ns"":8417.0,""rectangle_completion_recovery_ns"":63166.0,""verification_ns"":5875.0,""vertex_cover_recovery_ns"":125.0}",,,,phase_decomposition,solve-from-canonical-instance,,,"{""biclique_count"":47,""biclique_total_vertex_occurrences_sigma"":136,""boundary_size_b"":110,""component_count"":1,""compressed_network_arc_count"":174,""compressed_network_node_count"":87,""compressed_size_m"":261,""explicit_conflict_edge_count_k"":130,""foreground_cells_n"":512,""height"":46,""horizontal_chord_count_h"":17,""optimum_rectangle_count"":33,""q"":38,""reflex_count"":53,""vertical_chord_count_v"":21,""width"":46}",,,,512,,,,
,,,,,explicit-c0-flow,,,,,,,,random-connected,,,,,,,,,"{""biclique_construction_ns"":null,""chord_generation_ns"":3042.0,""chord_selection_ns"":41.0,""compressed_network_construction_ns"":null,""embedding_ns"":334.0,""explicit_conflict_construction_ns"":1833.0,""explicit_network_construction_ns"":3875.0,""geometry_preprocessing_ns"":96083.0,""matching_ns"":null,""max_flow_ns"":10792.0,""rectangle_completion_recovery_ns"":63208.0,""verification_ns"":5876.0,""vertex_cover_recovery_ns"":250.0}",,,,phase_decomposition,solve-from-canonical-instance,,,"{""biclique_count"":47,""biclique_total_vertex_occurrences_sigma"":136,""boundary_size_b"":110,""component_count"":1,""compressed_network_arc_count"":174,""compressed_network_node_count"":87,""compressed_size_m"":261,""explicit_conflict_edge_count_k"":130,""foreground_cells_n"":512,""height"":46,""horizontal_chord_count_h"":17,""optimum_rectangle_count"":33,""q"":38,""reflex_count"":53,""vertical_chord_count_v"":21,""width"":46}",,,,512,,,,
,,,,,explicit-hopcroft-karp,,,,,,,,random-connected,,,,,,,,,"{""biclique_construction_ns"":null,""chord_generation_ns"":3042.0,""chord_selection_ns"":41.0,""compressed_network_construction_ns"":null,""embedding_ns"":null,""explicit_conflict_construction_ns"":1792.0,""explicit_network_construction_ns"":null,""geometry_preprocessing_ns"":96125.0,""matching_ns"":875.0,""max_flow_ns"":null,""rectangle_completion_recovery_ns"":63125.0,""verification_ns"":5875.0,""vertex_cover_recovery_ns"":83.0}",,,,phase_decomposition,solve-from-canonical-instance,,,"{""biclique_count"":47,""biclique_total_vertex_occurrences_sigma"":136,""boundary_size_b"":110,""component_count"":1,""compressed_network_arc_count"":174,""compressed_network_node_count"":87,""compressed_size_m"":261,""explicit_conflict_edge_count_k"":130,""foreground_cells_n"":512,""height"":46,""horizontal_chord_count_h"":17,""optimum_rectangle_count"":33,""q"":38,""reflex_count"":53,""vertical_chord_count_v"":21,""width"":46}",,,,512,,,,
,,,,,compact-mrd,,,,,,,,random-connected,,,,,,,,,"{""biclique_construction_ns"":40750.0,""chord_generation_ns"":null,""chord_selection_ns"":null,""compressed_network_construction_ns"":2000.0,""embedding_ns"":375.0,""explicit_conflict_construction_ns"":null,""explicit_network_construction_ns"":null,""geometry_preprocessing_ns"":null,""matching_ns"":null,""max_flow_ns"":9083.0,""rectangle_completion_recovery_ns"":null,""verification_ns"":null,""vertex_cover_recovery_ns"":167.0}",,,,phase_decomposition,representation-and-solver-kernel,,,"{""biclique_count"":55,""biclique_total_vertex_occurrences_sigma"":159,""boundary_size_b"":140,""component_count"":1,""compressed_network_arc_count"":201,""compressed_network_node_count"":99,""compressed_size_m"":300,""explicit_conflict_edge_count_k"":169,""foreground_cells_n"":1024,""height"":64,""horizontal_chord_count_h"":21,""optimum_rectangle_count"":45,""q"":42,""reflex_count"":68,""vertical_chord_count_v"":21,""width"":64}",,,,1024,,,,
,,,,,explicit-c0-flow,,,,,,,,random-connected,,,,,,,,,"{""biclique_construction_ns"":null,""chord_generation_ns"":null,""chord_selection_ns"":null,""compressed_network_construction_ns"":null,""embedding_ns"":375.0,""explicit_conflict_construction_ns"":2375.0,""explicit_network_construction_ns"":4875.0,""geometry_preprocessing_ns"":null,""matching_ns"":null,""max_flow_ns"":12625.0,""rectangle_completion_recovery_ns"":null,""verification_ns"":null,""vertex_cover_recovery_ns"":375.0}",,,,phase_decomposition,representation-and-solver-kernel,,,"{""biclique_count"":55,""biclique_total_vertex_occurrences_sigma"":159,""boundary_size_b"":140,""component_count"":1,""compressed_network_arc_count"":201,""compressed_network_node_count"":99,""compressed_size_m"":300,""explicit_conflict_edge_count_k"":169,""foreground_cells_n"":1024,""height"":64,""horizontal_chord_count_h"":21,""optimum_rectangle_count"":45,""q"":42,""reflex_count"":68,""vertical_chord_count_v"":21,""width"":64}",,,,1024,,,,
,,,,,explicit-hopcroft-karp,,,,,,,,random-connected,,,,,,,,,"{""biclique_construction_ns"":null,""chord_generation_ns"":null,""chord_selection_ns"":null,""compressed_network_construction_ns"":null,""embedding_ns"":null,""explicit_conflict_construction_ns"":2334.0,""explicit_network_construction_ns"":null,""geometry_preprocessing_ns"":null,""matching_ns"":750.0,""max_flow_ns"":null,""rectangle_completion_recovery_ns"":null,""verification_ns"":null,""vertex_cover_recovery_ns"":167.0}",,,,phase_decomposition,representation-and-solver-kernel,,,"{""biclique_count"":55,""biclique_total_vertex_occurrences_sigma"":159,""boundary_size_b"":140,""component_count"":1,""compressed_network_arc_count"":201,""compressed_network_node_count"":99,""compressed_size_m"":300,""explicit_conflict_edge_count_k"":169,""foreground_cells_n"":1024,""height"":64,""horizontal_chord_count_h"":21,""optimum_rectangle_count"":45,""q"":42,""reflex_count"":68,""vertical_chord_count_v"":21,""width"":64}",,,,1024,,,,
,,,,,compact-mrd,,,,,,,,random-connected,,,,,,,,,"{""biclique_construction_ns"":40792.0,""chord_generation_ns"":3375.0,""chord_selection_ns"":41.0,""compressed_network_construction_ns"":2041.0,""embedding_ns"":375.0,""explicit_conflict_construction_ns"":null,""explicit_network_construction_ns"":null,""geometry_preprocessing_ns"":170334.0,""matching_ns"":null,""max_flow_ns"":9208.0,""rectangle_completion_recovery_ns"":108125.0,""verification_ns"":10001.0,""vertex_cover_recovery_ns"":208.0}",,,,phase_decomposition,solve-from-canonical-instance,,,"{""biclique_count"":55,""biclique_total_vertex_occurrences_sigma"":159,""boundary_size_b"":140,""component_count"":1,""compressed_network_arc_count"":201,""compressed_network_node_count"":99,""compressed_size_m"":300,""explicit_conflict_edge_count_k"":169,""foreground_cells_n"":1024,""height"":64,""horizontal_chord_count_h"":21,""optimum_rectangle_count"":45,""q"":42,""reflex_count"":68,""vertical_chord_count_v"":21,""width"":64}",,,,1024,,,,
,,,,,explicit-c0-flow,,,,,,,,random-connected,,,,,,,,,"{""biclique_construction_ns"":null,""chord_generation_ns"":3375.0,""chord_selection_ns"":41.0,""compressed_network_construction_ns"":null,""embedding_ns"":375.0,""explicit_conflict_construction_ns"":2417.0,""explicit_network_construction_ns"":4834.0,""geometry_preprocessing_ns"":170417.0,""matching_ns"":null,""max_flow_ns"":12750.0,""rectangle_completion_recovery_ns"":108083.0,""verification_ns"":9958.0,""vertex_cover_recovery_ns"":375.0}",,,,phase_decomposition,solve-from-canonical-instance,,,"{""biclique_count"":55,""biclique_total_vertex_occurrences_sigma"":159,""boundary_size_b"":140,""component_count"":1,""compressed_network_arc_count"":201,""compressed_network_node_count"":99,""compressed_size_m"":300,""explicit_conflict_edge_count_k"":169,""foreground_cells_n"":1024,""height"":64,""horizontal_chord_count_h"":21,""optimum_rectangle_count"":45,""q"":42,""reflex_count"":68,""vertical_chord_count_v"":21,""width"":64}",,,,1024,,,,
,,,,,explicit-hopcroft-karp,,,,,,,,random-connected,,,,,,,,,"{""biclique_construction_ns"":null,""chord_generation_ns"":3375.0,""chord_selection_ns"":42.0,""compressed_network_construction_ns"":null,""embedding_ns"":null,""explicit_conflict_construction_ns"":2375.0,""explicit_network_construction_ns"":null,""geometry_preprocessing_ns"":169792.0,""matching_ns"":750.0,""max_flow_ns"":null,""rectangle_completion_recovery_ns"":107917.0,""verification_ns"":10041.0,""vertex_cover_recovery_ns"":167.0}",,,,phase_decomposition,solve-from-canonical-instance,,,"{""biclique_count"":55,""biclique_total_vertex_occurrences_sigma"":159,""boundary_size_b"":140,""component_count"":1,""compressed_network_arc_count"":201,""compressed_network_node_count"":99,""compressed_size_m"":300,""explicit_conflict_edge_count_k"":169,""foreground_cells_n"":1024,""height"":64,""horizontal_chord_count_h"":21,""optimum_rectangle_count"":45,""q"":42,""reflex_count"":68,""vertical_chord_count_v"":21,""width"":64}",,,,1024,,,,
,,,,,compact-mrd,,,,,,,,random-connected,,,,,,,,,"{""biclique_construction_ns"":100083.0,""chord_generation_ns"":null,""chord_selection_ns"":null,""compressed_network_construction_ns"":4583.0,""embedding_ns"":583.0,""explicit_conflict_construction_ns"":null,""explicit_network_construction_ns"":null,""geometry_preprocessing_ns"":null,""matching_ns"":null,""max_flow_ns"":18917.0,""rectangle_completion_recovery_ns"":null,""verification_ns"":null,""vertex_cover_recovery_ns"":334.0}",,,,phase_decomposition,representation-and-solver-kernel,,,"{""biclique_count"":133,""biclique_total_vertex_occurrences_sigma"":396,""boundary_size_b"":226,""component_count"":1,""compressed_network_arc_count"":478,""compressed_network_node_count"":217,""compressed_size_m"":695,""explicit_conflict_edge_count_k"":497,""foreground_cells_n"":2048,""height"":91,""horizontal_chord_count_h"":40,""optimum_rectangle_count"":69,""q"":82,""reflex_count"":113,""vertical_chord_count_v"":42,""width"":91}",,,,2048,,,,
,,,,,explicit-c0-flow,,,,,,,,random-connected,,,,,,,,,"{""biclique_construction_ns"":null,""chord_generation_ns"":null,""chord_selection_ns"":null,""compressed_network_construction_ns"":null,""embedding_ns"":542.0,""explicit_conflict_construction_ns"":7250.0,""explicit_network_construction_ns"":13791.0,""geometry_preprocessing_ns"":null,""matching_ns"":null,""max_flow_ns"":33500.0,""rectangle_completion_recovery_ns"":null,""verification_ns"":null,""vertex_cover_recovery_ns"":833.0}",,,,phase_decomposition,representation-and-solver-kernel,,,"{""biclique_count"":133,""biclique_total_vertex_occurrences_sigma"":396,""boundary_size_b"":226,""component_count"":1,""compressed_network_arc_count"":478,""compressed_network_node_count"":217,""compressed_size_m"":695,""explicit_conflict_edge_count_k"":497,""foreground_cells_n"":2048,""height"":91,""horizontal_chord_count_h"":40,""optimum_rectangle_count"":69,""q"":82,""reflex_count"":113,""vertical_chord_count_v"":42,""width"":91}",,,,2048,,,,
,,,,,explicit-hopcroft-karp,,,,,,,,random-connected,,,,,,,,,"{""biclique_construction_ns"":null,""chord_generation_ns"":null,""chord_selection_ns"":null,""compressed_network_construction_ns"":null,""embedding_ns"":null,""explicit_conflict_construction_ns"":7083.0,""explicit_network_construction_ns"":null,""geometry_preprocessing_ns"":null,""matching_ns"":1625.0,""max_flow_ns"":null,""rectangle_completion_recovery_ns"":null,""verification_ns"":null,""vertex_cover_recovery_ns"":167.0}",,,,phase_decomposition,representation-and-solver-kernel,,,"{""biclique_count"":133,""biclique_total_vertex_occurrences_sigma"":396,""boundary_size_b"":226,""component_count"":1,""compressed_network_arc_count"":478,""compressed_network_node_count"":217,""compressed_size_m"":695,""explicit_conflict_edge_count_k"":497,""foreground_cells_n"":2048,""height"":91,""horizontal_chord_count_h"":40,""optimum_rectangle_count"":69,""q"":82,""reflex_count"":113,""vertical_chord_count_v"":42,""width"":91}",,,,2048,,,,
,,,,,compact-mrd,,,,,,,,random-connected,,,,,,,,,"{""biclique_construction_ns"":101334.0,""chord_generation_ns"":5375.0,""chord_selection_ns"":41.0,""compressed_network_construction_ns"":4667.0,""embedding_ns"":542.0,""explicit_conflict_construction_ns"":null,""explicit_network_construction_ns"":null,""geometry_preprocessing_ns"":347792.0,""matching_ns"":null,""max_flow_ns"":19291.0,""rectangle_completion_recovery_ns"":207875.0,""verification_ns"":18709.0,""vertex_cover_recovery_ns"":375.0}",,,,phase_decomposition,solve-from-canonical-instance,,,"{""biclique_count"":133,""biclique_total_vertex_occurrences_sigma"":396,""boundary_size_b"":226,""component_count"":1,""compressed_network_arc_count"":478,""compressed_network_node_count"":217,""compressed_size_m"":695,""explicit_conflict_edge_count_k"":497,""foreground_cells_n"":2048,""height"":91,""horizontal_chord_count_h"":40,""optimum_rectangle_count"":69,""q"":82,""reflex_count"":113,""vertical_chord_count_v"":42,""width"":91}",,,,2048,,,,
,,,,,explicit-c0-flow,,,,,,,,random-connected,,,,,,,,,"{""biclique_construction_ns"":null,""chord_generation_ns"":5334.0,""chord_selection_ns"":41.0,""compressed_network_construction_ns"":null,""embedding_ns"":542.0,""explicit_conflict_construction_ns"":7375.0,""explicit_network_construction_ns"":13833.0,""geometry_preprocessing_ns"":347500.0,""matching_ns"":null,""max_flow_ns"":34292.0,""rectangle_completion_recovery_ns"":208042.0,""verification_ns"":18792.0,""vertex_cover_recovery_ns"":875.0}",,,,phase_decomposition,solve-from-canonical-instance,,,"{""biclique_count"":133,""biclique_total_vertex_occurrences_sigma"":396,""boundary_size_b"":226,""component_count"":1,""compressed_network_arc_count"":478,""compressed_network_node_count"":217,""compressed_size_m"":695,""explicit_conflict_edge_count_k"":497,""foreground_cells_n"":2048,""height"":91,""horizontal_chord_count_h"":40,""optimum_rectangle_count"":69,""q"":82,""reflex_count"":113,""vertical_chord_count_v"":42,""width"":91}",,,,2048,,,,
,,,,,explicit-hopcroft-karp,,,,,,,,random-connected,,,,,,,,,"{""biclique_construction_ns"":null,""chord_generation_ns"":5334.0,""chord_selection_ns"":41.0,""compressed_network_construction_ns"":null,""embedding_ns"":null,""explicit_conflict_construction_ns"":7291.0,""explicit_network_construction_ns"":null,""geometry_preprocessing_ns"":349042.0,""matching_ns"":1750.0,""max_flow_ns"":null,""rectangle_completion_recovery_ns"":207291.0,""verification_ns"":18750.0,""vertex_cover_recovery_ns"":208.0}",,,,phase_decomposition,solve-from-canonical-instance,,,"{""biclique_count"":133,""biclique_total_vertex_occurrences_sigma"":396,""boundary_size_b"":226,""component_count"":1,""compressed_network_arc_count"":478,""compressed_network_node_count"":217,""compressed_size_m"":695,""explicit_conflict_edge_count_k"":497,""foreground_cells_n"":2048,""height"":91,""horizontal_chord_count_h"":40,""optimum_rectangle_count"":69,""q"":82,""reflex_count"":113,""vertical_chord_count_v"":42,""width"":91}",,,,2048,,,,
,,,,,compact-mrd,,,,,,,,random-connected,,,,,,,,,"{""biclique_construction_ns"":123416.0,""chord_generation_ns"":null,""chord_selection_ns"":null,""compressed_network_construction_ns"":6209.0,""embedding_ns"":584.0,""explicit_conflict_construction_ns"":null,""explicit_network_construction_ns"":null,""geometry_preprocessing_ns"":null,""matching_ns"":null,""max_flow_ns"":31000.0,""rectangle_completion_recovery_ns"":null,""verification_ns"":null,""vertex_cover_recovery_ns"":417.0}",,,,phase_decomposition,representation-and-solver-kernel,,,"{""biclique_count"":167,""biclique_total_vertex_occurrences_sigma"":534,""boundary_size_b"":300,""component_count"":1,""compressed_network_arc_count"":635,""compressed_network_node_count"":270,""compressed_size_m"":905,""explicit_conflict_edge_count_k"":730,""foreground_cells_n"":4096,""height"":128,""horizontal_chord_count_h"":51,""optimum_rectangle_count"":92,""q"":101,""reflex_count"":148,""vertical_chord_count_v"":50,""width"":128}",,,,4096,,,,
,,,,,explicit-c0-flow,,,,,,,,random-connected,,,,,,,,,"{""biclique_construction_ns"":null,""chord_generation_ns"":null,""chord_selection_ns"":null,""compressed_network_construction_ns"":null,""embedding_ns"":584.0,""explicit_conflict_construction_ns"":11000.0,""explicit_network_construction_ns"":20667.0,""geometry_preprocessing_ns"":null,""matching_ns"":null,""max_flow_ns"":71125.0,""rectangle_completion_recovery_ns"":null,""verification_ns"":null,""vertex_cover_recovery_ns"":1167.0}",,,,phase_decomposition,representation-and-solver-kernel,,,"{""biclique_count"":167,""biclique_total_vertex_occurrences_sigma"":534,""boundary_size_b"":300,""component_count"":1,""compressed_network_arc_count"":635,""compressed_network_node_count"":270,""compressed_size_m"":905,""explicit_conflict_edge_count_k"":730,""foreground_cells_n"":4096,""height"":128,""horizontal_chord_count_h"":51,""optimum_rectangle_count"":92,""q"":101,""reflex_count"":148,""vertical_chord_count_v"":50,""width"":128}",,,,4096,,,,
,,,,,explicit-hopcroft-karp,,,,,,,,random-connected,,,,,,,,,"{""biclique_construction_ns"":null,""chord_generation_ns"":null,""chord_selection_ns"":null,""compressed_network_construction_ns"":null,""embedding_ns"":null,""explicit_conflict_construction_ns"":10833.0,""explicit_network_construction_ns"":null,""geometry_preprocessing_ns"":null,""matching_ns"":3875.0,""max_flow_ns"":null,""rectangle_completion_recovery_ns"":null,""verification_ns"":null,""vertex_cover_recovery_ns"":250.0}",,,,phase_decomposition,representation-and-solver-kernel,,,"{""biclique_count"":167,""biclique_total_vertex_occurrences_sigma"":534,""boundary_size_b"":300,""component_count"":1,""compressed_network_arc_count"":635,""compressed_network_node_count"":270,""compressed_size_m"":905,""explicit_conflict_edge_count_k"":730,""foreground_cells_n"":4096,""height"":128,""horizontal_chord_count_h"":51,""optimum_rectangle_count"":92,""q"":101,""reflex_count"":148,""vertical_chord_count_v"":50,""width"":128}",,,,4096,,,,
,,,,,compact-mrd,,,,,,,,random-connected,,,,,,,,,"{""biclique_construction_ns"":134750.0,""chord_generation_ns"":6791.0,""chord_selection_ns"":42.0,""compressed_network_construction_ns"":6583.0,""embedding_ns"":584.0,""explicit_conflict_construction_ns"":null,""explicit_network_construction_ns"":null,""geometry_preprocessing_ns"":588292.0,""matching_ns"":null,""max_flow_ns"":35500.0,""rectangle_completion_recovery_ns"":394417.0,""verification_ns"":35709.0,""vertex_cover_recovery_ns"":500.0}",,,,phase_decomposition,solve-from-canonical-instance,,,"{""biclique_count"":167,""biclique_total_vertex_occurrences_sigma"":534,""boundary_size_b"":300,""component_count"":1,""compressed_network_arc_count"":635,""compressed_network_node_count"":270,""compressed_size_m"":905,""explicit_conflict_edge_count_k"":730,""foreground_cells_n"":4096,""height"":128,""horizontal_chord_count_h"":51,""optimum_rectangle_count"":92,""q"":101,""reflex_count"":148,""vertical_chord_count_v"":50,""width"":128}",,,,4096,,,,
,,,,,explicit-c0-flow,,,,,,,,random-connected,,,,,,,,,"{""biclique_construction_ns"":null,""chord_generation_ns"":6750.0,""chord_selection_ns"":42.0,""compressed_network_construction_ns"":null,""embedding_ns"":584.0,""explicit_conflict_construction_ns"":11541.0,""explicit_network_construction_ns"":20792.0,""geometry_preprocessing_ns"":590042.0,""matching_ns"":null,""max_flow_ns"":73583.0,""rectangle_completion_recovery_ns"":394812.5,""verification_ns"":35833.0,""vertex_cover_recovery_ns"":1208.0}",,,,phase_decomposition,solve-from-canonical-instance,,,"{""biclique_count"":167,""biclique_total_vertex_occurrences_sigma"":534,""boundary_size_b"":300,""component_count"":1,""compressed_network_arc_count"":635,""compressed_network_node_count"":270,""compressed_size_m"":905,""explicit_conflict_edge_count_k"":730,""foreground_cells_n"":4096,""height"":128,""horizontal_chord_count_h"":51,""optimum_rectangle_count"":92,""q"":101,""reflex_count"":148,""vertical_chord_count_v"":50,""width"":128}",,,,4096,,,,
,,,,,explicit-hopcroft-karp,,,,,,,,random-connected,,,,,,,,,"{""biclique_construction_ns"":null,""chord_generation_ns"":6750.0,""chord_selection_ns"":42.0,""compressed_network_construction_ns"":null,""embedding_ns"":null,""explicit_conflict_construction_ns"":11334.0,""explicit_network_construction_ns"":null,""geometry_preprocessing_ns"":588437.5,""matching_ns"":4354.5,""max_flow_ns"":null,""rectangle_completion_recovery_ns"":393250.0,""verification_ns"":35667.0,""vertex_cover_recovery_ns"":292.0}",,,,phase_decomposition,solve-from-canonical-instance,,,"{""biclique_count"":167,""biclique_total_vertex_occurrences_sigma"":534,""boundary_size_b"":300,""component_count"":1,""compressed_network_arc_count"":635,""compressed_network_node_count"":270,""compressed_size_m"":905,""explicit_conflict_edge_count_k"":730,""foreground_cells_n"":4096,""height"":128,""horizontal_chord_count_h"":51,""optimum_rectangle_count"":92,""q"":101,""reflex_count"":148,""vertical_chord_count_v"":50,""width"":128}",,,,4096,,,,
,,,,,compact-mrd,,,,,,,,random-connected,,,,,,,,,"{""biclique_construction_ns"":277687.5,""chord_generation_ns"":null,""chord_selection_ns"":null,""compressed_network_construction_ns"":10834.0,""embedding_ns"":875.0,""explicit_conflict_construction_ns"":null,""explicit_network_construction_ns"":null,""geometry_preprocessing_ns"":null,""matching_ns"":null,""max_flow_ns"":70104.5,""rectangle_completion_recovery_ns"":null,""verification_ns"":null,""vertex_cover_recovery_ns"":667.0}",,,,phase_decomposition,representation-and-solver-kernel,,,"{""biclique_count"":268,""biclique_total_vertex_occurrences_sigma"":958,""boundary_size_b"":458,""component_count"":1,""compressed_network_arc_count"":1123,""compressed_network_node_count"":435,""compressed_size_m"":1558,""explicit_conflict_edge_count_k"":2158,""foreground_cells_n"":8192,""height"":182,""horizontal_chord_count_h"":81,""optimum_rectangle_count"":142,""q"":165,""reflex_count"":227,""vertical_chord_count_v"":84,""width"":182}",,,,8192,,,,
,,,,,explicit-c0-flow,,,,,,,,random-connected,,,,,,,,,"{""biclique_construction_ns"":null,""chord_generation_ns"":null,""chord_selection_ns"":null,""compressed_network_construction_ns"":null,""embedding_ns"":917.0,""explicit_conflict_construction_ns"":38354.5,""explicit_network_construction_ns"":61937.5,""geometry_preprocessing_ns"":null,""matching_ns"":null,""max_flow_ns"":198625.0,""rectangle_completion_recovery_ns"":null,""verification_ns"":null,""vertex_cover_recovery_ns"":2792.0}",,,,phase_decomposition,representation-and-solver-kernel,,,"{""biclique_count"":268,""biclique_total_vertex_occurrences_sigma"":958,""boundary_size_b"":458,""component_count"":1,""compressed_network_arc_count"":1123,""compressed_network_node_count"":435,""compressed_size_m"":1558,""explicit_conflict_edge_count_k"":2158,""foreground_cells_n"":8192,""height"":182,""horizontal_chord_count_h"":81,""optimum_rectangle_count"":142,""q"":165,""reflex_count"":227,""vertical_chord_count_v"":84,""width"":182}",,,,8192,,,,
,,,,,explicit-hopcroft-karp,,,,,,,,random-connected,,,,,,,,,"{""biclique_construction_ns"":null,""chord_generation_ns"":null,""chord_selection_ns"":null,""compressed_network_construction_ns"":null,""embedding_ns"":null,""explicit_conflict_construction_ns"":36250.0,""explicit_network_construction_ns"":null,""geometry_preprocessing_ns"":null,""matching_ns"":8958.0,""max_flow_ns"":null,""rectangle_completion_recovery_ns"":null,""verification_ns"":null,""vertex_cover_recovery_ns"":167.0}",,,,phase_decomposition,representation-and-solver-kernel,,,"{""biclique_count"":268,""biclique_total_vertex_occurrences_sigma"":958,""boundary_size_b"":458,""component_count"":1,""compressed_network_arc_count"":1123,""compressed_network_node_count"":435,""compressed_size_m"":1558,""explicit_conflict_edge_count_k"":2158,""foreground_cells_n"":8192,""height"":182,""horizontal_chord_count_h"":81,""optimum_rectangle_count"":142,""q"":165,""reflex_count"":227,""vertical_chord_count_v"":84,""width"":182}",,,,8192,,,,
,,,,,compact-mrd,,,,,,,,random-connected,,,,,,,,,"{""biclique_construction_ns"":383625.0,""chord_generation_ns"":11145.5,""chord_selection_ns"":42.0,""compressed_network_construction_ns"":11834.0,""embedding_ns"":1083.0,""explicit_conflict_construction_ns"":null,""explicit_network_construction_ns"":null,""geometry_preprocessing_ns"":1173249.5,""matching_ns"":null,""max_flow_ns"":104792.0,""rectangle_completion_recovery_ns"":814354.0,""verification_ns"":71625.0,""vertex_cover_recovery_ns"":1083.0}",,,,phase_decomposition,solve-from-canonical-instance,,,"{""biclique_count"":268,""biclique_total_vertex_occurrences_sigma"":958,""boundary_size_b"":458,""component_count"":1,""compressed_network_arc_count"":1123,""compressed_network_node_count"":435,""compressed_size_m"":1558,""explicit_conflict_edge_count_k"":2158,""foreground_cells_n"":8192,""height"":182,""horizontal_chord_count_h"":81,""optimum_rectangle_count"":142,""q"":165,""reflex_count"":227,""vertical_chord_count_v"":84,""width"":182}",,,,8192,,,,
,,,,,explicit-c0-flow,,,,,,,,random-connected,,,,,,,,,"{""biclique_construction_ns"":null,""chord_generation_ns"":11084.0,""chord_selection_ns"":83.0,""compressed_network_construction_ns"":null,""embedding_ns"":1083.0,""explicit_conflict_construction_ns"":39583.0,""explicit_network_construction_ns"":60750.0,""geometry_preprocessing_ns"":1185083.0,""matching_ns"":null,""max_flow_ns"":203917.0,""rectangle_completion_recovery_ns"":815208.0,""verification_ns"":71666.0,""vertex_cover_recovery_ns"":2875.0}",,,,phase_decomposition,solve-from-canonical-instance,,,"{""biclique_count"":268,""biclique_total_vertex_occurrences_sigma"":958,""boundary_size_b"":458,""component_count"":1,""compressed_network_arc_count"":1123,""compressed_network_node_count"":435,""compressed_size_m"":1558,""explicit_conflict_edge_count_k"":2158,""foreground_cells_n"":8192,""height"":182,""horizontal_chord_count_h"":81,""optimum_rectangle_count"":142,""q"":165,""reflex_count"":227,""vertical_chord_count_v"":84,""width"":182}",,,,8192,,,,
,,,,,explicit-hopcroft-karp,,,,,,,,random-connected,,,,,,,,,"{""biclique_construction_ns"":null,""chord_generation_ns"":11375.0,""chord_selection_ns"":83.0,""compressed_network_construction_ns"":null,""embedding_ns"":null,""explicit_conflict_construction_ns"":38979.0,""explicit_network_construction_ns"":null,""geometry_preprocessing_ns"":1184791.5,""matching_ns"":12687.5,""max_flow_ns"":null,""rectangle_completion_recovery_ns"":813521.0,""verification_ns"":71499.5,""vertex_cover_recovery_ns"":292.0}",,,,phase_decomposition,solve-from-canonical-instance,,,"{""biclique_count"":268,""biclique_total_vertex_occurrences_sigma"":958,""boundary_size_b"":458,""component_count"":1,""compressed_network_arc_count"":1123,""compressed_network_node_count"":435,""compressed_size_m"":1558,""explicit_conflict_edge_count_k"":2158,""foreground_cells_n"":8192,""height"":182,""horizontal_chord_count_h"":81,""optimum_rectangle_count"":142,""q"":165,""reflex_count"":227,""vertical_chord_count_v"":84,""width"":182}",,,,8192,,,,
,,,,,compact-mrd,,,,,,,,representation-crossover,,,,,,,,,"{""biclique_construction_ns"":5375.0,""chord_generation_ns"":null,""chord_selection_ns"":null,""compressed_network_construction_ns"":334.0,""embedding_ns"":250.0,""explicit_conflict_construction_ns"":null,""explicit_network_construction_ns"":null,""geometry_preprocessing_ns"":null,""matching_ns"":null,""max_flow_ns"":1959.0,""rectangle_completion_recovery_ns"":null,""verification_ns"":null,""vertex_cover_recovery_ns"":42.0}",,,,phase_decomposition,representation-and-solver-kernel,,,"{""biclique_count"":1,""biclique_total_vertex_occurrences_sigma"":32,""boundary_size_b"":132,""component_count"":1,""compressed_network_arc_count"":64,""compressed_network_node_count"":35,""compressed_size_m"":99,""explicit_conflict_edge_count_k"":256,""foreground_cells_n"":4596,""height"":70,""horizontal_chord_count_h"":16,""optimum_rectangle_count"":49,""q"":32,""reflex_count"":64,""vertical_chord_count_v"":16,""width"":70}",,,,64,,,,
,,,,,explicit-c0-flow,,,,,,,,representation-crossover,,,,,,,,,"{""biclique_construction_ns"":null,""chord_generation_ns"":null,""chord_selection_ns"":null,""compressed_network_construction_ns"":null,""embedding_ns"":250.0,""explicit_conflict_construction_ns"":3125.0,""explicit_network_construction_ns"":7667.0,""geometry_preprocessing_ns"":null,""matching_ns"":null,""max_flow_ns"":15042.0,""rectangle_completion_recovery_ns"":null,""verification_ns"":null,""vertex_cover_recovery_ns"":375.0}",,,,phase_decomposition,representation-and-solver-kernel,,,"{""biclique_count"":1,""biclique_total_vertex_occurrences_sigma"":32,""boundary_size_b"":132,""component_count"":1,""compressed_network_arc_count"":64,""compressed_network_node_count"":35,""compressed_size_m"":99,""explicit_conflict_edge_count_k"":256,""foreground_cells_n"":4596,""height"":70,""horizontal_chord_count_h"":16,""optimum_rectangle_count"":49,""q"":32,""reflex_count"":64,""vertical_chord_count_v"":16,""width"":70}",,,,64,,,,
,,,,,explicit-hopcroft-karp,,,,,,,,representation-crossover,,,,,,,,,"{""biclique_construction_ns"":null,""chord_generation_ns"":null,""chord_selection_ns"":null,""compressed_network_construction_ns"":null,""embedding_ns"":null,""explicit_conflict_construction_ns"":3083.0,""explicit_network_construction_ns"":null,""geometry_preprocessing_ns"":null,""matching_ns"":375.0,""max_flow_ns"":null,""rectangle_completion_recovery_ns"":null,""verification_ns"":null,""vertex_cover_recovery_ns"":42.0}",,,,phase_decomposition,representation-and-solver-kernel,,,"{""biclique_count"":1,""biclique_total_vertex_occurrences_sigma"":32,""boundary_size_b"":132,""component_count"":1,""compressed_network_arc_count"":64,""compressed_network_node_count"":35,""compressed_size_m"":99,""explicit_conflict_edge_count_k"":256,""foreground_cells_n"":4596,""height"":70,""horizontal_chord_count_h"":16,""optimum_rectangle_count"":49,""q"":32,""reflex_count"":64,""vertical_chord_count_v"":16,""width"":70}",,,,64,,,,
,,,,,compact-mrd,,,,,,,,representation-crossover,,,,,,,,,"{""biclique_construction_ns"":5708.0,""chord_generation_ns"":3083.0,""chord_selection_ns"":41.0,""compressed_network_construction_ns"":541.0,""embedding_ns"":250.0,""explicit_conflict_construction_ns"":null,""explicit_network_construction_ns"":null,""geometry_preprocessing_ns"":759000.0,""matching_ns"":null,""max_flow_ns"":2291.0,""rectangle_completion_recovery_ns"":339396.0,""verification_ns"":34834.0,""vertex_cover_recovery_ns"":125.0}",,,,phase_decomposition,solve-from-canonical-instance,,,"{""biclique_count"":1,""biclique_total_vertex_occurrences_sigma"":32,""boundary_size_b"":132,""component_count"":1,""compressed_network_arc_count"":64,""compressed_network_node_count"":35,""compressed_size_m"":99,""explicit_conflict_edge_count_k"":256,""foreground_cells_n"":4596,""height"":70,""horizontal_chord_count_h"":16,""optimum_rectangle_count"":49,""q"":32,""reflex_count"":64,""vertical_chord_count_v"":16,""width"":70}",,,,64,,,,
,,,,,explicit-c0-flow,,,,,,,,representation-crossover,,,,,,,,,"{""biclique_construction_ns"":null,""chord_generation_ns"":3083.0,""chord_selection_ns"":41.0,""compressed_network_construction_ns"":null,""embedding_ns"":250.0,""explicit_conflict_construction_ns"":3208.0,""explicit_network_construction_ns"":7708.5,""geometry_preprocessing_ns"":756520.5,""matching_ns"":null,""max_flow_ns"":15417.0,""rectangle_completion_recovery_ns"":339125.0,""verification_ns"":34791.0,""vertex_cover_recovery_ns"":417.0}",,,,phase_decomposition,solve-from-canonical-instance,,,"{""biclique_count"":1,""biclique_total_vertex_occurrences_sigma"":32,""boundary_size_b"":132,""component_count"":1,""compressed_network_arc_count"":64,""compressed_network_node_count"":35,""compressed_size_m"":99,""explicit_conflict_edge_count_k"":256,""foreground_cells_n"":4596,""height"":70,""horizontal_chord_count_h"":16,""optimum_rectangle_count"":49,""q"":32,""reflex_count"":64,""vertical_chord_count_v"":16,""width"":70}",,,,64,,,,
,,,,,explicit-hopcroft-karp,,,,,,,,representation-crossover,,,,,,,,,"{""biclique_construction_ns"":null,""chord_generation_ns"":3083.0,""chord_selection_ns"":42.0,""compressed_network_construction_ns"":null,""embedding_ns"":null,""explicit_conflict_construction_ns"":3167.0,""explicit_network_construction_ns"":null,""geometry_preprocessing_ns"":759750.0,""matching_ns"":458.0,""max_flow_ns"":null,""rectangle_completion_recovery_ns"":340125.0,""verification_ns"":34916.0,""vertex_cover_recovery_ns"":84.0}",,,,phase_decomposition,solve-from-canonical-instance,,,"{""biclique_count"":1,""biclique_total_vertex_occurrences_sigma"":32,""boundary_size_b"":132,""component_count"":1,""compressed_network_arc_count"":64,""compressed_network_node_count"":35,""compressed_size_m"":99,""explicit_conflict_edge_count_k"":256,""foreground_cells_n"":4596,""height"":70,""horizontal_chord_count_h"":16,""optimum_rectangle_count"":49,""q"":32,""reflex_count"":64,""vertical_chord_count_v"":16,""width"":70}",,,,64,,,,
,,,,,compact-mrd,,,,,,,,representation-crossover,,,,,,,,,"{""biclique_construction_ns"":7708.0,""chord_generation_ns"":null,""chord_selection_ns"":null,""compressed_network_construction_ns"":417.0,""embedding_ns"":375.0,""explicit_conflict_construction_ns"":null,""explicit_network_construction_ns"":null,""geometry_preprocessing_ns"":null,""matching_ns"":null,""max_flow_ns"":2833.0,""rectangle_completion_recovery_ns"":null,""verification_ns"":null,""vertex_cover_recovery_ns"":83.0}",,,,phase_decomposition,representation-and-solver-kernel,,,"{""biclique_count"":1,""biclique_total_vertex_occurrences_sigma"":48,""boundary_size_b"":196,""component_count"":1,""compressed_network_arc_count"":96,""compressed_network_node_count"":51,""compressed_size_m"":147,""explicit_conflict_edge_count_k"":576,""foreground_cells_n"":8956,""height"":98,""horizontal_chord_count_h"":24,""optimum_rectangle_count"":73,""q"":48,""reflex_count"":96,""vertical_chord_count_v"":24,""width"":98}",,,,128,,,,
,,,,,explicit-c0-flow,,,,,,,,representation-crossover,,,,,,,,,"{""biclique_construction_ns"":null,""chord_generation_ns"":null,""chord_selection_ns"":null,""compressed_network_construction_ns"":null,""embedding_ns"":375.0,""explicit_conflict_construction_ns"":7417.0,""explicit_network_construction_ns"":16375.0,""geometry_preprocessing_ns"":null,""matching_ns"":null,""max_flow_ns"":29333.0,""rectangle_completion_recovery_ns"":null,""verification_ns"":null,""vertex_cover_recovery_ns"":750.0}",,,,phase_decomposition,representation-and-solver-kernel,,,"{""biclique_count"":1,""biclique_total_vertex_occurrences_sigma"":48,""boundary_size_b"":196,""component_count"":1,""compressed_network_arc_count"":96,""compressed_network_node_count"":51,""compressed_size_m"":147,""explicit_conflict_edge_count_k"":576,""foreground_cells_n"":8956,""height"":98,""horizontal_chord_count_h"":24,""optimum_rectangle_count"":73,""q"":48,""reflex_count"":96,""vertical_chord_count_v"":24,""width"":98}",,,,128,,,,
,,,,,explicit-hopcroft-karp,,,,,,,,representation-crossover,,,,,,,,,"{""biclique_construction_ns"":null,""chord_generation_ns"":null,""chord_selection_ns"":null,""compressed_network_construction_ns"":null,""embedding_ns"":null,""explicit_conflict_construction_ns"":7583.0,""explicit_network_construction_ns"":null,""geometry_preprocessing_ns"":null,""matching_ns"":667.0,""max_flow_ns"":null,""rectangle_completion_recovery_ns"":null,""verification_ns"":null,""vertex_cover_recovery_ns"":83.0}",,,,phase_decomposition,representation-and-solver-kernel,,,"{""biclique_count"":1,""biclique_total_vertex_occurrences_sigma"":48,""boundary_size_b"":196,""component_count"":1,""compressed_network_arc_count"":96,""compressed_network_node_count"":51,""compressed_size_m"":147,""explicit_conflict_edge_count_k"":576,""foreground_cells_n"":8956,""height"":98,""horizontal_chord_count_h"":24,""optimum_rectangle_count"":73,""q"":48,""reflex_count"":96,""vertical_chord_count_v"":24,""width"":98}",,,,128,,,,
,,,,,compact-mrd,,,,,,,,representation-crossover,,,,,,,,,"{""biclique_construction_ns"":8875.0,""chord_generation_ns"":5167.0,""chord_selection_ns"":42.0,""compressed_network_construction_ns"":708.0,""embedding_ns"":458.0,""explicit_conflict_construction_ns"":null,""explicit_network_construction_ns"":null,""geometry_preprocessing_ns"":1571604.5,""matching_ns"":null,""max_flow_ns"":3291.5,""rectangle_completion_recovery_ns"":663333.0,""verification_ns"":66646.5,""vertex_cover_recovery_ns"":125.0}",,,,phase_decomposition,solve-from-canonical-instance,,,"{""biclique_count"":1,""biclique_total_vertex_occurrences_sigma"":48,""boundary_size_b"":196,""component_count"":1,""compressed_network_arc_count"":96,""compressed_network_node_count"":51,""compressed_size_m"":147,""explicit_conflict_edge_count_k"":576,""foreground_cells_n"":8956,""height"":98,""horizontal_chord_count_h"":24,""optimum_rectangle_count"":73,""q"":48,""reflex_count"":96,""vertical_chord_count_v"":24,""width"":98}",,,,128,,,,
,,,,,explicit-c0-flow,,,,,,,,representation-crossover,,,,,,,,,"{""biclique_construction_ns"":null,""chord_generation_ns"":5125.0,""chord_selection_ns"":42.0,""compressed_network_construction_ns"":null,""embedding_ns"":458.0,""explicit_conflict_construction_ns"":7750.0,""explicit_network_construction_ns"":17354.5,""geometry_preprocessing_ns"":1568500.0,""matching_ns"":null,""max_flow_ns"":30625.0,""rectangle_completion_recovery_ns"":664979.5,""verification_ns"":66625.0,""vertex_cover_recovery_ns"":791.0}",,,,phase_decomposition,solve-from-canonical-instance,,,"{""biclique_count"":1,""biclique_total_vertex_occurrences_sigma"":48,""boundary_size_b"":196,""component_count"":1,""compressed_network_arc_count"":96,""compressed_network_node_count"":51,""compressed_size_m"":147,""explicit_conflict_edge_count_k"":576,""foreground_cells_n"":8956,""height"":98,""horizontal_chord_count_h"":24,""optimum_rectangle_count"":73,""q"":48,""reflex_count"":96,""vertical_chord_count_v"":24,""width"":98}",,,,128,,,,
,,,,,explicit-hopcroft-karp,,,,,,,,representation-crossover,,,,,,,,,"{""biclique_construction_ns"":null,""chord_generation_ns"":5250.0,""chord_selection_ns"":42.0,""compressed_network_construction_ns"":null,""embedding_ns"":null,""explicit_conflict_construction_ns"":7833.0,""explicit_network_construction_ns"":null,""geometry_preprocessing_ns"":1577750.0,""matching_ns"":875.0,""max_flow_ns"":null,""rectangle_completion_recovery_ns"":662417.0,""verification_ns"":66625.0,""vertex_cover_recovery_ns"":125.0}",,,,phase_decomposition,solve-from-canonical-instance,,,"{""biclique_count"":1,""biclique_total_vertex_occurrences_sigma"":48,""boundary_size_b"":196,""component_count"":1,""compressed_network_arc_count"":96,""compressed_network_node_count"":51,""compressed_size_m"":147,""explicit_conflict_edge_count_k"":576,""foreground_cells_n"":8956,""height"":98,""horizontal_chord_count_h"":24,""optimum_rectangle_count"":73,""q"":48,""reflex_count"":96,""vertical_chord_count_v"":24,""width"":98}",,,,128,,,,
,,,,,compact-mrd,,,,,,,,representation-crossover,,,,,,,,,"{""biclique_construction_ns"":9750.0,""chord_generation_ns"":null,""chord_selection_ns"":null,""compressed_network_construction_ns"":500.0,""embedding_ns"":375.0,""explicit_conflict_construction_ns"":null,""explicit_network_construction_ns"":null,""geometry_preprocessing_ns"":null,""matching_ns"":null,""max_flow_ns"":3417.0,""rectangle_completion_recovery_ns"":null,""verification_ns"":null,""vertex_cover_recovery_ns"":83.0}",,,,phase_decomposition,representation-and-solver-kernel,,,"{""biclique_count"":1,""biclique_total_vertex_occurrences_sigma"":64,""boundary_size_b"":260,""component_count"":1,""compressed_network_arc_count"":128,""compressed_network_node_count"":67,""compressed_size_m"":195,""explicit_conflict_edge_count_k"":1024,""foreground_cells_n"":14756,""height"":126,""horizontal_chord_count_h"":32,""optimum_rectangle_count"":97,""q"":64,""reflex_count"":128,""vertical_chord_count_v"":32,""width"":126}",,,,256,,,,
,,,,,explicit-c0-flow,,,,,,,,representation-crossover,,,,,,,,,"{""biclique_construction_ns"":null,""chord_generation_ns"":null,""chord_selection_ns"":null,""compressed_network_construction_ns"":null,""embedding_ns"":375.0,""explicit_conflict_construction_ns"":13917.0,""explicit_network_construction_ns"":30000.0,""geometry_preprocessing_ns"":null,""matching_ns"":null,""max_flow_ns"":53000.0,""rectangle_completion_recovery_ns"":null,""verification_ns"":null,""vertex_cover_recovery_ns"":1250.0}",,,,phase_decomposition,representation-and-solver-kernel,,,"{""biclique_count"":1,""biclique_total_vertex_occurrences_sigma"":64,""boundary_size_b"":260,""component_count"":1,""compressed_network_arc_count"":128,""compressed_network_node_count"":67,""compressed_size_m"":195,""explicit_conflict_edge_count_k"":1024,""foreground_cells_n"":14756,""height"":126,""horizontal_chord_count_h"":32,""optimum_rectangle_count"":97,""q"":64,""reflex_count"":128,""vertical_chord_count_v"":32,""width"":126}",,,,256,,,,
,,,,,explicit-hopcroft-karp,,,,,,,,representation-crossover,,,,,,,,,"{""biclique_construction_ns"":null,""chord_generation_ns"":null,""chord_selection_ns"":null,""compressed_network_construction_ns"":null,""embedding_ns"":null,""explicit_conflict_construction_ns"":13958.0,""explicit_network_construction_ns"":null,""geometry_preprocessing_ns"":null,""matching_ns"":1000.0,""max_flow_ns"":null,""rectangle_completion_recovery_ns"":null,""verification_ns"":null,""vertex_cover_recovery_ns"":83.0}",,,,phase_decomposition,representation-and-solver-kernel,,,"{""biclique_count"":1,""biclique_total_vertex_occurrences_sigma"":64,""boundary_size_b"":260,""component_count"":1,""compressed_network_arc_count"":128,""compressed_network_node_count"":67,""compressed_size_m"":195,""explicit_conflict_edge_count_k"":1024,""foreground_cells_n"":14756,""height"":126,""horizontal_chord_count_h"":32,""optimum_rectangle_count"":97,""q"":64,""reflex_count"":128,""vertical_chord_count_v"":32,""width"":126}",,,,256,,,,
,,,,,compact-mrd,,,,,,,,representation-crossover,,,,,,,,,"{""biclique_construction_ns"":11500.0,""chord_generation_ns"":6625.0,""chord_selection_ns"":42.0,""compressed_network_construction_ns"":791.0,""embedding_ns"":459.0,""explicit_conflict_construction_ns"":null,""explicit_network_construction_ns"":null,""geometry_preprocessing_ns"":2456666.0,""matching_ns"":null,""max_flow_ns"":4042.0,""rectangle_completion_recovery_ns"":1073041.0,""verification_ns"":107834.0,""vertex_cover_recovery_ns"":125.0}",,,,phase_decomposition,solve-from-canonical-instance,,,"{""biclique_count"":1,""biclique_total_vertex_occurrences_sigma"":64,""boundary_size_b"":260,""component_count"":1,""compressed_network_arc_count"":128,""compressed_network_node_count"":67,""compressed_size_m"":195,""explicit_conflict_edge_count_k"":1024,""foreground_cells_n"":14756,""height"":126,""horizontal_chord_count_h"":32,""optimum_rectangle_count"":97,""q"":64,""reflex_count"":128,""vertical_chord_count_v"":32,""width"":126}",,,,256,,,,
,,,,,explicit-c0-flow,,,,,,,,representation-crossover,,,,,,,,,"{""biclique_construction_ns"":null,""chord_generation_ns"":6625.0,""chord_selection_ns"":42.0,""compressed_network_construction_ns"":null,""embedding_ns"":459.0,""explicit_conflict_construction_ns"":14334.0,""explicit_network_construction_ns"":30625.0,""geometry_preprocessing_ns"":2456083.0,""matching_ns"":null,""max_flow_ns"":53583.0,""rectangle_completion_recovery_ns"":1073000.0,""verification_ns"":108458.0,""vertex_cover_recovery_ns"":1292.0}",,,,phase_decomposition,solve-from-canonical-instance,,,"{""biclique_count"":1,""biclique_total_vertex_occurrences_sigma"":64,""boundary_size_b"":260,""component_count"":1,""compressed_network_arc_count"":128,""compressed_network_node_count"":67,""compressed_size_m"":195,""explicit_conflict_edge_count_k"":1024,""foreground_cells_n"":14756,""height"":126,""horizontal_chord_count_h"":32,""optimum_rectangle_count"":97,""q"":64,""reflex_count"":128,""vertical_chord_count_v"":32,""width"":126}",,,,256,,,,
,,,,,explicit-hopcroft-karp,,,,,,,,representation-crossover,,,,,,,,,"{""biclique_construction_ns"":null,""chord_generation_ns"":6625.0,""chord_selection_ns"":42.0,""compressed_network_construction_ns"":null,""embedding_ns"":null,""explicit_conflict_construction_ns"":14458.0,""explicit_network_construction_ns"":null,""geometry_preprocessing_ns"":2470896.0,""matching_ns"":1395.5,""max_flow_ns"":null,""rectangle_completion_recovery_ns"":1074187.0,""verification_ns"":107625.0,""vertex_cover_recovery_ns"":125.0}",,,,phase_decomposition,solve-from-canonical-instance,,,"{""biclique_count"":1,""biclique_total_vertex_occurrences_sigma"":64,""boundary_size_b"":260,""component_count"":1,""compressed_network_arc_count"":128,""compressed_network_node_count"":67,""compressed_size_m"":195,""explicit_conflict_edge_count_k"":1024,""foreground_cells_n"":14756,""height"":126,""horizontal_chord_count_h"":32,""optimum_rectangle_count"":97,""q"":64,""reflex_count"":128,""vertical_chord_count_v"":32,""width"":126}",,,,256,,,,
,,,,,compact-mrd,,,,,,,,representation-crossover,,,,,,,,,"{""biclique_construction_ns"":13708.0,""chord_generation_ns"":null,""chord_selection_ns"":null,""compressed_network_construction_ns"":709.0,""embedding_ns"":500.0,""explicit_conflict_construction_ns"":null,""explicit_network_construction_ns"":null,""geometry_preprocessing_ns"":null,""matching_ns"":null,""max_flow_ns"":4750.0,""rectangle_completion_recovery_ns"":null,""verification_ns"":null,""vertex_cover_recovery_ns"":125.0}",,,,phase_decomposition,representation-and-solver-kernel,,,"{""biclique_count"":1,""biclique_total_vertex_occurrences_sigma"":92,""boundary_size_b"":372,""component_count"":1,""compressed_network_arc_count"":184,""compressed_network_node_count"":95,""compressed_size_m"":279,""explicit_conflict_edge_count_k"":2116,""foreground_cells_n"":28371,""height"":175,""horizontal_chord_count_h"":46,""optimum_rectangle_count"":139,""q"":92,""reflex_count"":184,""vertical_chord_count_v"":46,""width"":175}",,,,512,,,,
,,,,,explicit-c0-flow,,,,,,,,representation-crossover,,,,,,,,,"{""biclique_construction_ns"":null,""chord_generation_ns"":null,""chord_selection_ns"":null,""compressed_network_construction_ns"":null,""embedding_ns"":542.0,""explicit_conflict_construction_ns"":33333.0,""explicit_network_construction_ns"":57125.0,""geometry_preprocessing_ns"":null,""matching_ns"":null,""max_flow_ns"":97791.0,""rectangle_completion_recovery_ns"":null,""verification_ns"":null,""vertex_cover_recovery_ns"":2541.0}",,,,phase_decomposition,representation-and-solver-kernel,,,"{""biclique_count"":1,""biclique_total_vertex_occurrences_sigma"":92,""boundary_size_b"":372,""component_count"":1,""compressed_network_arc_count"":184,""compressed_network_node_count"":95,""compressed_size_m"":279,""explicit_conflict_edge_count_k"":2116,""foreground_cells_n"":28371,""height"":175,""horizontal_chord_count_h"":46,""optimum_rectangle_count"":139,""q"":92,""reflex_count"":184,""vertical_chord_count_v"":46,""width"":175}",,,,512,,,,
,,,,,explicit-hopcroft-karp,,,,,,,,representation-crossover,,,,,,,,,"{""biclique_construction_ns"":null,""chord_generation_ns"":null,""chord_selection_ns"":null,""compressed_network_construction_ns"":null,""embedding_ns"":null,""explicit_conflict_construction_ns"":33208.0,""explicit_network_construction_ns"":null,""geometry_preprocessing_ns"":null,""matching_ns"":1833.0,""max_flow_ns"":null,""rectangle_completion_recovery_ns"":null,""verification_ns"":null,""vertex_cover_recovery_ns"":83.0}",,,,phase_decomposition,representation-and-solver-kernel,,,"{""biclique_count"":1,""biclique_total_vertex_occurrences_sigma"":92,""boundary_size_b"":372,""component_count"":1,""compressed_network_arc_count"":184,""compressed_network_node_count"":95,""compressed_size_m"":279,""explicit_conflict_edge_count_k"":2116,""foreground_cells_n"":28371,""height"":175,""horizontal_chord_count_h"":46,""optimum_rectangle_count"":139,""q"":92,""reflex_count"":184,""vertical_chord_count_v"":46,""width"":175}",,,,512,,,,
,,,,,compact-mrd,,,,,,,,representation-crossover,,,,,,,,,"{""biclique_construction_ns"":17875.0,""chord_generation_ns"":11250.0,""chord_selection_ns"":83.0,""compressed_network_construction_ns"":1167.0,""embedding_ns"":708.0,""explicit_conflict_construction_ns"":null,""explicit_network_construction_ns"":null,""geometry_preprocessing_ns"":4764458.0,""matching_ns"":null,""max_flow_ns"":5709.0,""rectangle_completion_recovery_ns"":2056458.5,""verification_ns"":200042.0,""vertex_cover_recovery_ns"":208.0}",,,,phase_decomposition,solve-from-canonical-instance,,,"{""biclique_count"":1,""biclique_total_vertex_occurrences_sigma"":92,""boundary_size_b"":372,""component_count"":1,""compressed_network_arc_count"":184,""compressed_network_node_count"":95,""compressed_size_m"":279,""explicit_conflict_edge_count_k"":2116,""foreground_cells_n"":28371,""height"":175,""horizontal_chord_count_h"":46,""optimum_rectangle_count"":139,""q"":92,""reflex_count"":184,""vertical_chord_count_v"":46,""width"":175}",,,,512,,,,
,,,,,explicit-c0-flow,,,,,,,,representation-crossover,,,,,,,,,"{""biclique_construction_ns"":null,""chord_generation_ns"":11000.0,""chord_selection_ns"":83.0,""compressed_network_construction_ns"":null,""embedding_ns"":708.0,""explicit_conflict_construction_ns"":34583.0,""explicit_network_construction_ns"":59458.0,""geometry_preprocessing_ns"":4741833.0,""matching_ns"":null,""max_flow_ns"":98917.0,""rectangle_completion_recovery_ns"":2063000.0,""verification_ns"":201000.0,""vertex_cover_recovery_ns"":2625.0}",,,,phase_decomposition,solve-from-canonical-instance,,,"{""biclique_count"":1,""biclique_total_vertex_occurrences_sigma"":92,""boundary_size_b"":372,""component_count"":1,""compressed_network_arc_count"":184,""compressed_network_node_count"":95,""compressed_size_m"":279,""explicit_conflict_edge_count_k"":2116,""foreground_cells_n"":28371,""height"":175,""horizontal_chord_count_h"":46,""optimum_rectangle_count"":139,""q"":92,""reflex_count"":184,""vertical_chord_count_v"":46,""width"":175}",,,,512,,,,
,,,,,explicit-hopcroft-karp,,,,,,,,representation-crossover,,,,,,,,,"{""biclique_construction_ns"":null,""chord_generation_ns"":11229.0,""chord_selection_ns"":83.0,""compressed_network_construction_ns"":null,""embedding_ns"":null,""explicit_conflict_construction_ns"":34375.0,""explicit_network_construction_ns"":null,""geometry_preprocessing_ns"":4748938.0,""matching_ns"":2625.0,""max_flow_ns"":null,""rectangle_completion_recovery_ns"":2061000.0,""verification_ns"":199750.0,""vertex_cover_recovery_ns"":208.0}",,,,phase_decomposition,solve-from-canonical-instance,,,"{""biclique_count"":1,""biclique_total_vertex_occurrences_sigma"":92,""boundary_size_b"":372,""component_count"":1,""compressed_network_arc_count"":184,""compressed_network_node_count"":95,""compressed_size_m"":279,""explicit_conflict_edge_count_k"":2116,""foreground_cells_n"":28371,""height"":175,""horizontal_chord_count_h"":46,""optimum_rectangle_count"":139,""q"":92,""reflex_count"":184,""vertical_chord_count_v"":46,""width"":175}",,,,512,,,,
,,,,,compact-mrd,,,,,,,,representation-crossover,,,,,,,,,"{""biclique_construction_ns"":18750.0,""chord_generation_ns"":null,""chord_selection_ns"":null,""compressed_network_construction_ns"":875.0,""embedding_ns"":542.0,""explicit_conflict_construction_ns"":null,""explicit_network_construction_ns"":null,""geometry_preprocessing_ns"":null,""matching_ns"":null,""max_flow_ns"":6250.0,""rectangle_completion_recovery_ns"":null,""verification_ns"":null,""vertex_cover_recovery_ns"":125.0}",,,,phase_decomposition,representation-and-solver-kernel,,,"{""biclique_count"":1,""biclique_total_vertex_occurrences_sigma"":128,""boundary_size_b"":516,""component_count"":1,""compressed_network_arc_count"":256,""compressed_network_node_count"":131,""compressed_size_m"":387,""explicit_conflict_edge_count_k"":4096,""foreground_cells_n"":52356,""height"":238,""horizontal_chord_count_h"":64,""optimum_rectangle_count"":193,""q"":128,""reflex_count"":256,""vertical_chord_count_v"":64,""width"":238}",,,,1024,,,,
,,,,,explicit-c0-flow,,,,,,,,representation-crossover,,,,,,,,,"{""biclique_construction_ns"":null,""chord_generation_ns"":null,""chord_selection_ns"":null,""compressed_network_construction_ns"":null,""embedding_ns"":625.0,""explicit_conflict_construction_ns"":75666.0,""explicit_network_construction_ns"":104520.5,""geometry_preprocessing_ns"":null,""matching_ns"":null,""max_flow_ns"":184333.5,""rectangle_completion_recovery_ns"":null,""verification_ns"":null,""vertex_cover_recovery_ns"":4791.5}",,,,phase_decomposition,representation-and-solver-kernel,,,"{""biclique_count"":1,""biclique_total_vertex_occurrences_sigma"":128,""boundary_size_b"":516,""component_count"":1,""compressed_network_arc_count"":256,""compressed_network_node_count"":131,""compressed_size_m"":387,""explicit_conflict_edge_count_k"":4096,""foreground_cells_n"":52356,""height"":238,""horizontal_chord_count_h"":64,""optimum_rectangle_count"":193,""q"":128,""reflex_count"":256,""vertical_chord_count_v"":64,""width"":238}",,,,1024,,,,
,,,,,explicit-hopcroft-karp,,,,,,,,representation-crossover,,,,,,,,,"{""biclique_construction_ns"":null,""chord_generation_ns"":null,""chord_selection_ns"":null,""compressed_network_construction_ns"":null,""embedding_ns"":null,""explicit_conflict_construction_ns"":73875.0,""explicit_network_construction_ns"":null,""geometry_preprocessing_ns"":null,""matching_ns"":3334.0,""max_flow_ns"":null,""rectangle_completion_recovery_ns"":null,""verification_ns"":null,""vertex_cover_recovery_ns"":83.0}",,,,phase_decomposition,representation-and-solver-kernel,,,"{""biclique_count"":1,""biclique_total_vertex_occurrences_sigma"":128,""boundary_size_b"":516,""component_count"":1,""compressed_network_arc_count"":256,""compressed_network_node_count"":131,""compressed_size_m"":387,""explicit_conflict_edge_count_k"":4096,""foreground_cells_n"":52356,""height"":238,""horizontal_chord_count_h"":64,""optimum_rectangle_count"":193,""q"":128,""reflex_count"":256,""vertical_chord_count_v"":64,""width"":238}",,,,1024,,,,
,,,,,compact-mrd,,,,,,,,representation-crossover,,,,,,,,,"{""biclique_construction_ns"":24979.5,""chord_generation_ns"":15896.0,""chord_selection_ns"":41.0,""compressed_network_construction_ns"":1708.0,""embedding_ns"":917.0,""explicit_conflict_construction_ns"":null,""explicit_network_construction_ns"":null,""geometry_preprocessing_ns"":8956500.0,""matching_ns"":null,""max_flow_ns"":7500.0,""rectangle_completion_recovery_ns"":3812083.5,""verification_ns"":362291.5,""vertex_cover_recovery_ns"":209.0}",,,,phase_decomposition,solve-from-canonical-instance,,,"{""biclique_count"":1,""biclique_total_vertex_occurrences_sigma"":128,""boundary_size_b"":516,""component_count"":1,""compressed_network_arc_count"":256,""compressed_network_node_count"":131,""compressed_size_m"":387,""explicit_conflict_edge_count_k"":4096,""foreground_cells_n"":52356,""height"":238,""horizontal_chord_count_h"":64,""optimum_rectangle_count"":193,""q"":128,""reflex_count"":256,""vertical_chord_count_v"":64,""width"":238}",,,,1024,,,,
,,,,,explicit-c0-flow,,,,,,,,representation-crossover,,,,,,,,,"{""biclique_construction_ns"":null,""chord_generation_ns"":15687.5,""chord_selection_ns"":42.0,""compressed_network_construction_ns"":null,""embedding_ns"":917.0,""explicit_conflict_construction_ns"":77792.0,""explicit_network_construction_ns"":108875.0,""geometry_preprocessing_ns"":8970062.5,""matching_ns"":null,""max_flow_ns"":190292.0,""rectangle_completion_recovery_ns"":3805979.0,""verification_ns"":366374.5,""vertex_cover_recovery_ns"":4917.0}",,,,phase_decomposition,solve-from-canonical-instance,,,"{""biclique_count"":1,""biclique_total_vertex_occurrences_sigma"":128,""boundary_size_b"":516,""component_count"":1,""compressed_network_arc_count"":256,""compressed_network_node_count"":131,""compressed_size_m"":387,""explicit_conflict_edge_count_k"":4096,""foreground_cells_n"":52356,""height"":238,""horizontal_chord_count_h"":64,""optimum_rectangle_count"":193,""q"":128,""reflex_count"":256,""vertical_chord_count_v"":64,""width"":238}",,,,1024,,,,
,,,,,explicit-hopcroft-karp,,,,,,,,representation-crossover,,,,,,,,,"{""biclique_construction_ns"":null,""chord_generation_ns"":15750.0,""chord_selection_ns"":42.0,""compressed_network_construction_ns"":null,""embedding_ns"":null,""explicit_conflict_construction_ns"":77000.0,""explicit_network_construction_ns"":null,""geometry_preprocessing_ns"":9037812.5,""matching_ns"":4416.5,""max_flow_ns"":null,""rectangle_completion_recovery_ns"":3794271.0,""verification_ns"":362978.5,""vertex_cover_recovery_ns"":708.5}",,,,phase_decomposition,solve-from-canonical-instance,,,"{""biclique_count"":1,""biclique_total_vertex_occurrences_sigma"":128,""boundary_size_b"":516,""component_count"":1,""compressed_network_arc_count"":256,""compressed_network_node_count"":131,""compressed_size_m"":387,""explicit_conflict_edge_count_k"":4096,""foreground_cells_n"":52356,""height"":238,""horizontal_chord_count_h"":64,""optimum_rectangle_count"":193,""q"":128,""reflex_count"":256,""vertical_chord_count_v"":64,""width"":238}",,,,1024,,,,
,,,,,compact-mrd,,,,,,,,representation-crossover,,,,,,,,,"{""biclique_construction_ns"":25959.0,""chord_generation_ns"":null,""chord_selection_ns"":null,""compressed_network_construction_ns"":1333.0,""embedding_ns"":792.0,""explicit_conflict_construction_ns"":null,""explicit_network_construction_ns"":null,""geometry_preprocessing_ns"":null,""matching_ns"":null,""max_flow_ns"":8917.0,""rectangle_completion_recovery_ns"":null,""verification_ns"":null,""vertex_cover_recovery_ns"":167.0}",,,,phase_decomposition,representation-and-solver-kernel,,,"{""biclique_count"":1,""biclique_total_vertex_occurrences_sigma"":184,""boundary_size_b"":740,""component_count"":1,""compressed_network_arc_count"":368,""compressed_network_node_count"":187,""compressed_size_m"":555,""explicit_conflict_edge_count_k"":8464,""foreground_cells_n"":104156,""height"":336,""horizontal_chord_count_h"":92,""optimum_rectangle_count"":277,""q"":184,""reflex_count"":368,""vertical_chord_count_v"":92,""width"":336}",,,,2048,,,,
,,,,,explicit-c0-flow,,,,,,,,representation-crossover,,,,,,,,,"{""biclique_construction_ns"":null,""chord_generation_ns"":null,""chord_selection_ns"":null,""compressed_network_construction_ns"":null,""embedding_ns"":1000.0,""explicit_conflict_construction_ns"":200291.0,""explicit_network_construction_ns"":219916.0,""geometry_preprocessing_ns"":null,""matching_ns"":null,""max_flow_ns"":359208.0,""rectangle_completion_recovery_ns"":null,""verification_ns"":null,""vertex_cover_recovery_ns"":9792.0}",,,,phase_decomposition,representation-and-solver-kernel,,,"{""biclique_count"":1,""biclique_total_vertex_occurrences_sigma"":184,""boundary_size_b"":740,""component_count"":1,""compressed_network_arc_count"":368,""compressed_network_node_count"":187,""compressed_size_m"":555,""explicit_conflict_edge_count_k"":8464,""foreground_cells_n"":104156,""height"":336,""horizontal_chord_count_h"":92,""optimum_rectangle_count"":277,""q"":184,""reflex_count"":368,""vertical_chord_count_v"":92,""width"":336}",,,,2048,,,,
,,,,,explicit-hopcroft-karp,,,,,,,,representation-crossover,,,,,,,,,"{""biclique_construction_ns"":null,""chord_generation_ns"":null,""chord_selection_ns"":null,""compressed_network_construction_ns"":null,""embedding_ns"":null,""explicit_conflict_construction_ns"":191812.5,""explicit_network_construction_ns"":null,""geometry_preprocessing_ns"":null,""matching_ns"":6917.0,""max_flow_ns"":null,""rectangle_completion_recovery_ns"":null,""verification_ns"":null,""vertex_cover_recovery_ns"":84.0}",,,,phase_decomposition,representation-and-solver-kernel,,,"{""biclique_count"":1,""biclique_total_vertex_occurrences_sigma"":184,""boundary_size_b"":740,""component_count"":1,""compressed_network_arc_count"":368,""compressed_network_node_count"":187,""compressed_size_m"":555,""explicit_conflict_edge_count_k"":8464,""foreground_cells_n"":104156,""height"":336,""horizontal_chord_count_h"":92,""optimum_rectangle_count"":277,""q"":184,""reflex_count"":368,""vertical_chord_count_v"":92,""width"":336}",,,,2048,,,,
,,,,,compact-mrd,,,,,,,,representation-crossover,,,,,,,,,"{""biclique_construction_ns"":34208.0,""chord_generation_ns"":26333.5,""chord_selection_ns"":125.0,""compressed_network_construction_ns"":2396.0,""embedding_ns"":1458.0,""explicit_conflict_construction_ns"":null,""explicit_network_construction_ns"":null,""geometry_preprocessing_ns"":17970667.0,""matching_ns"":null,""max_flow_ns"":10562.0,""rectangle_completion_recovery_ns"":7549229.5,""verification_ns"":704500.0,""vertex_cover_recovery_ns"":417.0}",,,,phase_decomposition,solve-from-canonical-instance,,,"{""biclique_count"":1,""biclique_total_vertex_occurrences_sigma"":184,""boundary_size_b"":740,""component_count"":1,""compressed_network_arc_count"":368,""compressed_network_node_count"":187,""compressed_size_m"":555,""explicit_conflict_edge_count_k"":8464,""foreground_cells_n"":104156,""height"":336,""horizontal_chord_count_h"":92,""optimum_rectangle_count"":277,""q"":184,""reflex_count"":368,""vertical_chord_count_v"":92,""width"":336}",,,,2048,,,,
,,,,,explicit-c0-flow,,,,,,,,representation-crossover,,,,,,,,,"{""biclique_construction_ns"":null,""chord_generation_ns"":25979.5,""chord_selection_ns"":145.5,""compressed_network_construction_ns"":null,""embedding_ns"":1437.5,""explicit_conflict_construction_ns"":202499.5,""explicit_network_construction_ns"":220083.0,""geometry_preprocessing_ns"":17839062.5,""matching_ns"":null,""max_flow_ns"":373854.0,""rectangle_completion_recovery_ns"":7588812.5,""verification_ns"":706646.5,""vertex_cover_recovery_ns"":10708.5}",,,,phase_decomposition,solve-from-canonical-instance,,,"{""biclique_count"":1,""biclique_total_vertex_occurrences_sigma"":184,""boundary_size_b"":740,""component_count"":1,""compressed_network_arc_count"":368,""compressed_network_node_count"":187,""compressed_size_m"":555,""explicit_conflict_edge_count_k"":8464,""foreground_cells_n"":104156,""height"":336,""horizontal_chord_count_h"":92,""optimum_rectangle_count"":277,""q"":184,""reflex_count"":368,""vertical_chord_count_v"":92,""width"":336}",,,,2048,,,,
,,,,,explicit-hopcroft-karp,,,,,,,,representation-crossover,,,,,,,,,"{""biclique_construction_ns"":null,""chord_generation_ns"":26437.5,""chord_selection_ns"":166.0,""compressed_network_construction_ns"":null,""embedding_ns"":null,""explicit_conflict_construction_ns"":201188.0,""explicit_network_construction_ns"":null,""geometry_preprocessing_ns"":17885979.5,""matching_ns"":8875.5,""max_flow_ns"":null,""rectangle_completion_recovery_ns"":7534375.0,""verification_ns"":705688.0,""vertex_cover_recovery_ns"":458.5}",,,,phase_decomposition,solve-from-canonical-instance,,,"{""biclique_count"":1,""biclique_total_vertex_occurrences_sigma"":184,""boundary_size_b"":740,""component_count"":1,""compressed_network_arc_count"":368,""compressed_network_node_count"":187,""compressed_size_m"":555,""explicit_conflict_edge_count_k"":8464,""foreground_cells_n"":104156,""height"":336,""horizontal_chord_count_h"":92,""optimum_rectangle_count"":277,""q"":184,""reflex_count"":368,""vertical_chord_count_v"":92,""width"":336}",,,,2048,,,,
,,,,,compact-mrd,,,,,,,,representation-crossover,,,,,,,,,"{""biclique_construction_ns"":35542.0,""chord_generation_ns"":null,""chord_selection_ns"":null,""compressed_network_construction_ns"":1667.0,""embedding_ns"":917.0,""explicit_conflict_construction_ns"":null,""explicit_network_construction_ns"":null,""geometry_preprocessing_ns"":null,""matching_ns"":null,""max_flow_ns"":12083.0,""rectangle_completion_recovery_ns"":null,""verification_ns"":null,""vertex_cover_recovery_ns"":250.0}",,,,phase_decomposition,representation-and-solver-kernel,,,"{""biclique_count"":1,""biclique_total_vertex_occurrences_sigma"":256,""boundary_size_b"":1028,""component_count"":1,""compressed_network_arc_count"":512,""compressed_network_node_count"":259,""compressed_size_m"":771,""explicit_conflict_edge_count_k"":16384,""foreground_cells_n"":196676,""height"":462,""horizontal_chord_count_h"":128,""optimum_rectangle_count"":385,""q"":256,""reflex_count"":512,""vertical_chord_count_v"":128,""width"":462}",,,,4096,,,,
,,,,,explicit-c0-flow,,,,,,,,representation-crossover,,,,,,,,,"{""biclique_construction_ns"":null,""chord_generation_ns"":null,""chord_selection_ns"":null,""compressed_network_construction_ns"":null,""embedding_ns"":1312.5,""explicit_conflict_construction_ns"":536437.5,""explicit_network_construction_ns"":435708.5,""geometry_preprocessing_ns"":null,""matching_ns"":null,""max_flow_ns"":721375.0,""rectangle_completion_recovery_ns"":null,""verification_ns"":null,""vertex_cover_recovery_ns"":23000.0}",,,,phase_decomposition,representation-and-solver-kernel,,,"{""biclique_count"":1,""biclique_total_vertex_occurrences_sigma"":256,""boundary_size_b"":1028,""component_count"":1,""compressed_network_arc_count"":512,""compressed_network_node_count"":259,""compressed_size_m"":771,""explicit_conflict_edge_count_k"":16384,""foreground_cells_n"":196676,""height"":462,""horizontal_chord_count_h"":128,""optimum_rectangle_count"":385,""q"":256,""reflex_count"":512,""vertical_chord_count_v"":128,""width"":462}",,,,4096,,,,
,,,,,explicit-hopcroft-karp,,,,,,,,representation-crossover,,,,,,,,,"{""biclique_construction_ns"":null,""chord_generation_ns"":null,""chord_selection_ns"":null,""compressed_network_construction_ns"":null,""embedding_ns"":null,""explicit_conflict_construction_ns"":506500.0,""explicit_network_construction_ns"":null,""geometry_preprocessing_ns"":null,""matching_ns"":13958.0,""max_flow_ns"":null,""rectangle_completion_recovery_ns"":null,""verification_ns"":null,""vertex_cover_recovery_ns"":125.0}",,,,phase_decomposition,representation-and-solver-kernel,,,"{""biclique_count"":1,""biclique_total_vertex_occurrences_sigma"":256,""boundary_size_b"":1028,""component_count"":1,""compressed_network_arc_count"":512,""compressed_network_node_count"":259,""compressed_size_m"":771,""explicit_conflict_edge_count_k"":16384,""foreground_cells_n"":196676,""height"":462,""horizontal_chord_count_h"":128,""optimum_rectangle_count"":385,""q"":256,""reflex_count"":512,""vertical_chord_count_v"":128,""width"":462}",,,,4096,,,,
,,,,,compact-mrd,,,,,,,,representation-crossover,,,,,,,,,"{""biclique_construction_ns"":48333.0,""chord_generation_ns"":45708.0,""chord_selection_ns"":125.0,""compressed_network_construction_ns"":4416.0,""embedding_ns"":2625.0,""explicit_conflict_construction_ns"":null,""explicit_network_construction_ns"":null,""geometry_preprocessing_ns"":36692292.0,""matching_ns"":null,""max_flow_ns"":14584.0,""rectangle_completion_recovery_ns"":14725459.0,""verification_ns"":1374416.0,""vertex_cover_recovery_ns"":625.0}",,,,phase_decomposition,solve-from-canonical-instance,,,"{""biclique_count"":1,""biclique_total_vertex_occurrences_sigma"":256,""boundary_size_b"":1028,""component_count"":1,""compressed_network_arc_count"":512,""compressed_network_node_count"":259,""compressed_size_m"":771,""explicit_conflict_edge_count_k"":16384,""foreground_cells_n"":196676,""height"":462,""horizontal_chord_count_h"":128,""optimum_rectangle_count"":385,""q"":256,""reflex_count"":512,""vertical_chord_count_v"":128,""width"":462}",,,,4096,,,,
,,,,,explicit-c0-flow,,,,,,,,representation-crossover,,,,,,,,,"{""biclique_construction_ns"":null,""chord_generation_ns"":42584.0,""chord_selection_ns"":167.0,""compressed_network_construction_ns"":null,""embedding_ns"":2583.0,""explicit_conflict_construction_ns"":532500.0,""explicit_network_construction_ns"":425500.0,""geometry_preprocessing_ns"":35220250.0,""matching_ns"":null,""max_flow_ns"":715167.0,""rectangle_completion_recovery_ns"":14695292.0,""verification_ns"":1390959.0,""vertex_cover_recovery_ns"":25625.0}",,,,phase_decomposition,solve-from-canonical-instance,,,"{""biclique_count"":1,""biclique_total_vertex_occurrences_sigma"":256,""boundary_size_b"":1028,""component_count"":1,""compressed_network_arc_count"":512,""compressed_network_node_count"":259,""compressed_size_m"":771,""explicit_conflict_edge_count_k"":16384,""foreground_cells_n"":196676,""height"":462,""horizontal_chord_count_h"":128,""optimum_rectangle_count"":385,""q"":256,""reflex_count"":512,""vertical_chord_count_v"":128,""width"":462}",,,,4096,,,,
,,,,,explicit-hopcroft-karp,,,,,,,,representation-crossover,,,,,,,,,"{""biclique_construction_ns"":null,""chord_generation_ns"":43167.0,""chord_selection_ns"":125.0,""compressed_network_construction_ns"":null,""embedding_ns"":null,""explicit_conflict_construction_ns"":532375.0,""explicit_network_construction_ns"":null,""geometry_preprocessing_ns"":36011458.0,""matching_ns"":16167.0,""max_flow_ns"":null,""rectangle_completion_recovery_ns"":14464000.0,""verification_ns"":1360667.0,""vertex_cover_recovery_ns"":583.0}",,,,phase_decomposition,solve-from-canonical-instance,,,"{""biclique_count"":1,""biclique_total_vertex_occurrences_sigma"":256,""boundary_size_b"":1028,""component_count"":1,""compressed_network_arc_count"":512,""compressed_network_node_count"":259,""compressed_size_m"":771,""explicit_conflict_edge_count_k"":16384,""foreground_cells_n"":196676,""height"":462,""horizontal_chord_count_h"":128,""optimum_rectangle_count"":385,""q"":256,""reflex_count"":512,""vertical_chord_count_v"":128,""width"":462}",,,,4096,,,,
,,,,,compact-mrd,,,,,,,,representation-crossover,,,,,,,,,"{""biclique_construction_ns"":50541.0,""chord_generation_ns"":null,""chord_selection_ns"":null,""compressed_network_construction_ns"":2375.0,""embedding_ns"":1458.0,""explicit_conflict_construction_ns"":null,""explicit_network_construction_ns"":null,""geometry_preprocessing_ns"":null,""matching_ns"":null,""max_flow_ns"":16750.0,""rectangle_completion_recovery_ns"":null,""verification_ns"":null,""vertex_cover_recovery_ns"":333.0}",,,,phase_decomposition,representation-and-solver-kernel,,,"{""biclique_count"":1,""biclique_total_vertex_occurrences_sigma"":364,""boundary_size_b"":1460,""component_count"":1,""compressed_network_arc_count"":728,""compressed_network_node_count"":367,""compressed_size_m"":1095,""explicit_conflict_edge_count_k"":33124,""foreground_cells_n"":390131,""height"":651,""horizontal_chord_count_h"":182,""optimum_rectangle_count"":547,""q"":364,""reflex_count"":728,""vertical_chord_count_v"":182,""width"":651}",,,,8192,,,,
,,,,,explicit-c0-flow,,,,,,,,representation-crossover,,,,,,,,,"{""biclique_construction_ns"":null,""chord_generation_ns"":null,""chord_selection_ns"":null,""compressed_network_construction_ns"":null,""embedding_ns"":1708.0,""explicit_conflict_construction_ns"":1494667.0,""explicit_network_construction_ns"":856375.0,""geometry_preprocessing_ns"":null,""matching_ns"":null,""max_flow_ns"":1303458.0,""rectangle_completion_recovery_ns"":null,""verification_ns"":null,""vertex_cover_recovery_ns"":47875.0}",,,,phase_decomposition,representation-and-solver-kernel,,,"{""biclique_count"":1,""biclique_total_vertex_occurrences_sigma"":364,""boundary_size_b"":1460,""component_count"":1,""compressed_network_arc_count"":728,""compressed_network_node_count"":367,""compressed_size_m"":1095,""explicit_conflict_edge_count_k"":33124,""foreground_cells_n"":390131,""height"":651,""horizontal_chord_count_h"":182,""optimum_rectangle_count"":547,""q"":364,""reflex_count"":728,""vertical_chord_count_v"":182,""width"":651}",,,,8192,,,,
,,,,,explicit-hopcroft-karp,,,,,,,,representation-crossover,,,,,,,,,"{""biclique_construction_ns"":null,""chord_generation_ns"":null,""chord_selection_ns"":null,""compressed_network_construction_ns"":null,""embedding_ns"":null,""explicit_conflict_construction_ns"":1371875.0,""explicit_network_construction_ns"":null,""geometry_preprocessing_ns"":null,""matching_ns"":27875.0,""max_flow_ns"":null,""rectangle_completion_recovery_ns"":null,""verification_ns"":null,""vertex_cover_recovery_ns"":167.0}",,,,phase_decomposition,representation-and-solver-kernel,,,"{""biclique_count"":1,""biclique_total_vertex_occurrences_sigma"":364,""boundary_size_b"":1460,""component_count"":1,""compressed_network_arc_count"":728,""compressed_network_node_count"":367,""compressed_size_m"":1095,""explicit_conflict_edge_count_k"":33124,""foreground_cells_n"":390131,""height"":651,""horizontal_chord_count_h"":182,""optimum_rectangle_count"":547,""q"":364,""reflex_count"":728,""vertical_chord_count_v"":182,""width"":651}",,,,8192,,,,
,,,,,compact-mrd,,,,,,,,representation-crossover,,,,,,,,,"{""biclique_construction_ns"":63417.0,""chord_generation_ns"":70833.0,""chord_selection_ns"":166.0,""compressed_network_construction_ns"":4291.0,""embedding_ns"":2958.0,""explicit_conflict_construction_ns"":null,""explicit_network_construction_ns"":null,""geometry_preprocessing_ns"":72109375.0,""matching_ns"":null,""max_flow_ns"":18833.0,""rectangle_completion_recovery_ns"":28467083.0,""verification_ns"":2615959.0,""vertex_cover_recovery_ns"":708.0}",,,,phase_decomposition,solve-from-canonical-instance,,,"{""biclique_count"":1,""biclique_total_vertex_occurrences_sigma"":364,""boundary_size_b"":1460,""component_count"":1,""compressed_network_arc_count"":728,""compressed_network_node_count"":367,""compressed_size_m"":1095,""explicit_conflict_edge_count_k"":33124,""foreground_cells_n"":390131,""height"":651,""horizontal_chord_count_h"":182,""optimum_rectangle_count"":547,""q"":364,""reflex_count"":728,""vertical_chord_count_v"":182,""width"":651}",,,,8192,,,,
,,,,,explicit-c0-flow,,,,,,,,representation-crossover,,,,,,,,,"{""biclique_construction_ns"":null,""chord_generation_ns"":69500.0,""chord_selection_ns"":250.0,""compressed_network_construction_ns"":null,""embedding_ns"":3209.0,""explicit_conflict_construction_ns"":1494042.0,""explicit_network_construction_ns"":839916.0,""geometry_preprocessing_ns"":71857542.0,""matching_ns"":null,""max_flow_ns"":1389083.0,""rectangle_completion_recovery_ns"":28351500.0,""verification_ns"":2640208.0,""vertex_cover_recovery_ns"":48417.0}",,,,phase_decomposition,solve-from-canonical-instance,,,"{""biclique_count"":1,""biclique_total_vertex_occurrences_sigma"":364,""boundary_size_b"":1460,""component_count"":1,""compressed_network_arc_count"":728,""compressed_network_node_count"":367,""compressed_size_m"":1095,""explicit_conflict_edge_count_k"":33124,""foreground_cells_n"":390131,""height"":651,""horizontal_chord_count_h"":182,""optimum_rectangle_count"":547,""q"":364,""reflex_count"":728,""vertical_chord_count_v"":182,""width"":651}",,,,8192,,,,
,,,,,explicit-hopcroft-karp,,,,,,,,representation-crossover,,,,,,,,,"{""biclique_construction_ns"":null,""chord_generation_ns"":68625.0,""chord_selection_ns"":125.0,""compressed_network_construction_ns"":null,""embedding_ns"":null,""explicit_conflict_construction_ns"":1467916.0,""explicit_network_construction_ns"":null,""geometry_preprocessing_ns"":73039125.0,""matching_ns"":30250.0,""max_flow_ns"":null,""rectangle_completion_recovery_ns"":28562916.0,""verification_ns"":2609708.0,""vertex_cover_recovery_ns"":542.0}",,,,phase_decomposition,solve-from-canonical-instance,,,"{""biclique_count"":1,""biclique_total_vertex_occurrences_sigma"":364,""boundary_size_b"":1460,""component_count"":1,""compressed_network_arc_count"":728,""compressed_network_node_count"":367,""compressed_size_m"":1095,""explicit_conflict_edge_count_k"":33124,""foreground_cells_n"":390131,""height"":651,""horizontal_chord_count_h"":182,""optimum_rectangle_count"":547,""q"":364,""reflex_count"":728,""vertical_chord_count_v"":182,""width"":651}",,,,8192,,,,
,,,,,compact-mrd,,,,,,,,sparse-conflict,,,,,,,,,"{""biclique_construction_ns"":3542.0,""chord_generation_ns"":null,""chord_selection_ns"":null,""compressed_network_construction_ns"":292.0,""embedding_ns"":291.0,""explicit_conflict_construction_ns"":null,""explicit_network_construction_ns"":null,""geometry_preprocessing_ns"":null,""matching_ns"":null,""max_flow_ns"":2417.0,""rectangle_completion_recovery_ns"":null,""verification_ns"":null,""vertex_cover_recovery_ns"":42.0}",,,,phase_decomposition,representation-and-solver-kernel,,,"{""biclique_count"":0,""biclique_total_vertex_occurrences_sigma"":0,""boundary_size_b"":260,""component_count"":1,""compressed_network_arc_count"":62,""compressed_network_node_count"":64,""compressed_size_m"":126,""explicit_conflict_edge_count_k"":0,""foreground_cells_n"":517,""height"":5,""horizontal_chord_count_h"":62,""optimum_rectangle_count"":67,""q"":62,""reflex_count"":128,""vertical_chord_count_v"":0,""width"":129}",,,,64,,,,
,,,,,explicit-c0-flow,,,,,,,,sparse-conflict,,,,,,,,,"{""biclique_construction_ns"":null,""chord_generation_ns"":null,""chord_selection_ns"":null,""compressed_network_construction_ns"":null,""embedding_ns"":292.0,""explicit_conflict_construction_ns"":42.0,""explicit_network_construction_ns"":292.0,""geometry_preprocessing_ns"":null,""matching_ns"":null,""max_flow_ns"":2417.0,""rectangle_completion_recovery_ns"":null,""verification_ns"":null,""vertex_cover_recovery_ns"":42.0}",,,,phase_decomposition,representation-and-solver-kernel,,,"{""biclique_count"":0,""biclique_total_vertex_occurrences_sigma"":0,""boundary_size_b"":260,""component_count"":1,""compressed_network_arc_count"":62,""compressed_network_node_count"":64,""compressed_size_m"":126,""explicit_conflict_edge_count_k"":0,""foreground_cells_n"":517,""height"":5,""horizontal_chord_count_h"":62,""optimum_rectangle_count"":67,""q"":62,""reflex_count"":128,""vertical_chord_count_v"":0,""width"":129}",,,,64,,,,
,,,,,explicit-hopcroft-karp,,,,,,,,sparse-conflict,,,,,,,,,"{""biclique_construction_ns"":null,""chord_generation_ns"":null,""chord_selection_ns"":null,""compressed_network_construction_ns"":null,""embedding_ns"":null,""explicit_conflict_construction_ns"":42.0,""explicit_network_construction_ns"":null,""geometry_preprocessing_ns"":null,""matching_ns"":292.0,""max_flow_ns"":null,""rectangle_completion_recovery_ns"":null,""verification_ns"":null,""vertex_cover_recovery_ns"":375.0}",,,,phase_decomposition,representation-and-solver-kernel,,,"{""biclique_count"":0,""biclique_total_vertex_occurrences_sigma"":0,""boundary_size_b"":260,""component_count"":1,""compressed_network_arc_count"":62,""compressed_network_node_count"":64,""compressed_size_m"":126,""explicit_conflict_edge_count_k"":0,""foreground_cells_n"":517,""height"":5,""horizontal_chord_count_h"":62,""optimum_rectangle_count"":67,""q"":62,""reflex_count"":128,""vertical_chord_count_v"":0,""width"":129}",,,,64,,,,
,,,,,compact-mrd,,,,,,,,sparse-conflict,,,,,,,,,"{""biclique_construction_ns"":3666.0,""chord_generation_ns"":5000.0,""chord_selection_ns"":41.0,""compressed_network_construction_ns"":292.0,""embedding_ns"":292.0,""explicit_conflict_construction_ns"":null,""explicit_network_construction_ns"":null,""geometry_preprocessing_ns"":179625.0,""matching_ns"":null,""max_flow_ns"":2541.0,""rectangle_completion_recovery_ns"":50917.0,""verification_ns"":7416.0,""vertex_cover_recovery_ns"":42.0}",,,,phase_decomposition,solve-from-canonical-instance,,,"{""biclique_count"":0,""biclique_total_vertex_occurrences_sigma"":0,""boundary_size_b"":260,""component_count"":1,""compressed_network_arc_count"":62,""compressed_network_node_count"":64,""compressed_size_m"":126,""explicit_conflict_edge_count_k"":0,""foreground_cells_n"":517,""height"":5,""horizontal_chord_count_h"":62,""optimum_rectangle_count"":67,""q"":62,""reflex_count"":128,""vertical_chord_count_v"":0,""width"":129}",,,,64,,,,
,,,,,explicit-c0-flow,,,,,,,,sparse-conflict,,,,,,,,,"{""biclique_construction_ns"":null,""chord_generation_ns"":5000.0,""chord_selection_ns"":41.0,""compressed_network_construction_ns"":null,""embedding_ns"":292.0,""explicit_conflict_construction_ns"":42.0,""explicit_network_construction_ns"":292.0,""geometry_preprocessing_ns"":179666.0,""matching_ns"":null,""max_flow_ns"":2541.0,""rectangle_completion_recovery_ns"":50917.0,""verification_ns"":7375.0,""vertex_cover_recovery_ns"":42.0}",,,,phase_decomposition,solve-from-canonical-instance,,,"{""biclique_count"":0,""biclique_total_vertex_occurrences_sigma"":0,""boundary_size_b"":260,""component_count"":1,""compressed_network_arc_count"":62,""compressed_network_node_count"":64,""compressed_size_m"":126,""explicit_conflict_edge_count_k"":0,""foreground_cells_n"":517,""height"":5,""horizontal_chord_count_h"":62,""optimum_rectangle_count"":67,""q"":62,""reflex_count"":128,""vertical_chord_count_v"":0,""width"":129}",,,,64,,,,
,,,,,explicit-hopcroft-karp,,,,,,,,sparse-conflict,,,,,,,,,"{""biclique_construction_ns"":null,""chord_generation_ns"":4959.0,""chord_selection_ns"":41.0,""compressed_network_construction_ns"":null,""embedding_ns"":null,""explicit_conflict_construction_ns"":42.0,""explicit_network_construction_ns"":null,""geometry_preprocessing_ns"":179583.0,""matching_ns"":334.0,""max_flow_ns"":null,""rectangle_completion_recovery_ns"":51000.0,""verification_ns"":7375.0,""vertex_cover_recovery_ns"":416.0}",,,,phase_decomposition,solve-from-canonical-instance,,,"{""biclique_count"":0,""biclique_total_vertex_occurrences_sigma"":0,""boundary_size_b"":260,""component_count"":1,""compressed_network_arc_count"":62,""compressed_network_node_count"":64,""compressed_size_m"":126,""explicit_conflict_edge_count_k"":0,""foreground_cells_n"":517,""height"":5,""horizontal_chord_count_h"":62,""optimum_rectangle_count"":67,""q"":62,""reflex_count"":128,""vertical_chord_count_v"":0,""width"":129}",,,,64,,,,
,,,,,compact-mrd,,,,,,,,sparse-conflict,,,,,,,,,"{""biclique_construction_ns"":6750.0,""chord_generation_ns"":null,""chord_selection_ns"":null,""compressed_network_construction_ns"":458.0,""embedding_ns"":417.0,""explicit_conflict_construction_ns"":null,""explicit_network_construction_ns"":null,""geometry_preprocessing_ns"":null,""matching_ns"":null,""max_flow_ns"":4333.0,""rectangle_completion_recovery_ns"":null,""verification_ns"":null,""vertex_cover_recovery_ns"":83.0}",,,,phase_decomposition,representation-and-solver-kernel,,,"{""biclique_count"":0,""biclique_total_vertex_occurrences_sigma"":0,""boundary_size_b"":516,""component_count"":1,""compressed_network_arc_count"":126,""compressed_network_node_count"":128,""compressed_size_m"":254,""explicit_conflict_edge_count_k"":0,""foreground_cells_n"":1029,""height"":5,""horizontal_chord_count_h"":126,""optimum_rectangle_count"":131,""q"":126,""reflex_count"":256,""vertical_chord_count_v"":0,""width"":257}",,,,128,,,,
,,,,,explicit-c0-flow,,,,,,,,sparse-conflict,,,,,,,,,"{""biclique_construction_ns"":null,""chord_generation_ns"":null,""chord_selection_ns"":null,""compressed_network_construction_ns"":null,""embedding_ns"":417.0,""explicit_conflict_construction_ns"":42.0,""explicit_network_construction_ns"":458.0,""geometry_preprocessing_ns"":null,""matching_ns"":null,""max_flow_ns"":4292.0,""rectangle_completion_recovery_ns"":null,""verification_ns"":null,""vertex_cover_recovery_ns"":83.0}",,,,phase_decomposition,representation-and-solver-kernel,,,"{""biclique_count"":0,""biclique_total_vertex_occurrences_sigma"":0,""boundary_size_b"":516,""component_count"":1,""compressed_network_arc_count"":126,""compressed_network_node_count"":128,""compressed_size_m"":254,""explicit_conflict_edge_count_k"":0,""foreground_cells_n"":1029,""height"":5,""horizontal_chord_count_h"":126,""optimum_rectangle_count"":131,""q"":126,""reflex_count"":256,""vertical_chord_count_v"":0,""width"":257}",,,,128,,,,
,,,,,explicit-hopcroft-karp,,,,,,,,sparse-conflict,,,,,,,,,"{""biclique_construction_ns"":null,""chord_generation_ns"":null,""chord_selection_ns"":null,""compressed_network_construction_ns"":null,""embedding_ns"":null,""explicit_conflict_construction_ns"":42.0,""explicit_network_construction_ns"":null,""geometry_preprocessing_ns"":null,""matching_ns"":500.0,""max_flow_ns"":null,""rectangle_completion_recovery_ns"":null,""verification_ns"":null,""vertex_cover_recovery_ns"":625.0}",,,,phase_decomposition,representation-and-solver-kernel,,,"{""biclique_count"":0,""biclique_total_vertex_occurrences_sigma"":0,""boundary_size_b"":516,""component_count"":1,""compressed_network_arc_count"":126,""compressed_network_node_count"":128,""compressed_size_m"":254,""explicit_conflict_edge_count_k"":0,""foreground_cells_n"":1029,""height"":5,""horizontal_chord_count_h"":126,""optimum_rectangle_count"":131,""q"":126,""reflex_count"":256,""vertical_chord_count_v"":0,""width"":257}",,,,128,,,,
,,,,,compact-mrd,,,,,,,,sparse-conflict,,,,,,,,,"{""biclique_construction_ns"":6917.0,""chord_generation_ns"":9375.0,""chord_selection_ns"":41.0,""compressed_network_construction_ns"":583.0,""embedding_ns"":542.0,""explicit_conflict_construction_ns"":null,""explicit_network_construction_ns"":null,""geometry_preprocessing_ns"":367396.0,""matching_ns"":null,""max_flow_ns"":4459.0,""rectangle_completion_recovery_ns"":99292.0,""verification_ns"":13667.0,""vertex_cover_recovery_ns"":83.0}",,,,phase_decomposition,solve-from-canonical-instance,,,"{""biclique_count"":0,""biclique_total_vertex_occurrences_sigma"":0,""boundary_size_b"":516,""component_count"":1,""compressed_network_arc_count"":126,""compressed_network_node_count"":128,""compressed_size_m"":254,""explicit_conflict_edge_count_k"":0,""foreground_cells_n"":1029,""height"":5,""horizontal_chord_count_h"":126,""optimum_rectangle_count"":131,""q"":126,""reflex_count"":256,""vertical_chord_count_v"":0,""width"":257}",,,,128,,,,
,,,,,explicit-c0-flow,,,,,,,,sparse-conflict,,,,,,,,,"{""biclique_construction_ns"":null,""chord_generation_ns"":9375.0,""chord_selection_ns"":41.0,""compressed_network_construction_ns"":null,""embedding_ns"":542.0,""explicit_conflict_construction_ns"":83.0,""explicit_network_construction_ns"":584.0,""geometry_preprocessing_ns"":367458.0,""matching_ns"":null,""max_flow_ns"":4458.0,""rectangle_completion_recovery_ns"":99167.0,""verification_ns"":13666.0,""vertex_cover_recovery_ns"":83.0}",,,,phase_decomposition,solve-from-canonical-instance,,,"{""biclique_count"":0,""biclique_total_vertex_occurrences_sigma"":0,""boundary_size_b"":516,""component_count"":1,""compressed_network_arc_count"":126,""compressed_network_node_count"":128,""compressed_size_m"":254,""explicit_conflict_edge_count_k"":0,""foreground_cells_n"":1029,""height"":5,""horizontal_chord_count_h"":126,""optimum_rectangle_count"":131,""q"":126,""reflex_count"":256,""vertical_chord_count_v"":0,""width"":257}",,,,128,,,,
,,,,,explicit-hopcroft-karp,,,,,,,,sparse-conflict,,,,,,,,,"{""biclique_construction_ns"":null,""chord_generation_ns"":9375.0,""chord_selection_ns"":41.0,""compressed_network_construction_ns"":null,""embedding_ns"":null,""explicit_conflict_construction_ns"":83.0,""explicit_network_construction_ns"":null,""geometry_preprocessing_ns"":367500.0,""matching_ns"":541.0,""max_flow_ns"":null,""rectangle_completion_recovery_ns"":99166.0,""verification_ns"":13667.0,""vertex_cover_recovery_ns"":625.0}",,,,phase_decomposition,solve-from-canonical-instance,,,"{""biclique_count"":0,""biclique_total_vertex_occurrences_sigma"":0,""boundary_size_b"":516,""component_count"":1,""compressed_network_arc_count"":126,""compressed_network_node_count"":128,""compressed_size_m"":254,""explicit_conflict_edge_count_k"":0,""foreground_cells_n"":1029,""height"":5,""horizontal_chord_count_h"":126,""optimum_rectangle_count"":131,""q"":126,""reflex_count"":256,""vertical_chord_count_v"":0,""width"":257}",,,,128,,,,
,,,,,compact-mrd,,,,,,,,sparse-conflict,,,,,,,,,"{""biclique_construction_ns"":13084.0,""chord_generation_ns"":null,""chord_selection_ns"":null,""compressed_network_construction_ns"":709.0,""embedding_ns"":750.0,""explicit_conflict_construction_ns"":null,""explicit_network_construction_ns"":null,""geometry_preprocessing_ns"":null,""matching_ns"":null,""max_flow_ns"":8291.0,""rectangle_completion_recovery_ns"":null,""verification_ns"":null,""vertex_cover_recovery_ns"":125.0}",,,,phase_decomposition,representation-and-solver-kernel,,,"{""biclique_count"":0,""biclique_total_vertex_occurrences_sigma"":0,""boundary_size_b"":1028,""component_count"":1,""compressed_network_arc_count"":254,""compressed_network_node_count"":256,""compressed_size_m"":510,""explicit_conflict_edge_count_k"":0,""foreground_cells_n"":2053,""height"":5,""horizontal_chord_count_h"":254,""optimum_rectangle_count"":259,""q"":254,""reflex_count"":512,""vertical_chord_count_v"":0,""width"":513}",,,,256,,,,
,,,,,explicit-c0-flow,,,,,,,,sparse-conflict,,,,,,,,,"{""biclique_construction_ns"":null,""chord_generation_ns"":null,""chord_selection_ns"":null,""compressed_network_construction_ns"":null,""embedding_ns"":709.0,""explicit_conflict_construction_ns"":83.0,""explicit_network_construction_ns"":709.0,""geometry_preprocessing_ns"":null,""matching_ns"":null,""max_flow_ns"":8250.0,""rectangle_completion_recovery_ns"":null,""verification_ns"":null,""vertex_cover_recovery_ns"":125.0}",,,,phase_decomposition,representation-and-solver-kernel,,,"{""biclique_count"":0,""biclique_total_vertex_occurrences_sigma"":0,""boundary_size_b"":1028,""component_count"":1,""compressed_network_arc_count"":254,""compressed_network_node_count"":256,""compressed_size_m"":510,""explicit_conflict_edge_count_k"":0,""foreground_cells_n"":2053,""height"":5,""horizontal_chord_count_h"":254,""optimum_rectangle_count"":259,""q"":254,""reflex_count"":512,""vertical_chord_count_v"":0,""width"":513}",,,,256,,,,
,,,,,explicit-hopcroft-karp,,,,,,,,sparse-conflict,,,,,,,,,"{""biclique_construction_ns"":null,""chord_generation_ns"":null,""chord_selection_ns"":null,""compressed_network_construction_ns"":null,""embedding_ns"":null,""explicit_conflict_construction_ns"":83.0,""explicit_network_construction_ns"":null,""geometry_preprocessing_ns"":null,""matching_ns"":792.0,""max_flow_ns"":null,""rectangle_completion_recovery_ns"":null,""verification_ns"":null,""vertex_cover_recovery_ns"":1083.0}",,,,phase_decomposition,representation-and-solver-kernel,,,"{""biclique_count"":0,""biclique_total_vertex_occurrences_sigma"":0,""boundary_size_b"":1028,""component_count"":1,""compressed_network_arc_count"":254,""compressed_network_node_count"":256,""compressed_size_m"":510,""explicit_conflict_edge_count_k"":0,""foreground_cells_n"":2053,""height"":5,""horizontal_chord_count_h"":254,""optimum_rectangle_count"":259,""q"":254,""reflex_count"":512,""vertical_chord_count_v"":0,""width"":513}",,,,256,,,,
,,,,,compact-mrd,,,,,,,,sparse-conflict,,,,,,,,,"{""biclique_construction_ns"":13333.0,""chord_generation_ns"":18500.0,""chord_selection_ns"":42.0,""compressed_network_construction_ns"":833.0,""embedding_ns"":833.0,""explicit_conflict_construction_ns"":null,""explicit_network_construction_ns"":null,""geometry_preprocessing_ns"":762000.0,""matching_ns"":null,""max_flow_ns"":8792.0,""rectangle_completion_recovery_ns"":196583.0,""verification_ns"":26375.0,""vertex_cover_recovery_ns"":166.0}",,,,phase_decomposition,solve-from-canonical-instance,,,"{""biclique_count"":0,""biclique_total_vertex_occurrences_sigma"":0,""boundary_size_b"":1028,""component_count"":1,""compressed_network_arc_count"":254,""compressed_network_node_count"":256,""compressed_size_m"":510,""explicit_conflict_edge_count_k"":0,""foreground_cells_n"":2053,""height"":5,""horizontal_chord_count_h"":254,""optimum_rectangle_count"":259,""q"":254,""reflex_count"":512,""vertical_chord_count_v"":0,""width"":513}",,,,256,,,,
,,,,,explicit-c0-flow,,,,,,,,sparse-conflict,,,,,,,,,"{""biclique_construction_ns"":null,""chord_generation_ns"":18542.0,""chord_selection_ns"":42.0,""compressed_network_construction_ns"":null,""embedding_ns"":833.0,""explicit_conflict_construction_ns"":125.0,""explicit_network_construction_ns"":833.0,""geometry_preprocessing_ns"":762250.0,""matching_ns"":null,""max_flow_ns"":8687.5,""rectangle_completion_recovery_ns"":196542.0,""verification_ns"":26333.0,""vertex_cover_recovery_ns"":166.0}",,,,phase_decomposition,solve-from-canonical-instance,,,"{""biclique_count"":0,""biclique_total_vertex_occurrences_sigma"":0,""boundary_size_b"":1028,""component_count"":1,""compressed_network_arc_count"":254,""compressed_network_node_count"":256,""compressed_size_m"":510,""explicit_conflict_edge_count_k"":0,""foreground_cells_n"":2053,""height"":5,""horizontal_chord_count_h"":254,""optimum_rectangle_count"":259,""q"":254,""reflex_count"":512,""vertical_chord_count_v"":0,""width"":513}",,,,256,,,,
,,,,,explicit-hopcroft-karp,,,,,,,,sparse-conflict,,,,,,,,,"{""biclique_construction_ns"":null,""chord_generation_ns"":18583.0,""chord_selection_ns"":41.0,""compressed_network_construction_ns"":null,""embedding_ns"":null,""explicit_conflict_construction_ns"":125.0,""explicit_network_construction_ns"":null,""geometry_preprocessing_ns"":762167.0,""matching_ns"":917.0,""max_flow_ns"":null,""rectangle_completion_recovery_ns"":196458.0,""verification_ns"":26376.0,""vertex_cover_recovery_ns"":1125.0}",,,,phase_decomposition,solve-from-canonical-instance,,,"{""biclique_count"":0,""biclique_total_vertex_occurrences_sigma"":0,""boundary_size_b"":1028,""component_count"":1,""compressed_network_arc_count"":254,""compressed_network_node_count"":256,""compressed_size_m"":510,""explicit_conflict_edge_count_k"":0,""foreground_cells_n"":2053,""height"":5,""horizontal_chord_count_h"":254,""optimum_rectangle_count"":259,""q"":254,""reflex_count"":512,""vertical_chord_count_v"":0,""width"":513}",,,,256,,,,
,,,,,compact-mrd,,,,,,,,sparse-conflict,,,,,,,,,"{""biclique_construction_ns"":26292.0,""chord_generation_ns"":null,""chord_selection_ns"":null,""compressed_network_construction_ns"":1375.0,""embedding_ns"":1625.0,""explicit_conflict_construction_ns"":null,""explicit_network_construction_ns"":null,""geometry_preprocessing_ns"":null,""matching_ns"":null,""max_flow_ns"":16208.0,""rectangle_completion_recovery_ns"":null,""verification_ns"":null,""vertex_cover_recovery_ns"":250.0}",,,,phase_decomposition,representation-and-solver-kernel,,,"{""biclique_count"":0,""biclique_total_vertex_occurrences_sigma"":0,""boundary_size_b"":2052,""component_count"":1,""compressed_network_arc_count"":510,""compressed_network_node_count"":512,""compressed_size_m"":1022,""explicit_conflict_edge_count_k"":0,""foreground_cells_n"":4101,""height"":5,""horizontal_chord_count_h"":510,""optimum_rectangle_count"":515,""q"":510,""reflex_count"":1024,""vertical_chord_count_v"":0,""width"":1025}",,,,512,,,,
,,,,,explicit-c0-flow,,,,,,,,sparse-conflict,,,,,,,,,"{""biclique_construction_ns"":null,""chord_generation_ns"":null,""chord_selection_ns"":null,""compressed_network_construction_ns"":null,""embedding_ns"":1625.0,""explicit_conflict_construction_ns"":167.0,""explicit_network_construction_ns"":1333.0,""geometry_preprocessing_ns"":null,""matching_ns"":null,""max_flow_ns"":16125.0,""rectangle_completion_recovery_ns"":null,""verification_ns"":null,""vertex_cover_recovery_ns"":250.0}",,,,phase_decomposition,representation-and-solver-kernel,,,"{""biclique_count"":0,""biclique_total_vertex_occurrences_sigma"":0,""boundary_size_b"":2052,""component_count"":1,""compressed_network_arc_count"":510,""compressed_network_node_count"":512,""compressed_size_m"":1022,""explicit_conflict_edge_count_k"":0,""foreground_cells_n"":4101,""height"":5,""horizontal_chord_count_h"":510,""optimum_rectangle_count"":515,""q"":510,""reflex_count"":1024,""vertical_chord_count_v"":0,""width"":1025}",,,,512,,,,
,,,,,explicit-hopcroft-karp,,,,,,,,sparse-conflict,,,,,,,,,"{""biclique_construction_ns"":null,""chord_generation_ns"":null,""chord_selection_ns"":null,""compressed_network_construction_ns"":null,""embedding_ns"":null,""explicit_conflict_construction_ns"":167.0,""explicit_network_construction_ns"":null,""geometry_preprocessing_ns"":null,""matching_ns"":1375.0,""max_flow_ns"":null,""rectangle_completion_recovery_ns"":null,""verification_ns"":null,""vertex_cover_recovery_ns"":1958.0}",,,,phase_decomposition,representation-and-solver-kernel,,,"{""biclique_count"":0,""biclique_total_vertex_occurrences_sigma"":0,""boundary_size_b"":2052,""component_count"":1,""compressed_network_arc_count"":510,""compressed_network_node_count"":512,""compressed_size_m"":1022,""explicit_conflict_edge_count_k"":0,""foreground_cells_n"":4101,""height"":5,""horizontal_chord_count_h"":510,""optimum_rectangle_count"":515,""q"":510,""reflex_count"":1024,""vertical_chord_count_v"":0,""width"":1025}",,,,512,,,,
,,,,,compact-mrd,,,,,,,,sparse-conflict,,,,,,,,,"{""biclique_construction_ns"":26709.0,""chord_generation_ns"":36625.0,""chord_selection_ns"":41.0,""compressed_network_construction_ns"":1625.0,""embedding_ns"":1792.0,""explicit_conflict_construction_ns"":null,""explicit_network_construction_ns"":null,""geometry_preprocessing_ns"":1597333.0,""matching_ns"":null,""max_flow_ns"":16375.0,""rectangle_completion_recovery_ns"":391625.0,""verification_ns"":50458.0,""vertex_cover_recovery_ns"":250.0}",,,,phase_decomposition,solve-from-canonical-instance,,,"{""biclique_count"":0,""biclique_total_vertex_occurrences_sigma"":0,""boundary_size_b"":2052,""component_count"":1,""compressed_network_arc_count"":510,""compressed_network_node_count"":512,""compressed_size_m"":1022,""explicit_conflict_edge_count_k"":0,""foreground_cells_n"":4101,""height"":5,""horizontal_chord_count_h"":510,""optimum_rectangle_count"":515,""q"":510,""reflex_count"":1024,""vertical_chord_count_v"":0,""width"":1025}",,,,512,,,,
,,,,,explicit-c0-flow,,,,,,,,sparse-conflict,,,,,,,,,"{""biclique_construction_ns"":null,""chord_generation_ns"":36666.5,""chord_selection_ns"":41.0,""compressed_network_construction_ns"":null,""embedding_ns"":1792.0,""explicit_conflict_construction_ns"":208.0,""explicit_network_construction_ns"":1583.0,""geometry_preprocessing_ns"":1596292.0,""matching_ns"":null,""max_flow_ns"":16354.5,""rectangle_completion_recovery_ns"":391542.0,""verification_ns"":50395.5,""vertex_cover_recovery_ns"":250.0}",,,,phase_decomposition,solve-from-canonical-instance,,,"{""biclique_count"":0,""biclique_total_vertex_occurrences_sigma"":0,""boundary_size_b"":2052,""component_count"":1,""compressed_network_arc_count"":510,""compressed_network_node_count"":512,""compressed_size_m"":1022,""explicit_conflict_edge_count_k"":0,""foreground_cells_n"":4101,""height"":5,""horizontal_chord_count_h"":510,""optimum_rectangle_count"":515,""q"":510,""reflex_count"":1024,""vertical_chord_count_v"":0,""width"":1025}",,,,512,,,,
,,,,,explicit-hopcroft-karp,,,,,,,,sparse-conflict,,,,,,,,,"{""biclique_construction_ns"":null,""chord_generation_ns"":36666.0,""chord_selection_ns"":42.0,""compressed_network_construction_ns"":null,""embedding_ns"":null,""explicit_conflict_construction_ns"":208.0,""explicit_network_construction_ns"":null,""geometry_preprocessing_ns"":1598917.0,""matching_ns"":1583.0,""max_flow_ns"":null,""rectangle_completion_recovery_ns"":392250.0,""verification_ns"":50541.0,""vertex_cover_recovery_ns"":2041.0}",,,,phase_decomposition,solve-from-canonical-instance,,,"{""biclique_count"":0,""biclique_total_vertex_occurrences_sigma"":0,""boundary_size_b"":2052,""component_count"":1,""compressed_network_arc_count"":510,""compressed_network_node_count"":512,""compressed_size_m"":1022,""explicit_conflict_edge_count_k"":0,""foreground_cells_n"":4101,""height"":5,""horizontal_chord_count_h"":510,""optimum_rectangle_count"":515,""q"":510,""reflex_count"":1024,""vertical_chord_count_v"":0,""width"":1025}",,,,512,,,,
,,,,,compact-mrd,,,,,,,,sparse-conflict,,,,,,,,,"{""biclique_construction_ns"":64208.0,""chord_generation_ns"":null,""chord_selection_ns"":null,""compressed_network_construction_ns"":2292.0,""embedding_ns"":3125.0,""explicit_conflict_construction_ns"":null,""explicit_network_construction_ns"":null,""geometry_preprocessing_ns"":null,""matching_ns"":null,""max_flow_ns"":31333.0,""rectangle_completion_recovery_ns"":null,""verification_ns"":null,""vertex_cover_recovery_ns"":458.0}",,,,phase_decomposition,representation-and-solver-kernel,,,"{""biclique_count"":0,""biclique_total_vertex_occurrences_sigma"":0,""boundary_size_b"":4100,""component_count"":1,""compressed_network_arc_count"":1022,""compressed_network_node_count"":1024,""compressed_size_m"":2046,""explicit_conflict_edge_count_k"":0,""foreground_cells_n"":8197,""height"":5,""horizontal_chord_count_h"":1022,""optimum_rectangle_count"":1027,""q"":1022,""reflex_count"":2048,""vertical_chord_count_v"":0,""width"":2049}",,,,1024,,,,
,,,,,explicit-c0-flow,,,,,,,,sparse-conflict,,,,,,,,,"{""biclique_construction_ns"":null,""chord_generation_ns"":null,""chord_selection_ns"":null,""compressed_network_construction_ns"":null,""embedding_ns"":3125.0,""explicit_conflict_construction_ns"":250.0,""explicit_network_construction_ns"":2334.0,""geometry_preprocessing_ns"":null,""matching_ns"":null,""max_flow_ns"":30833.0,""rectangle_completion_recovery_ns"":null,""verification_ns"":null,""vertex_cover_recovery_ns"":458.0}",,,,phase_decomposition,representation-and-solver-kernel,,,"{""biclique_count"":0,""biclique_total_vertex_occurrences_sigma"":0,""boundary_size_b"":4100,""component_count"":1,""compressed_network_arc_count"":1022,""compressed_network_node_count"":1024,""compressed_size_m"":2046,""explicit_conflict_edge_count_k"":0,""foreground_cells_n"":8197,""height"":5,""horizontal_chord_count_h"":1022,""optimum_rectangle_count"":1027,""q"":1022,""reflex_count"":2048,""vertical_chord_count_v"":0,""width"":2049}",,,,1024,,,,
,,,,,explicit-hopcroft-karp,,,,,,,,sparse-conflict,,,,,,,,,"{""biclique_construction_ns"":null,""chord_generation_ns"":null,""chord_selection_ns"":null,""compressed_network_construction_ns"":null,""embedding_ns"":null,""explicit_conflict_construction_ns"":209.0,""explicit_network_construction_ns"":null,""geometry_preprocessing_ns"":null,""matching_ns"":2459.0,""max_flow_ns"":null,""rectangle_completion_recovery_ns"":null,""verification_ns"":null,""vertex_cover_recovery_ns"":3667.0}",,,,phase_decomposition,representation-and-solver-kernel,,,"{""biclique_count"":0,""biclique_total_vertex_occurrences_sigma"":0,""boundary_size_b"":4100,""component_count"":1,""compressed_network_arc_count"":1022,""compressed_network_node_count"":1024,""compressed_size_m"":2046,""explicit_conflict_edge_count_k"":0,""foreground_cells_n"":8197,""height"":5,""horizontal_chord_count_h"":1022,""optimum_rectangle_count"":1027,""q"":1022,""reflex_count"":2048,""vertical_chord_count_v"":0,""width"":2049}",,,,1024,,,,
,,,,,compact-mrd,,,,,,,,sparse-conflict,,,,,,,,,"{""biclique_construction_ns"":64667.0,""chord_generation_ns"":73958.0,""chord_selection_ns"":42.0,""compressed_network_construction_ns"":2541.0,""embedding_ns"":3333.0,""explicit_conflict_construction_ns"":null,""explicit_network_construction_ns"":null,""geometry_preprocessing_ns"":3321666.0,""matching_ns"":null,""max_flow_ns"":32125.0,""rectangle_completion_recovery_ns"":785208.0,""verification_ns"":99125.0,""vertex_cover_recovery_ns"":459.0}",,,,phase_decomposition,solve-from-canonical-instance,,,"{""biclique_count"":0,""biclique_total_vertex_occurrences_sigma"":0,""boundary_size_b"":4100,""component_count"":1,""compressed_network_arc_count"":1022,""compressed_network_node_count"":1024,""compressed_size_m"":2046,""explicit_conflict_edge_count_k"":0,""foreground_cells_n"":8197,""height"":5,""horizontal_chord_count_h"":1022,""optimum_rectangle_count"":1027,""q"":1022,""reflex_count"":2048,""vertical_chord_count_v"":0,""width"":2049}",,,,1024,,,,
,,,,,explicit-c0-flow,,,,,,,,sparse-conflict,,,,,,,,,"{""biclique_construction_ns"":null,""chord_generation_ns"":74084.0,""chord_selection_ns"":42.0,""compressed_network_construction_ns"":null,""embedding_ns"":3333.0,""explicit_conflict_construction_ns"":375.0,""explicit_network_construction_ns"":2625.0,""geometry_preprocessing_ns"":3333333.0,""matching_ns"":null,""max_flow_ns"":32000.0,""rectangle_completion_recovery_ns"":783083.0,""verification_ns"":99209.0,""vertex_cover_recovery_ns"":458.0}",,,,phase_decomposition,solve-from-canonical-instance,,,"{""biclique_count"":0,""biclique_total_vertex_occurrences_sigma"":0,""boundary_size_b"":4100,""component_count"":1,""compressed_network_arc_count"":1022,""compressed_network_node_count"":1024,""compressed_size_m"":2046,""explicit_conflict_edge_count_k"":0,""foreground_cells_n"":8197,""height"":5,""horizontal_chord_count_h"":1022,""optimum_rectangle_count"":1027,""q"":1022,""reflex_count"":2048,""vertical_chord_count_v"":0,""width"":2049}",,,,1024,,,,
,,,,,explicit-hopcroft-karp,,,,,,,,sparse-conflict,,,,,,,,,"{""biclique_construction_ns"":null,""chord_generation_ns"":74000.0,""chord_selection_ns"":42.0,""compressed_network_construction_ns"":null,""embedding_ns"":null,""explicit_conflict_construction_ns"":375.0,""explicit_network_construction_ns"":null,""geometry_preprocessing_ns"":3341584.0,""matching_ns"":3000.0,""max_flow_ns"":null,""rectangle_completion_recovery_ns"":784500.0,""verification_ns"":99292.0,""vertex_cover_recovery_ns"":3917.0}",,,,phase_decomposition,solve-from-canonical-instance,,,"{""biclique_count"":0,""biclique_total_vertex_occurrences_sigma"":0,""boundary_size_b"":4100,""component_count"":1,""compressed_network_arc_count"":1022,""compressed_network_node_count"":1024,""compressed_size_m"":2046,""explicit_conflict_edge_count_k"":0,""foreground_cells_n"":8197,""height"":5,""horizontal_chord_count_h"":1022,""optimum_rectangle_count"":1027,""q"":1022,""reflex_count"":2048,""vertical_chord_count_v"":0,""width"":2049}",,,,1024,,,,
,,,,,compact-mrd,,,,,,,,sparse-conflict,,,,,,,,,"{""biclique_construction_ns"":139334.0,""chord_generation_ns"":null,""chord_selection_ns"":null,""compressed_network_construction_ns"":4167.0,""embedding_ns"":6083.0,""explicit_conflict_construction_ns"":null,""explicit_network_construction_ns"":null,""geometry_preprocessing_ns"":null,""matching_ns"":null,""max_flow_ns"":60958.0,""rectangle_completion_recovery_ns"":null,""verification_ns"":null,""vertex_cover_recovery_ns"":875.0}",,,,phase_decomposition,representation-and-solver-kernel,,,"{""biclique_count"":0,""biclique_total_vertex_occurrences_sigma"":0,""boundary_size_b"":8196,""component_count"":1,""compressed_network_arc_count"":2046,""compressed_network_node_count"":2048,""compressed_size_m"":4094,""explicit_conflict_edge_count_k"":0,""foreground_cells_n"":16389,""height"":5,""horizontal_chord_count_h"":2046,""optimum_rectangle_count"":2051,""q"":2046,""reflex_count"":4096,""vertical_chord_count_v"":0,""width"":4097}",,,,2048,,,,
,,,,,explicit-c0-flow,,,,,,,,sparse-conflict,,,,,,,,,"{""biclique_construction_ns"":null,""chord_generation_ns"":null,""chord_selection_ns"":null,""compressed_network_construction_ns"":null,""embedding_ns"":6084.0,""explicit_conflict_construction_ns"":625.0,""explicit_network_construction_ns"":4375.0,""geometry_preprocessing_ns"":null,""matching_ns"":null,""max_flow_ns"":61000.0,""rectangle_completion_recovery_ns"":null,""verification_ns"":null,""vertex_cover_recovery_ns"":875.0}",,,,phase_decomposition,representation-and-solver-kernel,,,"{""biclique_count"":0,""biclique_total_vertex_occurrences_sigma"":0,""boundary_size_b"":8196,""component_count"":1,""compressed_network_arc_count"":2046,""compressed_network_node_count"":2048,""compressed_size_m"":4094,""explicit_conflict_edge_count_k"":0,""foreground_cells_n"":16389,""height"":5,""horizontal_chord_count_h"":2046,""optimum_rectangle_count"":2051,""q"":2046,""reflex_count"":4096,""vertical_chord_count_v"":0,""width"":4097}",,,,2048,,,,
,,,,,explicit-hopcroft-karp,,,,,,,,sparse-conflict,,,,,,,,,"{""biclique_construction_ns"":null,""chord_generation_ns"":null,""chord_selection_ns"":null,""compressed_network_construction_ns"":null,""embedding_ns"":null,""explicit_conflict_construction_ns"":625.0,""explicit_network_construction_ns"":null,""geometry_preprocessing_ns"":null,""matching_ns"":4542.0,""max_flow_ns"":null,""rectangle_completion_recovery_ns"":null,""verification_ns"":null,""vertex_cover_recovery_ns"":7167.0}",,,,phase_decomposition,representation-and-solver-kernel,,,"{""biclique_count"":0,""biclique_total_vertex_occurrences_sigma"":0,""boundary_size_b"":8196,""component_count"":1,""compressed_network_arc_count"":2046,""compressed_network_node_count"":2048,""compressed_size_m"":4094,""explicit_conflict_edge_count_k"":0,""foreground_cells_n"":16389,""height"":5,""horizontal_chord_count_h"":2046,""optimum_rectangle_count"":2051,""q"":2046,""reflex_count"":4096,""vertical_chord_count_v"":0,""width"":4097}",,,,2048,,,,
,,,,,compact-mrd,,,,,,,,sparse-conflict,,,,,,,,,"{""biclique_construction_ns"":141458.0,""chord_generation_ns"":150792.0,""chord_selection_ns"":125.0,""compressed_network_construction_ns"":4625.0,""embedding_ns"":5542.0,""explicit_conflict_construction_ns"":null,""explicit_network_construction_ns"":null,""geometry_preprocessing_ns"":6804542.0,""matching_ns"":null,""max_flow_ns"":62833.0,""rectangle_completion_recovery_ns"":1564125.0,""verification_ns"":196251.0,""vertex_cover_recovery_ns"":958.0}",,,,phase_decomposition,solve-from-canonical-instance,,,"{""biclique_count"":0,""biclique_total_vertex_occurrences_sigma"":0,""boundary_size_b"":8196,""component_count"":1,""compressed_network_arc_count"":2046,""compressed_network_node_count"":2048,""compressed_size_m"":4094,""explicit_conflict_edge_count_k"":0,""foreground_cells_n"":16389,""height"":5,""horizontal_chord_count_h"":2046,""optimum_rectangle_count"":2051,""q"":2046,""reflex_count"":4096,""vertical_chord_count_v"":0,""width"":4097}",,,,2048,,,,
,,,,,explicit-c0-flow,,,,,,,,sparse-conflict,,,,,,,,,"{""biclique_construction_ns"":null,""chord_generation_ns"":148500.0,""chord_selection_ns"":83.0,""compressed_network_construction_ns"":null,""embedding_ns"":5500.0,""explicit_conflict_construction_ns"":833.0,""explicit_network_construction_ns"":4625.0,""geometry_preprocessing_ns"":6800667.0,""matching_ns"":null,""max_flow_ns"":62500.0,""rectangle_completion_recovery_ns"":1567666.0,""verification_ns"":195042.0,""vertex_cover_recovery_ns"":917.0}",,,,phase_decomposition,solve-from-canonical-instance,,,"{""biclique_count"":0,""biclique_total_vertex_occurrences_sigma"":0,""boundary_size_b"":8196,""component_count"":1,""compressed_network_arc_count"":2046,""compressed_network_node_count"":2048,""compressed_size_m"":4094,""explicit_conflict_edge_count_k"":0,""foreground_cells_n"":16389,""height"":5,""horizontal_chord_count_h"":2046,""optimum_rectangle_count"":2051,""q"":2046,""reflex_count"":4096,""vertical_chord_count_v"":0,""width"":4097}",,,,2048,,,,
,,,,,explicit-hopcroft-karp,,,,,,,,sparse-conflict,,,,,,,,,"{""biclique_construction_ns"":null,""chord_generation_ns"":149729.5,""chord_selection_ns"":42.0,""compressed_network_construction_ns"":null,""embedding_ns"":null,""explicit_conflict_construction_ns"":750.0,""explicit_network_construction_ns"":null,""geometry_preprocessing_ns"":6806521.0,""matching_ns"":5208.5,""max_flow_ns"":null,""rectangle_completion_recovery_ns"":1562979.0,""verification_ns"":195772.0,""vertex_cover_recovery_ns"":7583.5}",,,,phase_decomposition,solve-from-canonical-instance,,,"{""biclique_count"":0,""biclique_total_vertex_occurrences_sigma"":0,""boundary_size_b"":8196,""component_count"":1,""compressed_network_arc_count"":2046,""compressed_network_node_count"":2048,""compressed_size_m"":4094,""explicit_conflict_edge_count_k"":0,""foreground_cells_n"":16389,""height"":5,""horizontal_chord_count_h"":2046,""optimum_rectangle_count"":2051,""q"":2046,""reflex_count"":4096,""vertical_chord_count_v"":0,""width"":4097}",,,,2048,,,,
,,,,,compact-mrd,,,,,,,,sparse-conflict,,,,,,,,,"{""biclique_construction_ns"":279770.5,""chord_generation_ns"":null,""chord_selection_ns"":null,""compressed_network_construction_ns"":8292.0,""embedding_ns"":8958.0,""explicit_conflict_construction_ns"":null,""explicit_network_construction_ns"":null,""geometry_preprocessing_ns"":null,""matching_ns"":null,""max_flow_ns"":120541.0,""rectangle_completion_recovery_ns"":null,""verification_ns"":null,""vertex_cover_recovery_ns"":1667.0}",,,,phase_decomposition,representation-and-solver-kernel,,,"{""biclique_count"":0,""biclique_total_vertex_occurrences_sigma"":0,""boundary_size_b"":16388,""component_count"":1,""compressed_network_arc_count"":4094,""compressed_network_node_count"":4096,""compressed_size_m"":8190,""explicit_conflict_edge_count_k"":0,""foreground_cells_n"":32773,""height"":5,""horizontal_chord_count_h"":4094,""optimum_rectangle_count"":4099,""q"":4094,""reflex_count"":8192,""vertical_chord_count_v"":0,""width"":8193}",,,,4096,,,,
,,,,,explicit-c0-flow,,,,,,,,sparse-conflict,,,,,,,,,"{""biclique_construction_ns"":null,""chord_generation_ns"":null,""chord_selection_ns"":null,""compressed_network_construction_ns"":null,""embedding_ns"":9875.0,""explicit_conflict_construction_ns"":1208.0,""explicit_network_construction_ns"":7666.0,""geometry_preprocessing_ns"":null,""matching_ns"":null,""max_flow_ns"":119625.0,""rectangle_completion_recovery_ns"":null,""verification_ns"":null,""vertex_cover_recovery_ns"":1667.0}",,,,phase_decomposition,representation-and-solver-kernel,,,"{""biclique_count"":0,""biclique_total_vertex_occurrences_sigma"":0,""boundary_size_b"":16388,""component_count"":1,""compressed_network_arc_count"":4094,""compressed_network_node_count"":4096,""compressed_size_m"":8190,""explicit_conflict_edge_count_k"":0,""foreground_cells_n"":32773,""height"":5,""horizontal_chord_count_h"":4094,""optimum_rectangle_count"":4099,""q"":4094,""reflex_count"":8192,""vertical_chord_count_v"":0,""width"":8193}",,,,4096,,,,
,,,,,explicit-hopcroft-karp,,,,,,,,sparse-conflict,,,,,,,,,"{""biclique_construction_ns"":null,""chord_generation_ns"":null,""chord_selection_ns"":null,""compressed_network_construction_ns"":null,""embedding_ns"":null,""explicit_conflict_construction_ns"":875.0,""explicit_network_construction_ns"":null,""geometry_preprocessing_ns"":null,""matching_ns"":8666.0,""max_flow_ns"":null,""rectangle_completion_recovery_ns"":null,""verification_ns"":null,""vertex_cover_recovery_ns"":14083.0}",,,,phase_decomposition,representation-and-solver-kernel,,,"{""biclique_count"":0,""biclique_total_vertex_occurrences_sigma"":0,""boundary_size_b"":16388,""component_count"":1,""compressed_network_arc_count"":4094,""compressed_network_node_count"":4096,""compressed_size_m"":8190,""explicit_conflict_edge_count_k"":0,""foreground_cells_n"":32773,""height"":5,""horizontal_chord_count_h"":4094,""optimum_rectangle_count"":4099,""q"":4094,""reflex_count"":8192,""vertical_chord_count_v"":0,""width"":8193}",,,,4096,,,,
,,,,,compact-mrd,,,,,,,,sparse-conflict,,,,,,,,,"{""biclique_construction_ns"":281478.5,""chord_generation_ns"":310312.5,""chord_selection_ns"":354.5,""compressed_network_construction_ns"":9624.5,""embedding_ns"":11229.0,""explicit_conflict_construction_ns"":null,""explicit_network_construction_ns"":null,""geometry_preprocessing_ns"":14225625.5,""matching_ns"":null,""max_flow_ns"":122417.0,""rectangle_completion_recovery_ns"":3106687.0,""verification_ns"":392896.0,""vertex_cover_recovery_ns"":1875.0}",,,,phase_decomposition,solve-from-canonical-instance,,,"{""biclique_count"":0,""biclique_total_vertex_occurrences_sigma"":0,""boundary_size_b"":16388,""component_count"":1,""compressed_network_arc_count"":4094,""compressed_network_node_count"":4096,""compressed_size_m"":8190,""explicit_conflict_edge_count_k"":0,""foreground_cells_n"":32773,""height"":5,""horizontal_chord_count_h"":4094,""optimum_rectangle_count"":4099,""q"":4094,""reflex_count"":8192,""vertical_chord_count_v"":0,""width"":8193}",,,,4096,,,,
,,,,,explicit-c0-flow,,,,,,,,sparse-conflict,,,,,,,,,"{""biclique_construction_ns"":null,""chord_generation_ns"":306417.0,""chord_selection_ns"":375.0,""compressed_network_construction_ns"":null,""embedding_ns"":11083.5,""explicit_conflict_construction_ns"":1520.5,""explicit_network_construction_ns"":9770.5,""geometry_preprocessing_ns"":14223104.0,""matching_ns"":null,""max_flow_ns"":123771.0,""rectangle_completion_recovery_ns"":3109021.0,""verification_ns"":393437.0,""vertex_cover_recovery_ns"":1792.0}",,,,phase_decomposition,solve-from-canonical-instance,,,"{""biclique_count"":0,""biclique_total_vertex_occurrences_sigma"":0,""boundary_size_b"":16388,""component_count"":1,""compressed_network_arc_count"":4094,""compressed_network_node_count"":4096,""compressed_size_m"":8190,""explicit_conflict_edge_count_k"":0,""foreground_cells_n"":32773,""height"":5,""horizontal_chord_count_h"":4094,""optimum_rectangle_count"":4099,""q"":4094,""reflex_count"":8192,""vertical_chord_count_v"":0,""width"":8193}",,,,4096,,,,
,,,,,explicit-hopcroft-karp,,,,,,,,sparse-conflict,,,,,,,,,"{""biclique_construction_ns"":null,""chord_generation_ns"":308021.0,""chord_selection_ns"":458.5,""compressed_network_construction_ns"":null,""embedding_ns"":null,""explicit_conflict_construction_ns"":1583.0,""explicit_network_construction_ns"":null,""geometry_preprocessing_ns"":14289937.5,""matching_ns"":12562.0,""max_flow_ns"":null,""rectangle_completion_recovery_ns"":3122437.0,""verification_ns"":394208.5,""vertex_cover_recovery_ns"":14896.0}",,,,phase_decomposition,solve-from-canonical-instance,,,"{""biclique_count"":0,""biclique_total_vertex_occurrences_sigma"":0,""boundary_size_b"":16388,""component_count"":1,""compressed_network_arc_count"":4094,""compressed_network_node_count"":4096,""compressed_size_m"":8190,""explicit_conflict_edge_count_k"":0,""foreground_cells_n"":32773,""height"":5,""horizontal_chord_count_h"":4094,""optimum_rectangle_count"":4099,""q"":4094,""reflex_count"":8192,""vertical_chord_count_v"":0,""width"":8193}",,,,4096,,,,
,,,,,compact-mrd,,,,,,,,sparse-conflict,,,,,,,,,"{""biclique_construction_ns"":563583.0,""chord_generation_ns"":null,""chord_selection_ns"":null,""compressed_network_construction_ns"":14833.0,""embedding_ns"":20041.0,""explicit_conflict_construction_ns"":null,""explicit_network_construction_ns"":null,""geometry_preprocessing_ns"":null,""matching_ns"":null,""max_flow_ns"":239333.0,""rectangle_completion_recovery_ns"":null,""verification_ns"":null,""vertex_cover_recovery_ns"":3292.0}",,,,phase_decomposition,representation-and-solver-kernel,,,"{""biclique_count"":0,""biclique_total_vertex_occurrences_sigma"":0,""boundary_size_b"":32772,""component_count"":1,""compressed_network_arc_count"":8190,""compressed_network_node_count"":8192,""compressed_size_m"":16382,""explicit_conflict_edge_count_k"":0,""foreground_cells_n"":65541,""height"":5,""horizontal_chord_count_h"":8190,""optimum_rectangle_count"":8195,""q"":8190,""reflex_count"":16384,""vertical_chord_count_v"":0,""width"":16385}",,,,8192,,,,
,,,,,explicit-c0-flow,,,,,,,,sparse-conflict,,,,,,,,,"{""biclique_construction_ns"":null,""chord_generation_ns"":null,""chord_selection_ns"":null,""compressed_network_construction_ns"":null,""embedding_ns"":18375.0,""explicit_conflict_construction_ns"":2458.0,""explicit_network_construction_ns"":14417.0,""geometry_preprocessing_ns"":null,""matching_ns"":null,""max_flow_ns"":237792.0,""rectangle_completion_recovery_ns"":null,""verification_ns"":null,""vertex_cover_recovery_ns"":3292.0}",,,,phase_decomposition,representation-and-solver-kernel,,,"{""biclique_count"":0,""biclique_total_vertex_occurrences_sigma"":0,""boundary_size_b"":32772,""component_count"":1,""compressed_network_arc_count"":8190,""compressed_network_node_count"":8192,""compressed_size_m"":16382,""explicit_conflict_edge_count_k"":0,""foreground_cells_n"":65541,""height"":5,""horizontal_chord_count_h"":8190,""optimum_rectangle_count"":8195,""q"":8190,""reflex_count"":16384,""vertical_chord_count_v"":0,""width"":16385}",,,,8192,,,,
,,,,,explicit-hopcroft-karp,,,,,,,,sparse-conflict,,,,,,,,,"{""biclique_construction_ns"":null,""chord_generation_ns"":null,""chord_selection_ns"":null,""compressed_network_construction_ns"":null,""embedding_ns"":null,""explicit_conflict_construction_ns"":2458.0,""explicit_network_construction_ns"":null,""geometry_preprocessing_ns"":null,""matching_ns"":16583.0,""max_flow_ns"":null,""rectangle_completion_recovery_ns"":null,""verification_ns"":null,""vertex_cover_recovery_ns"":27750.0}",,,,phase_decomposition,representation-and-solver-kernel,,,"{""biclique_count"":0,""biclique_total_vertex_occurrences_sigma"":0,""boundary_size_b"":32772,""component_count"":1,""compressed_network_arc_count"":8190,""compressed_network_node_count"":8192,""compressed_size_m"":16382,""explicit_conflict_edge_count_k"":0,""foreground_cells_n"":65541,""height"":5,""horizontal_chord_count_h"":8190,""optimum_rectangle_count"":8195,""q"":8190,""reflex_count"":16384,""vertical_chord_count_v"":0,""width"":16385}",,,,8192,,,,
,,,,,compact-mrd,,,,,,,,sparse-conflict,,,,,,,,,"{""biclique_construction_ns"":571542.0,""chord_generation_ns"":679625.0,""chord_selection_ns"":292.0,""compressed_network_construction_ns"":20166.0,""embedding_ns"":22667.0,""explicit_conflict_construction_ns"":null,""explicit_network_construction_ns"":null,""geometry_preprocessing_ns"":32107250.0,""matching_ns"":null,""max_flow_ns"":245500.0,""rectangle_completion_recovery_ns"":6314875.0,""verification_ns"":798834.0,""vertex_cover_recovery_ns"":3667.0}",,,,phase_decomposition,solve-from-canonical-instance,,,"{""biclique_count"":0,""biclique_total_vertex_occurrences_sigma"":0,""boundary_size_b"":32772,""component_count"":1,""compressed_network_arc_count"":8190,""compressed_network_node_count"":8192,""compressed_size_m"":16382,""explicit_conflict_edge_count_k"":0,""foreground_cells_n"":65541,""height"":5,""horizontal_chord_count_h"":8190,""optimum_rectangle_count"":8195,""q"":8190,""reflex_count"":16384,""vertical_chord_count_v"":0,""width"":16385}",,,,8192,,,,
,,,,,explicit-c0-flow,,,,,,,,sparse-conflict,,,,,,,,,"{""biclique_construction_ns"":null,""chord_generation_ns"":672916.0,""chord_selection_ns"":292.0,""compressed_network_construction_ns"":null,""embedding_ns"":22542.0,""explicit_conflict_construction_ns"":3958.0,""explicit_network_construction_ns"":20083.0,""geometry_preprocessing_ns"":32420583.0,""matching_ns"":null,""max_flow_ns"":246250.0,""rectangle_completion_recovery_ns"":6261042.0,""verification_ns"":804792.0,""vertex_cover_recovery_ns"":3708.0}",,,,phase_decomposition,solve-from-canonical-instance,,,"{""biclique_count"":0,""biclique_total_vertex_occurrences_sigma"":0,""boundary_size_b"":32772,""component_count"":1,""compressed_network_arc_count"":8190,""compressed_network_node_count"":8192,""compressed_size_m"":16382,""explicit_conflict_edge_count_k"":0,""foreground_cells_n"":65541,""height"":5,""horizontal_chord_count_h"":8190,""optimum_rectangle_count"":8195,""q"":8190,""reflex_count"":16384,""vertical_chord_count_v"":0,""width"":16385}",,,,8192,,,,
,,,,,explicit-hopcroft-karp,,,,,,,,sparse-conflict,,,,,,,,,"{""biclique_construction_ns"":null,""chord_generation_ns"":675375.0,""chord_selection_ns"":500.0,""compressed_network_construction_ns"":null,""embedding_ns"":null,""explicit_conflict_construction_ns"":3500.0,""explicit_network_construction_ns"":null,""geometry_preprocessing_ns"":32382417.0,""matching_ns"":23458.0,""max_flow_ns"":null,""rectangle_completion_recovery_ns"":6294750.0,""verification_ns"":804499.0,""vertex_cover_recovery_ns"":28792.0}",,,,phase_decomposition,solve-from-canonical-instance,,,"{""biclique_count"":0,""biclique_total_vertex_occurrences_sigma"":0,""boundary_size_b"":32772,""component_count"":1,""compressed_network_arc_count"":8190,""compressed_network_node_count"":8192,""compressed_size_m"":16382,""explicit_conflict_edge_count_k"":0,""foreground_cells_n"":65541,""height"":5,""horizontal_chord_count_h"":8190,""optimum_rectangle_count"":8195,""q"":8190,""reflex_count"":16384,""vertical_chord_count_v"":0,""width"":16385}",,,,8192,,,,
,,,,,compact-mrd,,,,,,,,supported-holes,,,,,,,,,"{""biclique_construction_ns"":6709.0,""chord_generation_ns"":null,""chord_selection_ns"":null,""compressed_network_construction_ns"":458.0,""embedding_ns"":417.0,""explicit_conflict_construction_ns"":null,""explicit_network_construction_ns"":null,""geometry_preprocessing_ns"":null,""matching_ns"":null,""max_flow_ns"":4458.0,""rectangle_completion_recovery_ns"":null,""verification_ns"":null,""vertex_cover_recovery_ns"":83.0}",,,,phase_decomposition,representation-and-solver-kernel,,,"{""biclique_count"":0,""biclique_total_vertex_occurrences_sigma"":0,""boundary_size_b"":260,""component_count"":1,""compressed_network_arc_count"":126,""compressed_network_node_count"":128,""compressed_size_m"":254,""explicit_conflict_edge_count_k"":0,""foreground_cells_n"":867,""height"":7,""horizontal_chord_count_h"":126,""optimum_rectangle_count"":67,""q"":126,""reflex_count"":256,""vertical_chord_count_v"":0,""width"":133}",,,,64,,,,
,,,,,explicit-c0-flow,,,,,,,,supported-holes,,,,,,,,,"{""biclique_construction_ns"":null,""chord_generation_ns"":null,""chord_selection_ns"":null,""compressed_network_construction_ns"":null,""embedding_ns"":417.0,""explicit_conflict_construction_ns"":42.0,""explicit_network_construction_ns"":458.0,""geometry_preprocessing_ns"":null,""matching_ns"":null,""max_flow_ns"":4417.0,""rectangle_completion_recovery_ns"":null,""verification_ns"":null,""vertex_cover_recovery_ns"":83.0}",,,,phase_decomposition,representation-and-solver-kernel,,,"{""biclique_count"":0,""biclique_total_vertex_occurrences_sigma"":0,""boundary_size_b"":260,""component_count"":1,""compressed_network_arc_count"":126,""compressed_network_node_count"":128,""compressed_size_m"":254,""explicit_conflict_edge_count_k"":0,""foreground_cells_n"":867,""height"":7,""horizontal_chord_count_h"":126,""optimum_rectangle_count"":67,""q"":126,""reflex_count"":256,""vertical_chord_count_v"":0,""width"":133}",,,,64,,,,
,,,,,explicit-hopcroft-karp,,,,,,,,supported-holes,,,,,,,,,"{""biclique_construction_ns"":null,""chord_generation_ns"":null,""chord_selection_ns"":null,""compressed_network_construction_ns"":null,""embedding_ns"":null,""explicit_conflict_construction_ns"":42.0,""explicit_network_construction_ns"":null,""geometry_preprocessing_ns"":null,""matching_ns"":500.0,""max_flow_ns"":null,""rectangle_completion_recovery_ns"":null,""verification_ns"":null,""vertex_cover_recovery_ns"":625.0}",,,,phase_decomposition,representation-and-solver-kernel,,,"{""biclique_count"":0,""biclique_total_vertex_occurrences_sigma"":0,""boundary_size_b"":260,""component_count"":1,""compressed_network_arc_count"":126,""compressed_network_node_count"":128,""compressed_size_m"":254,""explicit_conflict_edge_count_k"":0,""foreground_cells_n"":867,""height"":7,""horizontal_chord_count_h"":126,""optimum_rectangle_count"":67,""q"":126,""reflex_count"":256,""vertical_chord_count_v"":0,""width"":133}",,,,64,,,,
,,,,,compact-mrd,,,,,,,,supported-holes,,,,,,,,,"{""biclique_construction_ns"":6792.0,""chord_generation_ns"":7416.0,""chord_selection_ns"":41.0,""compressed_network_construction_ns"":459.0,""embedding_ns"":458.0,""explicit_conflict_construction_ns"":null,""explicit_network_construction_ns"":null,""geometry_preprocessing_ns"":228500.0,""matching_ns"":null,""max_flow_ns"":4500.0,""rectangle_completion_recovery_ns"":62541.0,""verification_ns"":9167.0,""vertex_cover_recovery_ns"":83.0}",,,,phase_decomposition,solve-from-canonical-instance,,,"{""biclique_count"":0,""biclique_total_vertex_occurrences_sigma"":0,""boundary_size_b"":260,""component_count"":1,""compressed_network_arc_count"":126,""compressed_network_node_count"":128,""compressed_size_m"":254,""explicit_conflict_edge_count_k"":0,""foreground_cells_n"":867,""height"":7,""horizontal_chord_count_h"":126,""optimum_rectangle_count"":67,""q"":126,""reflex_count"":256,""vertical_chord_count_v"":0,""width"":133}",,,,64,,,,
,,,,,explicit-c0-flow,,,,,,,,supported-holes,,,,,,,,,"{""biclique_construction_ns"":null,""chord_generation_ns"":7416.0,""chord_selection_ns"":41.0,""compressed_network_construction_ns"":null,""embedding_ns"":458.0,""explicit_conflict_construction_ns"":83.0,""explicit_network_construction_ns"":459.0,""geometry_preprocessing_ns"":229250.0,""matching_ns"":null,""max_flow_ns"":4459.0,""rectangle_completion_recovery_ns"":62542.0,""verification_ns"":9167.0,""vertex_cover_recovery_ns"":83.0}",,,,phase_decomposition,solve-from-canonical-instance,,,"{""biclique_count"":0,""biclique_total_vertex_occurrences_sigma"":0,""boundary_size_b"":260,""component_count"":1,""compressed_network_arc_count"":126,""compressed_network_node_count"":128,""compressed_size_m"":254,""explicit_conflict_edge_count_k"":0,""foreground_cells_n"":867,""height"":7,""horizontal_chord_count_h"":126,""optimum_rectangle_count"":67,""q"":126,""reflex_count"":256,""vertical_chord_count_v"":0,""width"":133}",,,,64,,,,
,,,,,explicit-hopcroft-karp,,,,,,,,supported-holes,,,,,,,,,"{""biclique_construction_ns"":null,""chord_generation_ns"":7416.0,""chord_selection_ns"":41.0,""compressed_network_construction_ns"":null,""embedding_ns"":null,""explicit_conflict_construction_ns"":83.0,""explicit_network_construction_ns"":null,""geometry_preprocessing_ns"":229375.0,""matching_ns"":583.0,""max_flow_ns"":null,""rectangle_completion_recovery_ns"":62625.0,""verification_ns"":9167.0,""vertex_cover_recovery_ns"":625.0}",,,,phase_decomposition,solve-from-canonical-instance,,,"{""biclique_count"":0,""biclique_total_vertex_occurrences_sigma"":0,""boundary_size_b"":260,""component_count"":1,""compressed_network_arc_count"":126,""compressed_network_node_count"":128,""compressed_size_m"":254,""explicit_conflict_edge_count_k"":0,""foreground_cells_n"":867,""height"":7,""horizontal_chord_count_h"":126,""optimum_rectangle_count"":67,""q"":126,""reflex_count"":256,""vertical_chord_count_v"":0,""width"":133}",,,,64,,,,
,,,,,compact-mrd,,,,,,,,supported-holes,,,,,,,,,"{""biclique_construction_ns"":12875.0,""chord_generation_ns"":null,""chord_selection_ns"":null,""compressed_network_construction_ns"":750.0,""embedding_ns"":750.0,""explicit_conflict_construction_ns"":null,""explicit_network_construction_ns"":null,""geometry_preprocessing_ns"":null,""matching_ns"":null,""max_flow_ns"":8292.0,""rectangle_completion_recovery_ns"":null,""verification_ns"":null,""vertex_cover_recovery_ns"":125.0}",,,,phase_decomposition,representation-and-solver-kernel,,,"{""biclique_count"":0,""biclique_total_vertex_occurrences_sigma"":0,""boundary_size_b"":516,""component_count"":1,""compressed_network_arc_count"":254,""compressed_network_node_count"":256,""compressed_size_m"":510,""explicit_conflict_edge_count_k"":0,""foreground_cells_n"":1699,""height"":7,""horizontal_chord_count_h"":254,""optimum_rectangle_count"":131,""q"":254,""reflex_count"":512,""vertical_chord_count_v"":0,""width"":261}",,,,128,,,,
,,,,,explicit-c0-flow,,,,,,,,supported-holes,,,,,,,,,"{""biclique_construction_ns"":null,""chord_generation_ns"":null,""chord_selection_ns"":null,""compressed_network_construction_ns"":null,""embedding_ns"":750.0,""explicit_conflict_construction_ns"":83.0,""explicit_network_construction_ns"":709.0,""geometry_preprocessing_ns"":null,""matching_ns"":null,""max_flow_ns"":8250.0,""rectangle_completion_recovery_ns"":null,""verification_ns"":null,""vertex_cover_recovery_ns"":125.0}",,,,phase_decomposition,representation-and-solver-kernel,,,"{""biclique_count"":0,""biclique_total_vertex_occurrences_sigma"":0,""boundary_size_b"":516,""component_count"":1,""compressed_network_arc_count"":254,""compressed_network_node_count"":256,""compressed_size_m"":510,""explicit_conflict_edge_count_k"":0,""foreground_cells_n"":1699,""height"":7,""horizontal_chord_count_h"":254,""optimum_rectangle_count"":131,""q"":254,""reflex_count"":512,""vertical_chord_count_v"":0,""width"":261}",,,,128,,,,
,,,,,explicit-hopcroft-karp,,,,,,,,supported-holes,,,,,,,,,"{""biclique_construction_ns"":null,""chord_generation_ns"":null,""chord_selection_ns"":null,""compressed_network_construction_ns"":null,""embedding_ns"":null,""explicit_conflict_construction_ns"":83.0,""explicit_network_construction_ns"":null,""geometry_preprocessing_ns"":null,""matching_ns"":792.0,""max_flow_ns"":null,""rectangle_completion_recovery_ns"":null,""verification_ns"":null,""vertex_cover_recovery_ns"":1084.0}",,,,phase_decomposition,representation-and-solver-kernel,,,"{""biclique_count"":0,""biclique_total_vertex_occurrences_sigma"":0,""boundary_size_b"":516,""component_count"":1,""compressed_network_arc_count"":254,""compressed_network_node_count"":256,""compressed_size_m"":510,""explicit_conflict_edge_count_k"":0,""foreground_cells_n"":1699,""height"":7,""horizontal_chord_count_h"":254,""optimum_rectangle_count"":131,""q"":254,""reflex_count"":512,""vertical_chord_count_v"":0,""width"":261}",,,,128,,,,
,,,,,compact-mrd,,,,,,,,supported-holes,,,,,,,,,"{""biclique_construction_ns"":13208.0,""chord_generation_ns"":14459.0,""chord_selection_ns"":41.0,""compressed_network_construction_ns"":791.0,""embedding_ns"":792.0,""explicit_conflict_construction_ns"":null,""explicit_network_construction_ns"":null,""geometry_preprocessing_ns"":463167.0,""matching_ns"":null,""max_flow_ns"":8541.0,""rectangle_completion_recovery_ns"":121542.0,""verification_ns"":17000.0,""vertex_cover_recovery_ns"":166.0}",,,,phase_decomposition,solve-from-canonical-instance,,,"{""biclique_count"":0,""biclique_total_vertex_occurrences_sigma"":0,""boundary_size_b"":516,""component_count"":1,""compressed_network_arc_count"":254,""compressed_network_node_count"":256,""compressed_size_m"":510,""explicit_conflict_edge_count_k"":0,""foreground_cells_n"":1699,""height"":7,""horizontal_chord_count_h"":254,""optimum_rectangle_count"":131,""q"":254,""reflex_count"":512,""vertical_chord_count_v"":0,""width"":261}",,,,128,,,,
,,,,,explicit-c0-flow,,,,,,,,supported-holes,,,,,,,,,"{""biclique_construction_ns"":null,""chord_generation_ns"":14500.0,""chord_selection_ns"":41.0,""compressed_network_construction_ns"":null,""embedding_ns"":792.0,""explicit_conflict_construction_ns"":125.0,""explicit_network_construction_ns"":791.0,""geometry_preprocessing_ns"":462875.0,""matching_ns"":null,""max_flow_ns"":8459.0,""rectangle_completion_recovery_ns"":121458.0,""verification_ns"":17041.0,""vertex_cover_recovery_ns"":166.0}",,,,phase_decomposition,solve-from-canonical-instance,,,"{""biclique_count"":0,""biclique_total_vertex_occurrences_sigma"":0,""boundary_size_b"":516,""component_count"":1,""compressed_network_arc_count"":254,""compressed_network_node_count"":256,""compressed_size_m"":510,""explicit_conflict_edge_count_k"":0,""foreground_cells_n"":1699,""height"":7,""horizontal_chord_count_h"":254,""optimum_rectangle_count"":131,""q"":254,""reflex_count"":512,""vertical_chord_count_v"":0,""width"":261}",,,,128,,,,
,,,,,explicit-hopcroft-karp,,,,,,,,supported-holes,,,,,,,,,"{""biclique_construction_ns"":null,""chord_generation_ns"":14500.0,""chord_selection_ns"":41.0,""compressed_network_construction_ns"":null,""embedding_ns"":null,""explicit_conflict_construction_ns"":125.0,""explicit_network_construction_ns"":null,""geometry_preprocessing_ns"":463104.5,""matching_ns"":917.0,""max_flow_ns"":null,""rectangle_completion_recovery_ns"":121542.0,""verification_ns"":17041.0,""vertex_cover_recovery_ns"":1084.0}",,,,phase_decomposition,solve-from-canonical-instance,,,"{""biclique_count"":0,""biclique_total_vertex_occurrences_sigma"":0,""boundary_size_b"":516,""component_count"":1,""compressed_network_arc_count"":254,""compressed_network_node_count"":256,""compressed_size_m"":510,""explicit_conflict_edge_count_k"":0,""foreground_cells_n"":1699,""height"":7,""horizontal_chord_count_h"":254,""optimum_rectangle_count"":131,""q"":254,""reflex_count"":512,""vertical_chord_count_v"":0,""width"":261}",,,,128,,,,
,,,,,compact-mrd,,,,,,,,supported-holes,,,,,,,,,"{""biclique_construction_ns"":25708.0,""chord_generation_ns"":null,""chord_selection_ns"":null,""compressed_network_construction_ns"":1333.0,""embedding_ns"":1625.0,""explicit_conflict_construction_ns"":null,""explicit_network_construction_ns"":null,""geometry_preprocessing_ns"":null,""matching_ns"":null,""max_flow_ns"":15792.0,""rectangle_completion_recovery_ns"":null,""verification_ns"":null,""vertex_cover_recovery_ns"":250.0}",,,,phase_decomposition,representation-and-solver-kernel,,,"{""biclique_count"":0,""biclique_total_vertex_occurrences_sigma"":0,""boundary_size_b"":1028,""component_count"":1,""compressed_network_arc_count"":510,""compressed_network_node_count"":512,""compressed_size_m"":1022,""explicit_conflict_edge_count_k"":0,""foreground_cells_n"":3363,""height"":7,""horizontal_chord_count_h"":510,""optimum_rectangle_count"":259,""q"":510,""reflex_count"":1024,""vertical_chord_count_v"":0,""width"":517}",,,,256,,,,
,,,,,explicit-c0-flow,,,,,,,,supported-holes,,,,,,,,,"{""biclique_construction_ns"":null,""chord_generation_ns"":null,""chord_selection_ns"":null,""compressed_network_construction_ns"":null,""embedding_ns"":1625.0,""explicit_conflict_construction_ns"":167.0,""explicit_network_construction_ns"":1333.0,""geometry_preprocessing_ns"":null,""matching_ns"":null,""max_flow_ns"":15709.0,""rectangle_completion_recovery_ns"":null,""verification_ns"":null,""vertex_cover_recovery_ns"":250.0}",,,,phase_decomposition,representation-and-solver-kernel,,,"{""biclique_count"":0,""biclique_total_vertex_occurrences_sigma"":0,""boundary_size_b"":1028,""component_count"":1,""compressed_network_arc_count"":510,""compressed_network_node_count"":512,""compressed_size_m"":1022,""explicit_conflict_edge_count_k"":0,""foreground_cells_n"":3363,""height"":7,""horizontal_chord_count_h"":510,""optimum_rectangle_count"":259,""q"":510,""reflex_count"":1024,""vertical_chord_count_v"":0,""width"":517}",,,,256,,,,
,,,,,explicit-hopcroft-karp,,,,,,,,supported-holes,,,,,,,,,"{""biclique_construction_ns"":null,""chord_generation_ns"":null,""chord_selection_ns"":null,""compressed_network_construction_ns"":null,""embedding_ns"":null,""explicit_conflict_construction_ns"":167.0,""explicit_network_construction_ns"":null,""geometry_preprocessing_ns"":null,""matching_ns"":1375.0,""max_flow_ns"":null,""rectangle_completion_recovery_ns"":null,""verification_ns"":null,""vertex_cover_recovery_ns"":1959.0}",,,,phase_decomposition,representation-and-solver-kernel,,,"{""biclique_count"":0,""biclique_total_vertex_occurrences_sigma"":0,""boundary_size_b"":1028,""component_count"":1,""compressed_network_arc_count"":510,""compressed_network_node_count"":512,""compressed_size_m"":1022,""explicit_conflict_edge_count_k"":0,""foreground_cells_n"":3363,""height"":7,""horizontal_chord_count_h"":510,""optimum_rectangle_count"":259,""q"":510,""reflex_count"":1024,""vertical_chord_count_v"":0,""width"":517}",,,,256,,,,
,,,,,compact-mrd,,,,,,,,supported-holes,,,,,,,,,"{""biclique_construction_ns"":25875.0,""chord_generation_ns"":28666.0,""chord_selection_ns"":41.0,""compressed_network_construction_ns"":1459.0,""embedding_ns"":1666.0,""explicit_conflict_construction_ns"":null,""explicit_network_construction_ns"":null,""geometry_preprocessing_ns"":932167.0,""matching_ns"":null,""max_flow_ns"":16334.0,""rectangle_completion_recovery_ns"":237208.0,""verification_ns"":32626.0,""vertex_cover_recovery_ns"":250.0}",,,,phase_decomposition,solve-from-canonical-instance,,,"{""biclique_count"":0,""biclique_total_vertex_occurrences_sigma"":0,""boundary_size_b"":1028,""component_count"":1,""compressed_network_arc_count"":510,""compressed_network_node_count"":512,""compressed_size_m"":1022,""explicit_conflict_edge_count_k"":0,""foreground_cells_n"":3363,""height"":7,""horizontal_chord_count_h"":510,""optimum_rectangle_count"":259,""q"":510,""reflex_count"":1024,""vertical_chord_count_v"":0,""width"":517}",,,,256,,,,
,,,,,explicit-c0-flow,,,,,,,,supported-holes,,,,,,,,,"{""biclique_construction_ns"":null,""chord_generation_ns"":28667.0,""chord_selection_ns"":41.0,""compressed_network_construction_ns"":null,""embedding_ns"":1625.0,""explicit_conflict_construction_ns"":208.0,""explicit_network_construction_ns"":1458.0,""geometry_preprocessing_ns"":930709.0,""matching_ns"":null,""max_flow_ns"":16375.0,""rectangle_completion_recovery_ns"":237417.0,""verification_ns"":32708.0,""vertex_cover_recovery_ns"":250.0}",,,,phase_decomposition,solve-from-canonical-instance,,,"{""biclique_count"":0,""biclique_total_vertex_occurrences_sigma"":0,""boundary_size_b"":1028,""component_count"":1,""compressed_network_arc_count"":510,""compressed_network_node_count"":512,""compressed_size_m"":1022,""explicit_conflict_edge_count_k"":0,""foreground_cells_n"":3363,""height"":7,""horizontal_chord_count_h"":510,""optimum_rectangle_count"":259,""q"":510,""reflex_count"":1024,""vertical_chord_count_v"":0,""width"":517}",,,,256,,,,
,,,,,explicit-hopcroft-karp,,,,,,,,supported-holes,,,,,,,,,"{""biclique_construction_ns"":null,""chord_generation_ns"":28667.0,""chord_selection_ns"":41.0,""compressed_network_construction_ns"":null,""embedding_ns"":null,""explicit_conflict_construction_ns"":208.0,""explicit_network_construction_ns"":null,""geometry_preprocessing_ns"":932375.0,""matching_ns"":1459.0,""max_flow_ns"":null,""rectangle_completion_recovery_ns"":237834.0,""verification_ns"":32666.0,""vertex_cover_recovery_ns"":1959.0}",,,,phase_decomposition,solve-from-canonical-instance,,,"{""biclique_count"":0,""biclique_total_vertex_occurrences_sigma"":0,""boundary_size_b"":1028,""component_count"":1,""compressed_network_arc_count"":510,""compressed_network_node_count"":512,""compressed_size_m"":1022,""explicit_conflict_edge_count_k"":0,""foreground_cells_n"":3363,""height"":7,""horizontal_chord_count_h"":510,""optimum_rectangle_count"":259,""q"":510,""reflex_count"":1024,""vertical_chord_count_v"":0,""width"":517}",,,,256,,,,
,,,,,compact-mrd,,,,,,,,supported-holes,,,,,,,,,"{""biclique_construction_ns"":58083.0,""chord_generation_ns"":null,""chord_selection_ns"":null,""compressed_network_construction_ns"":2292.0,""embedding_ns"":3125.0,""explicit_conflict_construction_ns"":null,""explicit_network_construction_ns"":null,""geometry_preprocessing_ns"":null,""matching_ns"":null,""max_flow_ns"":30917.0,""rectangle_completion_recovery_ns"":null,""verification_ns"":null,""vertex_cover_recovery_ns"":458.0}",,,,phase_decomposition,representation-and-solver-kernel,,,"{""biclique_count"":0,""biclique_total_vertex_occurrences_sigma"":0,""boundary_size_b"":2052,""component_count"":1,""compressed_network_arc_count"":1022,""compressed_network_node_count"":1024,""compressed_size_m"":2046,""explicit_conflict_edge_count_k"":0,""foreground_cells_n"":6691,""height"":7,""horizontal_chord_count_h"":1022,""optimum_rectangle_count"":515,""q"":1022,""reflex_count"":2048,""vertical_chord_count_v"":0,""width"":1029}",,,,512,,,,
,,,,,explicit-c0-flow,,,,,,,,supported-holes,,,,,,,,,"{""biclique_construction_ns"":null,""chord_generation_ns"":null,""chord_selection_ns"":null,""compressed_network_construction_ns"":null,""embedding_ns"":3166.0,""explicit_conflict_construction_ns"":250.0,""explicit_network_construction_ns"":2375.0,""geometry_preprocessing_ns"":null,""matching_ns"":null,""max_flow_ns"":30750.0,""rectangle_completion_recovery_ns"":null,""verification_ns"":null,""vertex_cover_recovery_ns"":458.0}",,,,phase_decomposition,representation-and-solver-kernel,,,"{""biclique_count"":0,""biclique_total_vertex_occurrences_sigma"":0,""boundary_size_b"":2052,""component_count"":1,""compressed_network_arc_count"":1022,""compressed_network_node_count"":1024,""compressed_size_m"":2046,""explicit_conflict_edge_count_k"":0,""foreground_cells_n"":6691,""height"":7,""horizontal_chord_count_h"":1022,""optimum_rectangle_count"":515,""q"":1022,""reflex_count"":2048,""vertical_chord_count_v"":0,""width"":1029}",,,,512,,,,
,,,,,explicit-hopcroft-karp,,,,,,,,supported-holes,,,,,,,,,"{""biclique_construction_ns"":null,""chord_generation_ns"":null,""chord_selection_ns"":null,""compressed_network_construction_ns"":null,""embedding_ns"":null,""explicit_conflict_construction_ns"":209.0,""explicit_network_construction_ns"":null,""geometry_preprocessing_ns"":null,""matching_ns"":2500.0,""max_flow_ns"":null,""rectangle_completion_recovery_ns"":null,""verification_ns"":null,""vertex_cover_recovery_ns"":3667.0}",,,,phase_decomposition,representation-and-solver-kernel,,,"{""biclique_count"":0,""biclique_total_vertex_occurrences_sigma"":0,""boundary_size_b"":2052,""component_count"":1,""compressed_network_arc_count"":1022,""compressed_network_node_count"":1024,""compressed_size_m"":2046,""explicit_conflict_edge_count_k"":0,""foreground_cells_n"":6691,""height"":7,""horizontal_chord_count_h"":1022,""optimum_rectangle_count"":515,""q"":1022,""reflex_count"":2048,""vertical_chord_count_v"":0,""width"":1029}",,,,512,,,,
,,,,,compact-mrd,,,,,,,,supported-holes,,,,,,,,,"{""biclique_construction_ns"":57916.5,""chord_generation_ns"":57812.5,""chord_selection_ns"":42.0,""compressed_network_construction_ns"":2375.0,""embedding_ns"":3125.0,""explicit_conflict_construction_ns"":null,""explicit_network_construction_ns"":null,""geometry_preprocessing_ns"":1941104.0,""matching_ns"":null,""max_flow_ns"":31958.0,""rectangle_completion_recovery_ns"":470250.0,""verification_ns"":62791.5,""vertex_cover_recovery_ns"":458.0}",,,,phase_decomposition,solve-from-canonical-instance,,,"{""biclique_count"":0,""biclique_total_vertex_occurrences_sigma"":0,""boundary_size_b"":2052,""component_count"":1,""compressed_network_arc_count"":1022,""compressed_network_node_count"":1024,""compressed_size_m"":2046,""explicit_conflict_edge_count_k"":0,""foreground_cells_n"":6691,""height"":7,""horizontal_chord_count_h"":1022,""optimum_rectangle_count"":515,""q"":1022,""reflex_count"":2048,""vertical_chord_count_v"":0,""width"":1029}",,,,512,,,,
,,,,,explicit-c0-flow,,,,,,,,supported-holes,,,,,,,,,"{""biclique_construction_ns"":null,""chord_generation_ns"":57834.0,""chord_selection_ns"":42.0,""compressed_network_construction_ns"":null,""embedding_ns"":3125.0,""explicit_conflict_construction_ns"":375.0,""explicit_network_construction_ns"":2375.0,""geometry_preprocessing_ns"":1941375.0,""matching_ns"":null,""max_flow_ns"":31916.0,""rectangle_completion_recovery_ns"":469708.0,""verification_ns"":62979.5,""vertex_cover_recovery_ns"":458.0}",,,,phase_decomposition,solve-from-canonical-instance,,,"{""biclique_count"":0,""biclique_total_vertex_occurrences_sigma"":0,""boundary_size_b"":2052,""component_count"":1,""compressed_network_arc_count"":1022,""compressed_network_node_count"":1024,""compressed_size_m"":2046,""explicit_conflict_edge_count_k"":0,""foreground_cells_n"":6691,""height"":7,""horizontal_chord_count_h"":1022,""optimum_rectangle_count"":515,""q"":1022,""reflex_count"":2048,""vertical_chord_count_v"":0,""width"":1029}",,,,512,,,,
,,,,,explicit-hopcroft-karp,,,,,,,,supported-holes,,,,,,,,,"{""biclique_construction_ns"":null,""chord_generation_ns"":57979.5,""chord_selection_ns"":42.0,""compressed_network_construction_ns"":null,""embedding_ns"":null,""explicit_conflict_construction_ns"":375.0,""explicit_network_construction_ns"":null,""geometry_preprocessing_ns"":1948333.5,""matching_ns"":2708.0,""max_flow_ns"":null,""rectangle_completion_recovery_ns"":470729.5,""verification_ns"":63104.0,""vertex_cover_recovery_ns"":3833.0}",,,,phase_decomposition,solve-from-canonical-instance,,,"{""biclique_count"":0,""biclique_total_vertex_occurrences_sigma"":0,""boundary_size_b"":2052,""component_count"":1,""compressed_network_arc_count"":1022,""compressed_network_node_count"":1024,""compressed_size_m"":2046,""explicit_conflict_edge_count_k"":0,""foreground_cells_n"":6691,""height"":7,""horizontal_chord_count_h"":1022,""optimum_rectangle_count"":515,""q"":1022,""reflex_count"":2048,""vertical_chord_count_v"":0,""width"":1029}",,,,512,,,,
,,,,,compact-mrd,,,,,,,,supported-holes,,,,,,,,,"{""biclique_construction_ns"":138625.0,""chord_generation_ns"":null,""chord_selection_ns"":null,""compressed_network_construction_ns"":4166.0,""embedding_ns"":5042.0,""explicit_conflict_construction_ns"":null,""explicit_network_construction_ns"":null,""geometry_preprocessing_ns"":null,""matching_ns"":null,""max_flow_ns"":60834.0,""rectangle_completion_recovery_ns"":null,""verification_ns"":null,""vertex_cover_recovery_ns"":875.0}",,,,phase_decomposition,representation-and-solver-kernel,,,"{""biclique_count"":0,""biclique_total_vertex_occurrences_sigma"":0,""boundary_size_b"":4100,""component_count"":1,""compressed_network_arc_count"":2046,""compressed_network_node_count"":2048,""compressed_size_m"":4094,""explicit_conflict_edge_count_k"":0,""foreground_cells_n"":13347,""height"":7,""horizontal_chord_count_h"":2046,""optimum_rectangle_count"":1027,""q"":2046,""reflex_count"":4096,""vertical_chord_count_v"":0,""width"":2053}",,,,1024,,,,
,,,,,explicit-c0-flow,,,,,,,,supported-holes,,,,,,,,,"{""biclique_construction_ns"":null,""chord_generation_ns"":null,""chord_selection_ns"":null,""compressed_network_construction_ns"":null,""embedding_ns"":5083.0,""explicit_conflict_construction_ns"":625.0,""explicit_network_construction_ns"":4417.0,""geometry_preprocessing_ns"":null,""matching_ns"":null,""max_flow_ns"":61084.0,""rectangle_completion_recovery_ns"":null,""verification_ns"":null,""vertex_cover_recovery_ns"":875.0}",,,,phase_decomposition,representation-and-solver-kernel,,,"{""biclique_count"":0,""biclique_total_vertex_occurrences_sigma"":0,""boundary_size_b"":4100,""component_count"":1,""compressed_network_arc_count"":2046,""compressed_network_node_count"":2048,""compressed_size_m"":4094,""explicit_conflict_edge_count_k"":0,""foreground_cells_n"":13347,""height"":7,""horizontal_chord_count_h"":2046,""optimum_rectangle_count"":1027,""q"":2046,""reflex_count"":4096,""vertical_chord_count_v"":0,""width"":2053}",,,,1024,,,,
,,,,,explicit-hopcroft-karp,,,,,,,,supported-holes,,,,,,,,,"{""biclique_construction_ns"":null,""chord_generation_ns"":null,""chord_selection_ns"":null,""compressed_network_construction_ns"":null,""embedding_ns"":null,""explicit_conflict_construction_ns"":459.0,""explicit_network_construction_ns"":null,""geometry_preprocessing_ns"":null,""matching_ns"":4583.0,""max_flow_ns"":null,""rectangle_completion_recovery_ns"":null,""verification_ns"":null,""vertex_cover_recovery_ns"":7208.0}",,,,phase_decomposition,representation-and-solver-kernel,,,"{""biclique_count"":0,""biclique_total_vertex_occurrences_sigma"":0,""boundary_size_b"":4100,""component_count"":1,""compressed_network_arc_count"":2046,""compressed_network_node_count"":2048,""compressed_size_m"":4094,""explicit_conflict_edge_count_k"":0,""foreground_cells_n"":13347,""height"":7,""horizontal_chord_count_h"":2046,""optimum_rectangle_count"":1027,""q"":2046,""reflex_count"":4096,""vertical_chord_count_v"":0,""width"":2053}",,,,1024,,,,
,,,,,compact-mrd,,,,,,,,supported-holes,,,,,,,,,"{""biclique_construction_ns"":140583.0,""chord_generation_ns"":117667.0,""chord_selection_ns"":83.0,""compressed_network_construction_ns"":4583.0,""embedding_ns"":5459.0,""explicit_conflict_construction_ns"":null,""explicit_network_construction_ns"":null,""geometry_preprocessing_ns"":3948000.0,""matching_ns"":null,""max_flow_ns"":62625.0,""rectangle_completion_recovery_ns"":937417.0,""verification_ns"":123000.0,""vertex_cover_recovery_ns"":875.0}",,,,phase_decomposition,solve-from-canonical-instance,,,"{""biclique_count"":0,""biclique_total_vertex_occurrences_sigma"":0,""boundary_size_b"":4100,""component_count"":1,""compressed_network_arc_count"":2046,""compressed_network_node_count"":2048,""compressed_size_m"":4094,""explicit_conflict_edge_count_k"":0,""foreground_cells_n"":13347,""height"":7,""horizontal_chord_count_h"":2046,""optimum_rectangle_count"":1027,""q"":2046,""reflex_count"":4096,""vertical_chord_count_v"":0,""width"":2053}",,,,1024,,,,
,,,,,explicit-c0-flow,,,,,,,,supported-holes,,,,,,,,,"{""biclique_construction_ns"":null,""chord_generation_ns"":117667.0,""chord_selection_ns"":83.0,""compressed_network_construction_ns"":null,""embedding_ns"":5417.0,""explicit_conflict_construction_ns"":625.0,""explicit_network_construction_ns"":4750.0,""geometry_preprocessing_ns"":3946875.0,""matching_ns"":null,""max_flow_ns"":62500.0,""rectangle_completion_recovery_ns"":938166.0,""verification_ns"":123209.0,""vertex_cover_recovery_ns"":875.0}",,,,phase_decomposition,solve-from-canonical-instance,,,"{""biclique_count"":0,""biclique_total_vertex_occurrences_sigma"":0,""boundary_size_b"":4100,""component_count"":1,""compressed_network_arc_count"":2046,""compressed_network_node_count"":2048,""compressed_size_m"":4094,""explicit_conflict_edge_count_k"":0,""foreground_cells_n"":13347,""height"":7,""horizontal_chord_count_h"":2046,""optimum_rectangle_count"":1027,""q"":2046,""reflex_count"":4096,""vertical_chord_count_v"":0,""width"":2053}",,,,1024,,,,
,,,,,explicit-hopcroft-karp,,,,,,,,supported-holes,,,,,,,,,"{""biclique_construction_ns"":null,""chord_generation_ns"":117875.0,""chord_selection_ns"":83.0,""compressed_network_construction_ns"":null,""embedding_ns"":null,""explicit_conflict_construction_ns"":625.0,""explicit_network_construction_ns"":null,""geometry_preprocessing_ns"":3974583.0,""matching_ns"":4708.0,""max_flow_ns"":null,""rectangle_completion_recovery_ns"":939208.0,""verification_ns"":123207.0,""vertex_cover_recovery_ns"":7375.0}",,,,phase_decomposition,solve-from-canonical-instance,,,"{""biclique_count"":0,""biclique_total_vertex_occurrences_sigma"":0,""boundary_size_b"":4100,""component_count"":1,""compressed_network_arc_count"":2046,""compressed_network_node_count"":2048,""compressed_size_m"":4094,""explicit_conflict_edge_count_k"":0,""foreground_cells_n"":13347,""height"":7,""horizontal_chord_count_h"":2046,""optimum_rectangle_count"":1027,""q"":2046,""reflex_count"":4096,""vertical_chord_count_v"":0,""width"":2053}",,,,1024,,,,
,,,,,compact-mrd,,,,,,,,supported-holes,,,,,,,,,"{""biclique_construction_ns"":280625.0,""chord_generation_ns"":null,""chord_selection_ns"":null,""compressed_network_construction_ns"":8083.0,""embedding_ns"":9916.0,""explicit_conflict_construction_ns"":null,""explicit_network_construction_ns"":null,""geometry_preprocessing_ns"":null,""matching_ns"":null,""max_flow_ns"":120729.5,""rectangle_completion_recovery_ns"":null,""verification_ns"":null,""vertex_cover_recovery_ns"":1667.0}",,,,phase_decomposition,representation-and-solver-kernel,,,"{""biclique_count"":0,""biclique_total_vertex_occurrences_sigma"":0,""boundary_size_b"":8196,""component_count"":1,""compressed_network_arc_count"":4094,""compressed_network_node_count"":4096,""compressed_size_m"":8190,""explicit_conflict_edge_count_k"":0,""foreground_cells_n"":26659,""height"":7,""horizontal_chord_count_h"":4094,""optimum_rectangle_count"":2051,""q"":4094,""reflex_count"":8192,""vertical_chord_count_v"":0,""width"":4101}",,,,2048,,,,
,,,,,explicit-c0-flow,,,,,,,,supported-holes,,,,,,,,,"{""biclique_construction_ns"":null,""chord_generation_ns"":null,""chord_selection_ns"":null,""compressed_network_construction_ns"":null,""embedding_ns"":9875.0,""explicit_conflict_construction_ns"":1208.0,""explicit_network_construction_ns"":8083.0,""geometry_preprocessing_ns"":null,""matching_ns"":null,""max_flow_ns"":120459.0,""rectangle_completion_recovery_ns"":null,""verification_ns"":null,""vertex_cover_recovery_ns"":1667.0}",,,,phase_decomposition,representation-and-solver-kernel,,,"{""biclique_count"":0,""biclique_total_vertex_occurrences_sigma"":0,""boundary_size_b"":8196,""component_count"":1,""compressed_network_arc_count"":4094,""compressed_network_node_count"":4096,""compressed_size_m"":8190,""explicit_conflict_edge_count_k"":0,""foreground_cells_n"":26659,""height"":7,""horizontal_chord_count_h"":4094,""optimum_rectangle_count"":2051,""q"":4094,""reflex_count"":8192,""vertical_chord_count_v"":0,""width"":4101}",,,,2048,,,,
,,,,,explicit-hopcroft-karp,,,,,,,,supported-holes,,,,,,,,,"{""biclique_construction_ns"":null,""chord_generation_ns"":null,""chord_selection_ns"":null,""compressed_network_construction_ns"":null,""embedding_ns"":null,""explicit_conflict_construction_ns"":875.0,""explicit_network_construction_ns"":null,""geometry_preprocessing_ns"":null,""matching_ns"":8666.0,""max_flow_ns"":null,""rectangle_completion_recovery_ns"":null,""verification_ns"":null,""vertex_cover_recovery_ns"":14083.0}",,,,phase_decomposition,representation-and-solver-kernel,,,"{""biclique_count"":0,""biclique_total_vertex_occurrences_sigma"":0,""boundary_size_b"":8196,""component_count"":1,""compressed_network_arc_count"":4094,""compressed_network_node_count"":4096,""compressed_size_m"":8190,""explicit_conflict_edge_count_k"":0,""foreground_cells_n"":26659,""height"":7,""horizontal_chord_count_h"":4094,""optimum_rectangle_count"":2051,""q"":4094,""reflex_count"":8192,""vertical_chord_count_v"":0,""width"":4101}",,,,2048,,,,
,,,,,compact-mrd,,,,,,,,supported-holes,,,,,,,,,"{""biclique_construction_ns"":279500.0,""chord_generation_ns"":239187.5,""chord_selection_ns"":125.0,""compressed_network_construction_ns"":8770.5,""embedding_ns"":11166.5,""explicit_conflict_construction_ns"":null,""explicit_network_construction_ns"":null,""geometry_preprocessing_ns"":8112895.5,""matching_ns"":null,""max_flow_ns"":122312.5,""rectangle_completion_recovery_ns"":1889208.0,""verification_ns"":246813.0,""vertex_cover_recovery_ns"":1708.5}",,,,phase_decomposition,solve-from-canonical-instance,,,"{""biclique_count"":0,""biclique_total_vertex_occurrences_sigma"":0,""boundary_size_b"":8196,""component_count"":1,""compressed_network_arc_count"":4094,""compressed_network_node_count"":4096,""compressed_size_m"":8190,""explicit_conflict_edge_count_k"":0,""foreground_cells_n"":26659,""height"":7,""horizontal_chord_count_h"":4094,""optimum_rectangle_count"":2051,""q"":4094,""reflex_count"":8192,""vertical_chord_count_v"":0,""width"":4101}",,,,2048,,,,
,,,,,explicit-c0-flow,,,,,,,,supported-holes,,,,,,,,,"{""biclique_construction_ns"":null,""chord_generation_ns"":238749.5,""chord_selection_ns"":125.0,""compressed_network_construction_ns"":null,""embedding_ns"":11083.0,""explicit_conflict_construction_ns"":1292.0,""explicit_network_construction_ns"":8708.0,""geometry_preprocessing_ns"":8114458.5,""matching_ns"":null,""max_flow_ns"":122104.0,""rectangle_completion_recovery_ns"":1891750.0,""verification_ns"":245437.5,""vertex_cover_recovery_ns"":1708.0}",,,,phase_decomposition,solve-from-canonical-instance,,,"{""biclique_count"":0,""biclique_total_vertex_occurrences_sigma"":0,""boundary_size_b"":8196,""component_count"":1,""compressed_network_arc_count"":4094,""compressed_network_node_count"":4096,""compressed_size_m"":8190,""explicit_conflict_edge_count_k"":0,""foreground_cells_n"":26659,""height"":7,""horizontal_chord_count_h"":4094,""optimum_rectangle_count"":2051,""q"":4094,""reflex_count"":8192,""vertical_chord_count_v"":0,""width"":4101}",,,,2048,,,,
,,,,,explicit-hopcroft-karp,,,,,,,,supported-holes,,,,,,,,,"{""biclique_construction_ns"":null,""chord_generation_ns"":238709.0,""chord_selection_ns"":125.0,""compressed_network_construction_ns"":null,""embedding_ns"":null,""explicit_conflict_construction_ns"":1334.0,""explicit_network_construction_ns"":null,""geometry_preprocessing_ns"":8149583.0,""matching_ns"":10375.0,""max_flow_ns"":null,""rectangle_completion_recovery_ns"":1884542.0,""verification_ns"":244709.0,""vertex_cover_recovery_ns"":14708.0}",,,,phase_decomposition,solve-from-canonical-instance,,,"{""biclique_count"":0,""biclique_total_vertex_occurrences_sigma"":0,""boundary_size_b"":8196,""component_count"":1,""compressed_network_arc_count"":4094,""compressed_network_node_count"":4096,""compressed_size_m"":8190,""explicit_conflict_edge_count_k"":0,""foreground_cells_n"":26659,""height"":7,""horizontal_chord_count_h"":4094,""optimum_rectangle_count"":2051,""q"":4094,""reflex_count"":8192,""vertical_chord_count_v"":0,""width"":4101}",,,,2048,,,,
,,,,,compact-mrd,,,,,,,,supported-holes,,,,,,,,,"{""biclique_construction_ns"":429000.0,""chord_generation_ns"":null,""chord_selection_ns"":null,""compressed_network_construction_ns"":14958.0,""embedding_ns"":19250.0,""explicit_conflict_construction_ns"":null,""explicit_network_construction_ns"":null,""geometry_preprocessing_ns"":null,""matching_ns"":null,""max_flow_ns"":236834.0,""rectangle_completion_recovery_ns"":null,""verification_ns"":null,""vertex_cover_recovery_ns"":3292.0}",,,,phase_decomposition,representation-and-solver-kernel,,,"{""biclique_count"":0,""biclique_total_vertex_occurrences_sigma"":0,""boundary_size_b"":16388,""component_count"":1,""compressed_network_arc_count"":8190,""compressed_network_node_count"":8192,""compressed_size_m"":16382,""explicit_conflict_edge_count_k"":0,""foreground_cells_n"":53283,""height"":7,""horizontal_chord_count_h"":8190,""optimum_rectangle_count"":4099,""q"":8190,""reflex_count"":16384,""vertical_chord_count_v"":0,""width"":8197}",,,,4096,,,,
,,,,,explicit-c0-flow,,,,,,,,supported-holes,,,,,,,,,"{""biclique_construction_ns"":null,""chord_generation_ns"":null,""chord_selection_ns"":null,""compressed_network_construction_ns"":null,""embedding_ns"":19250.0,""explicit_conflict_construction_ns"":2458.0,""explicit_network_construction_ns"":15334.0,""geometry_preprocessing_ns"":null,""matching_ns"":null,""max_flow_ns"":237250.0,""rectangle_completion_recovery_ns"":null,""verification_ns"":null,""vertex_cover_recovery_ns"":3292.0}",,,,phase_decomposition,representation-and-solver-kernel,,,"{""biclique_count"":0,""biclique_total_vertex_occurrences_sigma"":0,""boundary_size_b"":16388,""component_count"":1,""compressed_network_arc_count"":8190,""compressed_network_node_count"":8192,""compressed_size_m"":16382,""explicit_conflict_edge_count_k"":0,""foreground_cells_n"":53283,""height"":7,""horizontal_chord_count_h"":8190,""optimum_rectangle_count"":4099,""q"":8190,""reflex_count"":16384,""vertical_chord_count_v"":0,""width"":8197}",,,,4096,,,,
,,,,,explicit-hopcroft-karp,,,,,,,,supported-holes,,,,,,,,,"{""biclique_construction_ns"":null,""chord_generation_ns"":null,""chord_selection_ns"":null,""compressed_network_construction_ns"":null,""embedding_ns"":null,""explicit_conflict_construction_ns"":2417.0,""explicit_network_construction_ns"":null,""geometry_preprocessing_ns"":null,""matching_ns"":16500.0,""max_flow_ns"":null,""rectangle_completion_recovery_ns"":null,""verification_ns"":null,""vertex_cover_recovery_ns"":27708.0}",,,,phase_decomposition,representation-and-solver-kernel,,,"{""biclique_count"":0,""biclique_total_vertex_occurrences_sigma"":0,""boundary_size_b"":16388,""component_count"":1,""compressed_network_arc_count"":8190,""compressed_network_node_count"":8192,""compressed_size_m"":16382,""explicit_conflict_edge_count_k"":0,""foreground_cells_n"":53283,""height"":7,""horizontal_chord_count_h"":8190,""optimum_rectangle_count"":4099,""q"":8190,""reflex_count"":16384,""vertical_chord_count_v"":0,""width"":8197}",,,,4096,,,,
,,,,,compact-mrd,,,,,,,,supported-holes,,,,,,,,,"{""biclique_construction_ns"":438875.0,""chord_generation_ns"":505917.0,""chord_selection_ns"":417.0,""compressed_network_construction_ns"":16916.0,""embedding_ns"":21500.0,""explicit_conflict_construction_ns"":null,""explicit_network_construction_ns"":null,""geometry_preprocessing_ns"":17121041.0,""matching_ns"":null,""max_flow_ns"":252542.0,""rectangle_completion_recovery_ns"":3740292.0,""verification_ns"":492333.0,""vertex_cover_recovery_ns"":3417.0}",,,,phase_decomposition,solve-from-canonical-instance,,,"{""biclique_count"":0,""biclique_total_vertex_occurrences_sigma"":0,""boundary_size_b"":16388,""component_count"":1,""compressed_network_arc_count"":8190,""compressed_network_node_count"":8192,""compressed_size_m"":16382,""explicit_conflict_edge_count_k"":0,""foreground_cells_n"":53283,""height"":7,""horizontal_chord_count_h"":8190,""optimum_rectangle_count"":4099,""q"":8190,""reflex_count"":16384,""vertical_chord_count_v"":0,""width"":8197}",,,,4096,,,,
,,,,,explicit-c0-flow,,,,,,,,supported-holes,,,,,,,,,"{""biclique_construction_ns"":null,""chord_generation_ns"":497937.0,""chord_selection_ns"":417.0,""compressed_network_construction_ns"":null,""embedding_ns"":21333.0,""explicit_conflict_construction_ns"":2958.5,""explicit_network_construction_ns"":16208.5,""geometry_preprocessing_ns"":17048874.5,""matching_ns"":null,""max_flow_ns"":251249.5,""rectangle_completion_recovery_ns"":3746083.0,""verification_ns"":497103.5,""vertex_cover_recovery_ns"":3395.5}",,,,phase_decomposition,solve-from-canonical-instance,,,"{""biclique_count"":0,""biclique_total_vertex_occurrences_sigma"":0,""boundary_size_b"":16388,""component_count"":1,""compressed_network_arc_count"":8190,""compressed_network_node_count"":8192,""compressed_size_m"":16382,""explicit_conflict_edge_count_k"":0,""foreground_cells_n"":53283,""height"":7,""horizontal_chord_count_h"":8190,""optimum_rectangle_count"":4099,""q"":8190,""reflex_count"":16384,""vertical_chord_count_v"":0,""width"":8197}",,,,4096,,,,
,,,,,explicit-hopcroft-karp,,,,,,,,supported-holes,,,,,,,,,"{""biclique_construction_ns"":null,""chord_generation_ns"":505708.5,""chord_selection_ns"":417.0,""compressed_network_construction_ns"":null,""embedding_ns"":null,""explicit_conflict_construction_ns"":3083.0,""explicit_network_construction_ns"":null,""geometry_preprocessing_ns"":17142937.5,""matching_ns"":21333.0,""max_flow_ns"":null,""rectangle_completion_recovery_ns"":3743187.0,""verification_ns"":494625.0,""vertex_cover_recovery_ns"":28479.0}",,,,phase_decomposition,solve-from-canonical-instance,,,"{""biclique_count"":0,""biclique_total_vertex_occurrences_sigma"":0,""boundary_size_b"":16388,""component_count"":1,""compressed_network_arc_count"":8190,""compressed_network_node_count"":8192,""compressed_size_m"":16382,""explicit_conflict_edge_count_k"":0,""foreground_cells_n"":53283,""height"":7,""horizontal_chord_count_h"":8190,""optimum_rectangle_count"":4099,""q"":8190,""reflex_count"":16384,""vertical_chord_count_v"":0,""width"":8197}",,,,4096,,,,
,,,,,compact-mrd,,,,,,,,supported-holes,,,,,,,,,"{""biclique_construction_ns"":1200625.0,""chord_generation_ns"":null,""chord_selection_ns"":null,""compressed_network_construction_ns"":33209.0,""embedding_ns"":40917.0,""explicit_conflict_construction_ns"":null,""explicit_network_construction_ns"":null,""geometry_preprocessing_ns"":null,""matching_ns"":null,""max_flow_ns"":501209.0,""rectangle_completion_recovery_ns"":null,""verification_ns"":null,""vertex_cover_recovery_ns"":6709.0}",,,,phase_decomposition,representation-and-solver-kernel,,,"{""biclique_count"":0,""biclique_total_vertex_occurrences_sigma"":0,""boundary_size_b"":32772,""component_count"":1,""compressed_network_arc_count"":16382,""compressed_network_node_count"":16384,""compressed_size_m"":32766,""explicit_conflict_edge_count_k"":0,""foreground_cells_n"":106531,""height"":7,""horizontal_chord_count_h"":16382,""optimum_rectangle_count"":8195,""q"":16382,""reflex_count"":32768,""vertical_chord_count_v"":0,""width"":16389}",,,,8192,,,,
,,,,,explicit-c0-flow,,,,,,,,supported-holes,,,,,,,,,"{""biclique_construction_ns"":null,""chord_generation_ns"":null,""chord_selection_ns"":null,""compressed_network_construction_ns"":null,""embedding_ns"":40041.5,""explicit_conflict_construction_ns"":5167.0,""explicit_network_construction_ns"":28792.0,""geometry_preprocessing_ns"":null,""matching_ns"":null,""max_flow_ns"":486104.0,""rectangle_completion_recovery_ns"":null,""verification_ns"":null,""vertex_cover_recovery_ns"":6667.0}",,,,phase_decomposition,representation-and-solver-kernel,,,"{""biclique_count"":0,""biclique_total_vertex_occurrences_sigma"":0,""boundary_size_b"":32772,""component_count"":1,""compressed_network_arc_count"":16382,""compressed_network_node_count"":16384,""compressed_size_m"":32766,""explicit_conflict_edge_count_k"":0,""foreground_cells_n"":106531,""height"":7,""horizontal_chord_count_h"":16382,""optimum_rectangle_count"":8195,""q"":16382,""reflex_count"":32768,""vertical_chord_count_v"":0,""width"":16389}",,,,8192,,,,
,,,,,explicit-hopcroft-karp,,,,,,,,supported-holes,,,,,,,,,"{""biclique_construction_ns"":null,""chord_generation_ns"":null,""chord_selection_ns"":null,""compressed_network_construction_ns"":null,""embedding_ns"":null,""explicit_conflict_construction_ns"":4958.0,""explicit_network_construction_ns"":null,""geometry_preprocessing_ns"":null,""matching_ns"":32209.0,""max_flow_ns"":null,""rectangle_completion_recovery_ns"":null,""verification_ns"":null,""vertex_cover_recovery_ns"":55000.0}",,,,phase_decomposition,representation-and-solver-kernel,,,"{""biclique_count"":0,""biclique_total_vertex_occurrences_sigma"":0,""boundary_size_b"":32772,""component_count"":1,""compressed_network_arc_count"":16382,""compressed_network_node_count"":16384,""compressed_size_m"":32766,""explicit_conflict_edge_count_k"":0,""foreground_cells_n"":106531,""height"":7,""horizontal_chord_count_h"":16382,""optimum_rectangle_count"":8195,""q"":16382,""reflex_count"":32768,""vertical_chord_count_v"":0,""width"":16389}",,,,8192,,,,
,,,,,compact-mrd,,,,,,,,supported-holes,,,,,,,,,"{""biclique_construction_ns"":1205958.0,""chord_generation_ns"":1188083.0,""chord_selection_ns"":458.0,""compressed_network_construction_ns"":36541.0,""embedding_ns"":55625.0,""explicit_conflict_construction_ns"":null,""explicit_network_construction_ns"":null,""geometry_preprocessing_ns"":41125625.0,""matching_ns"":null,""max_flow_ns"":504209.0,""rectangle_completion_recovery_ns"":7861167.0,""verification_ns"":1034375.0,""vertex_cover_recovery_ns"":7083.0}",,,,phase_decomposition,solve-from-canonical-instance,,,"{""biclique_count"":0,""biclique_total_vertex_occurrences_sigma"":0,""boundary_size_b"":32772,""component_count"":1,""compressed_network_arc_count"":16382,""compressed_network_node_count"":16384,""compressed_size_m"":32766,""explicit_conflict_edge_count_k"":0,""foreground_cells_n"":106531,""height"":7,""horizontal_chord_count_h"":16382,""optimum_rectangle_count"":8195,""q"":16382,""reflex_count"":32768,""vertical_chord_count_v"":0,""width"":16389}",,,,8192,,,,
,,,,,explicit-c0-flow,,,,,,,,supported-holes,,,,,,,,,"{""biclique_construction_ns"":null,""chord_generation_ns"":1205084.0,""chord_selection_ns"":459.0,""compressed_network_construction_ns"":null,""embedding_ns"":55041.0,""explicit_conflict_construction_ns"":6708.0,""explicit_network_construction_ns"":35375.0,""geometry_preprocessing_ns"":41533625.0,""matching_ns"":null,""max_flow_ns"":516833.0,""rectangle_completion_recovery_ns"":7886167.0,""verification_ns"":1083249.0,""vertex_cover_recovery_ns"":7125.0}",,,,phase_decomposition,solve-from-canonical-instance,,,"{""biclique_count"":0,""biclique_total_vertex_occurrences_sigma"":0,""boundary_size_b"":32772,""component_count"":1,""compressed_network_arc_count"":16382,""compressed_network_node_count"":16384,""compressed_size_m"":32766,""explicit_conflict_edge_count_k"":0,""foreground_cells_n"":106531,""height"":7,""horizontal_chord_count_h"":16382,""optimum_rectangle_count"":8195,""q"":16382,""reflex_count"":32768,""vertical_chord_count_v"":0,""width"":16389}",,,,8192,,,,
,,,,,explicit-hopcroft-karp,,,,,,,,supported-holes,,,,,,,,,"{""biclique_construction_ns"":null,""chord_generation_ns"":1267833.0,""chord_selection_ns"":625.0,""compressed_network_construction_ns"":null,""embedding_ns"":null,""explicit_conflict_construction_ns"":7583.0,""explicit_network_construction_ns"":null,""geometry_preprocessing_ns"":40966959.0,""matching_ns"":43167.0,""max_flow_ns"":null,""rectangle_completion_recovery_ns"":7793334.0,""verification_ns"":1031417.0,""vertex_cover_recovery_ns"":57042.0}",,,,phase_decomposition,solve-from-canonical-instance,,,"{""biclique_count"":0,""biclique_total_vertex_occurrences_sigma"":0,""boundary_size_b"":32772,""component_count"":1,""compressed_network_arc_count"":16382,""compressed_network_node_count"":16384,""compressed_size_m"":32766,""explicit_conflict_edge_count_k"":0,""foreground_cells_n"":106531,""height"":7,""horizontal_chord_count_h"":16382,""optimum_rectangle_count"":8195,""q"":16382,""reflex_count"":32768,""vertical_chord_count_v"":0,""width"":16389}",,,,8192,,,,
0,,2,,,,,,,,,,,comb-staircase,,,,,,,,,,0,,,structural_compression,,,,,,,,8192,,,,
1052672,44.265253774021275,23781,,,,,,,,,,,dense-conflict,,,,,,,,,,4096,,,structural_compression,,,,,,,,1024,,,,
2158,1.3851091142490373,1558,,,,,,,,,,,random-connected,,,,,,,,,,165,,,structural_compression,,,,,,,,8192,,,,
33124,30.250228310502283,1095,,,,,,,,,,,representation-crossover,,,,,,,,,,364,,,structural_compression,,,,,,,,8192,,,,
0,,16382,,,,,,,,,,,sparse-conflict,,,,,,,,,,8190,,,structural_compression,,,,,,,,8192,,,,
0,,32766,,,,,,,,,,,supported-holes,,,,,,,,,,16382,,,structural_compression,,,,,,,,8192,,,,
,,,,,compact-mrd,,biclique_construction_ns,125.0,0.5980861244019139,,,,comb-staircase,,,,,,,,,,,,,phase_conclusions,representation-and-solver-kernel,,,,,,,8192,,,,
,,,,,explicit-c0-flow,,max_flow_ns,84.0,0.672,,,,comb-staircase,,,,,,,,,,,,,phase_conclusions,representation-and-solver-kernel,,,,,,,8192,,,,
,,,,,explicit-hopcroft-karp,,explicit_conflict_construction_ns,0.0,,,,,comb-staircase,,,,,,,,,,,,,phase_conclusions,representation-and-solver-kernel,,,,,,,8192,,,,
,,,,,compact-mrd,,rectangle_completion_recovery_ns,729708.0,0.5373738415143805,,,,comb-staircase,,,,,,,,,,,,,phase_conclusions,solve-from-canonical-instance,,,,,,,8192,,,,
,,,,,explicit-c0-flow,,rectangle_completion_recovery_ns,730604.0,0.5396977827155824,,,,comb-staircase,,,,,,,,,,,,,phase_conclusions,solve-from-canonical-instance,,,,,,,8192,,,,
,,,,,explicit-hopcroft-karp,,rectangle_completion_recovery_ns,729333.0,0.5379391071337691,,,,comb-staircase,,,,,,,,,,,,,phase_conclusions,solve-from-canonical-instance,,,,,,,8192,,,,
,,,,,compact-mrd,,biclique_construction_ns,3816292.0,0.8732515996374544,,,,dense-conflict,,,,,,,,,,,,,phase_conclusions,representation-and-solver-kernel,,,,,,,1024,,,,
,,,,,explicit-c0-flow,,explicit_conflict_construction_ns,196505958.0,0.6698707105550104,,,,dense-conflict,,,,,,,,,,,,,phase_conclusions,representation-and-solver-kernel,,,,,,,1024,,,,
,,,,,explicit-hopcroft-karp,,explicit_conflict_construction_ns,195604000.0,0.9899946034756654,,,,dense-conflict,,,,,,,,,,,,,phase_conclusions,representation-and-solver-kernel,,,,,,,1024,,,,
,,,,,compact-mrd,,geometry_preprocessing_ns,156471667.0,0.5788266191147311,,,,dense-conflict,,,,,,,,,,,,,phase_conclusions,solve-from-canonical-instance,,,,,,,1024,,,,
,,,,,explicit-c0-flow,,explicit_conflict_construction_ns,196891958.0,0.35183275784289003,,,,dense-conflict,,,,,,,,,,,,,phase_conclusions,solve-from-canonical-instance,,,,,,,1024,,,,
,,,,,explicit-hopcroft-karp,,explicit_conflict_construction_ns,195607500.0,0.41952293963637377,,,,dense-conflict,,,,,,,,,,,,,phase_conclusions,solve-from-canonical-instance,,,,,,,1024,,,,
,,,,,compact-mrd,,biclique_construction_ns,277687.5,0.7709943692943293,,,,random-connected,,,,,,,,,,,,,phase_conclusions,representation-and-solver-kernel,,,,,,,8192,,,,
,,,,,explicit-c0-flow,,max_flow_ns,198625.0,0.656338186408306,,,,random-connected,,,,,,,,,,,,,phase_conclusions,representation-and-solver-kernel,,,,,,,8192,,,,
,,,,,explicit-hopcroft-karp,,explicit_conflict_construction_ns,36250.0,0.7988980716253443,,,,random-connected,,,,,,,,,,,,,phase_conclusions,representation-and-solver-kernel,,,,,,,8192,,,,
,,,,,compact-mrd,,geometry_preprocessing_ns,1173249.5,0.4560146344515948,,,,random-connected,,,,,,,,,,,,,phase_conclusions,solve-from-canonical-instance,,,,,,,8192,,,,
,,,,,explicit-c0-flow,,geometry_preprocessing_ns,1185083.0,0.49557443299382936,,,,random-connected,,,,,,,,,,,,,phase_conclusions,solve-from-canonical-instance,,,,,,,8192,,,,
,,,,,explicit-hopcroft-karp,,geometry_preprocessing_ns,1184791.5,0.5553983082449911,,,,random-connected,,,,,,,,,,,,,phase_conclusions,solve-from-canonical-instance,,,,,,,8192,,,,
,,,,,compact-mrd,,biclique_construction_ns,50541.0,0.7072924975859608,,,,representation-crossover,,,,,,,,,,,,,phase_conclusions,representation-and-solver-kernel,,,,,,,8192,,,,
,,,,,explicit-c0-flow,,explicit_conflict_construction_ns,1494667.0,0.4035187656432105,,,,representation-crossover,,,,,,,,,,,,,phase_conclusions,representation-and-solver-kernel,,,,,,,8192,,,,
,,,,,explicit-hopcroft-karp,,explicit_conflict_construction_ns,1371875.0,0.9799688124367373,,,,representation-crossover,,,,,,,,,,,,,phase_conclusions,representation-and-solver-kernel,,,,,,,8192,,,,
,,,,,compact-mrd,,geometry_preprocessing_ns,72109375.0,0.6976956676206697,,,,representation-crossover,,,,,,,,,,,,,phase_conclusions,solve-from-canonical-instance,,,,,,,8192,,,,
,,,,,explicit-c0-flow,,geometry_preprocessing_ns,71857542.0,0.6734939759826607,,,,representation-crossover,,,,,,,,,,,,,phase_conclusions,solve-from-canonical-instance,,,,,,,8192,,,,
,,,,,explicit-hopcroft-karp,,geometry_preprocessing_ns,73039125.0,0.6904866000744362,,,,representation-crossover,,,,,,,,,,,,,phase_conclusions,solve-from-canonical-instance,,,,,,,8192,,,,
,,,,,compact-mrd,,biclique_construction_ns,563583.0,0.670069030130237,,,,sparse-conflict,,,,,,,,,,,,,phase_conclusions,representation-and-solver-kernel,,,,,,,8192,,,,
,,,,,explicit-c0-flow,,max_flow_ns,237792.0,0.8605238588085433,,,,sparse-conflict,,,,,,,,,,,,,phase_conclusions,representation-and-solver-kernel,,,,,,,8192,,,,
,,,,,explicit-hopcroft-karp,,vertex_cover_recovery_ns,27750.0,0.5930627684811182,,,,sparse-conflict,,,,,,,,,,,,,phase_conclusions,representation-and-solver-kernel,,,,,,,8192,,,,
,,,,,compact-mrd,,geometry_preprocessing_ns,32107250.0,0.7876292996504942,,,,sparse-conflict,,,,,,,,,,,,,phase_conclusions,solve-from-canonical-instance,,,,,,,8192,,,,
,,,,,explicit-c0-flow,,geometry_preprocessing_ns,32420583.0,0.8013755678182654,,,,sparse-conflict,,,,,,,,,,,,,phase_conclusions,solve-from-canonical-instance,,,,,,,8192,,,,
,,,,,explicit-hopcroft-karp,,geometry_preprocessing_ns,32382417.0,0.8052665224539817,,,,sparse-conflict,,,,,,,,,,,,,phase_conclusions,solve-from-canonical-instance,,,,,,,8192,,,,
,,,,,compact-mrd,,biclique_construction_ns,1200625.0,0.6734985575000182,,,,supported-holes,,,,,,,,,,,,,phase_conclusions,representation-and-solver-kernel,,,,,,,8192,,,,
,,,,,explicit-c0-flow,,max_flow_ns,486104.0,0.857671918930292,,,,supported-holes,,,,,,,,,,,,,phase_conclusions,representation-and-solver-kernel,,,,,,,8192,,,,
,,,,,explicit-hopcroft-karp,,vertex_cover_recovery_ns,55000.0,0.5967428689227163,,,,supported-holes,,,,,,,,,,,,,phase_conclusions,representation-and-solver-kernel,,,,,,,8192,,,,
,,,,,compact-mrd,,geometry_preprocessing_ns,41125625.0,0.7756753016138102,,,,supported-holes,,,,,,,,,,,,,phase_conclusions,solve-from-canonical-instance,,,,,,,8192,,,,
,,,,,explicit-c0-flow,,geometry_preprocessing_ns,41533625.0,0.793691765584745,,,,supported-holes,,,,,,,,,,,,,phase_conclusions,solve-from-canonical-instance,,,,,,,8192,,,,
,,,,,explicit-hopcroft-karp,,geometry_preprocessing_ns,40966959.0,0.8006369415548323,,,,supported-holes,,,,,,,,,,,,,phase_conclusions,solve-from-canonical-instance,,,,,,,8192,,,,
,,,,,,,,,,,,,comb-staircase,,True,,,,,,0.9933536692402649,,,,,p15_comparison,,1.0030723980066532,4.843576133892888,,,,,,,,,
,,,,,,,,,,,,,dense-conflict,,True,,,,,,1.0082429653613074,,,,,p15_comparison,,0.8786732017694543,0.27107461447591075,,,,,,,,,
,,,,,,,,,,,,,random-connected,,True,,,,,,1.0028181829254783,,,,,p15_comparison,,1.2000225511003721,14.25287508766608,,,,,,,,,
,,,,,,,,,,,,,representation-crossover,,True,,,,,,0.9956874697805711,,,,,p15_comparison,,0.9942350669296955,0.4547883838928817,,,,,,,,,
,,,,,,,,,,,,,sparse-conflict,,True,,,,,,1.0038392614537486,,,,,p15_comparison,,1.0199726326708847,12.08455881270698,,,,,,,,,
,,,,,,,,,,,,,supported-holes,,True,,,,,,0.9999879437433136,,,,,p15_comparison,,1.0341007443131676,12.359394450937945,,,,,,,,,
