algorithm,alpha_ols,alpha_ols_ci95,alpha_theil_sen,bootstrap_ci95,bootstrap_resamples,bootstrap_seed,censored_target_sizes,claim_status,comparison,distribution_ns,excluded_sizes,failure_count,family,fit_independent_range,fit_target_size_range,geometric_mean_ratio,independent_variable,independent_variable_definition,invalid_count,median_ratio,median_ratio_by_target_size,observed_count,paired_count,planned_count,r_squared,ratio_distribution,record_type,residuals_log_time,sample_count,size_level_count,size_levels,stable_crossover_target_size,success_count,timeout_count,unsupported_count
compact-mrd,,,,,,,,,,"{""count"":184,""mad"":450104.5,""max"":49794541,""median"":41324770.5,""min"":40256334,""q1"":40947291.25,""q3"":41916562.75}",,0,random-connected,,,,,,0,,,184,,184,,,distribution,,184,,"[{""B"":14.0,""K"":4.0,""M"":15.0,""N"":8.0,""process_wall_time_ns"":{""count"":31,""mad"":346625,""max"":43787166,""median"":41086792,""min"":40431000,""q1"":40753458,""q3"":41487562},""q"":4.0,""target_size"":8.0},{""B"":14.0,""K"":1.0,""M"":11.0,""N"":12.0,""process_wall_time_ns"":{""count"":31,""mad"":241667,""max"":41882708,""median"":40966833,""min"":40256334,""q1"":40853499.5,""q3"":41463417},""q"":3.0,""target_size"":12.0},{""B"":16.0,""K"":3.0,""M"":19.0,""N"":18.0,""process_wall_time_ns"":{""count"":31,""mad"":369625,""max"":42788542,""median"":41180250,""min"":40373916,""q1"":40814750,""q3"":41692000},""q"":4.0,""target_size"":18.0},{""B"":22.0,""K"":7.0,""M"":30.0,""N"":27.0,""process_wall_time_ns"":{""count"":31,""mad"":404001,""max"":49794541,""median"":41385917,""min"":40653167,""q1"":41004687.5,""q3"":41925125},""q"":7.0,""target_size"":27.0},{""B"":26.0,""K"":9.0,""M"":38.0,""N"":40.0,""process_wall_time_ns"":{""count"":15,""mad"":171709,""max"":41772542,""median"":41127000,""min"":40415917,""q1"":41010104,""q3"":41541666.5},""q"":8.0,""target_size"":40.0},{""B"":28.0,""K"":3.0,""M"":21.0,""N"":60.0,""process_wall_time_ns"":{""count"":15,""mad"":755958,""max"":47410250,""median"":41900417,""min"":40987541,""q1"":41248729,""q3"":42822395.5},""q"":6.0,""target_size"":60.0},{""B"":42.0,""K"":20.0,""M"":66.0,""N"":90.0,""process_wall_time_ns"":{""count"":15,""mad"":2416083,""max"":48006625,""median"":44230292,""min"":41345000,""q1"":42040354.5,""q3"":46532687.5},""q"":12.0,""target_size"":90.0},{""B"":48.0,""K"":13.0,""M"":65.0,""N"":135.0,""process_wall_time_ns"":{""count"":15,""mad"":1259916,""max"":49022042,""median"":44660709,""min"":40860667,""q1"":43443687.5,""q3"":45777750},""q"":14.0,""target_size"":135.0}]",,184,0,0
explicit-hopcroft-karp,,,,,,,,,,"{""count"":184,""mad"":466729,""max"":56839417,""median"":41223916.5,""min"":39644375,""q1"":40820250,""q3"":41863499.5}",,0,random-connected,,,,,,0,,,184,,184,,,distribution,,184,,"[{""B"":14.0,""K"":4.0,""M"":15.0,""N"":8.0,""process_wall_time_ns"":{""count"":31,""mad"":358124,""max"":42445458,""median"":40863459,""min"":40176333,""q1"":40624312.5,""q3"":41223916.5},""q"":4.0,""target_size"":8.0},{""B"":14.0,""K"":1.0,""M"":11.0,""N"":12.0,""process_wall_time_ns"":{""count"":31,""mad"":263001,""max"":41869375,""median"":40941666,""min"":40217500,""q1"":40717875,""q3"":41233208.5},""q"":3.0,""target_size"":12.0},{""B"":16.0,""K"":3.0,""M"":19.0,""N"":18.0,""process_wall_time_ns"":{""count"":31,""mad"":306916,""max"":42505917,""median"":41117792,""min"":40267584,""q1"":40826979.5,""q3"":41429354},""q"":4.0,""target_size"":18.0},{""B"":22.0,""K"":7.0,""M"":30.0,""N"":27.0,""process_wall_time_ns"":{""count"":31,""mad"":539292,""max"":56839417,""median"":41131000,""min"":40369042,""q1"":40881708.5,""q3"":42015896.5},""q"":7.0,""target_size"":27.0},{""B"":26.0,""K"":9.0,""M"":38.0,""N"":40.0,""process_wall_time_ns"":{""count"":15,""mad"":328959,""max"":42507000,""median"":41368750,""min"":40607916,""q1"":41186875,""q3"":41736334},""q"":8.0,""target_size"":40.0},{""B"":28.0,""K"":3.0,""M"":21.0,""N"":60.0,""process_wall_time_ns"":{""count"":15,""mad"":366250,""max"":54321750,""median"":41623209,""min"":40470375,""q1"":41288458.5,""q3"":41946500},""q"":6.0,""target_size"":60.0},{""B"":42.0,""K"":20.0,""M"":66.0,""N"":90.0,""process_wall_time_ns"":{""count"":15,""mad"":1795666,""max"":48365292,""median"":46072250,""min"":40722375,""q1"":42266750,""q3"":47165229},""q"":12.0,""target_size"":90.0},{""B"":48.0,""K"":13.0,""M"":65.0,""N"":135.0,""process_wall_time_ns"":{""count"":15,""mad"":2062501,""max"":50752208,""median"":44423916,""min"":39644375,""q1"":42437312.5,""q3"":46085937.5},""q"":14.0,""target_size"":135.0}]",,184,0,0
explicit-c0-flow,,,,,,,,,,"{""count"":184,""mad"":411479.5,""max"":54566208,""median"":41320499.5,""min"":40025625,""q1"":40937323,""q3"":41762448}",,0,random-connected,,,,,,0,,,184,,184,,,distribution,,184,,"[{""B"":14.0,""K"":4.0,""M"":22.0,""N"":8.0,""process_wall_time_ns"":{""count"":31,""mad"":269124,""max"":42509417,""median"":41049292,""min"":40367750,""q1"":40770646,""q3"":41212166.5},""q"":4.0,""target_size"":8.0},{""B"":14.0,""K"":1.0,""M"":11.0,""N"":12.0,""process_wall_time_ns"":{""count"":31,""mad"":266958,""max"":41689333,""median"":41025542,""min"":40141375,""q1"":40782583.5,""q3"":41288666.5},""q"":3.0,""target_size"":12.0},{""B"":16.0,""K"":3.0,""M"":19.0,""N"":18.0,""process_wall_time_ns"":{""count"":31,""mad"":314126,""max"":42061625,""median"":41092417,""min"":40025625,""q1"":40725145.5,""q3"":41367437.5},""q"":4.0,""target_size"":18.0},{""B"":22.0,""K"":7.0,""M"":37.0,""N"":27.0,""process_wall_time_ns"":{""count"":31,""mad"":366917,""max"":46078667,""median"":41451000,""min"":40215500,""q1"":41116291.5,""q3"":41845542},""q"":7.0,""target_size"":27.0},{""B"":26.0,""K"":9.0,""M"":45.0,""N"":40.0,""process_wall_time_ns"":{""count"":15,""mad"":232750,""max"":44200750,""median"":41620000,""min"":40710208,""q1"":41255646,""q3"":41833958.5},""q"":8.0,""target_size"":40.0},{""B"":28.0,""K"":3.0,""M"":23.0,""N"":60.0,""process_wall_time_ns"":{""count"":15,""mad"":306625,""max"":49808584,""median"":41496875,""min"":40769792,""q1"":41395104.5,""q3"":43080333.5},""q"":6.0,""target_size"":60.0},{""B"":42.0,""K"":20.0,""M"":86.0,""N"":90.0,""process_wall_time_ns"":{""count"":15,""mad"":1254291,""max"":54566208,""median"":45514750,""min"":40900125,""q1"":42579979.5,""q3"":46420395.5},""q"":12.0,""target_size"":90.0},{""B"":48.0,""K"":13.0,""M"":69.0,""N"":135.0,""process_wall_time_ns"":{""count"":15,""mad"":1536709,""max"":47447542,""median"":44913041,""min"":40319333,""q1"":43355708,""q3"":46287917},""q"":14.0,""target_size"":135.0}]",,184,0,0
exact-cover-oracle,,,,,,,,,,"{""count"":139,""mad"":478167,""max"":68429375,""median"":41233292,""min"":40026583,""q1"":40833042,""q3"":41932812.5}",,0,random-connected,,,,,,0,,,184,,184,,,distribution,,139,,"[{""B"":14.0,""K"":4.0,""M"":15.0,""N"":8.0,""process_wall_time_ns"":{""count"":31,""mad"":435958,""max"":42995375,""median"":40964250,""min"":40026583,""q1"":40522604.5,""q3"":41356416.5},""q"":null,""target_size"":8.0},{""B"":14.0,""K"":1.0,""M"":11.0,""N"":12.0,""process_wall_time_ns"":{""count"":31,""mad"":232416,""max"":68429375,""median"":40873042,""min"":40138959,""q1"":40767937.5,""q3"":41172937.5},""q"":null,""target_size"":12.0},{""B"":16.0,""K"":3.0,""M"":19.0,""N"":18.0,""process_wall_time_ns"":{""count"":31,""mad"":349251,""max"":42197500,""median"":41184959,""min"":40563791,""q1"":40836666.5,""q3"":41478604},""q"":null,""target_size"":18.0},{""B"":22.0,""K"":7.0,""M"":30.0,""N"":27.0,""process_wall_time_ns"":{""count"":31,""mad"":364749,""max"":67766000,""median"":41527333,""min"":40721583,""q1"":41247000,""q3"":42229208.5},""q"":null,""target_size"":27.0},{""B"":26.0,""K"":9.0,""M"":38.0,""N"":40.0,""process_wall_time_ns"":{""count"":15,""mad"":434083,""max"":45582833,""median"":43225792,""min"":42675542,""q1"":42903688,""q3"":43673312.5},""q"":null,""target_size"":40.0}]",,139,0,45
compact-mrd,,,,,,,,,,"{""count"":184,""mad"":1786833,""max"":57066334,""median"":44790770.5,""min"":38804042,""q1"":43512218.75,""q3"":47489114.5}",,0,dense-conflict,,,,,,0,,,184,,184,,,distribution,,184,,"[{""B"":68.0,""K"":96.0,""M"":174.0,""N"":137.0,""process_wall_time_ns"":{""count"":31,""mad"":3379417,""max"":51815209,""median"":46014458,""min"":40525917,""q1"":42823250,""q3"":49200000},""q"":32.0,""target_size"":8.0},{""B"":100.0,""K"":192.0,""M"":289.0,""N"":249.0,""process_wall_time_ns"":{""count"":31,""mad"":1045001,""max"":45834666,""median"":43410333,""min"":38804042,""q1"":41627521,""q3"":43954895.5},""q"":48.0,""target_size"":12.0},{""B"":148.0,""K"":396.0,""M"":425.0,""N"":477.0,""process_wall_time_ns"":{""count"":31,""mad"":931333,""max"":50594917,""median"":44389833,""min"":39482750,""q1"":43387708.5,""q3"":45313395.5},""q"":72.0,""target_size"":18.0},{""B"":228.0,""K"":896.0,""M"":701.0,""N"":1017.0,""process_wall_time_ns"":{""count"":31,""mad"":547083,""max"":47016708,""median"":44632875,""min"":40357958,""q1"":43720688,""q3"":45100291.5},""q"":112.0,""target_size"":27.0},{""B"":324.0,""K"":1760.0,""M"":982.0,""N"":1929.0,""process_wall_time_ns"":{""count"":15,""mad"":363416,""max"":47708375,""median"":44151041,""min"":41560625,""q1"":43836541.5,""q3"":44921146},""q"":160.0,""target_size"":40.0},{""B"":484.0,""K"":3840.0,""M"":1466.0,""N"":4089.0,""process_wall_time_ns"":{""count"":15,""mad"":2285250,""max"":50997333,""median"":47128167,""min"":42815167,""q1"":44793417,""q3"":48158604.5},""q"":240.0,""target_size"":60.0},{""B"":724.0,""K"":8460.0,""M"":2230.0,""N"":8829.0,""process_wall_time_ns"":{""count"":15,""mad"":1270208,""max"":51176459,""median"":48045875,""min"":45079542,""q1"":46850792,""q3"":49236604},""q"":360.0,""target_size"":90.0},{""B"":1092.0,""K"":19040.0,""M"":3411.0,""N"":19593.0,""process_wall_time_ns"":{""count"":15,""mad"":1148042,""max"":57066334,""median"":53670292,""min"":50377291,""q1"":52301333.5,""q3"":54382750},""q"":544.0,""target_size"":135.0}]",,184,0,0
explicit-hopcroft-karp,,,,,,,,,,"{""count"":184,""mad"":1785042,""max"":69138750,""median"":44270375,""min"":38266583,""q1"":42923770.5,""q3"":47006281}",,0,dense-conflict,,,,,,0,,,184,,184,,,distribution,,184,,"[{""B"":68.0,""K"":96.0,""M"":174.0,""N"":137.0,""process_wall_time_ns"":{""count"":31,""mad"":3576167,""max"":69138750,""median"":46437708,""min"":41009459,""q1"":42654395.5,""q3"":49316166.5},""q"":32.0,""target_size"":8.0},{""B"":100.0,""K"":192.0,""M"":289.0,""N"":249.0,""process_wall_time_ns"":{""count"":31,""mad"":1118166,""max"":46989583,""median"":42746750,""min"":38266583,""q1"":41626313,""q3"":43677625},""q"":48.0,""target_size"":12.0},{""B"":148.0,""K"":396.0,""M"":425.0,""N"":477.0,""process_wall_time_ns"":{""count"":31,""mad"":1024000,""max"":48847500,""median"":43645042,""min"":40937542,""q1"":42673145.5,""q3"":44540166.5},""q"":72.0,""target_size"":18.0},{""B"":228.0,""K"":896.0,""M"":701.0,""N"":1017.0,""process_wall_time_ns"":{""count"":31,""mad"":1055584,""max"":47594583,""median"":44104917,""min"":39525750,""q1"":43265541.5,""q3"":45273521},""q"":112.0,""target_size"":27.0},{""B"":324.0,""K"":1760.0,""M"":982.0,""N"":1929.0,""process_wall_time_ns"":{""count"":15,""mad"":1410417,""max"":62022916,""median"":45304667,""min"":39701167,""q1"":43524395.5,""q3"":46195937.5},""q"":160.0,""target_size"":40.0},{""B"":484.0,""K"":3840.0,""M"":1466.0,""N"":4089.0,""process_wall_time_ns"":{""count"":15,""mad"":745582,""max"":51798459,""median"":44532709,""min"":40517291,""q1"":44109041.5,""q3"":46478396.5},""q"":240.0,""target_size"":60.0},{""B"":724.0,""K"":8460.0,""M"":2230.0,""N"":8829.0,""process_wall_time_ns"":{""count"":15,""mad"":1164583,""max"":53922125,""median"":47056375,""min"":42785416,""q1"":45700041.5,""q3"":48131395.5},""q"":360.0,""target_size"":90.0},{""B"":1092.0,""K"":19040.0,""M"":3411.0,""N"":19593.0,""process_wall_time_ns"":{""count"":15,""mad"":1791542,""max"":56625209,""median"":52749250,""min"":50116917,""q1"":51614499.5,""q3"":54550250},""q"":544.0,""target_size"":135.0}]",,184,0,0
explicit-c0-flow,,,,,,,,,,"{""count"":184,""mad"":2777333.5,""max"":65643542,""median"":45439458.5,""min"":39372792,""q1"":43124978.75,""q3"":49131166.25}",,0,dense-conflict,,,,,,0,,,184,,184,,,distribution,,184,,"[{""B"":68.0,""K"":96.0,""M"":354.0,""N"":137.0,""process_wall_time_ns"":{""count"":31,""mad"":2655042,""max"":52985750,""median"":46558083,""min"":39372792,""q1"":42560666.5,""q3"":48964479},""q"":32.0,""target_size"":8.0},{""B"":100.0,""K"":192.0,""M"":674.0,""N"":249.0,""process_wall_time_ns"":{""count"":31,""mad"":945957,""max"":46313958,""median"":43147041,""min"":39929584,""q1"":42211354.5,""q3"":44102125},""q"":48.0,""target_size"":12.0},{""B"":148.0,""K"":396.0,""M"":1334.0,""N"":477.0,""process_wall_time_ns"":{""count"":31,""mad"":1297499,""max"":51455625,""median"":43928583,""min"":41692917,""q1"":42717042,""q3"":45039583},""q"":72.0,""target_size"":18.0},{""B"":228.0,""K"":896.0,""M"":2914.0,""N"":1017.0,""process_wall_time_ns"":{""count"":31,""mad"":1538166,""max"":48816500,""median"":44770125,""min"":41175500,""q1"":43505437,""q3"":46270604},""q"":112.0,""target_size"":27.0},{""B"":324.0,""K"":1760.0,""M"":5602.0,""N"":1929.0,""process_wall_time_ns"":{""count"":15,""mad"":1360875,""max"":49083500,""median"":45547792,""min"":41561875,""q1"":43468854,""q3"":46312333.5},""q"":160.0,""target_size"":40.0},{""B"":484.0,""K"":3840.0,""M"":12002.0,""N"":4089.0,""process_wall_time_ns"":{""count"":15,""mad"":2063333,""max"":54544917,""median"":49262834,""min"":44228875,""q1"":47349208,""q3"":50905958.5},""q"":240.0,""target_size"":60.0},{""B"":724.0,""K"":8460.0,""M"":26102.0,""N"":8829.0,""process_wall_time_ns"":{""count"":15,""mad"":1379834,""max"":56498291,""median"":51473167,""min"":49787500,""q1"":50379416.5,""q3"":53699958.5},""q"":360.0,""target_size"":90.0},{""B"":1092.0,""K"":19040.0,""M"":58210.0,""N"":19593.0,""process_wall_time_ns"":{""count"":15,""mad"":1449834,""max"":65643542,""median"":62871125,""min"":58730709,""q1"":60910750.5,""q3"":64115896},""q"":544.0,""target_size"":135.0}]",,184,0,0
exact-cover-oracle,,,,,,,,,,,,0,dense-conflict,,,,,,0,,,184,,184,,,distribution,,0,,[],,0,0,184
compact-mrd,,,,,,,,,,"{""count"":184,""mad"":1415896,""max"":71365958,""median"":43278854,""min"":38778416,""q1"":41878916.25,""q3"":44741583.25}",,0,sparse-conflict,,,,,,0,,,184,,184,,,distribution,,184,,"[{""B"":36.0,""K"":null,""M"":14.0,""N"":69.0,""process_wall_time_ns"":{""count"":31,""mad"":1120292,""max"":48877750,""median"":43712250,""min"":40002833,""q1"":42721375,""q3"":44899916.5},""q"":6.0,""target_size"":8.0},{""B"":52.0,""K"":null,""M"":22.0,""N"":101.0,""process_wall_time_ns"":{""count"":31,""mad"":933709,""max"":47765250,""median"":43612500,""min"":40925792,""q1"":42882250.5,""q3"":44853416.5},""q"":10.0,""target_size"":12.0},{""B"":76.0,""K"":null,""M"":34.0,""N"":149.0,""process_wall_time_ns"":{""count"":31,""mad"":991292,""max"":46829875,""median"":44286167,""min"":40946125,""q1"":43352229,""q3"":45395562.5},""q"":16.0,""target_size"":18.0},{""B"":112.0,""K"":null,""M"":52.0,""N"":221.0,""process_wall_time_ns"":{""count"":31,""mad"":1920917,""max"":50085250,""median"":43537250,""min"":39891875,""q1"":41922896,""q3"":45675792},""q"":25.0,""target_size"":27.0},{""B"":164.0,""K"":null,""M"":78.0,""N"":325.0,""process_wall_time_ns"":{""count"":15,""mad"":866126,""max"":71365958,""median"":42640334,""min"":40300375,""q1"":41457937.5,""q3"":43022833.5},""q"":38.0,""target_size"":40.0},{""B"":244.0,""K"":null,""M"":118.0,""N"":485.0,""process_wall_time_ns"":{""count"":15,""mad"":1607583,""max"":44094709,""median"":41308375,""min"":38778416,""q1"":39955604,""q3"":43034500},""q"":58.0,""target_size"":60.0},{""B"":364.0,""K"":null,""M"":178.0,""N"":725.0,""process_wall_time_ns"":{""count"":15,""mad"":300167,""max"":50225833,""median"":41508584,""min"":40465125,""q1"":41196708.5,""q3"":41639958},""q"":88.0,""target_size"":90.0},{""B"":544.0,""K"":null,""M"":268.0,""N"":1085.0,""process_wall_time_ns"":{""count"":15,""mad"":731958,""max"":45499750,""median"":42423833,""min"":40882833,""q1"":42028875,""q3"":43330729},""q"":133.0,""target_size"":135.0}]",,184,0,0
explicit-hopcroft-karp,,,,,,,,,,"{""count"":184,""mad"":1567230,""max"":77222084,""median"":43258749.5,""min"":38566375,""q1"":41531312.75,""q3"":44635364.75}",,0,sparse-conflict,,,,,,0,,,184,,184,,,distribution,,184,,"[{""B"":36.0,""K"":null,""M"":14.0,""N"":69.0,""process_wall_time_ns"":{""count"":31,""mad"":883125,""max"":47664041,""median"":43658542,""min"":40178333,""q1"":42858875,""q3"":44642604},""q"":6.0,""target_size"":8.0},{""B"":52.0,""K"":null,""M"":22.0,""N"":101.0,""process_wall_time_ns"":{""count"":31,""mad"":1052333,""max"":73776625,""median"":44076583,""min"":39581625,""q1"":43582917,""q3"":45715125},""q"":10.0,""target_size"":12.0},{""B"":76.0,""K"":null,""M"":34.0,""N"":149.0,""process_wall_time_ns"":{""count"":31,""mad"":1257250,""max"":58766000,""median"":44230292,""min"":38566375,""q1"":42610208.5,""q3"":45035312.5},""q"":16.0,""target_size"":18.0},{""B"":112.0,""K"":null,""M"":52.0,""N"":221.0,""process_wall_time_ns"":{""count"":31,""mad"":1566541,""max"":77222084,""median"":42216333,""min"":39678792,""q1"":40943250.5,""q3"":44431458.5},""q"":25.0,""target_size"":27.0},{""B"":164.0,""K"":null,""M"":78.0,""N"":325.0,""process_wall_time_ns"":{""count"":15,""mad"":1427209,""max"":59442834,""median"":42537916,""min"":40614834,""q1"":41521229.5,""q3"":44058458},""q"":38.0,""target_size"":40.0},{""B"":244.0,""K"":null,""M"":118.0,""N"":485.0,""process_wall_time_ns"":{""count"":15,""mad"":1234376,""max"":49092792,""median"":41472084,""min"":39705625,""q1"":40279937.5,""q3"":43556500},""q"":58.0,""target_size"":60.0},{""B"":364.0,""K"":null,""M"":178.0,""N"":725.0,""process_wall_time_ns"":{""count"":15,""mad"":377958,""max"":47146709,""median"":41372833,""min"":40232750,""q1"":41036729,""q3"":41780937},""q"":88.0,""target_size"":90.0},{""B"":544.0,""K"":null,""M"":268.0,""N"":1085.0,""process_wall_time_ns"":{""count"":15,""mad"":808291,""max"":44932334,""median"":41534667,""min"":40088667,""q1"":41381021,""q3"":42806458},""q"":133.0,""target_size"":135.0}]",,184,0,0
explicit-c0-flow,,,,,,,,,,"{""count"":184,""mad"":1329333,""max"":93407000,""median"":43265812.5,""min"":38878750,""q1"":42001645.5,""q3"":44623437.5}",,0,sparse-conflict,,,,,,0,,,184,,184,,,distribution,,184,,"[{""B"":36.0,""K"":null,""M"":14.0,""N"":69.0,""process_wall_time_ns"":{""count"":31,""mad"":873917,""max"":45827750,""median"":43911667,""min"":41937417,""q1"":43028521,""q3"":44304375},""q"":6.0,""target_size"":8.0},{""B"":52.0,""K"":null,""M"":22.0,""N"":101.0,""process_wall_time_ns"":{""count"":31,""mad"":1183292,""max"":93407000,""median"":43963000,""min"":41432750,""q1"":42677729,""q3"":44844771},""q"":10.0,""target_size"":12.0},{""B"":76.0,""K"":null,""M"":34.0,""N"":149.0,""process_wall_time_ns"":{""count"":31,""mad"":1124709,""max"":76257375,""median"":43923791,""min"":38934041,""q1"":42660729.5,""q3"":44714562.5},""q"":16.0,""target_size"":18.0},{""B"":112.0,""K"":null,""M"":52.0,""N"":221.0,""process_wall_time_ns"":{""count"":31,""mad"":1619250,""max"":57803083,""median"":43050875,""min"":40091666,""q1"":42002125.5,""q3"":45800020.5},""q"":25.0,""target_size"":27.0},{""B"":164.0,""K"":null,""M"":78.0,""N"":325.0,""process_wall_time_ns"":{""count"":15,""mad"":572167,""max"":48032333,""median"":42398458,""min"":40656792,""q1"":42088250,""q3"":42995583.5},""q"":38.0,""target_size"":40.0},{""B"":244.0,""K"":null,""M"":118.0,""N"":485.0,""process_wall_time_ns"":{""count"":15,""mad"":2313250,""max"":54960792,""median"":41343750,""min"":38878750,""q1"":40510896,""q3"":45301291.5},""q"":58.0,""target_size"":60.0},{""B"":364.0,""K"":null,""M"":178.0,""N"":725.0,""process_wall_time_ns"":{""count"":15,""mad"":708375,""max"":55311167,""median"":41796583,""min"":40820583,""q1"":41158521,""q3"":42560479.5},""q"":88.0,""target_size"":90.0},{""B"":544.0,""K"":null,""M"":268.0,""N"":1085.0,""process_wall_time_ns"":{""count"":15,""mad"":1007209,""max"":53259084,""median"":42586084,""min"":40613750,""q1"":41711833.5,""q3"":44142000},""q"":133.0,""target_size"":135.0}]",,184,0,0
exact-cover-oracle,,,,,,,,,,,,0,sparse-conflict,,,,,,0,,,184,,184,,,distribution,,0,,[],,0,0,184
compact-mrd,,,,,,,,,,"{""count"":184,""mad"":1791041.5,""max"":89930750,""median"":42045666.5,""min"":38289583,""q1"":40724615,""q3"":45378260.25}",,0,comb-staircase,,,,,,0,,,184,,184,,,distribution,,184,,"[{""B"":34.0,""K"":null,""M"":16.0,""N"":81.0,""process_wall_time_ns"":{""count"":31,""mad"":692500,""max"":58043333,""median"":40621583,""min"":39040208,""q1"":40006083.5,""q3"":41585062.5},""q"":7.0,""target_size"":8.0},{""B"":50.0,""K"":null,""M"":24.0,""N"":169.0,""process_wall_time_ns"":{""count"":31,""mad"":623875,""max"":45432417,""median"":41326750,""min"":38289583,""q1"":40715521,""q3"":41897166.5},""q"":11.0,""target_size"":12.0},{""B"":74.0,""K"":null,""M"":36.0,""N"":361.0,""process_wall_time_ns"":{""count"":31,""mad"":723458,""max"":46939750,""median"":41141875,""min"":38407917,""q1"":40649458.5,""q3"":42861103.5},""q"":17.0,""target_size"":18.0},{""B"":56.0,""K"":null,""M"":null,""N"":378.0,""process_wall_time_ns"":{""count"":31,""mad"":1181584,""max"":47695208,""median"":41315834,""min"":39565416,""q1"":40742292,""q3"":43245645.5},""q"":null,""target_size"":27.0},{""B"":162.0,""K"":null,""M"":80.0,""N"":1681.0,""process_wall_time_ns"":{""count"":15,""mad"":1434958,""max"":48028333,""median"":43050625,""min"":40050292,""q1"":41885875,""q3"":44879395.5},""q"":39.0,""target_size"":40.0},{""B"":242.0,""K"":null,""M"":120.0,""N"":3721.0,""process_wall_time_ns"":{""count"":15,""mad"":1162167,""max"":52594334,""median"":47892833,""min"":44860917,""q1"":46923104,""q3"":48980458.5},""q"":59.0,""target_size"":60.0},{""B"":362.0,""K"":null,""M"":180.0,""N"":8281.0,""process_wall_time_ns"":{""count"":15,""mad"":1319458,""max"":89930750,""median"":55960083,""min"":53076875,""q1"":54820083.5,""q3"":60971812.5},""q"":89.0,""target_size"":90.0},{""B"":272.0,""K"":null,""M"":null,""N"":9180.0,""process_wall_time_ns"":{""count"":15,""mad"":497625,""max"":50712959,""median"":45840542,""min"":43672459,""q1"":45420125,""q3"":46362666.5},""q"":null,""target_size"":135.0}]",,184,0,0
explicit-hopcroft-karp,,,,,,,,,,"{""count"":184,""mad"":1733125,""max"":79322541,""median"":42331729,""min"":38451250,""q1"":40964124.75,""q3"":45778062}",,0,comb-staircase,,,,,,0,,,184,,184,,,distribution,,184,,"[{""B"":34.0,""K"":null,""M"":16.0,""N"":81.0,""process_wall_time_ns"":{""count"":31,""mad"":599958,""max"":43144000,""median"":40960125,""min"":39210959,""q1"":40336999.5,""q3"":41548166.5},""q"":7.0,""target_size"":8.0},{""B"":50.0,""K"":null,""M"":24.0,""N"":169.0,""process_wall_time_ns"":{""count"":31,""mad"":911624,""max"":47663958,""median"":41284833,""min"":38451250,""q1"":40382542,""q3"":42278145.5},""q"":11.0,""target_size"":12.0},{""B"":74.0,""K"":null,""M"":36.0,""N"":361.0,""process_wall_time_ns"":{""count"":31,""mad"":716208,""max"":44726292,""median"":41613000,""min"":39642334,""q1"":41057708.5,""q3"":42415604},""q"":17.0,""target_size"":18.0},{""B"":56.0,""K"":null,""M"":null,""N"":378.0,""process_wall_time_ns"":{""count"":31,""mad"":927916,""max"":64541708,""median"":41459375,""min"":38531500,""q1"":40949708.5,""q3"":42728396},""q"":null,""target_size"":27.0},{""B"":162.0,""K"":null,""M"":80.0,""N"":1681.0,""process_wall_time_ns"":{""count"":15,""mad"":1328250,""max"":48549625,""median"":43679792,""min"":40742083,""q1"":42762229,""q3"":45253604},""q"":39.0,""target_size"":40.0},{""B"":242.0,""K"":null,""M"":120.0,""N"":3721.0,""process_wall_time_ns"":{""count"":15,""mad"":1114625,""max"":79322541,""median"":48164333,""min"":44136583,""q1"":46871895.5,""q3"":48823166.5},""q"":59.0,""target_size"":60.0},{""B"":362.0,""K"":null,""M"":180.0,""N"":8281.0,""process_wall_time_ns"":{""count"":15,""mad"":1197459,""max"":74668208,""median"":54064000,""min"":52489417,""q1"":53368187.5,""q3"":55816875},""q"":89.0,""target_size"":90.0},{""B"":272.0,""K"":null,""M"":null,""N"":9180.0,""process_wall_time_ns"":{""count"":15,""mad"":657416,""max"":47970625,""median"":45979792,""min"":43711166,""q1"":45779083,""q3"":46901562.5},""q"":null,""target_size"":135.0}]",,184,0,0
explicit-c0-flow,,,,,,,,,,"{""count"":184,""mad"":1824208.5,""max"":63395583,""median"":42325375,""min"":38185708,""q1"":40884552,""q3"":45683854.5}",,0,comb-staircase,,,,,,0,,,184,,184,,,distribution,,184,,"[{""B"":34.0,""K"":null,""M"":16.0,""N"":81.0,""process_wall_time_ns"":{""count"":31,""mad"":755958,""max"":44900083,""median"":40836458,""min"":38346417,""q1"":40213208.5,""q3"":42481125},""q"":7.0,""target_size"":8.0},{""B"":50.0,""K"":null,""M"":24.0,""N"":169.0,""process_wall_time_ns"":{""count"":31,""mad"":824417,""max"":47595291,""median"":41200625,""min"":38387958,""q1"":40539895.5,""q3"":42685833},""q"":11.0,""target_size"":12.0},{""B"":74.0,""K"":null,""M"":36.0,""N"":361.0,""process_wall_time_ns"":{""count"":31,""mad"":580291,""max"":43835083,""median"":41016000,""min"":38185708,""q1"":40585708.5,""q3"":41869395.5},""q"":17.0,""target_size"":18.0},{""B"":56.0,""K"":null,""M"":null,""N"":378.0,""process_wall_time_ns"":{""count"":31,""mad"":877500,""max"":50977042,""median"":41829667,""min"":40242917,""q1"":40993354.5,""q3"":42754708.5},""q"":null,""target_size"":27.0},{""B"":162.0,""K"":null,""M"":80.0,""N"":1681.0,""process_wall_time_ns"":{""count"":15,""mad"":825792,""max"":47374125,""median"":43998500,""min"":40457833,""q1"":43189979,""q3"":44726146},""q"":39.0,""target_size"":40.0},{""B"":242.0,""K"":null,""M"":120.0,""N"":3721.0,""process_wall_time_ns"":{""count"":15,""mad"":971876,""max"":51296584,""median"":47689917,""min"":45344250,""q1"":46986208,""q3"":48361562.5},""q"":59.0,""target_size"":60.0},{""B"":362.0,""K"":null,""M"":180.0,""N"":8281.0,""process_wall_time_ns"":{""count"":15,""mad"":1776708,""max"":63395583,""median"":54630958,""min"":51578708,""q1"":53648812,""q3"":56643583},""q"":89.0,""target_size"":90.0},{""B"":272.0,""K"":null,""M"":null,""N"":9180.0,""process_wall_time_ns"":{""count"":15,""mad"":609541,""max"":48727500,""median"":46385917,""min"":43969250,""q1"":45836458.5,""q3"":46971979},""q"":null,""target_size"":135.0}]",,184,0,0
exact-cover-oracle,,,,,,,,,,,,0,comb-staircase,,,,,,0,,,184,,184,,,distribution,,0,,[],,0,0,184
compact-mrd,,,,,,,,,,"{""count"":184,""mad"":901479,""max"":87390250,""median"":41397750,""min"":37718250,""q1"":40570666.75,""q3"":42409114.75}",,0,supported-holes,,,,,,0,,,184,,184,,,distribution,,184,,"[{""B"":36.0,""K"":null,""M"":30.0,""N"":139.0,""process_wall_time_ns"":{""count"":31,""mad"":676708,""max"":87390250,""median"":41883000,""min"":37740458,""q1"":41280271,""q3"":42813979},""q"":14.0,""target_size"":8.0},{""B"":52.0,""K"":null,""M"":46.0,""N"":191.0,""process_wall_time_ns"":{""count"":31,""mad"":632334,""max"":43655292,""median"":40932584,""min"":37718250,""q1"":40366125,""q3"":41600541.5},""q"":22.0,""target_size"":12.0},{""B"":76.0,""K"":null,""M"":70.0,""N"":269.0,""process_wall_time_ns"":{""count"":31,""mad"":506333,""max"":85721500,""median"":41068125,""min"":38500459,""q1"":40567708.5,""q3"":41726791.5},""q"":34.0,""target_size"":18.0},{""B"":112.0,""K"":null,""M"":106.0,""N"":386.0,""process_wall_time_ns"":{""count"":31,""mad"":1136084,""max"":43955500,""median"":40521083,""min"":38028667,""q1"":39640687.5,""q3"":41896250},""q"":52.0,""target_size"":27.0},{""B"":164.0,""K"":null,""M"":158.0,""N"":555.0,""process_wall_time_ns"":{""count"":15,""mad"":567376,""max"":43017208,""median"":41473709,""min"":38940541,""q1"":40946770.5,""q3"":42130666.5},""q"":78.0,""target_size"":40.0},{""B"":244.0,""K"":null,""M"":238.0,""N"":815.0,""process_wall_time_ns"":{""count"":15,""mad"":420500,""max"":44754417,""median"":41501416,""min"":41049292,""q1"":41147833,""q3"":42591333},""q"":118.0,""target_size"":60.0},{""B"":364.0,""K"":null,""M"":358.0,""N"":1205.0,""process_wall_time_ns"":{""count"":15,""mad"":717584,""max"":46173083,""median"":41503917,""min"":38560250,""q1"":40841583.5,""q3"":42157500},""q"":178.0,""target_size"":90.0},{""B"":544.0,""K"":null,""M"":538.0,""N"":1790.0,""process_wall_time_ns"":{""count"":15,""mad"":1102209,""max"":47594875,""median"":42524333,""min"":40015666,""q1"":41745333,""q3"":43767958.5},""q"":268.0,""target_size"":135.0}]",,184,0,0
explicit-hopcroft-karp,,,,,,,,,,"{""count"":184,""mad"":1008167,""max"":91205791,""median"":41438041,""min"":37376709,""q1"":40540104,""q3"":42499437.75}",,0,supported-holes,,,,,,0,,,184,,184,,,distribution,,184,,"[{""B"":36.0,""K"":null,""M"":30.0,""N"":139.0,""process_wall_time_ns"":{""count"":31,""mad"":1221958,""max"":47724083,""median"":41758834,""min"":37376709,""q1"":41142271,""q3"":42982792},""q"":14.0,""target_size"":8.0},{""B"":52.0,""K"":null,""M"":46.0,""N"":191.0,""process_wall_time_ns"":{""count"":31,""mad"":943208,""max"":86966583,""median"":41312291,""min"":37582042,""q1"":40455791.5,""q3"":42470958.5},""q"":22.0,""target_size"":12.0},{""B"":76.0,""K"":null,""M"":70.0,""N"":269.0,""process_wall_time_ns"":{""count"":31,""mad"":676125,""max"":47762250,""median"":41219333,""min"":39498125,""q1"":40643750,""q3"":42034625},""q"":34.0,""target_size"":18.0},{""B"":112.0,""K"":null,""M"":106.0,""N"":386.0,""process_wall_time_ns"":{""count"":31,""mad"":869709,""max"":43993167,""median"":40311541,""min"":38250417,""q1"":39667458,""q3"":41633854.5},""q"":52.0,""target_size"":27.0},{""B"":164.0,""K"":null,""M"":158.0,""N"":555.0,""process_wall_time_ns"":{""count"":15,""mad"":678832,""max"":91205791,""median"":41459791,""min"":37763208,""q1"":40842875.5,""q3"":42284020.5},""q"":78.0,""target_size"":40.0},{""B"":244.0,""K"":null,""M"":238.0,""N"":815.0,""process_wall_time_ns"":{""count"":15,""mad"":366251,""max"":43339375,""median"":41439416,""min"":40792792,""q1"":41050916.5,""q3"":41794562.5},""q"":118.0,""target_size"":60.0},{""B"":364.0,""K"":null,""M"":358.0,""N"":1205.0,""process_wall_time_ns"":{""count"":15,""mad"":1333834,""max"":51657875,""median"":42432709,""min"":39053875,""q1"":40991979,""q3"":43139208},""q"":178.0,""target_size"":90.0},{""B"":544.0,""K"":null,""M"":538.0,""N"":1790.0,""process_wall_time_ns"":{""count"":15,""mad"":1132958,""max"":62828291,""median"":42656833,""min"":39187709,""q1"":41641208.5,""q3"":44279333},""q"":268.0,""target_size"":135.0}]",,184,0,0
explicit-c0-flow,,,,,,,,,,"{""count"":184,""mad"":829229,""max"":46955417,""median"":41695583.5,""min"":37413750,""q1"":40983854.25,""q3"":42602145.75}",,0,supported-holes,,,,,,0,,,184,,184,,,distribution,,184,,"[{""B"":36.0,""K"":null,""M"":30.0,""N"":139.0,""process_wall_time_ns"":{""count"":31,""mad"":1014126,""max"":46955417,""median"":41857458,""min"":37413750,""q1"":41058458,""q3"":43003438},""q"":14.0,""target_size"":8.0},{""B"":52.0,""K"":null,""M"":46.0,""N"":191.0,""process_wall_time_ns"":{""count"":31,""mad"":674000,""max"":44420584,""median"":41895750,""min"":38371208,""q1"":40959917,""q3"":42387250},""q"":22.0,""target_size"":12.0},{""B"":76.0,""K"":null,""M"":70.0,""N"":269.0,""process_wall_time_ns"":{""count"":31,""mad"":750083,""max"":43369417,""median"":41210833,""min"":38062292,""q1"":40869437.5,""q3"":42162729.5},""q"":34.0,""target_size"":18.0},{""B"":112.0,""K"":null,""M"":106.0,""N"":386.0,""process_wall_time_ns"":{""count"":31,""mad"":942001,""max"":45736834,""median"":40907542,""min"":38206583,""q1"":40004333.5,""q3"":42060688},""q"":52.0,""target_size"":27.0},{""B"":164.0,""K"":null,""M"":158.0,""N"":555.0,""process_wall_time_ns"":{""count"":15,""mad"":650167,""max"":43079708,""median"":41854625,""min"":40233500,""q1"":41231041.5,""q3"":42507291.5},""q"":78.0,""target_size"":40.0},{""B"":244.0,""K"":null,""M"":238.0,""N"":815.0,""process_wall_time_ns"":{""count"":15,""mad"":430291,""max"":43625167,""median"":41503666,""min"":40785541,""q1"":41206687,""q3"":42006729},""q"":118.0,""target_size"":60.0},{""B"":364.0,""K"":null,""M"":358.0,""N"":1205.0,""process_wall_time_ns"":{""count"":15,""mad"":649166,""max"":46261833,""median"":41669083,""min"":39458916,""q1"":41224354.5,""q3"":42902771},""q"":178.0,""target_size"":90.0},{""B"":544.0,""K"":null,""M"":538.0,""N"":1790.0,""process_wall_time_ns"":{""count"":15,""mad"":662666,""max"":44128167,""median"":42755417,""min"":41191500,""q1"":42478146,""q3"":43478812},""q"":268.0,""target_size"":135.0}]",,184,0,0
exact-cover-oracle,,,,,,,,,,,,0,supported-holes,,,,,,0,,,184,,184,,,distribution,,0,,[],,0,0,184
compact-mrd,,,,,,,,,,"{""count"":184,""mad"":2587666.5,""max"":120372292,""median"":43706104,""min"":38504541,""q1"":41645364.75,""q3"":52226479.5}",,0,polyomino,,,,,,0,,,184,,184,,,distribution,,184,,"[{""B"":44.0,""K"":null,""M"":null,""N"":241.0,""process_wall_time_ns"":{""count"":31,""mad"":414333,""max"":43381666,""median"":41095167,""min"":39824625,""q1"":40868375,""q3"":41836874.5},""q"":null,""target_size"":8.0},{""B"":60.0,""K"":null,""M"":null,""N"":449.0,""process_wall_time_ns"":{""count"":31,""mad"":558750,""max"":43783291,""median"":41387875,""min"":38504541,""q1"":40862812.5,""q3"":42144729.5},""q"":null,""target_size"":12.0},{""B"":84.0,""K"":null,""M"":null,""N"":881.0,""process_wall_time_ns"":{""count"":31,""mad"":851458,""max"":56436583,""median"":42828833,""min"":39605292,""q1"":42125604,""q3"":43800083},""q"":null,""target_size"":18.0},{""B"":120.0,""K"":null,""M"":null,""N"":1799.0,""process_wall_time_ns"":{""count"":31,""mad"":731541,""max"":51125625,""median"":44356833,""min"":41534833,""q1"":43665896,""q3"":45154229},""q"":null,""target_size"":27.0},{""B"":172.0,""K"":null,""M"":null,""N"":3697.0,""process_wall_time_ns"":{""count"":15,""mad"":624916,""max"":52123292,""median"":47987208,""min"":46014958,""q1"":47489687.5,""q3"":48820437.5},""q"":null,""target_size"":40.0},{""B"":252.0,""K"":null,""M"":null,""N"":7937.0,""process_wall_time_ns"":{""count"":15,""mad"":848666,""max"":57504083,""median"":54351541,""min"":52536042,""q1"":53558687.5,""q3"":55223500},""q"":null,""target_size"":60.0},{""B"":372.0,""K"":null,""M"":null,""N"":17297.0,""process_wall_time_ns"":{""count"":15,""mad"":1120083,""max"":75515000,""median"":72683209,""min"":70351042,""q1"":71464958,""q3"":73631583.5},""q"":null,""target_size"":90.0},{""B"":552.0,""K"":null,""M"":null,""N"":38087.0,""process_wall_time_ns"":{""count"":15,""mad"":3049666,""max"":120372292,""median"":114839250,""min"":108137333,""q1"":112587729,""q3"":118407999.5},""q"":null,""target_size"":135.0}]",,184,0,0
explicit-hopcroft-karp,,,,,,,,,,"{""count"":184,""mad"":2423146,""max"":121231250,""median"":43617833.5,""min"":38265625,""q1"":41765072.25,""q3"":49864187.75}",,0,polyomino,,,,,,0,,,184,,184,,,distribution,,184,,"[{""B"":44.0,""K"":null,""M"":null,""N"":241.0,""process_wall_time_ns"":{""count"":31,""mad"":481250,""max"":44444083,""median"":41159708,""min"":38545875,""q1"":40715229,""q3"":42197667},""q"":null,""target_size"":8.0},{""B"":60.0,""K"":null,""M"":null,""N"":449.0,""process_wall_time_ns"":{""count"":31,""mad"":908166,""max"":44673875,""median"":41978875,""min"":38265625,""q1"":41265916.5,""q3"":42897083},""q"":null,""target_size"":12.0},{""B"":84.0,""K"":null,""M"":null,""N"":881.0,""process_wall_time_ns"":{""count"":31,""mad"":889083,""max"":45061250,""median"":42817292,""min"":39343833,""q1"":41737728.5,""q3"":43458896},""q"":null,""target_size"":18.0},{""B"":120.0,""K"":null,""M"":null,""N"":1799.0,""process_wall_time_ns"":{""count"":31,""mad"":943750,""max"":53584166,""median"":44373500,""min"":40653042,""q1"":43318333.5,""q3"":45045416.5},""q"":null,""target_size"":27.0},{""B"":172.0,""K"":null,""M"":null,""N"":3697.0,""process_wall_time_ns"":{""count"":15,""mad"":464041,""max"":48747417,""median"":47306250,""min"":44215250,""q1"":46974104,""q3"":47779583},""q"":null,""target_size"":40.0},{""B"":252.0,""K"":null,""M"":null,""N"":7937.0,""process_wall_time_ns"":{""count"":15,""mad"":725459,""max"":57135500,""median"":53964459,""min"":52788125,""q1"":53583562,""q3"":56012979.5},""q"":null,""target_size"":60.0},{""B"":372.0,""K"":null,""M"":null,""N"":17297.0,""process_wall_time_ns"":{""count"":15,""mad"":1543667,""max"":87168167,""median"":71938083,""min"":70173500,""q1"":70949833,""q3"":73630729},""q"":null,""target_size"":90.0},{""B"":552.0,""K"":null,""M"":null,""N"":38087.0,""process_wall_time_ns"":{""count"":15,""mad"":3181041,""max"":121231250,""median"":114680459,""min"":109105000,""q1"":111034021.5,""q3"":116135854},""q"":null,""target_size"":135.0}]",,184,0,0
explicit-c0-flow,,,,,,,,,,"{""count"":184,""mad"":2280979,""max"":121058167,""median"":43435854,""min"":38745209,""q1"":41865104.25,""q3"":52889343.5}",,0,polyomino,,,,,,0,,,184,,184,,,distribution,,184,,"[{""B"":44.0,""K"":null,""M"":null,""N"":241.0,""process_wall_time_ns"":{""count"":31,""mad"":527167,""max"":84089208,""median"":41197125,""min"":40195291,""q1"":40679520.5,""q3"":41704312.5},""q"":null,""target_size"":8.0},{""B"":60.0,""K"":null,""M"":null,""N"":449.0,""process_wall_time_ns"":{""count"":31,""mad"":809292,""max"":43727125,""median"":42069750,""min"":38745209,""q1"":41241708,""q3"":42637750.5},""q"":null,""target_size"":12.0},{""B"":84.0,""K"":null,""M"":null,""N"":881.0,""process_wall_time_ns"":{""count"":31,""mad"":464875,""max"":44507791,""median"":42197667,""min"":39161250,""q1"":41913146,""q3"":43355041.5},""q"":null,""target_size"":18.0},{""B"":120.0,""K"":null,""M"":null,""N"":1799.0,""process_wall_time_ns"":{""count"":31,""mad"":814749,""max"":52702583,""median"":44103584,""min"":40556042,""q1"":43416208,""q3"":45079749.5},""q"":null,""target_size"":27.0},{""B"":172.0,""K"":null,""M"":null,""N"":3697.0,""process_wall_time_ns"":{""count"":15,""mad"":708874,""max"":49359083,""median"":47575416,""min"":46143834,""q1"":46935146,""q3"":48481521},""q"":null,""target_size"":40.0},{""B"":252.0,""K"":null,""M"":null,""N"":7937.0,""process_wall_time_ns"":{""count"":15,""mad"":859209,""max"":76191916,""median"":54598084,""min"":53449625,""q1"":53731791.5,""q3"":55275541.5},""q"":null,""target_size"":60.0},{""B"":372.0,""K"":null,""M"":null,""N"":17297.0,""process_wall_time_ns"":{""count"":15,""mad"":1323041,""max"":82688584,""median"":73074042,""min"":70083375,""q1"":71607521,""q3"":74118083},""q"":null,""target_size"":90.0},{""B"":552.0,""K"":null,""M"":null,""N"":38087.0,""process_wall_time_ns"":{""count"":15,""mad"":3643375,""max"":121058167,""median"":113829750,""min"":109276958,""q1"":110290958,""q3"":117170374.5},""q"":null,""target_size"":135.0}]",,184,0,0
exact-cover-oracle,,,,,,,,,,,,0,polyomino,,,,,,0,,,184,,184,,,distribution,,0,,[],,0,0,184
compact-mrd,,,,,,,,,,"{""count"":184,""mad"":8134333,""max"":553571959,""median"":52949729.5,""min"":41736709,""q1"":46551208.25,""q3"":83747468.5}",,0,representation-crossover,,,,,,0,,,184,,184,,,distribution,,184,,"[{""B"":132.0,""K"":256.0,""M"":99.0,""N"":4596.0,""process_wall_time_ns"":{""count"":31,""mad"":1084625,""max"":47295541,""median"":44274500,""min"":41736709,""q1"":43384020.5,""q3"":45564583.5},""q"":32.0,""target_size"":8.0},{""B"":196.0,""K"":576.0,""M"":147.0,""N"":8956.0,""process_wall_time_ns"":{""count"":31,""mad"":807833,""max"":49187708,""median"":46014208,""min"":44730750,""q1"":45266771,""q3"":46949375},""q"":48.0,""target_size"":12.0},{""B"":292.0,""K"":1296.0,""M"":219.0,""N"":18196.0,""process_wall_time_ns"":{""count"":31,""mad"":605625,""max"":53347125,""median"":49764500,""min"":48941458,""q1"":49359000,""q3"":51025791.5},""q"":72.0,""target_size"":18.0},{""B"":436.0,""K"":2916.0,""M"":327.0,""N"":38131.0,""process_wall_time_ns"":{""count"":31,""mad"":1486000,""max"":75025958,""median"":60602792,""min"":58390417,""q1"":59186562.5,""q3"":61946292},""q"":108.0,""target_size"":27.0},{""B"":644.0,""K"":6400.0,""M"":483.0,""N"":79796.0,""process_wall_time_ns"":{""count"":15,""mad"":1247459,""max"":84674875,""median"":80710083,""min"":78768334,""q1"":79840729.5,""q3"":82062167},""q"":160.0,""target_size"":40.0},{""B"":964.0,""K"":14400.0,""M"":723.0,""N"":173596.0,""process_wall_time_ns"":{""count"":15,""mad"":1894208,""max"":138007833,""median"":127911708,""min"":124919833,""q1"":125915187.5,""q3"":129676062},""q"":240.0,""target_size"":60.0},{""B"":1444.0,""K"":32400.0,""M"":1083.0,""N"":381796.0,""process_wall_time_ns"":{""count"":15,""mad"":2283958,""max"":244931125,""median"":237024666,""min"":233024334,""q1"":236096208,""q3"":240144729},""q"":360.0,""target_size"":90.0},{""B"":2164.0,""K"":72900.0,""M"":1623.0,""N"":845971.0,""process_wall_time_ns"":{""count"":15,""mad"":20298334,""max"":553571959,""median"":497648042,""min"":472034750,""q1"":473416042,""q3"":507612541.5},""q"":540.0,""target_size"":135.0}]",,184,0,0
explicit-hopcroft-karp,,,,,,,,,,"{""count"":184,""mad"":8497937.5,""max"":555664334,""median"":53455396,""min"":41166042,""q1"":46492208.75,""q3"":84460729.25}",,0,representation-crossover,,,,,,0,,,184,,184,,,distribution,,184,,"[{""B"":132.0,""K"":256.0,""M"":99.0,""N"":4596.0,""process_wall_time_ns"":{""count"":31,""mad"":1009709,""max"":51662250,""median"":44145209,""min"":41166042,""q1"":43235854,""q3"":45520146},""q"":32.0,""target_size"":8.0},{""B"":196.0,""K"":576.0,""M"":147.0,""N"":8956.0,""process_wall_time_ns"":{""count"":31,""mad"":691542,""max"":49344459,""median"":46258458,""min"":44428125,""q1"":45616604,""q3"":47144396},""q"":48.0,""target_size"":12.0},{""B"":292.0,""K"":1296.0,""M"":219.0,""N"":18196.0,""process_wall_time_ns"":{""count"":31,""mad"":861209,""max"":54160208,""median"":50423667,""min"":48530166,""q1"":49647437.5,""q3"":51526083},""q"":72.0,""target_size"":18.0},{""B"":436.0,""K"":2916.0,""M"":327.0,""N"":38131.0,""process_wall_time_ns"":{""count"":31,""mad"":957292,""max"":83681417,""median"":60971250,""min"":55310000,""q1"":59752521,""q3"":61871521},""q"":108.0,""target_size"":27.0},{""B"":644.0,""K"":6400.0,""M"":483.0,""N"":79796.0,""process_wall_time_ns"":{""count"":15,""mad"":1539167,""max"":84673292,""median"":80421125,""min"":78284959,""q1"":79573771,""q3"":82405249.5},""q"":160.0,""target_size"":40.0},{""B"":964.0,""K"":14400.0,""M"":723.0,""N"":173596.0,""process_wall_time_ns"":{""count"":15,""mad"":1417459,""max"":134836500,""median"":130668917,""min"":125642375,""q1"":129188729,""q3"":131709791.5},""q"":240.0,""target_size"":60.0},{""B"":1444.0,""K"":32400.0,""M"":1083.0,""N"":381796.0,""process_wall_time_ns"":{""count"":15,""mad"":2529000,""max"":252207917,""median"":241676500,""min"":236677791,""q1"":239171291.5,""q3"":244816375},""q"":360.0,""target_size"":90.0},{""B"":2164.0,""K"":72900.0,""M"":1623.0,""N"":845971.0,""process_wall_time_ns"":{""count"":15,""mad"":22386375,""max"":555664334,""median"":504660250,""min"":474303667,""q1"":479286521,""q3"":512408270.5},""q"":540.0,""target_size"":135.0}]",,184,0,0
explicit-c0-flow,,,,,,,,,,"{""count"":184,""mad"":10343125.5,""max"":549367917,""median"":55636375,""min"":41188917,""q1"":46214510.25,""q3"":86213083.5}",,0,representation-crossover,,,,,,0,,,184,,184,,,distribution,,184,,"[{""B"":132.0,""K"":256.0,""M"":834.0,""N"":4596.0,""process_wall_time_ns"":{""count"":31,""mad"":883416,""max"":47160708,""median"":44119625,""min"":41188917,""q1"":43263500,""q3"":45338291.5},""q"":32.0,""target_size"":8.0},{""B"":196.0,""K"":576.0,""M"":1826.0,""N"":8956.0,""process_wall_time_ns"":{""count"":31,""mad"":724043,""max"":53823875,""median"":45951334,""min"":42736541,""q1"":45353125,""q3"":47690979},""q"":48.0,""target_size"":12.0},{""B"":292.0,""K"":1296.0,""M"":4034.0,""N"":18196.0,""process_wall_time_ns"":{""count"":31,""mad"":851375,""max"":57448875,""median"":50933000,""min"":49643709,""q1"":50316646,""q3"":52178479},""q"":72.0,""target_size"":18.0},{""B"":436.0,""K"":2916.0,""M"":8966.0,""N"":38131.0,""process_wall_time_ns"":{""count"":31,""mad"":1578375,""max"":86798208,""median"":62463375,""min"":59893500,""q1"":60833479,""q3"":63954875},""q"":108.0,""target_size"":27.0},{""B"":644.0,""K"":6400.0,""M"":19522.0,""N"":79796.0,""process_wall_time_ns"":{""count"":15,""mad"":1171042,""max"":86018042,""median"":83409292,""min"":80957250,""q1"":82356187.5,""q3"":84887874.5},""q"":160.0,""target_size"":40.0},{""B"":964.0,""K"":14400.0,""M"":43682.0,""N"":173596.0,""process_wall_time_ns"":{""count"":15,""mad"":1412749,""max"":143859250,""median"":135683083,""min"":132059458,""q1"":134237813,""q3"":136316250},""q"":240.0,""target_size"":60.0},{""B"":1444.0,""K"":32400.0,""M"":97922.0,""N"":381796.0,""process_wall_time_ns"":{""count"":15,""mad"":2530209,""max"":319316000,""median"":258110834,""min"":252856083,""q1"":255597125,""q3"":260895541.5},""q"":360.0,""target_size"":90.0},{""B"":2164.0,""K"":72900.0,""M"":219782.0,""N"":845971.0,""process_wall_time_ns"":{""count"":15,""mad"":12506334,""max"":549367917,""median"":536861583,""min"":511907125,""q1"":515858187.5,""q3"":543757312.5},""q"":540.0,""target_size"":135.0}]",,184,0,0
exact-cover-oracle,,,,,,,,,,,,0,representation-crossover,,,,,,0,,,184,,184,,,distribution,,0,,[],,0,0,184
,,,,"[1.0001320543469958,1.0058095470936985]",10000,20260804,,,compact-mrd / explicit-hopcroft-karp process wall time,,,,random-connected,,,0.9995739955119166,,,,1.0028181829254783,"{""8"":1.0091533576987781,""12"":1.0026079503501106,""18"":1.0026751934684215,""27"":1.0031190935410716,""40"":0.9964573653061907,""60"":1.007323571320923,""90"":0.9988932938182974,""135"":1.023992864425262}",,184,,,"{""count"":184,""mad"":0.013272771041399789,""max"":1.128277073116681,""median"":1.0028181829254783,""min"":0.7469889425502024,""q1"":0.9894070055311917,""q3"":1.0155418494799175}",paired,,,,,,,,
,,,,"[0.9979047384983625,1.0166970859115139]",10000,20260804,,,compact-mrd / explicit-hopcroft-karp process wall time,,,,dense-conflict,,,1.0036781277513573,,,,1.0082429653613074,"{""8"":0.9986883953083792,""12"":0.9940431326052604,""18"":1.0284680977458533,""27"":0.9998343619262556,""40"":0.9860596296119383,""60"":1.0527184517866426,""90"":1.0171836418867268,""135"":1.007623170548188}",,184,,,"{""count"":184,""mad"":0.0331109930703436,""max"":1.1972802018183024,""median"":1.0082429653613074,""min"":0.7022816437959899,""q1"":0.9732032758466792,""q3"":1.0403930363914222}",paired,,,,,,,,
,,,,"[0.9957182841147929,1.010875846501687]",10000,20260804,,,compact-mrd / explicit-hopcroft-karp process wall time,,,,sparse-conflict,,,0.99356082788617,,,,1.0038392614537486,"{""8"":0.9956319740791635,""12"":0.9851523634707794,""18"":1.0081040421903245,""27"":1.0109373093358516,""40"":1.0119852073286335,""60"":0.9847779924319461,""90"":1.0035358498757796,""135"":1.0197612788412185}",,184,,,"{""count"":184,""mad"":0.03446257706577499,""max"":1.6923746461421716,""median"":1.0038392614537486,""min"":0.5871597812992937,""q1"":0.9668252888106172,""q3"":1.0335251073234006}",paired,,,,,,,,
,,,,"[0.9890381846491341,1.0026373608647692]",10000,20260804,,,compact-mrd / explicit-hopcroft-karp process wall time,,,,comb-staircase,,,1.0018880283111888,,,,0.9933536692402649,"{""8"":0.99208902694257,""12"":0.9927122146769978,""18"":0.9877812769044947,""27"":1.003887541636356,""40"":0.9826245995954528,""60"":1.011438583883928,""90"":1.012851017921912,""135"":0.9913569379340684}",,184,,,"{""count"":184,""mad"":0.02745214226001036,""max"":1.71331203773896,""median"":0.9933536692402649,""min"":0.6188851413622768,""q1"":0.9714358237219216,""q3"":1.0249778224451593}",paired,,,,,,,,
,,,,"[0.9957756436304249,1.005867397445598]",10000,20260804,,,compact-mrd / explicit-hopcroft-karp process wall time,,,,supported-holes,,,1.0004243002365787,,,,0.9999879437433136,"{""8"":0.999938214638908,""12"":0.9971962368542099,""18"":0.9972795283201237,""27"":1.0017996062726209,""40"":1.0000376728477192,""60"":1.0062878755638986,""90"":0.9947069350622022,""135"":1.0121188979246485}",,184,,,"{""count"":184,""mad"":0.022043575637393287,""max"":2.1392781465131323,""median"":0.9999879437433136,""min"":0.4600763234431024,""q1"":0.9753737319906519,""q3"":1.0198981125227131}",paired,,,,,,,,
,,,,"[1.0004386106759555,1.0109932000107573]",10000,20260804,,,compact-mrd / explicit-hopcroft-karp process wall time,,,,polyomino,,,1.0022705621214074,,,,1.0067628233759072,"{""8"":1.0007964490624877,""12"":0.9930929287697203,""18"":1.0112259437661357,""27"":1.0115431056824455,""40"":1.013564972915841,""60"":0.9966173629915914,""90"":1.0161347658840696,""135"":1.0108133603341358}",,184,,,"{""count"":184,""mad"":0.01712679711751125,""max"":1.3138166591935523,""median"":1.0067628233759072,""min"":0.8156607308211161,""q1"":0.986860455493342,""q3"":1.0213235869573172}",paired,,,,,,,,
,,,,"[0.9913661241174102,1.0006855610028014]",10000,20260804,,,compact-mrd / explicit-hopcroft-karp process wall time,,,,representation-crossover,,,0.9940322291069331,,,,0.9956874697805711,"{""8"":1.0136297689374485,""12"":1.0007267871557646,""18"":0.9953601313025083,""27"":0.9964813834406715,""40"":1.0035930609028412,""60"":0.9853463293573844,""90"":0.9800610169282388,""135"":0.9909689592320867}",,184,,,"{""count"":184,""mad"":0.020600830897068767,""max"":1.2114924003862386,""median"":0.9956874697805711,""min"":0.7445699324140269,""q1"":0.9735207886999252,""q3"":1.015325565634482}",paired,,,,,60,,,
compact-mrd,0.04434009749570055,"[0.027035090728517137,0.06077427855909987]",0.04439507772928111,,10000,20260804,[],empirical-over-measured-range,,,"[{""reasons"":[""below-predeclared-fit-minimum""],""target_size"":8},{""reasons"":[""below-predeclared-fit-minimum""],""target_size"":12}]",,random-connected,"[18.0,135.0]","[18,135]",,target_size,predeclared target size,,,,,,,0.7977303322908056,,fit,"[0.015643457862744015,0.002646976827215042,-0.021056383606168794,-0.02040380700679023,0.015731945135105008,0.007437810787898513]",,6,,,,,
compact-mrd,0.04434009749570055,"[0.027035090728517137,0.06077427855909987]",0.04439507772928111,,10000,20260804,[],empirical-over-measured-range,,,"[{""reasons"":[""below-predeclared-fit-minimum""],""target_size"":8},{""reasons"":[""below-predeclared-fit-minimum""],""target_size"":12}]",,random-connected,"[18.0,135.0]","[18,135]",,N,foreground_cells_n,,,,,,,0.7977303322908056,,fit,"[0.015643457862744015,0.002646976827215042,-0.021056383606168794,-0.02040380700679023,0.015731945135105008,0.007437810787898513]",,6,,,,,
compact-mrd,0.08374181207180358,"[0.049041002066906626,0.11695329512118939]",0.07403640618717292,,10000,20260804,[],empirical-over-measured-range,,,"[{""reasons"":[""below-predeclared-fit-minimum""],""target_size"":8},{""reasons"":[""below-predeclared-fit-minimum""],""target_size"":12}]",,random-connected,"[16.0,48.0]","[18,135]",,B,boundary_size_b,,,,,,,0.8334179168311904,,fit,"[0.018899069594308315,-0.002786941521492281,-0.023052167041829108,-0.010627163894948666,0.00953256778669953,0.008034635077265762]",,6,,,,,
compact-mrd,0.06924074229852356,"[0.037615399631423414,0.09833941100381606]",0.06476512424199948,,10000,20260804,[],empirical-over-measured-range,,,"[{""reasons"":[""below-predeclared-fit-minimum""],""target_size"":8},{""reasons"":[""below-predeclared-fit-minimum""],""target_size"":12}]",,random-connected,"[4.0,14.0]","[18,135]",,q,q,,,,,,,0.7233485588207671,,fit,"[0.017336080825224087,-0.016430250344306785,-0.03195187684642775,0.0065983824201119035,0.012718471682529042,0.011729192262880161]",,6,,,,,
compact-mrd,0.03484558385698061,"[0.012769472139217463,0.05500567402826938]",0.033093646366556394,,10000,20260804,[],empirical-over-measured-range,,,"[{""reasons"":[""below-predeclared-fit-minimum""],""target_size"":8},{""reasons"":[""below-predeclared-fit-minimum""],""target_size"":12}]",,random-connected,"[3.0,20.0]","[18,135]",,K,explicit_conflict_edge_count_k,,,,,,,0.5167936735520127,,fit,"[0.0018994289815132959,-0.02264327827535695,-0.03767629001713502,0.019236435637960625,0.007244296684380203,0.0319394069886485]",,6,,,,,
compact-mrd,0.058007508927385765,"[0.02688512867275528,0.08595867512116515]",0.0564654645647092,,10000,20260804,[],empirical-over-measured-range,,,"[{""reasons"":[""below-predeclared-fit-minimum""],""target_size"":8},{""reasons"":[""below-predeclared-fit-minimum""],""target_size"":12}]",,random-connected,"[19.0,66.0]","[18,135]",,M,M = compressed network node count + compressed network arc count,,,,,,,0.6976541275157269,,fit,"[0.007079237537411132,-0.014434298183925165,-0.03442243609446649,0.01861065207813084,0.006298494279750599,0.01686835038309198]",,6,,,,,
explicit-hopcroft-karp,0.05208830862516297,"[0.03005666671803328,0.06606034419902722]",0.03838251720907008,,10000,20260804,[],empirical-over-measured-range,,,"[{""reasons"":[""below-predeclared-fit-minimum""],""target_size"":8},{""reasons"":[""below-predeclared-fit-minimum""],""target_size"":12}]",,random-connected,"[18.0,135.0]","[18,135]",,target_size,predeclared target size,,,,,,,0.6534170082648194,,fit,"[0.017413608208610043,-0.0033852115862202936,-0.01809446543360238,-0.03308230165867698,0.0473506027844941,-0.010202232314597381]",,6,,,,,
explicit-hopcroft-karp,0.05208830862516297,"[0.03005666671803328,0.06606034419902722]",0.03838251720907008,,10000,20260804,[],empirical-over-measured-range,,,"[{""reasons"":[""below-predeclared-fit-minimum""],""target_size"":8},{""reasons"":[""below-predeclared-fit-minimum""],""target_size"":12}]",,random-connected,"[18.0,135.0]","[18,135]",,N,foreground_cells_n,,,,,,,0.6534170082648194,,fit,"[0.017413608208610043,-0.0033852115862202936,-0.01809446543360238,-0.03308230165867698,0.0473506027844941,-0.010202232314597381]",,6,,,,,
explicit-hopcroft-karp,0.10211855266992138,"[0.054989114501222965,0.12818062787021464]",0.0827462320798286,,10000,20260804,[],empirical-over-measured-range,,,"[{""reasons"":[""below-predeclared-fit-minimum""],""target_size"":8},{""reasons"":[""below-predeclared-fit-minimum""],""target_size"":12}]",,random-connected,"[16.0,48.0]","[18,135]",,B,boundary_size_b,,,,,,,0.7355878233645925,,fit,"[0.023376325203397386,-0.008822537017721288,-0.02011818857621961,-0.021553831971061754,0.038593554161820975,-0.011475321800208604]",,6,,,,,
explicit-hopcroft-karp,0.0863296329458451,"[0.046099372394488705,0.10941359972816042]",0.06173318640912296,,10000,20260804,[],empirical-over-measured-range,,,"[{""reasons"":[""below-predeclared-fit-minimum""],""target_size"":8},{""reasons"":[""below-predeclared-fit-minimum""],""target_size"":12}]",,random-connected,"[4.0,14.0]","[18,135]",,q,q,,,,,,,0.6674075028968767,,fit,"[0.02273627170307435,-0.025253981967050976,-0.031018028294166555,-5.038511150701197e-05,0.041663369344348666,-0.008077245674709133]",,6,,,,,
explicit-hopcroft-karp,0.05060936694412159,"[0.019691996455563302,0.06159401688224991]",0.05313584626167937,,10000,20260804,[],empirical-over-measured-range,,,"[{""reasons"":[""below-predeclared-fit-minimum""],""target_size"":8},{""reasons"":[""below-predeclared-fit-minimum""],""target_size"":12}]",,random-connected,"[3.0,20.0]","[18,135]",,K,explicit_conflict_edge_count_k,,,,,,,0.6470392293184404,,fit,"[0.009828959860030295,-0.03273107657423324,-0.03968627090854682,0.022045957000774052,0.027586811679704226,0.012955618942267932]",,6,,,,,
explicit-hopcroft-karp,0.07737310049314462,"[0.03671897627805324,0.09586263892713574]",0.0886822385059291,,10000,20260804,[],empirical-over-measured-range,,,"[{""reasons"":[""below-predeclared-fit-minimum""],""target_size"":8},{""reasons"":[""below-predeclared-fit-minimum""],""target_size"":12}]",,random-connected,"[19.0,66.0]","[18,135]",,M,M = compressed network node count + compressed network arc count,,,,,,,0.7367138641985931,,fit,"[0.013082781823886336,-0.02193686006046036,-0.03446332295617438,0.0175560114679989,0.030506470740260028,-0.004745081015506969]",,6,,,,,
explicit-c0-flow,0.05131829717743898,"[0.033730695949475864,0.0654472078313238]",0.04412351058179969,,10000,20260804,[],empirical-over-measured-range,,,"[{""reasons"":[""below-predeclared-fit-minimum""],""target_size"":8},{""reasons"":[""below-predeclared-fit-minimum""],""target_size"":12}]",,random-connected,"[18.0,135.0]","[18,135]",,target_size,predeclared target size,,,,,,,0.7152856409867674,,fit,"[0.014534848592532512,0.002415473159000925,-0.01368598895815154,-0.03745646564006577,0.03415408149785648,3.805134882384209e-05]",,6,,,,,
explicit-c0-flow,0.05131829717743898,"[0.033730695949475864,0.0654472078313238]",0.04412351058179969,,10000,20260804,[],empirical-over-measured-range,,,"[{""reasons"":[""below-predeclared-fit-minimum""],""target_size"":8},{""reasons"":[""below-predeclared-fit-minimum""],""target_size"":12}]",,random-connected,"[18.0,135.0]","[18,135]",,N,foreground_cells_n,,,,,,,0.7152856409867674,,fit,"[0.014534848592532512,0.002415473159000925,-0.01368598895815154,-0.03745646564006577,0.03415408149785648,3.805134882384209e-05]",,6,,,,,
explicit-c0-flow,0.10078285252786635,"[0.06375676193851483,0.126792663234077]",0.08092444956717101,,10000,20260804,[],empirical-over-measured-range,,,"[{""reasons"":[""below-predeclared-fit-minimum""],""target_size"":8},{""reasons"":[""below-predeclared-fit-minimum""],""target_size"":12}]",,random-connected,"[16.0,48.0]","[18,135]",,B,boundary_size_b,,,,,,,0.8080228285033219,,fit,"[0.020508752916185813,-0.0028975190246391946,-0.015664891980577522,-0.02609640257822221,0.025457993277012037,-0.0013079326097589217]",,6,,,,,
explicit-c0-flow,0.08792332679181507,"[0.054573176245708274,0.11016986457876898]",0.0709668125447352,,10000,20260804,[],empirical-over-measured-range,,,"[{""reasons"":[""below-predeclared-fit-minimum""],""target_size"":8},{""reasons"":[""below-predeclared-fit-minimum""],""target_size"":12}]",,random-connected,"[4.0,14.0]","[18,135]",,q,q,,,,,,,0.780736761477062,,fit,"[0.02169668039546835,-0.018818197925593694,-0.02648990797343842,-0.004158640874049269,0.027315879105650254,0.0004541872719627804]",,6,,,,,
explicit-c0-flow,0.05003224852636341,"[0.024812520696585044,0.0614671808367077]",0.05129648456232354,,10000,20260804,[],empirical-over-measured-range,,,"[{""reasons"":[""below-predeclared-fit-minimum""],""target_size"":8},{""reasons"":[""below-predeclared-fit-minimum""],""target_size"":12}]",,random-connected,"[3.0,20.0]","[18,135]",,K,explicit_conflict_edge_count_k,,,,,,,0.7131714570771863,,fit,"[0.0072136662595667644,-0.026490147387740137,-0.03499515909890505,0.017008186192921215,0.014509333675675862,0.022754120358470686]",,6,,,,,
explicit-c0-flow,0.06815511155507477,"[0.0364643462696012,0.08403641231206868]",0.06769473671185647,,10000,20260804,[],empirical-over-measured-range,,,"[{""reasons"":[""below-predeclared-fit-minimum""],""target_size"":8},{""reasons"":[""below-predeclared-fit-minimum""],""target_size"":12}]",,random-connected,"[19.0,86.0]","[18,135]",,M,M = compressed network node count + compressed network arc count,,,,,,,0.7840883290398527,,fit,"[0.014276349765300012,-0.02245919281554265,-0.03173137208302279,0.011049478723911932,0.013581225960550114,0.015283510448803383]",,6,,,,,
exact-cover-oracle,,,,,10000,20260804,"[{""error"":0,""target_size"":60,""timeout"":0,""unsupported"":15},{""error"":0,""target_size"":90,""timeout"":0,""unsupported"":15},{""error"":0,""target_size"":135,""timeout"":0,""unsupported"":15}]",insufficient-size-levels-requires-6,,,"[{""reasons"":[""below-predeclared-fit-minimum""],""target_size"":8},{""reasons"":[""below-predeclared-fit-minimum""],""target_size"":12},{""reasons"":[""missing-size-measure-or-valid-time""],""target_size"":60},{""reasons"":[""missing-size-measure-or-valid-time""],""target_size"":90},{""reasons"":[""missing-size-measure-or-valid-time""],""target_size"":135}]",,random-connected,"[18.0,40.0]","[18,40]",,target_size,predeclared target size,,,,,,,,,fit,[],,3,,,,,
exact-cover-oracle,,,,,10000,20260804,"[{""error"":0,""target_size"":60,""timeout"":0,""unsupported"":15},{""error"":0,""target_size"":90,""timeout"":0,""unsupported"":15},{""error"":0,""target_size"":135,""timeout"":0,""unsupported"":15}]",insufficient-size-levels-requires-6,,,"[{""reasons"":[""below-predeclared-fit-minimum""],""target_size"":8},{""reasons"":[""below-predeclared-fit-minimum""],""target_size"":12},{""reasons"":[""missing-size-measure-or-valid-time""],""target_size"":60},{""reasons"":[""missing-size-measure-or-valid-time""],""target_size"":90},{""reasons"":[""missing-size-measure-or-valid-time""],""target_size"":135}]",,random-connected,"[18.0,40.0]","[18,40]",,N,foreground_cells_n,,,,,,,,,fit,[],,3,,,,,
exact-cover-oracle,,,,,10000,20260804,"[{""error"":0,""target_size"":60,""timeout"":0,""unsupported"":15},{""error"":0,""target_size"":90,""timeout"":0,""unsupported"":15},{""error"":0,""target_size"":135,""timeout"":0,""unsupported"":15}]",insufficient-size-levels-requires-6,,,"[{""reasons"":[""below-predeclared-fit-minimum""],""target_size"":8},{""reasons"":[""below-predeclared-fit-minimum""],""target_size"":12},{""reasons"":[""missing-size-measure-or-valid-time""],""target_size"":60},{""reasons"":[""missing-size-measure-or-valid-time""],""target_size"":90},{""reasons"":[""missing-size-measure-or-valid-time""],""target_size"":135}]",,random-connected,"[16.0,26.0]","[18,40]",,B,boundary_size_b,,,,,,,,,fit,[],,3,,,,,
exact-cover-oracle,,,,,10000,20260804,"[{""error"":0,""target_size"":60,""timeout"":0,""unsupported"":15},{""error"":0,""target_size"":90,""timeout"":0,""unsupported"":15},{""error"":0,""target_size"":135,""timeout"":0,""unsupported"":15}]",insufficient-size-levels-requires-6,,,"[{""reasons"":[""below-predeclared-fit-minimum""],""target_size"":8},{""reasons"":[""below-predeclared-fit-minimum""],""target_size"":12},{""reasons"":[""missing-size-measure-or-valid-time""],""target_size"":18},{""reasons"":[""missing-size-measure-or-valid-time""],""target_size"":27},{""reasons"":[""missing-size-measure-or-valid-time""],""target_size"":40},{""reasons"":[""missing-size-measure-or-valid-time""],""target_size"":60},{""reasons"":[""missing-size-measure-or-valid-time""],""target_size"":90},{""reasons"":[""missing-size-measure-or-valid-time""],""target_size"":135}]",,random-connected,"[null,null]",,,q,q,,,,,,,,,fit,[],,0,,,,,
exact-cover-oracle,,,,,10000,20260804,"[{""error"":0,""target_size"":60,""timeout"":0,""unsupported"":15},{""error"":0,""target_size"":90,""timeout"":0,""unsupported"":15},{""error"":0,""target_size"":135,""timeout"":0,""unsupported"":15}]",insufficient-size-levels-requires-6,,,"[{""reasons"":[""below-predeclared-fit-minimum""],""target_size"":8},{""reasons"":[""below-predeclared-fit-minimum""],""target_size"":12},{""reasons"":[""missing-size-measure-or-valid-time""],""target_size"":60},{""reasons"":[""missing-size-measure-or-valid-time""],""target_size"":90},{""reasons"":[""missing-size-measure-or-valid-time""],""target_size"":135}]",,random-connected,"[3.0,9.0]","[18,40]",,K,explicit_conflict_edge_count_k,,,,,,,,,fit,[],,3,,,,,
exact-cover-oracle,,,,,10000,20260804,"[{""error"":0,""target_size"":60,""timeout"":0,""unsupported"":15},{""error"":0,""target_size"":90,""timeout"":0,""unsupported"":15},{""error"":0,""target_size"":135,""timeout"":0,""unsupported"":15}]",insufficient-size-levels-requires-6,,,"[{""reasons"":[""below-predeclared-fit-minimum""],""target_size"":8},{""reasons"":[""below-predeclared-fit-minimum""],""target_size"":12},{""reasons"":[""missing-size-measure-or-valid-time""],""target_size"":60},{""reasons"":[""missing-size-measure-or-valid-time""],""target_size"":90},{""reasons"":[""missing-size-measure-or-valid-time""],""target_size"":135}]",,random-connected,"[19.0,38.0]","[18,40]",,M,M = compressed network node count + compressed network arc count,,,,,,,,,fit,[],,3,,,,,
compact-mrd,0.08783866322065796,"[0.07356760517274855,0.09815543663663512]",0.06812727402984439,,10000,20260804,[],empirical-over-measured-range,,,"[{""reasons"":[""below-predeclared-fit-minimum""],""target_size"":8},{""reasons"":[""below-predeclared-fit-minimum""],""target_size"":12}]",,dense-conflict,"[18.0,135.0]","[18,135]",,target_size,predeclared target size,,,,,,,0.7840574155635354,,fit,"[0.03349105179866996,0.0033357771084787657,-0.04204274805784891,-0.012403918863530095,-0.028733996040251952,0.046353834054482235]",,6,,,,,
compact-mrd,0.04849092132364921,"[0.040673333605622794,0.05411031516900145]",0.039096204411995295,,10000,20260804,[],empirical-over-measured-range,,,"[{""reasons"":[""below-predeclared-fit-minimum""],""target_size"":8},{""reasons"":[""below-predeclared-fit-minimum""],""target_size"":12}]",,dense-conflict,"[477.0,19593.0]","[18,135]",,N,foreground_cells_n,,,,,,,0.8024709598925682,,fit,"[0.03356709195800178,0.002315052375070792,-0.03958033951469986,-0.010757163755489074,-0.028797193473124594,0.0432525524102374]",,6,,,,,
compact-mrd,0.08956946168097572,"[0.07502725093715831,0.10009129451982582]",0.0722695815699871,,10000,20260804,[],empirical-over-measured-range,,,"[{""reasons"":[""below-predeclared-fit-minimum""],""target_size"":8},{""reasons"":[""below-predeclared-fit-minimum""],""target_size"":12}]",,dense-conflict,"[148.0,1092.0]","[18,135]",,B,boundary_size_b,,,,,,,0.7890789999039742,,fit,"[0.03455019244891133,0.00130447883876883,-0.04102423035912395,-0.0117178204213495,-0.028502587656046074,0.04538996714882515]",,6,,,,,
compact-mrd,0.08841976123900586,"[0.07405150353618692,0.09881700165936919]",0.07137815745159187,,10000,20260804,[],empirical-over-measured-range,,,"[{""reasons"":[""below-predeclared-fit-minimum""],""target_size"":8},{""reasons"":[""below-predeclared-fit-minimum""],""target_size"":12}]",,dense-conflict,"[72.0,544.0]","[18,135]",,q,q,,,,,,,0.7867150980829942,,fit,"[0.03471997104784208,0.0011134629724054435,-0.041277840048586256,-0.01187462582509724,-0.0284403179726489,0.045759349826077766]",,6,,,,,
compact-mrd,0.046352856662790654,"[0.038851168738949116,0.051771725506792286]",0.037381041636516926,,10000,20260804,[],empirical-over-measured-range,,,"[{""reasons"":[""below-predeclared-fit-minimum""],""target_size"":8},{""reasons"":[""below-predeclared-fit-minimum""],""target_size"":12}]",,dense-conflict,"[396.0,19040.0]","[18,135]",,K,explicit_conflict_edge_count_k,,,,,,,0.7949068966720603,,fit,"[0.034135239659157435,0.0017471560580482048,-0.04040117628381168,-0.011309411802997715,-0.02863702231787002,0.04446521468747022]",,6,,,,,
compact-mrd,0.08650371809187786,"[0.07243420872731295,0.09675610176023836]",0.07373442530474447,,10000,20260804,[],empirical-over-measured-range,,,"[{""reasons"":[""below-predeclared-fit-minimum""],""target_size"":8},{""reasons"":[""below-predeclared-fit-minimum""],""target_size"":12}]",,dense-conflict,"[425.0,3411.0]","[18,135]",,M,M = compressed network node count + compressed network arc count,,,,,,,0.7828673101814432,,fit,"[0.03624598927198974,-0.001581852058659905,-0.04159501094795459,-0.011002844679030233,-0.02800260282619149,0.04593632123983937]",,6,,,,,
explicit-hopcroft-karp,0.07991450117969608,"[0.0693528624525757,0.0957112540390891]",0.053801114061001985,,10000,20260804,[],empirical-over-measured-range,,,"[{""reasons"":[""below-predeclared-fit-minimum""],""target_size"":8},{""reasons"":[""below-predeclared-fit-minimum""],""target_size"":12}]",,dense-conflict,"[18.0,135.0]","[18,135]",,target_size,predeclared target size,,,,,,,0.7240201593674941,,fit,"[0.024902406666562626,0.0029814471460873904,-0.0015895765963094277,-0.05117821704637393,-0.028458360773655045,0.053342300603688386]",,6,,,,,
explicit-hopcroft-karp,0.04413868872351166,"[0.038363863695142775,0.05287027104798778]",0.029972024114662092,,10000,20260804,[],empirical-over-measured-range,,,"[{""reasons"":[""below-predeclared-fit-minimum""],""target_size"":8},{""reasons"":[""below-predeclared-fit-minimum""],""target_size"":12}]",,dense-conflict,"[477.0,19593.0]","[18,135]",,N,foreground_cells_n,,,,,,,0.741771851854312,,fit,"[0.025012168672159163,0.0020765305202097295,0.0006601651674777997,-0.049687273209258365,-0.0285402474445533,0.050478656293964974]",,6,,,,,
explicit-hopcroft-karp,0.08151811840259718,"[0.07079996045216169,0.09765641611298263]",0.05606068257113557,,10000,20260804,[],empirical-over-measured-range,,,"[{""reasons"":[""below-predeclared-fit-minimum""],""target_size"":8},{""reasons"":[""below-predeclared-fit-minimum""],""target_size"":12}]",,dense-conflict,"[148.0,1092.0]","[18,135]",,B,boundary_size_b,,,,,,,0.7291752051681953,,fit,"[0.0258948938012189,0.0011497781268623442,-0.0006567377900523752,-0.05055943140511232,-0.028264908252424448,0.052436405519515006]",,6,,,,,
explicit-hopcroft-karp,0.0804718301509743,"[0.06989078984361152,0.09640110013244371]",0.055476868707296366,,10000,20260804,[],empirical-over-measured-range,,,"[{""reasons"":[""below-predeclared-fit-minimum""],""target_size"":8},{""reasons"":[""below-predeclared-fit-minimum""],""target_size"":12}]",,dense-conflict,"[72.0,544.0]","[18,135]",,q,q,,,,,,,0.7269919600339916,,fit,"[0.02604947827962434,0.0009759704228500254,-0.0008875364561404808,-0.05070215435779346,-0.028208275536666605,0.05277251764813684]",,6,,,,,
explicit-hopcroft-karp,0.04218858837320042,"[0.03663952989143202,0.05053398251171037]",0.02885093339669444,,10000,20260804,[],empirical-over-measured-range,,,"[{""reasons"":[""below-predeclared-fit-minimum""],""target_size"":8},{""reasons"":[""below-predeclared-fit-minimum""],""target_size"":12}]",,dense-conflict,"[396.0,19040.0]","[18,135]",,K,explicit_conflict_edge_count_k,,,,,,,0.7346429012915392,,fit,"[0.02552177223738994,0.0015552667568350387,-8.868038534259881e-05,-0.05018856722545806,-0.028389956569345287,0.05159016518592452]",,6,,,,,
explicit-hopcroft-karp,0.07894107378004207,"[0.06858199916323077,0.09451232651841734]",0.05597332936626922,,10000,20260804,[],empirical-over-measured-range,,,"[{""reasons"":[""below-predeclared-fit-minimum""],""target_size"":8},{""reasons"":[""below-predeclared-fit-minimum""],""target_size"":12}]",,dense-conflict,"[425.0,3411.0]","[18,135]",,M,M = compressed network node count + compressed network arc count,,,,,,,0.7273571464060606,,fit,"[0.0276626185398392,-0.0013593900676482917,-0.0011303386713308328,-0.049948249785344956,-0.027938788804121373,0.05271414878861691]",,6,,,,,
explicit-c0-flow,0.16269731859080702,"[0.14911968255140878,0.17685493858992327]",0.11975946964437402,,10000,20260804,[],empirical-over-measured-range,,,"[{""reasons"":[""below-predeclared-fit-minimum""],""target_size"":8},{""reasons"":[""below-predeclared-fit-minimum""],""target_size"":12}]",,dense-conflict,"[18.0,135.0]","[18,135]",,target_size,predeclared target size,,,,,,,0.8357950331955589,,fit,"[0.04910701318894439,0.0021147900089779625,-0.044611101138787745,-0.03217141283378666,-0.05424877844769327,0.07980948922233821]",,6,,,,,
explicit-c0-flow,0.08962419697201893,"[0.08216685020189854,0.09735450873994547]",0.0687263768022994,,10000,20260804,[],empirical-over-measured-range,,,"[{""reasons"":[""below-predeclared-fit-minimum""],""target_size"":8},{""reasons"":[""below-predeclared-fit-minimum""],""target_size"":12}]",,dense-conflict,"[477.0,19593.0]","[18,135]",,N,foreground_cells_n,,,,,,,0.8517684949130298,,fit,"[0.048897716707468675,1.9466868042883334e-05,-0.04013189633408132,-0.02905866549987124,-0.05415539261325364,0.07442877087168398]",,6,,,,,
explicit-c0-flow,0.16579042652469977,"[0.15193503582266346,0.18016712015927586]",0.12704114297089028,,10000,20260804,[],empirical-over-measured-range,,,"[{""reasons"":[""below-predeclared-fit-minimum""],""target_size"":8},{""reasons"":[""below-predeclared-fit-minimum""],""target_size"":12}]",,dense-conflict,"[148.0,1092.0]","[18,135]",,B,boundary_size_b,,,,,,,0.8400052861710816,,fit,"[0.050956307492473485,-0.001711403088719976,-0.042748724597789334,-0.03087951080481588,-0.05375367057073177,0.07813700156958703]",,6,,,,,
explicit-c0-flow,0.1637051469058743,"[0.1500558890158307,0.1779116312144704]",0.1254741276871076,,10000,20260804,[],empirical-over-measured-range,,,"[{""reasons"":[""below-predeclared-fit-minimum""],""target_size"":8},{""reasons"":[""below-predeclared-fit-minimum""],""target_size"":12}]",,dense-conflict,"[72.0,544.0]","[18,135]",,q,q,,,,,,,0.8379267230580818,,fit,"[0.051313886732643255,-0.0020405461956585214,-0.043208986261134896,-0.031177937172856218,-0.05366394200348523,0.07877752490048096]",,6,,,,,
explicit-c0-flow,0.08574333670018683,"[0.07861369531504994,0.09316588625427814]",0.065711329051305,,10000,20260804,[],empirical-over-measured-range,,,"[{""reasons"":[""below-predeclared-fit-minimum""],""target_size"":8},{""reasons"":[""below-predeclared-fit-minimum""],""target_size"":12}]",,dense-conflict,"[396.0,19040.0]","[18,135]",,K,explicit_conflict_edge_count_k,,,,,,,0.8451359591906216,,fit,"[0.05008378367787358,-0.00095203466940319,-0.04161873594112819,-0.030104359644305134,-0.053940312402737334,0.07653165897968606]",,6,,,,,
explicit-c0-flow,0.08809569340870609,"[0.08077700492212568,0.09570768452516087]",0.06755613595318415,,10000,20260804,[],empirical-over-measured-range,,,"[{""reasons"":[""below-predeclared-fit-minimum""],""target_size"":8},{""reasons"":[""below-predeclared-fit-minimum""],""target_size"":12}]",,dense-conflict,"[1334.0,58210.0]","[18,135]",,M,M = compressed network node count + compressed network arc count,,,,,,,0.8489517281591574,,fit,"[0.049434526105763155,-0.0004227196509631881,-0.04078071382090087,-0.02949742026570945,-0.05405164798649764,0.075317975618308]",,6,,,,,
exact-cover-oracle,,,,,10000,20260804,"[{""error"":0,""target_size"":8,""timeout"":0,""unsupported"":31},{""error"":0,""target_size"":12,""timeout"":0,""unsupported"":31},{""error"":0,""target_size"":18,""timeout"":0,""unsupported"":31},{""error"":0,""target_size"":27,""timeout"":0,""unsupported"":31},{""error"":0,""target_size"":40,""timeout"":0,""unsupported"":15},{""error"":0,""target_size"":60,""timeout"":0,""unsupported"":15},{""error"":0,""target_size"":90,""timeout"":0,""unsupported"":15},{""error"":0,""target_size"":135,""timeout"":0,""unsupported"":15}]",insufficient-size-levels-requires-6,,,"[{""reasons"":[""below-predeclared-fit-minimum""],""target_size"":8},{""reasons"":[""below-predeclared-fit-minimum""],""target_size"":12},{""reasons"":[""missing-size-measure-or-valid-time""],""target_size"":18},{""reasons"":[""missing-size-measure-or-valid-time""],""target_size"":27},{""reasons"":[""missing-size-measure-or-valid-time""],""target_size"":40},{""reasons"":[""missing-size-measure-or-valid-time""],""target_size"":60},{""reasons"":[""missing-size-measure-or-valid-time""],""target_size"":90},{""reasons"":[""missing-size-measure-or-valid-time""],""target_size"":135}]",,dense-conflict,"[null,null]",,,target_size,predeclared target size,,,,,,,,,fit,[],,0,,,,,
exact-cover-oracle,,,,,10000,20260804,"[{""error"":0,""target_size"":8,""timeout"":0,""unsupported"":31},{""error"":0,""target_size"":12,""timeout"":0,""unsupported"":31},{""error"":0,""target_size"":18,""timeout"":0,""unsupported"":31},{""error"":0,""target_size"":27,""timeout"":0,""unsupported"":31},{""error"":0,""target_size"":40,""timeout"":0,""unsupported"":15},{""error"":0,""target_size"":60,""timeout"":0,""unsupported"":15},{""error"":0,""target_size"":90,""timeout"":0,""unsupported"":15},{""error"":0,""target_size"":135,""timeout"":0,""unsupported"":15}]",insufficient-size-levels-requires-6,,,"[{""reasons"":[""below-predeclared-fit-minimum""],""target_size"":8},{""reasons"":[""below-predeclared-fit-minimum""],""target_size"":12},{""reasons"":[""missing-size-measure-or-valid-time""],""target_size"":18},{""reasons"":[""missing-size-measure-or-valid-time""],""target_size"":27},{""reasons"":[""missing-size-measure-or-valid-time""],""target_size"":40},{""reasons"":[""missing-size-measure-or-valid-time""],""target_size"":60},{""reasons"":[""missing-size-measure-or-valid-time""],""target_size"":90},{""reasons"":[""missing-size-measure-or-valid-time""],""target_size"":135}]",,dense-conflict,"[null,null]",,,N,foreground_cells_n,,,,,,,,,fit,[],,0,,,,,
exact-cover-oracle,,,,,10000,20260804,"[{""error"":0,""target_size"":8,""timeout"":0,""unsupported"":31},{""error"":0,""target_size"":12,""timeout"":0,""unsupported"":31},{""error"":0,""target_size"":18,""timeout"":0,""unsupported"":31},{""error"":0,""target_size"":27,""timeout"":0,""unsupported"":31},{""error"":0,""target_size"":40,""timeout"":0,""unsupported"":15},{""error"":0,""target_size"":60,""timeout"":0,""unsupported"":15},{""error"":0,""target_size"":90,""timeout"":0,""unsupported"":15},{""error"":0,""target_size"":135,""timeout"":0,""unsupported"":15}]",insufficient-size-levels-requires-6,,,"[{""reasons"":[""below-predeclared-fit-minimum""],""target_size"":8},{""reasons"":[""below-predeclared-fit-minimum""],""target_size"":12},{""reasons"":[""missing-size-measure-or-valid-time""],""target_size"":18},{""reasons"":[""missing-size-measure-or-valid-time""],""target_size"":27},{""reasons"":[""missing-size-measure-or-valid-time""],""target_size"":40},{""reasons"":[""missing-size-measure-or-valid-time""],""target_size"":60},{""reasons"":[""missing-size-measure-or-valid-time""],""target_size"":90},{""reasons"":[""missing-size-measure-or-valid-time""],""target_size"":135}]",,dense-conflict,"[null,null]",,,B,boundary_size_b,,,,,,,,,fit,[],,0,,,,,
exact-cover-oracle,,,,,10000,20260804,"[{""error"":0,""target_size"":8,""timeout"":0,""unsupported"":31},{""error"":0,""target_size"":12,""timeout"":0,""unsupported"":31},{""error"":0,""target_size"":18,""timeout"":0,""unsupported"":31},{""error"":0,""target_size"":27,""timeout"":0,""unsupported"":31},{""error"":0,""target_size"":40,""timeout"":0,""unsupported"":15},{""error"":0,""target_size"":60,""timeout"":0,""unsupported"":15},{""error"":0,""target_size"":90,""timeout"":0,""unsupported"":15},{""error"":0,""target_size"":135,""timeout"":0,""unsupported"":15}]",insufficient-size-levels-requires-6,,,"[{""reasons"":[""below-predeclared-fit-minimum""],""target_size"":8},{""reasons"":[""below-predeclared-fit-minimum""],""target_size"":12},{""reasons"":[""missing-size-measure-or-valid-time""],""target_size"":18},{""reasons"":[""missing-size-measure-or-valid-time""],""target_size"":27},{""reasons"":[""missing-size-measure-or-valid-time""],""target_size"":40},{""reasons"":[""missing-size-measure-or-valid-time""],""target_size"":60},{""reasons"":[""missing-size-measure-or-valid-time""],""target_size"":90},{""reasons"":[""missing-size-measure-or-valid-time""],""target_size"":135}]",,dense-conflict,"[null,null]",,,q,q,,,,,,,,,fit,[],,0,,,,,
exact-cover-oracle,,,,,10000,20260804,"[{""error"":0,""target_size"":8,""timeout"":0,""unsupported"":31},{""error"":0,""target_size"":12,""timeout"":0,""unsupported"":31},{""error"":0,""target_size"":18,""timeout"":0,""unsupported"":31},{""error"":0,""target_size"":27,""timeout"":0,""unsupported"":31},{""error"":0,""target_size"":40,""timeout"":0,""unsupported"":15},{""error"":0,""target_size"":60,""timeout"":0,""unsupported"":15},{""error"":0,""target_size"":90,""timeout"":0,""unsupported"":15},{""error"":0,""target_size"":135,""timeout"":0,""unsupported"":15}]",insufficient-size-levels-requires-6,,,"[{""reasons"":[""below-predeclared-fit-minimum""],""target_size"":8},{""reasons"":[""below-predeclared-fit-minimum""],""target_size"":12},{""reasons"":[""missing-size-measure-or-valid-time""],""target_size"":18},{""reasons"":[""missing-size-measure-or-valid-time""],""target_size"":27},{""reasons"":[""missing-size-measure-or-valid-time""],""target_size"":40},{""reasons"":[""missing-size-measure-or-valid-time""],""target_size"":60},{""reasons"":[""missing-size-measure-or-valid-time""],""target_size"":90},{""reasons"":[""missing-size-measure-or-valid-time""],""target_size"":135}]",,dense-conflict,"[null,null]",,,K,explicit_conflict_edge_count_k,,,,,,,,,fit,[],,0,,,,,
exact-cover-oracle,,,,,10000,20260804,"[{""error"":0,""target_size"":8,""timeout"":0,""unsupported"":31},{""error"":0,""target_size"":12,""timeout"":0,""unsupported"":31},{""error"":0,""target_size"":18,""timeout"":0,""unsupported"":31},{""error"":0,""target_size"":27,""timeout"":0,""unsupported"":31},{""error"":0,""target_size"":40,""timeout"":0,""unsupported"":15},{""error"":0,""target_size"":60,""timeout"":0,""unsupported"":15},{""error"":0,""target_size"":90,""timeout"":0,""unsupported"":15},{""error"":0,""target_size"":135,""timeout"":0,""unsupported"":15}]",insufficient-size-levels-requires-6,,,"[{""reasons"":[""below-predeclared-fit-minimum""],""target_size"":8},{""reasons"":[""below-predeclared-fit-minimum""],""target_size"":12},{""reasons"":[""missing-size-measure-or-valid-time""],""target_size"":18},{""reasons"":[""missing-size-measure-or-valid-time""],""target_size"":27},{""reasons"":[""missing-size-measure-or-valid-time""],""target_size"":40},{""reasons"":[""missing-size-measure-or-valid-time""],""target_size"":60},{""reasons"":[""missing-size-measure-or-valid-time""],""target_size"":90},{""reasons"":[""missing-size-measure-or-valid-time""],""target_size"":135}]",,dense-conflict,"[null,null]",,,M,M = compressed network node count + compressed network arc count,,,,,,,,,fit,[],,0,,,,,
compact-mrd,-0.027583925650352496,"[-0.03912059077788312,-0.01599467267459242]",-0.03963265956414776,,10000,20260804,[],empirical-over-measured-range,,,"[{""reasons"":[""below-predeclared-fit-minimum""],""target_size"":8},{""reasons"":[""below-predeclared-fit-minimum""],""target_size"":12}]",,sparse-conflict,"[18.0,135.0]","[18,135]",,target_size,predeclared target size,,,,,,,0.5962807493443554,,fit,"[0.010979064739821354,0.005107906682763286,-0.004866716441195962,-0.025417745980256257,-0.009398441276005087,0.023595932274872666]",,6,,,,,
compact-mrd,-0.027910102330969345,"[-0.039602248124100826,-0.016149890639260697]",-0.04016522278246631,,10000,20260804,[],empirical-over-measured-range,,,"[{""reasons"":[""below-predeclared-fit-minimum""],""target_size"":8},{""reasons"":[""below-predeclared-fit-minimum""],""target_size"":12}]",,sparse-conflict,"[149.0,1085.0]","[18,135]",,N,foreground_cells_n,,,,,,,0.5932333695252652,,fit,"[0.01116455955998319,0.005111702048026245,-0.004940699299091023,-0.025502972561266546,-0.009447490772572564,0.023614901024917145]",,6,,,,,
compact-mrd,-0.02810401327396368,"[-0.03987859358309127,-0.016235587127602622]",-0.040483979134222324,,10000,20260804,[],empirical-over-measured-range,,,"[{""reasons"":[""below-predeclared-fit-minimum""],""target_size"":8},{""reasons"":[""below-predeclared-fit-minimum""],""target_size"":12}]",,sparse-conflict,"[76.0,544.0]","[18,135]",,B,boundary_size_b,,,,,,,0.5914429239745966,,fit,"[0.011272677837261824,0.005114968014993337,-0.0049833537658514615,-0.02555292771094031,-0.00947674060073922,0.02362537622526517]",,6,,,,,
compact-mrd,-0.026512132580634264,"[-0.03755129655549094,-0.015514647747409304]",-0.037916665412989374,,10000,20260804,[],empirical-over-measured-range,,,"[{""reasons"":[""below-predeclared-fit-minimum""],""target_size"":8},{""reasons"":[""below-predeclared-fit-minimum""],""target_size"":12}]",,sparse-conflict,"[16.0,133.0]","[18,135]",,q,q,,,,,,,0.6066015643236857,,fit,"[0.010336161099132823,0.0051127064801193,-0.0046026702610362236,-0.025127182304395035,-0.009239453194126668,0.02352043818028804]",,6,,,,,
compact-mrd,,,,,10000,20260804,[],insufficient-size-levels-requires-6,,,"[{""reasons"":[""below-predeclared-fit-minimum""],""target_size"":8},{""reasons"":[""below-predeclared-fit-minimum""],""target_size"":12},{""reasons"":[""missing-size-measure-or-valid-time""],""target_size"":18},{""reasons"":[""missing-size-measure-or-valid-time""],""target_size"":27},{""reasons"":[""missing-size-measure-or-valid-time""],""target_size"":40},{""reasons"":[""missing-size-measure-or-valid-time""],""target_size"":60},{""reasons"":[""missing-size-measure-or-valid-time""],""target_size"":90},{""reasons"":[""missing-size-measure-or-valid-time""],""target_size"":135}]",,sparse-conflict,"[null,null]",,,K,explicit_conflict_edge_count_k,,,,,,,,,fit,[],,0,,,,,
compact-mrd,-0.027053691611481235,"[-0.038353750905445266,-0.01578563328114312]",-0.038777000994764985,,10000,20260804,[],empirical-over-measured-range,,,"[{""reasons"":[""below-predeclared-fit-minimum""],""target_size"":8},{""reasons"":[""below-predeclared-fit-minimum""],""target_size"":12}]",,sparse-conflict,"[34.0,268.0]","[18,135]",,M,M = compressed network node count + compressed network arc count,,,,,,,0.6013287057982466,,fit,"[0.01066754236567391,0.005106723813184999,-0.004740228844635652,-0.02527600421191778,-0.009319275342413391,0.023561242220097256]",,6,,,,,
explicit-hopcroft-karp,-0.02840412282276171,"[-0.03822087490619392,-0.012280202884687928]",-0.022274873454987375,,10000,20260804,[],empirical-over-measured-range,,,"[{""reasons"":[""below-predeclared-fit-minimum""],""target_size"":8},{""reasons"":[""below-predeclared-fit-minimum""],""target_size"":12}]",,sparse-conflict,"[18.0,135.0]","[18,135]",,target_size,predeclared target size,,,,,,,0.7112355273700115,,fit,"[0.018055207575184085,-0.017030621329350737,0.0017220439265202003,-0.012136368537145614,-0.0030155562935441083,0.012405294658350385]",,6,,,,,
explicit-hopcroft-karp,-0.02875402703027288,"[-0.03872581865502713,-0.012396732865293004]",-0.022629733353477486,,10000,20260804,[],empirical-over-measured-range,,,"[{""reasons"":[""below-predeclared-fit-minimum""],""target_size"":8},{""reasons"":[""below-predeclared-fit-minimum""],""target_size"":12}]",,sparse-conflict,"[149.0,1085.0]","[18,135]",,N,foreground_cells_n,,,,,,,0.7082916220549584,,fit,"[0.018232371798799107,-0.017035028942721908,0.0016429557637351877,-0.01222141869281046,-0.0030577137598015725,0.012438833832810303]",,6,,,,,
explicit-hopcroft-karp,-0.028962388297174384,"[-0.03902640369659225,-0.012451135980178519]",-0.022842375643471868,,10000,20260804,[],empirical-over-measured-range,,,"[{""reasons"":[""below-predeclared-fit-minimum""],""target_size"":8},{""reasons"":[""below-predeclared-fit-minimum""],""target_size"":12}]",,sparse-conflict,"[76.0,544.0]","[18,135]",,B,boundary_size_b,,,,,,,0.7065728357892989,,fit,"[0.018335375553220956,-0.017036718205027057,0.0015972323597424065,-0.012271251905506375,-0.0030827809061086953,0.012458143103696528]",,6,,,,,
explicit-hopcroft-karp,-0.027259805966421174,"[-0.03653656803094492,-0.01193090400682284]",-0.021135160910236893,,10000,20260804,[],empirical-over-measured-range,,,"[{""reasons"":[""below-predeclared-fit-minimum""],""target_size"":8},{""reasons"":[""below-predeclared-fit-minimum""],""target_size"":12}]",,sparse-conflict,"[16.0,133.0]","[18,135]",,q,q,,,,,,,0.7213927237707121,,fit,"[0.01743669886209176,-0.017000310950525233,0.002002286842476053,-0.011846010647314387,-0.002877634930978701,0.012284970824261165]",,6,,,,,
explicit-hopcroft-karp,,,,,10000,20260804,[],insufficient-size-levels-requires-6,,,"[{""reasons"":[""below-predeclared-fit-minimum""],""target_size"":8},{""reasons"":[""below-predeclared-fit-minimum""],""target_size"":12},{""reasons"":[""missing-size-measure-or-valid-time""],""target_size"":18},{""reasons"":[""missing-size-measure-or-valid-time""],""target_size"":27},{""reasons"":[""missing-size-measure-or-valid-time""],""target_size"":40},{""reasons"":[""missing-size-measure-or-valid-time""],""target_size"":60},{""reasons"":[""missing-size-measure-or-valid-time""],""target_size"":90},{""reasons"":[""missing-size-measure-or-valid-time""],""target_size"":135}]",,sparse-conflict,"[null,null]",,,K,explicit_conflict_edge_count_k,,,,,,,,,fit,[],,0,,,,,
explicit-hopcroft-karp,-0.02783693249776455,"[-0.03738217554761352,-0.012119287161899922]",-0.02170584572769312,,10000,20260804,[],empirical-over-measured-range,,,"[{""reasons"":[""below-predeclared-fit-minimum""],""target_size"":8},{""reasons"":[""below-predeclared-fit-minimum""],""target_size"":12}]",,sparse-conflict,"[34.0,268.0]","[18,135]",,M,M = compressed network node count + compressed network arc count,,,,,,,0.7161659284559194,,fit,"[0.017756387762936754,-0.0170188770827977,0.0018566630704377474,-0.011994813785875635,-0.002947149225192902,0.0123477892605095]",,6,,,,,
explicit-c0-flow,-0.01899116674747412,"[-0.030848158033042878,-0.0037076208625703272]",-0.024558666098098376,,10000,20260804,[],empirical-over-measured-range,,,"[{""reasons"":[""below-predeclared-fit-minimum""],""target_size"":8},{""reasons"":[""below-predeclared-fit-minimum""],""target_size"":12}]",,sparse-conflict,"[18.0,135.0]","[18,135]",,target_size,predeclared target size,,,,,,,0.4447425943594193,,fit,"[0.013660409014899955,0.0012871108582963586,-0.006519114030439255,-0.024009590888898202,-0.005416006947957186,0.020997191994080566]",,6,,,,,
explicit-c0-flow,-0.019190379708684632,"[-0.03126296383636139,-0.003677672441871004]",-0.024888672774376175,,10000,20260804,[],empirical-over-measured-range,,,"[{""reasons"":[""below-predeclared-fit-minimum""],""target_size"":8},{""reasons"":[""below-predeclared-fit-minimum""],""target_size"":12}]",,sparse-conflict,"[149.0,1085.0]","[18,135]",,N,foreground_cells_n,,,,,,,0.44130275646826467,,fit,"[0.013813145100861846,0.001304753784314272,-0.006564798987891862,-0.024073167350145752,-0.005464869396462291,0.020984936849323788]",,6,,,,,
explicit-c0-flow,-0.01930877668693442,"[-0.03151323765445038,-0.0036672619721588875]",-0.02508619246887847,,10000,20260804,[],empirical-over-measured-range,,,"[{""reasons"":[""below-predeclared-fit-minimum""],""target_size"":8},{""reasons"":[""below-predeclared-fit-minimum""],""target_size"":12}]",,sparse-conflict,"[76.0,544.0]","[18,135]",,B,boundary_size_b,,,,,,,0.43929116181633165,,fit,"[0.013902063384758634,0.0013157877949296903,-0.006591033438791527,-0.0241103540909684,-0.005493792182402757,0.020977328532456596]",,6,,,,,
explicit-c0-flow,-0.01833598464483012,"[-0.029517357519368313,-0.0038077787488941944]",-0.023495337826717082,,10000,20260804,[],empirical-over-measured-range,,,"[{""reasons"":[""below-predeclared-fit-minimum""],""target_size"":8},{""reasons"":[""below-predeclared-fit-minimum""],""target_size"":12}]",,sparse-conflict,"[16.0,133.0]","[18,135]",,q,q,,,,,,,0.45655117310356774,,fit,"[0.013129231149033416,0.0012387909750444237,-0.006354304972745695,-0.02379154058597166,-0.005254053735978204,0.02103187717062127]",,6,,,,,
explicit-c0-flow,,,,,10000,20260804,[],insufficient-size-levels-requires-6,,,"[{""reasons"":[""below-predeclared-fit-minimum""],""target_size"":8},{""reasons"":[""below-predeclared-fit-minimum""],""target_size"":12},{""reasons"":[""missing-size-measure-or-valid-time""],""target_size"":18},{""reasons"":[""missing-size-measure-or-valid-time""],""target_size"":27},{""reasons"":[""missing-size-measure-or-valid-time""],""target_size"":40},{""reasons"":[""missing-size-measure-or-valid-time""],""target_size"":60},{""reasons"":[""missing-size-measure-or-valid-time""],""target_size"":90},{""reasons"":[""missing-size-measure-or-valid-time""],""target_size"":135}]",,sparse-conflict,"[null,null]",,,K,explicit_conflict_edge_count_k,,,,,,,,,fit,[],,0,,,,,
explicit-c0-flow,-0.018667156550034335,"[-0.030179592458948697,-0.0037814367340369263]",-0.024028451034800995,,10000,20260804,[],empirical-over-measured-range,,,"[{""reasons"":[""below-predeclared-fit-minimum""],""target_size"":8},{""reasons"":[""below-predeclared-fit-minimum""],""target_size"":12}]",,sparse-conflict,"[34.0,268.0]","[18,135]",,M,M = compressed network node count + compressed network arc count,,,,,,,0.45048672230697484,,fit,"[0.013403378668286337,0.0012611861305451555,-0.006440495439207439,-0.02390347675101978,-0.005336100282491429,0.021015507673883604]",,6,,,,,
exact-cover-oracle,,,,,10000,20260804,"[{""error"":0,""target_size"":8,""timeout"":0,""unsupported"":31},{""error"":0,""target_size"":12,""timeout"":0,""unsupported"":31},{""error"":0,""target_size"":18,""timeout"":0,""unsupported"":31},{""error"":0,""target_size"":27,""timeout"":0,""unsupported"":31},{""error"":0,""target_size"":40,""timeout"":0,""unsupported"":15},{""error"":0,""target_size"":60,""timeout"":0,""unsupported"":15},{""error"":0,""target_size"":90,""timeout"":0,""unsupported"":15},{""error"":0,""target_size"":135,""timeout"":0,""unsupported"":15}]",insufficient-size-levels-requires-6,,,"[{""reasons"":[""below-predeclared-fit-minimum""],""target_size"":8},{""reasons"":[""below-predeclared-fit-minimum""],""target_size"":12},{""reasons"":[""missing-size-measure-or-valid-time""],""target_size"":18},{""reasons"":[""missing-size-measure-or-valid-time""],""target_size"":27},{""reasons"":[""missing-size-measure-or-valid-time""],""target_size"":40},{""reasons"":[""missing-size-measure-or-valid-time""],""target_size"":60},{""reasons"":[""missing-size-measure-or-valid-time""],""target_size"":90},{""reasons"":[""missing-size-measure-or-valid-time""],""target_size"":135}]",,sparse-conflict,"[null,null]",,,target_size,predeclared target size,,,,,,,,,fit,[],,0,,,,,
exact-cover-oracle,,,,,10000,20260804,"[{""error"":0,""target_size"":8,""timeout"":0,""unsupported"":31},{""error"":0,""target_size"":12,""timeout"":0,""unsupported"":31},{""error"":0,""target_size"":18,""timeout"":0,""unsupported"":31},{""error"":0,""target_size"":27,""timeout"":0,""unsupported"":31},{""error"":0,""target_size"":40,""timeout"":0,""unsupported"":15},{""error"":0,""target_size"":60,""timeout"":0,""unsupported"":15},{""error"":0,""target_size"":90,""timeout"":0,""unsupported"":15},{""error"":0,""target_size"":135,""timeout"":0,""unsupported"":15}]",insufficient-size-levels-requires-6,,,"[{""reasons"":[""below-predeclared-fit-minimum""],""target_size"":8},{""reasons"":[""below-predeclared-fit-minimum""],""target_size"":12},{""reasons"":[""missing-size-measure-or-valid-time""],""target_size"":18},{""reasons"":[""missing-size-measure-or-valid-time""],""target_size"":27},{""reasons"":[""missing-size-measure-or-valid-time""],""target_size"":40},{""reasons"":[""missing-size-measure-or-valid-time""],""target_size"":60},{""reasons"":[""missing-size-measure-or-valid-time""],""target_size"":90},{""reasons"":[""missing-size-measure-or-valid-time""],""target_size"":135}]",,sparse-conflict,"[null,null]",,,N,foreground_cells_n,,,,,,,,,fit,[],,0,,,,,
exact-cover-oracle,,,,,10000,20260804,"[{""error"":0,""target_size"":8,""timeout"":0,""unsupported"":31},{""error"":0,""target_size"":12,""timeout"":0,""unsupported"":31},{""error"":0,""target_size"":18,""timeout"":0,""unsupported"":31},{""error"":0,""target_size"":27,""timeout"":0,""unsupported"":31},{""error"":0,""target_size"":40,""timeout"":0,""unsupported"":15},{""error"":0,""target_size"":60,""timeout"":0,""unsupported"":15},{""error"":0,""target_size"":90,""timeout"":0,""unsupported"":15},{""error"":0,""target_size"":135,""timeout"":0,""unsupported"":15}]",insufficient-size-levels-requires-6,,,"[{""reasons"":[""below-predeclared-fit-minimum""],""target_size"":8},{""reasons"":[""below-predeclared-fit-minimum""],""target_size"":12},{""reasons"":[""missing-size-measure-or-valid-time""],""target_size"":18},{""reasons"":[""missing-size-measure-or-valid-time""],""target_size"":27},{""reasons"":[""missing-size-measure-or-valid-time""],""target_size"":40},{""reasons"":[""missing-size-measure-or-valid-time""],""target_size"":60},{""reasons"":[""missing-size-measure-or-valid-time""],""target_size"":90},{""reasons"":[""missing-size-measure-or-valid-time""],""target_size"":135}]",,sparse-conflict,"[null,null]",,,B,boundary_size_b,,,,,,,,,fit,[],,0,,,,,
exact-cover-oracle,,,,,10000,20260804,"[{""error"":0,""target_size"":8,""timeout"":0,""unsupported"":31},{""error"":0,""target_size"":12,""timeout"":0,""unsupported"":31},{""error"":0,""target_size"":18,""timeout"":0,""unsupported"":31},{""error"":0,""target_size"":27,""timeout"":0,""unsupported"":31},{""error"":0,""target_size"":40,""timeout"":0,""unsupported"":15},{""error"":0,""target_size"":60,""timeout"":0,""unsupported"":15},{""error"":0,""target_size"":90,""timeout"":0,""unsupported"":15},{""error"":0,""target_size"":135,""timeout"":0,""unsupported"":15}]",insufficient-size-levels-requires-6,,,"[{""reasons"":[""below-predeclared-fit-minimum""],""target_size"":8},{""reasons"":[""below-predeclared-fit-minimum""],""target_size"":12},{""reasons"":[""missing-size-measure-or-valid-time""],""target_size"":18},{""reasons"":[""missing-size-measure-or-valid-time""],""target_size"":27},{""reasons"":[""missing-size-measure-or-valid-time""],""target_size"":40},{""reasons"":[""missing-size-measure-or-valid-time""],""target_size"":60},{""reasons"":[""missing-size-measure-or-valid-time""],""target_size"":90},{""reasons"":[""missing-size-measure-or-valid-time""],""target_size"":135}]",,sparse-conflict,"[null,null]",,,q,q,,,,,,,,,fit,[],,0,,,,,
exact-cover-oracle,,,,,10000,20260804,"[{""error"":0,""target_size"":8,""timeout"":0,""unsupported"":31},{""error"":0,""target_size"":12,""timeout"":0,""unsupported"":31},{""error"":0,""target_size"":18,""timeout"":0,""unsupported"":31},{""error"":0,""target_size"":27,""timeout"":0,""unsupported"":31},{""error"":0,""target_size"":40,""timeout"":0,""unsupported"":15},{""error"":0,""target_size"":60,""timeout"":0,""unsupported"":15},{""error"":0,""target_size"":90,""timeout"":0,""unsupported"":15},{""error"":0,""target_size"":135,""timeout"":0,""unsupported"":15}]",insufficient-size-levels-requires-6,,,"[{""reasons"":[""below-predeclared-fit-minimum""],""target_size"":8},{""reasons"":[""below-predeclared-fit-minimum""],""target_size"":12},{""reasons"":[""missing-size-measure-or-valid-time""],""target_size"":18},{""reasons"":[""missing-size-measure-or-valid-time""],""target_size"":27},{""reasons"":[""missing-size-measure-or-valid-time""],""target_size"":40},{""reasons"":[""missing-size-measure-or-valid-time""],""target_size"":60},{""reasons"":[""missing-size-measure-or-valid-time""],""target_size"":90},{""reasons"":[""missing-size-measure-or-valid-time""],""target_size"":135}]",,sparse-conflict,"[null,null]",,,K,explicit_conflict_edge_count_k,,,,,,,,,fit,[],,0,,,,,
exact-cover-oracle,,,,,10000,20260804,"[{""error"":0,""target_size"":8,""timeout"":0,""unsupported"":31},{""error"":0,""target_size"":12,""timeout"":0,""unsupported"":31},{""error"":0,""target_size"":18,""timeout"":0,""unsupported"":31},{""error"":0,""target_size"":27,""timeout"":0,""unsupported"":31},{""error"":0,""target_size"":40,""timeout"":0,""unsupported"":15},{""error"":0,""target_size"":60,""timeout"":0,""unsupported"":15},{""error"":0,""target_size"":90,""timeout"":0,""unsupported"":15},{""error"":0,""target_size"":135,""timeout"":0,""unsupported"":15}]",insufficient-size-levels-requires-6,,,"[{""reasons"":[""below-predeclared-fit-minimum""],""target_size"":8},{""reasons"":[""below-predeclared-fit-minimum""],""target_size"":12},{""reasons"":[""missing-size-measure-or-valid-time""],""target_size"":18},{""reasons"":[""missing-size-measure-or-valid-time""],""target_size"":27},{""reasons"":[""missing-size-measure-or-valid-time""],""target_size"":40},{""reasons"":[""missing-size-measure-or-valid-time""],""target_size"":60},{""reasons"":[""missing-size-measure-or-valid-time""],""target_size"":90},{""reasons"":[""missing-size-measure-or-valid-time""],""target_size"":135}]",,sparse-conflict,"[null,null]",,,M,M = compressed network node count + compressed network arc count,,,,,,,,,fit,[],,0,,,,,
compact-mrd,0.11041747352973069,"[0.09593263102016439,0.11977660611301633]",0.10464752088598807,,10000,20260804,[],empirical-over-measured-range,,,"[{""reasons"":[""below-predeclared-fit-minimum""],""target_size"":8},{""reasons"":[""below-predeclared-fit-minimum""],""target_size"":12}]",,comb-staircase,"[18.0,135.0]","[18,135]",,target_size,predeclared target size,,,,,,,0.508815392240678,,fit,"[0.008134362117640848,-0.032416713669654484,-0.03468455079002197,0.027134136602469994,0.13803646775424383,-0.10620370201467111]",,6,,,,,
compact-mrd,0.0649769209014812,"[0.056160193433112585,0.06997157007491055]",0.0645953274088277,,10000,20260804,[],empirical-over-measured-range,,,"[{""reasons"":[""below-predeclared-fit-minimum""],""target_size"":8},{""reasons"":[""below-predeclared-fit-minimum""],""target_size"":12}]",,comb-staircase,"[361.0,9180.0]","[18,135]",,N,foreground_cells_n,,,,,,,0.6498520378687528,,fit,"[0.008513716412892336,0.009743080056999531,-0.046087793667677346,0.008870431630256803,0.11256352473522568,-0.0936029591676899]",,6,,,,,
compact-mrd,0.13226389798671867,"[0.11342912466146442,0.14232319423378784]",0.12117223630807193,,10000,20260804,[],empirical-over-measured-range,,,"[{""reasons"":[""below-predeclared-fit-minimum""],""target_size"":8},{""reasons"":[""below-predeclared-fit-minimum""],""target_size"":12}]",,comb-staircase,"[56.0,362.0]","[18,135]",,B,boundary_size_b,,,,,,,0.7246593699945965,,fit,"[-0.001937734956161563,0.03914534312999862,-0.06022034171843771,-0.006714198271243532,0.09569503618316588,-0.06596810436733236]",,6,,,,,
compact-mrd,,,,,10000,20260804,[],insufficient-size-levels-requires-6,,,"[{""reasons"":[""below-predeclared-fit-minimum""],""target_size"":8},{""reasons"":[""below-predeclared-fit-minimum""],""target_size"":12},{""reasons"":[""missing-size-measure-or-valid-time""],""target_size"":27},{""reasons"":[""missing-size-measure-or-valid-time""],""target_size"":135}]",,comb-staircase,"[17.0,89.0]","[18,90]",,q,q,,,,,,,,,fit,[],,4,,,,,
compact-mrd,,,,,10000,20260804,[],insufficient-size-levels-requires-6,,,"[{""reasons"":[""below-predeclared-fit-minimum""],""target_size"":8},{""reasons"":[""below-predeclared-fit-minimum""],""target_size"":12},{""reasons"":[""missing-size-measure-or-valid-time""],""target_size"":18},{""reasons"":[""missing-size-measure-or-valid-time""],""target_size"":27},{""reasons"":[""missing-size-measure-or-valid-time""],""target_size"":40},{""reasons"":[""missing-size-measure-or-valid-time""],""target_size"":60},{""reasons"":[""missing-size-measure-or-valid-time""],""target_size"":90},{""reasons"":[""missing-size-measure-or-valid-time""],""target_size"":135}]",,comb-staircase,"[null,null]",,,K,explicit_conflict_edge_count_k,,,,,,,,,fit,[],,0,,,,,
compact-mrd,,,,,10000,20260804,[],insufficient-size-levels-requires-6,,,"[{""reasons"":[""below-predeclared-fit-minimum""],""target_size"":8},{""reasons"":[""below-predeclared-fit-minimum""],""target_size"":12},{""reasons"":[""missing-size-measure-or-valid-time""],""target_size"":27},{""reasons"":[""missing-size-measure-or-valid-time""],""target_size"":135}]",,comb-staircase,"[36.0,180.0]","[18,90]",,M,M = compressed network node count + compressed network arc count,,,,,,,,,fit,[],,4,,,,,
explicit-hopcroft-karp,0.09872642542269212,"[0.0893372500290035,0.11063515367629277]",0.12143642191008695,,10000,20260804,[],empirical-over-measured-range,,,"[{""reasons"":[""below-predeclared-fit-minimum""],""target_size"":8},{""reasons"":[""below-predeclared-fit-minimum""],""target_size"":12}]",,comb-staircase,"[18.0,135.0]","[18,135]",,target_size,predeclared target size,,,,,,,0.538669661330657,,fit,"[0.007170047418089354,-0.03655865966517169,-0.02319081203070894,0.03451226557525189,0.11003190690638576,-0.09196474820384992]",,6,,,,,
explicit-hopcroft-karp,0.058416303543178366,"[0.05350435416507192,0.06476181393416715]",0.03496166163337581,,10000,20260804,[],empirical-over-measured-range,,,"[{""reasons"":[""below-predeclared-fit-minimum""],""target_size"":8},{""reasons"":[""below-predeclared-fit-minimum""],""target_size"":12}]",,comb-staircase,"[361.0,9180.0]","[18,135]",,N,foreground_cells_n,,,,,,,0.6955613414616113,,fit,"[0.008056387171368584,0.001669702359997416,-0.033330485570768786,0.017984907993938037,0.08680330469010755,-0.08118381664464636]",,6,,,,,
explicit-hopcroft-karp,0.11933456864241677,"[0.10957706246565856,0.13156101161065506]",0.10242290656820621,,10000,20260804,[],empirical-over-measured-range,,,"[{""reasons"":[""below-predeclared-fit-minimum""],""target_size"":8},{""reasons"":[""below-predeclared-fit-minimum""],""target_size"":12}]",,comb-staircase,"[56.0,362.0]","[18,135]",,B,boundary_size_b,,,,,,,0.7811867583010127,,fit,"[-0.0010153382865389915,0.028546219045846755,-0.04604475000054009,0.0037945465982645032,0.07128750392971739,-0.056568181286753116]",,6,,,,,
explicit-hopcroft-karp,,,,,10000,20260804,[],insufficient-size-levels-requires-6,,,"[{""reasons"":[""below-predeclared-fit-minimum""],""target_size"":8},{""reasons"":[""below-predeclared-fit-minimum""],""target_size"":12},{""reasons"":[""missing-size-measure-or-valid-time""],""target_size"":27},{""reasons"":[""missing-size-measure-or-valid-time""],""target_size"":135}]",,comb-staircase,"[17.0,89.0]","[18,90]",,q,q,,,,,,,,,fit,[],,4,,,,,
explicit-hopcroft-karp,,,,,10000,20260804,[],insufficient-size-levels-requires-6,,,"[{""reasons"":[""below-predeclared-fit-minimum""],""target_size"":8},{""reasons"":[""below-predeclared-fit-minimum""],""target_size"":12},{""reasons"":[""missing-size-measure-or-valid-time""],""target_size"":18},{""reasons"":[""missing-size-measure-or-valid-time""],""target_size"":27},{""reasons"":[""missing-size-measure-or-valid-time""],""target_size"":40},{""reasons"":[""missing-size-measure-or-valid-time""],""target_size"":60},{""reasons"":[""missing-size-measure-or-valid-time""],""target_size"":90},{""reasons"":[""missing-size-measure-or-valid-time""],""target_size"":135}]",,comb-staircase,"[null,null]",,,K,explicit_conflict_edge_count_k,,,,,,,,,fit,[],,0,,,,,
explicit-hopcroft-karp,,,,,10000,20260804,[],insufficient-size-levels-requires-6,,,"[{""reasons"":[""below-predeclared-fit-minimum""],""target_size"":8},{""reasons"":[""below-predeclared-fit-minimum""],""target_size"":12},{""reasons"":[""missing-size-measure-or-valid-time""],""target_size"":27},{""reasons"":[""missing-size-measure-or-valid-time""],""target_size"":135}]",,comb-staircase,"[36.0,180.0]","[18,90]",,M,M = compressed network node count + compressed network arc count,,,,,,,,,fit,[],,4,,,,,
explicit-c0-flow,0.10609467238677961,"[0.09811212306180656,0.11816762162683703]",0.12521691260695025,,10000,20260804,[],empirical-over-measured-range,,,"[{""reasons"":[""below-predeclared-fit-minimum""],""target_size"":8},{""reasons"":[""below-predeclared-fit-minimum""],""target_size"":12}]",,comb-staircase,"[18.0,135.0]","[18,135]",,target_size,predeclared target size,,,,,,,0.5820232804783085,,fit,"[-0.0017122234687292348,-0.02508632113040221,-0.016236327950611695,0.021310433714145205,0.11417347240948317,-0.09244903357388878]",,6,,,,,
explicit-c0-flow,0.06135180251884419,"[0.057068682236744696,0.0683198702370747]",0.05733387180102517,,10000,20260804,[],empirical-over-measured-range,,,"[{""reasons"":[""below-predeclared-fit-minimum""],""target_size"":8},{""reasons"":[""below-predeclared-fit-minimum""],""target_size"":12}]",,comb-staircase,"[361.0,9180.0]","[18,135]",,N,foreground_cells_n,,,,,,,0.7178264540562704,,fit,"[-0.0032014061573910624,0.01361900488726775,-0.027383500805392202,0.004430585830970557,0.09123163205644502,-0.07869631581190006]",,6,,,,,
explicit-c0-flow,0.12326726839165458,"[0.11483636258119327,0.13762837391525573]",0.10196791474167499,,10000,20260804,[],empirical-over-measured-range,,,"[{""reasons"":[""below-predeclared-fit-minimum""],""target_size"":8},{""reasons"":[""below-predeclared-fit-minimum""],""target_size"":12}]",,comb-staircase,"[56.0,362.0]","[18,135]",,B,boundary_size_b,,,,,,,0.7798577562954236,,fit,"[-0.014304195678352727,0.03969563425548017,-0.040694643636026484,-0.00960245111400937,0.07663774693830305,-0.0517320907653982]",,6,,,,,
explicit-c0-flow,,,,,10000,20260804,[],insufficient-size-levels-requires-6,,,"[{""reasons"":[""below-predeclared-fit-minimum""],""target_size"":8},{""reasons"":[""below-predeclared-fit-minimum""],""target_size"":12},{""reasons"":[""missing-size-measure-or-valid-time""],""target_size"":27},{""reasons"":[""missing-size-measure-or-valid-time""],""target_size"":135}]",,comb-staircase,"[17.0,89.0]","[18,90]",,q,q,,,,,,,,,fit,[],,4,,,,,
explicit-c0-flow,,,,,10000,20260804,[],insufficient-size-levels-requires-6,,,"[{""reasons"":[""below-predeclared-fit-minimum""],""target_size"":8},{""reasons"":[""below-predeclared-fit-minimum""],""target_size"":12},{""reasons"":[""missing-size-measure-or-valid-time""],""target_size"":18},{""reasons"":[""missing-size-measure-or-valid-time""],""target_size"":27},{""reasons"":[""missing-size-measure-or-valid-time""],""target_size"":40},{""reasons"":[""missing-size-measure-or-valid-time""],""target_size"":60},{""reasons"":[""missing-size-measure-or-valid-time""],""target_size"":90},{""reasons"":[""missing-size-measure-or-valid-time""],""target_size"":135}]",,comb-staircase,"[null,null]",,,K,explicit_conflict_edge_count_k,,,,,,,,,fit,[],,0,,,,,
explicit-c0-flow,,,,,10000,20260804,[],insufficient-size-levels-requires-6,,,"[{""reasons"":[""below-predeclared-fit-minimum""],""target_size"":8},{""reasons"":[""below-predeclared-fit-minimum""],""target_size"":12},{""reasons"":[""missing-size-measure-or-valid-time""],""target_size"":27},{""reasons"":[""missing-size-measure-or-valid-time""],""target_size"":135}]",,comb-staircase,"[36.0,180.0]","[18,90]",,M,M = compressed network node count + compressed network arc count,,,,,,,,,fit,[],,4,,,,,
exact-cover-oracle,,,,,10000,20260804,"[{""error"":0,""target_size"":8,""timeout"":0,""unsupported"":31},{""error"":0,""target_size"":12,""timeout"":0,""unsupported"":31},{""error"":0,""target_size"":18,""timeout"":0,""unsupported"":31},{""error"":0,""target_size"":27,""timeout"":0,""unsupported"":31},{""error"":0,""target_size"":40,""timeout"":0,""unsupported"":15},{""error"":0,""target_size"":60,""timeout"":0,""unsupported"":15},{""error"":0,""target_size"":90,""timeout"":0,""unsupported"":15},{""error"":0,""target_size"":135,""timeout"":0,""unsupported"":15}]",insufficient-size-levels-requires-6,,,"[{""reasons"":[""below-predeclared-fit-minimum""],""target_size"":8},{""reasons"":[""below-predeclared-fit-minimum""],""target_size"":12},{""reasons"":[""missing-size-measure-or-valid-time""],""target_size"":18},{""reasons"":[""missing-size-measure-or-valid-time""],""target_size"":27},{""reasons"":[""missing-size-measure-or-valid-time""],""target_size"":40},{""reasons"":[""missing-size-measure-or-valid-time""],""target_size"":60},{""reasons"":[""missing-size-measure-or-valid-time""],""target_size"":90},{""reasons"":[""missing-size-measure-or-valid-time""],""target_size"":135}]",,comb-staircase,"[null,null]",,,target_size,predeclared target size,,,,,,,,,fit,[],,0,,,,,
exact-cover-oracle,,,,,10000,20260804,"[{""error"":0,""target_size"":8,""timeout"":0,""unsupported"":31},{""error"":0,""target_size"":12,""timeout"":0,""unsupported"":31},{""error"":0,""target_size"":18,""timeout"":0,""unsupported"":31},{""error"":0,""target_size"":27,""timeout"":0,""unsupported"":31},{""error"":0,""target_size"":40,""timeout"":0,""unsupported"":15},{""error"":0,""target_size"":60,""timeout"":0,""unsupported"":15},{""error"":0,""target_size"":90,""timeout"":0,""unsupported"":15},{""error"":0,""target_size"":135,""timeout"":0,""unsupported"":15}]",insufficient-size-levels-requires-6,,,"[{""reasons"":[""below-predeclared-fit-minimum""],""target_size"":8},{""reasons"":[""below-predeclared-fit-minimum""],""target_size"":12},{""reasons"":[""missing-size-measure-or-valid-time""],""target_size"":18},{""reasons"":[""missing-size-measure-or-valid-time""],""target_size"":27},{""reasons"":[""missing-size-measure-or-valid-time""],""target_size"":40},{""reasons"":[""missing-size-measure-or-valid-time""],""target_size"":60},{""reasons"":[""missing-size-measure-or-valid-time""],""target_size"":90},{""reasons"":[""missing-size-measure-or-valid-time""],""target_size"":135}]",,comb-staircase,"[null,null]",,,N,foreground_cells_n,,,,,,,,,fit,[],,0,,,,,
exact-cover-oracle,,,,,10000,20260804,"[{""error"":0,""target_size"":8,""timeout"":0,""unsupported"":31},{""error"":0,""target_size"":12,""timeout"":0,""unsupported"":31},{""error"":0,""target_size"":18,""timeout"":0,""unsupported"":31},{""error"":0,""target_size"":27,""timeout"":0,""unsupported"":31},{""error"":0,""target_size"":40,""timeout"":0,""unsupported"":15},{""error"":0,""target_size"":60,""timeout"":0,""unsupported"":15},{""error"":0,""target_size"":90,""timeout"":0,""unsupported"":15},{""error"":0,""target_size"":135,""timeout"":0,""unsupported"":15}]",insufficient-size-levels-requires-6,,,"[{""reasons"":[""below-predeclared-fit-minimum""],""target_size"":8},{""reasons"":[""below-predeclared-fit-minimum""],""target_size"":12},{""reasons"":[""missing-size-measure-or-valid-time""],""target_size"":18},{""reasons"":[""missing-size-measure-or-valid-time""],""target_size"":27},{""reasons"":[""missing-size-measure-or-valid-time""],""target_size"":40},{""reasons"":[""missing-size-measure-or-valid-time""],""target_size"":60},{""reasons"":[""missing-size-measure-or-valid-time""],""target_size"":90},{""reasons"":[""missing-size-measure-or-valid-time""],""target_size"":135}]",,comb-staircase,"[null,null]",,,B,boundary_size_b,,,,,,,,,fit,[],,0,,,,,
exact-cover-oracle,,,,,10000,20260804,"[{""error"":0,""target_size"":8,""timeout"":0,""unsupported"":31},{""error"":0,""target_size"":12,""timeout"":0,""unsupported"":31},{""error"":0,""target_size"":18,""timeout"":0,""unsupported"":31},{""error"":0,""target_size"":27,""timeout"":0,""unsupported"":31},{""error"":0,""target_size"":40,""timeout"":0,""unsupported"":15},{""error"":0,""target_size"":60,""timeout"":0,""unsupported"":15},{""error"":0,""target_size"":90,""timeout"":0,""unsupported"":15},{""error"":0,""target_size"":135,""timeout"":0,""unsupported"":15}]",insufficient-size-levels-requires-6,,,"[{""reasons"":[""below-predeclared-fit-minimum""],""target_size"":8},{""reasons"":[""below-predeclared-fit-minimum""],""target_size"":12},{""reasons"":[""missing-size-measure-or-valid-time""],""target_size"":18},{""reasons"":[""missing-size-measure-or-valid-time""],""target_size"":27},{""reasons"":[""missing-size-measure-or-valid-time""],""target_size"":40},{""reasons"":[""missing-size-measure-or-valid-time""],""target_size"":60},{""reasons"":[""missing-size-measure-or-valid-time""],""target_size"":90},{""reasons"":[""missing-size-measure-or-valid-time""],""target_size"":135}]",,comb-staircase,"[null,null]",,,q,q,,,,,,,,,fit,[],,0,,,,,
exact-cover-oracle,,,,,10000,20260804,"[{""error"":0,""target_size"":8,""timeout"":0,""unsupported"":31},{""error"":0,""target_size"":12,""timeout"":0,""unsupported"":31},{""error"":0,""target_size"":18,""timeout"":0,""unsupported"":31},{""error"":0,""target_size"":27,""timeout"":0,""unsupported"":31},{""error"":0,""target_size"":40,""timeout"":0,""unsupported"":15},{""error"":0,""target_size"":60,""timeout"":0,""unsupported"":15},{""error"":0,""target_size"":90,""timeout"":0,""unsupported"":15},{""error"":0,""target_size"":135,""timeout"":0,""unsupported"":15}]",insufficient-size-levels-requires-6,,,"[{""reasons"":[""below-predeclared-fit-minimum""],""target_size"":8},{""reasons"":[""below-predeclared-fit-minimum""],""target_size"":12},{""reasons"":[""missing-size-measure-or-valid-time""],""target_size"":18},{""reasons"":[""missing-size-measure-or-valid-time""],""target_size"":27},{""reasons"":[""missing-size-measure-or-valid-time""],""target_size"":40},{""reasons"":[""missing-size-measure-or-valid-time""],""target_size"":60},{""reasons"":[""missing-size-measure-or-valid-time""],""target_size"":90},{""reasons"":[""missing-size-measure-or-valid-time""],""target_size"":135}]",,comb-staircase,"[null,null]",,,K,explicit_conflict_edge_count_k,,,,,,,,,fit,[],,0,,,,,
exact-cover-oracle,,,,,10000,20260804,"[{""error"":0,""target_size"":8,""timeout"":0,""unsupported"":31},{""error"":0,""target_size"":12,""timeout"":0,""unsupported"":31},{""error"":0,""target_size"":18,""timeout"":0,""unsupported"":31},{""error"":0,""target_size"":27,""timeout"":0,""unsupported"":31},{""error"":0,""target_size"":40,""timeout"":0,""unsupported"":15},{""error"":0,""target_size"":60,""timeout"":0,""unsupported"":15},{""error"":0,""target_size"":90,""timeout"":0,""unsupported"":15},{""error"":0,""target_size"":135,""timeout"":0,""unsupported"":15}]",insufficient-size-levels-requires-6,,,"[{""reasons"":[""below-predeclared-fit-minimum""],""target_size"":8},{""reasons"":[""below-predeclared-fit-minimum""],""target_size"":12},{""reasons"":[""missing-size-measure-or-valid-time""],""target_size"":18},{""reasons"":[""missing-size-measure-or-valid-time""],""target_size"":27},{""reasons"":[""missing-size-measure-or-valid-time""],""target_size"":40},{""reasons"":[""missing-size-measure-or-valid-time""],""target_size"":60},{""reasons"":[""missing-size-measure-or-valid-time""],""target_size"":90},{""reasons"":[""missing-size-measure-or-valid-time""],""target_size"":135}]",,comb-staircase,"[null,null]",,,M,M = compressed network node count + compressed network arc count,,,,,,,,,fit,[],,0,,,,,
compact-mrd,0.01750056626369358,"[0.006616442082089493,0.02857506258602504]",0.017293229375311688,,10000,20260804,[],empirical-over-measured-range,,,"[{""reasons"":[""below-predeclared-fit-minimum""],""target_size"":8},{""reasons"":[""below-predeclared-fit-minimum""],""target_size"":12}]",,supported-holes,"[18.0,135.0]","[18,135]",,target_size,predeclared target size,,,,,,,0.6917817779515657,,fit,"[0.008875978744050883,-0.011629756847181483,0.004729077136886417,-0.0016989531256825785,-0.008734560929450907,0.008458215021381221]",,6,,,,,
compact-mrd,0.0186796192210653,"[0.007074355245933015,0.03050085061174371]",0.018384912329762457,,10000,20260804,[],empirical-over-measured-range,,,"[{""reasons"":[""below-predeclared-fit-minimum""],""target_size"":8},{""reasons"":[""below-predeclared-fit-minimum""],""target_size"":12}]",,supported-holes,"[269.0,1790.0]","[18,135]",,N,foreground_cells_n,,,,,,,0.699743688095974,,fit,"[0.00868019248710894,-0.01147537009352817,0.00497878771755822,-0.0015304568406193653,-0.008774799716501747,0.008121646445985675]",,6,,,,,
compact-mrd,0.017944089211687247,"[0.006790715890044944,0.02929923299224664]",0.017703433849376518,,10000,20260804,[],empirical-over-measured-range,,,"[{""reasons"":[""below-predeclared-fit-minimum""],""target_size"":8},{""reasons"":[""below-predeclared-fit-minimum""],""target_size"":12}]",,supported-holes,"[76.0,544.0]","[18,135]",,B,boundary_size_b,,,,,,,0.6949367357836231,,fit,"[0.008800562879724083,-0.011567403001080834,0.004826605383847493,-0.0016347747844029925,-0.00875189164571566,0.008326901167624357]",,6,,,,,
compact-mrd,0.01704956982985197,"[0.00647023854303043,0.0278015269822915]",0.016876747851294102,,10000,20260804,[],empirical-over-measured-range,,,"[{""reasons"":[""below-predeclared-fit-minimum""],""target_size"":8},{""reasons"":[""below-predeclared-fit-minimum""],""target_size"":12}]",,supported-holes,"[34.0,268.0]","[18,135]",,q,q,,,,,,,0.6883542404203603,,fit,"[0.008954838867197168,-0.011699103417011969,0.004625192750459917,-0.0017650777920970029,-0.008713876446655888,0.008598026038107776]",,6,,,,,
compact-mrd,,,,,10000,20260804,[],insufficient-size-levels-requires-6,,,"[{""reasons"":[""below-predeclared-fit-minimum""],""target_size"":8},{""reasons"":[""below-predeclared-fit-minimum""],""target_size"":12},{""reasons"":[""missing-size-measure-or-valid-time""],""target_size"":18},{""reasons"":[""missing-size-measure-or-valid-time""],""target_size"":27},{""reasons"":[""missing-size-measure-or-valid-time""],""target_size"":40},{""reasons"":[""missing-size-measure-or-valid-time""],""target_size"":60},{""reasons"":[""missing-size-measure-or-valid-time""],""target_size"":90},{""reasons"":[""missing-size-measure-or-valid-time""],""target_size"":135}]",,supported-holes,"[null,null]",,,K,explicit_conflict_edge_count_k,,,,,,,,,fit,[],,0,,,,,
compact-mrd,0.017276051909091907,"[0.006545546237147236,0.02819921091006736]",0.017085812907283483,,10000,20260804,[],empirical-over-measured-range,,,"[{""reasons"":[""below-predeclared-fit-minimum""],""target_size"":8},{""reasons"":[""below-predeclared-fit-minimum""],""target_size"":12}]",,supported-holes,"[70.0,538.0]","[18,135]",,M,M = compressed network node count + compressed network arc count,,,,,,,0.6901043469378186,,fit,"[0.00891496451877316,-0.01166349360799046,0.004677969513227964,-0.0017317693909433274,-0.008724669109884786,0.008526998076810344]",,6,,,,,
explicit-hopcroft-karp,0.023033773808443847,"[0.00830337639464091,0.0354848180782922]",0.023399799032815624,,10000,20260804,[],empirical-over-measured-range,,,"[{""reasons"":[""below-predeclared-fit-minimum""],""target_size"":8},{""reasons"":[""below-predeclared-fit-minimum""],""target_size"":12}]",,supported-holes,"[18.0,135.0]","[18,135]",,target_size,predeclared target size,,,,,,,0.7094996594450715,,fit,"[0.014463656856065654,-0.017145323471659424,0.0018876833225505152,-0.00794326906854792,0.006404337667525795,0.0023329146940618273]",,6,,,,,
explicit-hopcroft-karp,0.024599034879550456,"[0.008898663422863034,0.038016313165155566]",0.024306864591702757,,10000,20260804,[],empirical-over-measured-range,,,"[{""reasons"":[""below-predeclared-fit-minimum""],""target_size"":8},{""reasons"":[""below-predeclared-fit-minimum""],""target_size"":12}]",,supported-holes,"[269.0,1790.0]","[18,135]",,N,foreground_cells_n,,,,,,,0.7184493704345116,,fit,"[0.014218471296413071,-0.01693446826448408,0.002219126756909162,-0.007723875215795317,0.006343750890831501,0.0018769945361185592]",,6,,,,,
explicit-hopcroft-karp,0.023623043391991127,"[0.008529288810750723,0.036455593230080456]",0.02373764821068311,,10000,20260804,[],empirical-over-measured-range,,,"[{""reasons"":[""below-predeclared-fit-minimum""],""target_size"":8},{""reasons"":[""below-predeclared-fit-minimum""],""target_size"":12}]",,supported-holes,"[76.0,544.0]","[18,135]",,B,boundary_size_b,,,,,,,0.71306842511346,,fit,"[0.01436978256845478,-0.017060008136827065,0.0020171903927987955,-0.007859848012248705,0.006378272125949991,0.0021546110618722025]",,6,,,,,
explicit-hopcroft-karp,0.022433978251595495,"[0.00808764212270063,0.03454448134051255]",0.023060771225293434,,10000,20260804,[],empirical-over-measured-range,,,"[{""reasons"":[""below-predeclared-fit-minimum""],""target_size"":8},{""reasons"":[""below-predeclared-fit-minimum""],""target_size"":12}]",,supported-holes,"[34.0,268.0]","[18,135]",,q,q,,,,,,,0.7055938868617871,,fit,"[0.01456101707167079,-0.01724039200155758,0.0017496734471755815,-0.008029011400537911,0.006435402561667303,0.0025233103215818176]",,6,,,,,
explicit-hopcroft-karp,,,,,10000,20260804,[],insufficient-size-levels-requires-6,,,"[{""reasons"":[""below-predeclared-fit-minimum""],""target_size"":8},{""reasons"":[""below-predeclared-fit-minimum""],""target_size"":12},{""reasons"":[""missing-size-measure-or-valid-time""],""target_size"":18},{""reasons"":[""missing-size-measure-or-valid-time""],""target_size"":27},{""reasons"":[""missing-size-measure-or-valid-time""],""target_size"":40},{""reasons"":[""missing-size-measure-or-valid-time""],""target_size"":60},{""reasons"":[""missing-size-measure-or-valid-time""],""target_size"":90},{""reasons"":[""missing-size-measure-or-valid-time""],""target_size"":135}]",,supported-holes,"[null,null]",,,K,explicit_conflict_edge_count_k,,,,,,,,,fit,[],,0,,,,,
explicit-hopcroft-karp,0.022735260630905026,"[0.008190656655836341,0.035017016548233325]",0.023230436149690316,,10000,20260804,[],empirical-over-measured-range,,,"[{""reasons"":[""below-predeclared-fit-minimum""],""target_size"":8},{""reasons"":[""below-predeclared-fit-minimum""],""target_size"":12}]",,supported-holes,"[70.0,538.0]","[18,135]",,M,M = compressed network node count + compressed network arc count,,,,,,,0.7075916789960425,,fit,"[0.014511893061232684,-0.01719155230294689,0.001819794259262153,-0.007985849008644408,0.006419199229132033,0.0024265147619573213]",,6,,,,,
explicit-c0-flow,0.016375260425360437,"[0.008069219955274414,0.027576526366564186]",0.017505490041719002,,10000,20260804,[],empirical-over-measured-range,,,"[{""reasons"":[""below-predeclared-fit-minimum""],""target_size"":8},{""reasons"":[""below-predeclared-fit-minimum""],""target_size"":12}]",,supported-holes,"[18.0,135.0]","[18,135]",,target_size,predeclared target size,,,,,,,0.6565819390570022,,fit,"[0.005955367412514789,-0.008070940986009134,0.008380741817290982,-0.006679398805676584,-0.009341317276160055,0.009755547838043555]",,6,,,,,
explicit-c0-flow,0.017468901082438947,"[0.008715752427185097,0.029449512429155753]",0.01818406967763882,,10000,20260804,[],empirical-over-measured-range,,,"[{""reasons"":[""below-predeclared-fit-minimum""],""target_size"":8},{""reasons"":[""below-predeclared-fit-minimum""],""target_size"":12}]",,supported-holes,"[269.0,1790.0]","[18,135]",,N,foreground_cells_n,,,,,,,0.6634095338922518,,fit,"[0.00576323057016026,-0.007931955284909975,0.008612407205095707,-0.006520037844264692,-0.009373516267949356,0.009449871621882266]",,6,,,,,
explicit-c0-flow,0.016786355824951086,"[0.008314279505580807,0.028277235425365903]",0.017758236461056544,,10000,20260804,[],empirical-over-measured-range,,,"[{""reasons"":[""below-predeclared-fit-minimum""],""target_size"":8},{""reasons"":[""below-predeclared-fit-minimum""],""target_size"":12}]",,supported-holes,"[76.0,544.0]","[18,135]",,B,boundary_size_b,,,,,,,0.6592693196780863,,fit,"[0.005880984862969285,-0.00801489697704838,0.008471189060813344,-0.006618604165691266,-0.009355227214761896,0.009636554433718914]",,6,,,,,
explicit-c0-flow,0.01595762923976877,"[0.007831995728576709,0.026883325576224557]",0.017251861884480447,,10000,20260804,[],empirical-over-measured-range,,,"[{""reasons"":[""below-predeclared-fit-minimum""],""target_size"":8},{""reasons"":[""below-predeclared-fit-minimum""],""target_size"":12}]",,supported-holes,"[34.0,268.0]","[18,135]",,q,q,,,,,,,0.6536864256680861,,fit,"[0.0060336822065671925,-0.008133157932796564,0.008284437744205064,-0.006742178435242607,-0.00932466440626456,0.009881880823535028]",,6,,,,,
explicit-c0-flow,,,,,10000,20260804,[],insufficient-size-levels-requires-6,,,"[{""reasons"":[""below-predeclared-fit-minimum""],""target_size"":8},{""reasons"":[""below-predeclared-fit-minimum""],""target_size"":12},{""reasons"":[""missing-size-measure-or-valid-time""],""target_size"":18},{""reasons"":[""missing-size-measure-or-valid-time""],""target_size"":27},{""reasons"":[""missing-size-measure-or-valid-time""],""target_size"":40},{""reasons"":[""missing-size-measure-or-valid-time""],""target_size"":60},{""reasons"":[""missing-size-measure-or-valid-time""],""target_size"":90},{""reasons"":[""missing-size-measure-or-valid-time""],""target_size"":135}]",,supported-holes,"[null,null]",,,K,explicit_conflict_edge_count_k,,,,,,,,,fit,[],,0,,,,,
explicit-c0-flow,0.016167305401612098,"[0.007945625073077299,0.02723130668515586]",0.017378788942285235,,10000,20260804,[],empirical-over-measured-range,,,"[{""reasons"":[""below-predeclared-fit-minimum""],""target_size"":8},{""reasons"":[""below-predeclared-fit-minimum""],""target_size"":12}]",,supported-holes,"[70.0,538.0]","[18,135]",,M,M = compressed network node count + compressed network arc count,,,,,,,0.6551618981152068,,fit,"[0.005994013116524144,-0.008101222524150131,0.008333359050400446,-0.006710536031800274,-0.00933335925747869,0.00981774564651161]",,6,,,,,
exact-cover-oracle,,,,,10000,20260804,"[{""error"":0,""target_size"":8,""timeout"":0,""unsupported"":31},{""error"":0,""target_size"":12,""timeout"":0,""unsupported"":31},{""error"":0,""target_size"":18,""timeout"":0,""unsupported"":31},{""error"":0,""target_size"":27,""timeout"":0,""unsupported"":31},{""error"":0,""target_size"":40,""timeout"":0,""unsupported"":15},{""error"":0,""target_size"":60,""timeout"":0,""unsupported"":15},{""error"":0,""target_size"":90,""timeout"":0,""unsupported"":15},{""error"":0,""target_size"":135,""timeout"":0,""unsupported"":15}]",insufficient-size-levels-requires-6,,,"[{""reasons"":[""below-predeclared-fit-minimum""],""target_size"":8},{""reasons"":[""below-predeclared-fit-minimum""],""target_size"":12},{""reasons"":[""missing-size-measure-or-valid-time""],""target_size"":18},{""reasons"":[""missing-size-measure-or-valid-time""],""target_size"":27},{""reasons"":[""missing-size-measure-or-valid-time""],""target_size"":40},{""reasons"":[""missing-size-measure-or-valid-time""],""target_size"":60},{""reasons"":[""missing-size-measure-or-valid-time""],""target_size"":90},{""reasons"":[""missing-size-measure-or-valid-time""],""target_size"":135}]",,supported-holes,"[null,null]",,,target_size,predeclared target size,,,,,,,,,fit,[],,0,,,,,
exact-cover-oracle,,,,,10000,20260804,"[{""error"":0,""target_size"":8,""timeout"":0,""unsupported"":31},{""error"":0,""target_size"":12,""timeout"":0,""unsupported"":31},{""error"":0,""target_size"":18,""timeout"":0,""unsupported"":31},{""error"":0,""target_size"":27,""timeout"":0,""unsupported"":31},{""error"":0,""target_size"":40,""timeout"":0,""unsupported"":15},{""error"":0,""target_size"":60,""timeout"":0,""unsupported"":15},{""error"":0,""target_size"":90,""timeout"":0,""unsupported"":15},{""error"":0,""target_size"":135,""timeout"":0,""unsupported"":15}]",insufficient-size-levels-requires-6,,,"[{""reasons"":[""below-predeclared-fit-minimum""],""target_size"":8},{""reasons"":[""below-predeclared-fit-minimum""],""target_size"":12},{""reasons"":[""missing-size-measure-or-valid-time""],""target_size"":18},{""reasons"":[""missing-size-measure-or-valid-time""],""target_size"":27},{""reasons"":[""missing-size-measure-or-valid-time""],""target_size"":40},{""reasons"":[""missing-size-measure-or-valid-time""],""target_size"":60},{""reasons"":[""missing-size-measure-or-valid-time""],""target_size"":90},{""reasons"":[""missing-size-measure-or-valid-time""],""target_size"":135}]",,supported-holes,"[null,null]",,,N,foreground_cells_n,,,,,,,,,fit,[],,0,,,,,
exact-cover-oracle,,,,,10000,20260804,"[{""error"":0,""target_size"":8,""timeout"":0,""unsupported"":31},{""error"":0,""target_size"":12,""timeout"":0,""unsupported"":31},{""error"":0,""target_size"":18,""timeout"":0,""unsupported"":31},{""error"":0,""target_size"":27,""timeout"":0,""unsupported"":31},{""error"":0,""target_size"":40,""timeout"":0,""unsupported"":15},{""error"":0,""target_size"":60,""timeout"":0,""unsupported"":15},{""error"":0,""target_size"":90,""timeout"":0,""unsupported"":15},{""error"":0,""target_size"":135,""timeout"":0,""unsupported"":15}]",insufficient-size-levels-requires-6,,,"[{""reasons"":[""below-predeclared-fit-minimum""],""target_size"":8},{""reasons"":[""below-predeclared-fit-minimum""],""target_size"":12},{""reasons"":[""missing-size-measure-or-valid-time""],""target_size"":18},{""reasons"":[""missing-size-measure-or-valid-time""],""target_size"":27},{""reasons"":[""missing-size-measure-or-valid-time""],""target_size"":40},{""reasons"":[""missing-size-measure-or-valid-time""],""target_size"":60},{""reasons"":[""missing-size-measure-or-valid-time""],""target_size"":90},{""reasons"":[""missing-size-measure-or-valid-time""],""target_size"":135}]",,supported-holes,"[null,null]",,,B,boundary_size_b,,,,,,,,,fit,[],,0,,,,,
exact-cover-oracle,,,,,10000,20260804,"[{""error"":0,""target_size"":8,""timeout"":0,""unsupported"":31},{""error"":0,""target_size"":12,""timeout"":0,""unsupported"":31},{""error"":0,""target_size"":18,""timeout"":0,""unsupported"":31},{""error"":0,""target_size"":27,""timeout"":0,""unsupported"":31},{""error"":0,""target_size"":40,""timeout"":0,""unsupported"":15},{""error"":0,""target_size"":60,""timeout"":0,""unsupported"":15},{""error"":0,""target_size"":90,""timeout"":0,""unsupported"":15},{""error"":0,""target_size"":135,""timeout"":0,""unsupported"":15}]",insufficient-size-levels-requires-6,,,"[{""reasons"":[""below-predeclared-fit-minimum""],""target_size"":8},{""reasons"":[""below-predeclared-fit-minimum""],""target_size"":12},{""reasons"":[""missing-size-measure-or-valid-time""],""target_size"":18},{""reasons"":[""missing-size-measure-or-valid-time""],""target_size"":27},{""reasons"":[""missing-size-measure-or-valid-time""],""target_size"":40},{""reasons"":[""missing-size-measure-or-valid-time""],""target_size"":60},{""reasons"":[""missing-size-measure-or-valid-time""],""target_size"":90},{""reasons"":[""missing-size-measure-or-valid-time""],""target_size"":135}]",,supported-holes,"[null,null]",,,q,q,,,,,,,,,fit,[],,0,,,,,
exact-cover-oracle,,,,,10000,20260804,"[{""error"":0,""target_size"":8,""timeout"":0,""unsupported"":31},{""error"":0,""target_size"":12,""timeout"":0,""unsupported"":31},{""error"":0,""target_size"":18,""timeout"":0,""unsupported"":31},{""error"":0,""target_size"":27,""timeout"":0,""unsupported"":31},{""error"":0,""target_size"":40,""timeout"":0,""unsupported"":15},{""error"":0,""target_size"":60,""timeout"":0,""unsupported"":15},{""error"":0,""target_size"":90,""timeout"":0,""unsupported"":15},{""error"":0,""target_size"":135,""timeout"":0,""unsupported"":15}]",insufficient-size-levels-requires-6,,,"[{""reasons"":[""below-predeclared-fit-minimum""],""target_size"":8},{""reasons"":[""below-predeclared-fit-minimum""],""target_size"":12},{""reasons"":[""missing-size-measure-or-valid-time""],""target_size"":18},{""reasons"":[""missing-size-measure-or-valid-time""],""target_size"":27},{""reasons"":[""missing-size-measure-or-valid-time""],""target_size"":40},{""reasons"":[""missing-size-measure-or-valid-time""],""target_size"":60},{""reasons"":[""missing-size-measure-or-valid-time""],""target_size"":90},{""reasons"":[""missing-size-measure-or-valid-time""],""target_size"":135}]",,supported-holes,"[null,null]",,,K,explicit_conflict_edge_count_k,,,,,,,,,fit,[],,0,,,,,
exact-cover-oracle,,,,,10000,20260804,"[{""error"":0,""target_size"":8,""timeout"":0,""unsupported"":31},{""error"":0,""target_size"":12,""timeout"":0,""unsupported"":31},{""error"":0,""target_size"":18,""timeout"":0,""unsupported"":31},{""error"":0,""target_size"":27,""timeout"":0,""unsupported"":31},{""error"":0,""target_size"":40,""timeout"":0,""unsupported"":15},{""error"":0,""target_size"":60,""timeout"":0,""unsupported"":15},{""error"":0,""target_size"":90,""timeout"":0,""unsupported"":15},{""error"":0,""target_size"":135,""timeout"":0,""unsupported"":15}]",insufficient-size-levels-requires-6,,,"[{""reasons"":[""below-predeclared-fit-minimum""],""target_size"":8},{""reasons"":[""below-predeclared-fit-minimum""],""target_size"":12},{""reasons"":[""missing-size-measure-or-valid-time""],""target_size"":18},{""reasons"":[""missing-size-measure-or-valid-time""],""target_size"":27},{""reasons"":[""missing-size-measure-or-valid-time""],""target_size"":40},{""reasons"":[""missing-size-measure-or-valid-time""],""target_size"":60},{""reasons"":[""missing-size-measure-or-valid-time""],""target_size"":90},{""reasons"":[""missing-size-measure-or-valid-time""],""target_size"":135}]",,supported-holes,"[null,null]",,,M,M = compressed network node count + compressed network arc count,,,,,,,,,fit,[],,0,,,,,
compact-mrd,0.4645697548896507,"[0.4538481355753986,0.4771967767105263]",0.4101783914398983,,10000,20260804,[],empirical-over-measured-range,,,"[{""reasons"":[""below-predeclared-fit-minimum""],""target_size"":8},{""reasons"":[""below-predeclared-fit-minimum""],""target_size"":12}]",,polyomino,"[18.0,135.0]","[18,135]",,target_size,predeclared target size,,,,,,,0.8499267244653883,,fit,"[0.15002627867485785,-0.003285324428155434,-0.10721331464354833,-0.1710416494929774,-0.06877104681186452,0.2002850567016914]",,6,,,,,
compact-mrd,0.2497715811719587,"[0.24403409499639225,0.2565808795682329]",0.2181960700753563,,10000,20260804,[],empirical-over-measured-range,,,"[{""reasons"":[""below-predeclared-fit-minimum""],""target_size"":8},{""reasons"":[""below-predeclared-fit-minimum""],""target_size"":12}]",,polyomino,"[881.0,38087.0]","[18,135]",,N,foreground_cells_n,,,,,,,0.8617655231208444,,fit,"[0.1446253627072096,0.0013615082266724698,-0.09987893645272194,-0.16616935283888523,-0.07010341301287681,0.19016483137060192]",,6,,,,,
compact-mrd,0.49970139349164927,"[0.48822383600685737,0.5133245781755489]",0.4364881620778913,,10000,20260804,[],empirical-over-measured-range,,,"[{""reasons"":[""below-predeclared-fit-minimum""],""target_size"":8},{""reasons"":[""below-predeclared-fit-minimum""],""target_size"":12}]",,polyomino,"[84.0,552.0]","[18,135]",,B,boundary_size_b,,,,,,,0.8618472287769581,,fit,"[0.14457854842420303,0.0014028047015663958,-0.09982335455084979,-0.16613812069862988,-0.0701167787941337,0.19009690091784037]",,6,,,,,
compact-mrd,,,,,10000,20260804,[],insufficient-size-levels-requires-6,,,"[{""reasons"":[""below-predeclared-fit-minimum""],""target_size"":8},{""reasons"":[""below-predeclared-fit-minimum""],""target_size"":12},{""reasons"":[""missing-size-measure-or-valid-time""],""target_size"":18},{""reasons"":[""missing-size-measure-or-valid-time""],""target_size"":27},{""reasons"":[""missing-size-measure-or-valid-time""],""target_size"":40},{""reasons"":[""missing-size-measure-or-valid-time""],""target_size"":60},{""reasons"":[""missing-size-measure-or-valid-time""],""target_size"":90},{""reasons"":[""missing-size-measure-or-valid-time""],""target_size"":135}]",,polyomino,"[null,null]",,,q,q,,,,,,,,,fit,[],,0,,,,,
compact-mrd,,,,,10000,20260804,[],insufficient-size-levels-requires-6,,,"[{""reasons"":[""below-predeclared-fit-minimum""],""target_size"":8},{""reasons"":[""below-predeclared-fit-minimum""],""target_size"":12},{""reasons"":[""missing-size-measure-or-valid-time""],""target_size"":18},{""reasons"":[""missing-size-measure-or-valid-time""],""target_size"":27},{""reasons"":[""missing-size-measure-or-valid-time""],""target_size"":40},{""reasons"":[""missing-size-measure-or-valid-time""],""target_size"":60},{""reasons"":[""missing-size-measure-or-valid-time""],""target_size"":90},{""reasons"":[""missing-size-measure-or-valid-time""],""target_size"":135}]",,polyomino,"[null,null]",,,K,explicit_conflict_edge_count_k,,,,,,,,,fit,[],,0,,,,,
compact-mrd,,,,,10000,20260804,[],insufficient-size-levels-requires-6,,,"[{""reasons"":[""below-predeclared-fit-minimum""],""target_size"":8},{""reasons"":[""below-predeclared-fit-minimum""],""target_size"":12},{""reasons"":[""missing-size-measure-or-valid-time""],""target_size"":18},{""reasons"":[""missing-size-measure-or-valid-time""],""target_size"":27},{""reasons"":[""missing-size-measure-or-valid-time""],""target_size"":40},{""reasons"":[""missing-size-measure-or-valid-time""],""target_size"":60},{""reasons"":[""missing-size-measure-or-valid-time""],""target_size"":90},{""reasons"":[""missing-size-measure-or-valid-time""],""target_size"":135}]",,polyomino,"[null,null]",,,M,M = compressed network node count + compressed network arc count,,,,,,,,,fit,[],,0,,,,,
explicit-hopcroft-karp,0.4624411999176514,"[0.45061497145162693,0.4747122274932354]",0.4013075250230311,,10000,20260804,[],empirical-over-measured-range,,,"[{""reasons"":[""below-predeclared-fit-minimum""],""target_size"":8},{""reasons"":[""below-predeclared-fit-minimum""],""target_size"":12}]",,polyomino,"[18.0,135.0]","[18,135]",,target_size,predeclared target size,,,,,,,0.8411514537225415,,fit,"[0.15312034352296067,0.0013169771262688812,-0.1164421312698849,-0.1722626612526632,-0.07228630487535526,0.20655377674867026]",,6,,,,,
explicit-hopcroft-karp,0.24868664365198395,"[0.24227150550996887,0.25517984275428895]",0.213477176465361,,10000,20260804,[],empirical-over-measured-range,,,"[{""reasons"":[""below-predeclared-fit-minimum""],""target_size"":8},{""reasons"":[""below-predeclared-fit-minimum""],""target_size"":12}]",,polyomino,"[881.0,38087.0]","[18,135]",,N,foreground_cells_n,,,,,,,0.8532760019567311,,fit,"[0.14785407731562117,0.0060099727029871985,-0.10911673247946752,-0.16743349165259502,-0.07367968906306288,0.1963658631765064]",,6,,,,,
explicit-hopcroft-karp,0.497531646783431,"[0.48469669010322647,0.5105217626951342]",0.42704829820611484,,10000,20260804,[],empirical-over-measured-range,,,"[{""reasons"":[""below-predeclared-fit-minimum""],""target_size"":8},{""reasons"":[""below-predeclared-fit-minimum""],""target_size"":12}]",,polyomino,"[84.0,552.0]","[18,135]",,B,boundary_size_b,,,,,,,0.8533597006639865,,fit,"[0.14780821986838433,0.00605155236574717,-0.10906122307544663,-0.1674025377640973,-0.0736934570395924,0.19629744564500484]",,6,,,,,
explicit-hopcroft-karp,,,,,10000,20260804,[],insufficient-size-levels-requires-6,,,"[{""reasons"":[""below-predeclared-fit-minimum""],""target_size"":8},{""reasons"":[""below-predeclared-fit-minimum""],""target_size"":12},{""reasons"":[""missing-size-measure-or-valid-time""],""target_size"":18},{""reasons"":[""missing-size-measure-or-valid-time""],""target_size"":27},{""reasons"":[""missing-size-measure-or-valid-time""],""target_size"":40},{""reasons"":[""missing-size-measure-or-valid-time""],""target_size"":60},{""reasons"":[""missing-size-measure-or-valid-time""],""target_size"":90},{""reasons"":[""missing-size-measure-or-valid-time""],""target_size"":135}]",,polyomino,"[null,null]",,,q,q,,,,,,,,,fit,[],,0,,,,,
explicit-hopcroft-karp,,,,,10000,20260804,[],insufficient-size-levels-requires-6,,,"[{""reasons"":[""below-predeclared-fit-minimum""],""target_size"":8},{""reasons"":[""below-predeclared-fit-minimum""],""target_size"":12},{""reasons"":[""missing-size-measure-or-valid-time""],""target_size"":18},{""reasons"":[""missing-size-measure-or-valid-time""],""target_size"":27},{""reasons"":[""missing-size-measure-or-valid-time""],""target_size"":40},{""reasons"":[""missing-size-measure-or-valid-time""],""target_size"":60},{""reasons"":[""missing-size-measure-or-valid-time""],""target_size"":90},{""reasons"":[""missing-size-measure-or-valid-time""],""target_size"":135}]",,polyomino,"[null,null]",,,K,explicit_conflict_edge_count_k,,,,,,,,,fit,[],,0,,,,,
explicit-hopcroft-karp,,,,,10000,20260804,[],insufficient-size-levels-requires-6,,,"[{""reasons"":[""below-predeclared-fit-minimum""],""target_size"":8},{""reasons"":[""below-predeclared-fit-minimum""],""target_size"":12},{""reasons"":[""missing-size-measure-or-valid-time""],""target_size"":18},{""reasons"":[""missing-size-measure-or-valid-time""],""target_size"":27},{""reasons"":[""missing-size-measure-or-valid-time""],""target_size"":40},{""reasons"":[""missing-size-measure-or-valid-time""],""target_size"":60},{""reasons"":[""missing-size-measure-or-valid-time""],""target_size"":90},{""reasons"":[""missing-size-measure-or-valid-time""],""target_size"":135}]",,polyomino,"[null,null]",,,M,M = compressed network node count + compressed network arc count,,,,,,,,,fit,[],,0,,,,,
explicit-c0-flow,0.469987235946272,"[0.45599179870161266,0.48110834140257697]",0.41938833691806965,,10000,20260804,[],empirical-over-measured-range,,,"[{""reasons"":[""below-predeclared-fit-minimum""],""target_size"":8},{""reasons"":[""below-predeclared-fit-minimum""],""target_size"":12}]",,polyomino,"[18.0,135.0]","[18,135]",,target_size,predeclared target size,,,,,,,0.862429154121253,,fit,"[0.1453148741582453,-0.0010724374358517252,-0.11002232879024731,-0.16290312089487813,-0.06199213579463958,0.19067514875738922]",,6,,,,,
explicit-c0-flow,0.2526061528521714,"[0.24507020547983444,0.2586300388202352]",0.2230953381764643,,10000,20260804,[],empirical-over-measured-range,,,"[{""reasons"":[""below-predeclared-fit-minimum""],""target_size"":8},{""reasons"":[""below-predeclared-fit-minimum""],""target_size"":12}]",,polyomino,"[881.0,38087.0]","[18,135]",,N,foreground_cells_n,,,,,,,0.8739017322665023,,fit,"[0.13970664465506744,0.0035399994117746303,-0.1026347613216565,-0.1579466869901296,-0.06325189003894494,0.18058669428390672]",,6,,,,,
explicit-c0-flow,0.5053712725861678,"[0.49029463069481444,0.5174233925928178]",0.4462888543096117,,10000,20260804,[],empirical-over-measured-range,,,"[{""reasons"":[""below-predeclared-fit-minimum""],""target_size"":8},{""reasons"":[""below-predeclared-fit-minimum""],""target_size"":12}]",,polyomino,"[84.0,552.0]","[18,135]",,B,boundary_size_b,,,,,,,0.8739809223629493,,fit,"[0.1396583198911152,0.003581163411517707,-0.10257876818002742,-0.15791491510538336,-0.06326480937857681,0.18051900936136178]",,6,,,,,
explicit-c0-flow,,,,,10000,20260804,[],insufficient-size-levels-requires-6,,,"[{""reasons"":[""below-predeclared-fit-minimum""],""target_size"":8},{""reasons"":[""below-predeclared-fit-minimum""],""target_size"":12},{""reasons"":[""missing-size-measure-or-valid-time""],""target_size"":18},{""reasons"":[""missing-size-measure-or-valid-time""],""target_size"":27},{""reasons"":[""missing-size-measure-or-valid-time""],""target_size"":40},{""reasons"":[""missing-size-measure-or-valid-time""],""target_size"":60},{""reasons"":[""missing-size-measure-or-valid-time""],""target_size"":90},{""reasons"":[""missing-size-measure-or-valid-time""],""target_size"":135}]",,polyomino,"[null,null]",,,q,q,,,,,,,,,fit,[],,0,,,,,
explicit-c0-flow,,,,,10000,20260804,[],insufficient-size-levels-requires-6,,,"[{""reasons"":[""below-predeclared-fit-minimum""],""target_size"":8},{""reasons"":[""below-predeclared-fit-minimum""],""target_size"":12},{""reasons"":[""missing-size-measure-or-valid-time""],""target_size"":18},{""reasons"":[""missing-size-measure-or-valid-time""],""target_size"":27},{""reasons"":[""missing-size-measure-or-valid-time""],""target_size"":40},{""reasons"":[""missing-size-measure-or-valid-time""],""target_size"":60},{""reasons"":[""missing-size-measure-or-valid-time""],""target_size"":90},{""reasons"":[""missing-size-measure-or-valid-time""],""target_size"":135}]",,polyomino,"[null,null]",,,K,explicit_conflict_edge_count_k,,,,,,,,,fit,[],,0,,,,,
explicit-c0-flow,,,,,10000,20260804,[],insufficient-size-levels-requires-6,,,"[{""reasons"":[""below-predeclared-fit-minimum""],""target_size"":8},{""reasons"":[""below-predeclared-fit-minimum""],""target_size"":12},{""reasons"":[""missing-size-measure-or-valid-time""],""target_size"":18},{""reasons"":[""missing-size-measure-or-valid-time""],""target_size"":27},{""reasons"":[""missing-size-measure-or-valid-time""],""target_size"":40},{""reasons"":[""missing-size-measure-or-valid-time""],""target_size"":60},{""reasons"":[""missing-size-measure-or-valid-time""],""target_size"":90},{""reasons"":[""missing-size-measure-or-valid-time""],""target_size"":135}]",,polyomino,"[null,null]",,,M,M = compressed network node count + compressed network arc count,,,,,,,,,fit,[],,0,,,,,
exact-cover-oracle,,,,,10000,20260804,"[{""error"":0,""target_size"":8,""timeout"":0,""unsupported"":31},{""error"":0,""target_size"":12,""timeout"":0,""unsupported"":31},{""error"":0,""target_size"":18,""timeout"":0,""unsupported"":31},{""error"":0,""target_size"":27,""timeout"":0,""unsupported"":31},{""error"":0,""target_size"":40,""timeout"":0,""unsupported"":15},{""error"":0,""target_size"":60,""timeout"":0,""unsupported"":15},{""error"":0,""target_size"":90,""timeout"":0,""unsupported"":15},{""error"":0,""target_size"":135,""timeout"":0,""unsupported"":15}]",insufficient-size-levels-requires-6,,,"[{""reasons"":[""below-predeclared-fit-minimum""],""target_size"":8},{""reasons"":[""below-predeclared-fit-minimum""],""target_size"":12},{""reasons"":[""missing-size-measure-or-valid-time""],""target_size"":18},{""reasons"":[""missing-size-measure-or-valid-time""],""target_size"":27},{""reasons"":[""missing-size-measure-or-valid-time""],""target_size"":40},{""reasons"":[""missing-size-measure-or-valid-time""],""target_size"":60},{""reasons"":[""missing-size-measure-or-valid-time""],""target_size"":90},{""reasons"":[""missing-size-measure-or-valid-time""],""target_size"":135}]",,polyomino,"[null,null]",,,target_size,predeclared target size,,,,,,,,,fit,[],,0,,,,,
exact-cover-oracle,,,,,10000,20260804,"[{""error"":0,""target_size"":8,""timeout"":0,""unsupported"":31},{""error"":0,""target_size"":12,""timeout"":0,""unsupported"":31},{""error"":0,""target_size"":18,""timeout"":0,""unsupported"":31},{""error"":0,""target_size"":27,""timeout"":0,""unsupported"":31},{""error"":0,""target_size"":40,""timeout"":0,""unsupported"":15},{""error"":0,""target_size"":60,""timeout"":0,""unsupported"":15},{""error"":0,""target_size"":90,""timeout"":0,""unsupported"":15},{""error"":0,""target_size"":135,""timeout"":0,""unsupported"":15}]",insufficient-size-levels-requires-6,,,"[{""reasons"":[""below-predeclared-fit-minimum""],""target_size"":8},{""reasons"":[""below-predeclared-fit-minimum""],""target_size"":12},{""reasons"":[""missing-size-measure-or-valid-time""],""target_size"":18},{""reasons"":[""missing-size-measure-or-valid-time""],""target_size"":27},{""reasons"":[""missing-size-measure-or-valid-time""],""target_size"":40},{""reasons"":[""missing-size-measure-or-valid-time""],""target_size"":60},{""reasons"":[""missing-size-measure-or-valid-time""],""target_size"":90},{""reasons"":[""missing-size-measure-or-valid-time""],""target_size"":135}]",,polyomino,"[null,null]",,,N,foreground_cells_n,,,,,,,,,fit,[],,0,,,,,
exact-cover-oracle,,,,,10000,20260804,"[{""error"":0,""target_size"":8,""timeout"":0,""unsupported"":31},{""error"":0,""target_size"":12,""timeout"":0,""unsupported"":31},{""error"":0,""target_size"":18,""timeout"":0,""unsupported"":31},{""error"":0,""target_size"":27,""timeout"":0,""unsupported"":31},{""error"":0,""target_size"":40,""timeout"":0,""unsupported"":15},{""error"":0,""target_size"":60,""timeout"":0,""unsupported"":15},{""error"":0,""target_size"":90,""timeout"":0,""unsupported"":15},{""error"":0,""target_size"":135,""timeout"":0,""unsupported"":15}]",insufficient-size-levels-requires-6,,,"[{""reasons"":[""below-predeclared-fit-minimum""],""target_size"":8},{""reasons"":[""below-predeclared-fit-minimum""],""target_size"":12},{""reasons"":[""missing-size-measure-or-valid-time""],""target_size"":18},{""reasons"":[""missing-size-measure-or-valid-time""],""target_size"":27},{""reasons"":[""missing-size-measure-or-valid-time""],""target_size"":40},{""reasons"":[""missing-size-measure-or-valid-time""],""target_size"":60},{""reasons"":[""missing-size-measure-or-valid-time""],""target_size"":90},{""reasons"":[""missing-size-measure-or-valid-time""],""target_size"":135}]",,polyomino,"[null,null]",,,B,boundary_size_b,,,,,,,,,fit,[],,0,,,,,
exact-cover-oracle,,,,,10000,20260804,"[{""error"":0,""target_size"":8,""timeout"":0,""unsupported"":31},{""error"":0,""target_size"":12,""timeout"":0,""unsupported"":31},{""error"":0,""target_size"":18,""timeout"":0,""unsupported"":31},{""error"":0,""target_size"":27,""timeout"":0,""unsupported"":31},{""error"":0,""target_size"":40,""timeout"":0,""unsupported"":15},{""error"":0,""target_size"":60,""timeout"":0,""unsupported"":15},{""error"":0,""target_size"":90,""timeout"":0,""unsupported"":15},{""error"":0,""target_size"":135,""timeout"":0,""unsupported"":15}]",insufficient-size-levels-requires-6,,,"[{""reasons"":[""below-predeclared-fit-minimum""],""target_size"":8},{""reasons"":[""below-predeclared-fit-minimum""],""target_size"":12},{""reasons"":[""missing-size-measure-or-valid-time""],""target_size"":18},{""reasons"":[""missing-size-measure-or-valid-time""],""target_size"":27},{""reasons"":[""missing-size-measure-or-valid-time""],""target_size"":40},{""reasons"":[""missing-size-measure-or-valid-time""],""target_size"":60},{""reasons"":[""missing-size-measure-or-valid-time""],""target_size"":90},{""reasons"":[""missing-size-measure-or-valid-time""],""target_size"":135}]",,polyomino,"[null,null]",,,q,q,,,,,,,,,fit,[],,0,,,,,
exact-cover-oracle,,,,,10000,20260804,"[{""error"":0,""target_size"":8,""timeout"":0,""unsupported"":31},{""error"":0,""target_size"":12,""timeout"":0,""unsupported"":31},{""error"":0,""target_size"":18,""timeout"":0,""unsupported"":31},{""error"":0,""target_size"":27,""timeout"":0,""unsupported"":31},{""error"":0,""target_size"":40,""timeout"":0,""unsupported"":15},{""error"":0,""target_size"":60,""timeout"":0,""unsupported"":15},{""error"":0,""target_size"":90,""timeout"":0,""unsupported"":15},{""error"":0,""target_size"":135,""timeout"":0,""unsupported"":15}]",insufficient-size-levels-requires-6,,,"[{""reasons"":[""below-predeclared-fit-minimum""],""target_size"":8},{""reasons"":[""below-predeclared-fit-minimum""],""target_size"":12},{""reasons"":[""missing-size-measure-or-valid-time""],""target_size"":18},{""reasons"":[""missing-size-measure-or-valid-time""],""target_size"":27},{""reasons"":[""missing-size-measure-or-valid-time""],""target_size"":40},{""reasons"":[""missing-size-measure-or-valid-time""],""target_size"":60},{""reasons"":[""missing-size-measure-or-valid-time""],""target_size"":90},{""reasons"":[""missing-size-measure-or-valid-time""],""target_size"":135}]",,polyomino,"[null,null]",,,K,explicit_conflict_edge_count_k,,,,,,,,,fit,[],,0,,,,,
exact-cover-oracle,,,,,10000,20260804,"[{""error"":0,""target_size"":8,""timeout"":0,""unsupported"":31},{""error"":0,""target_size"":12,""timeout"":0,""unsupported"":31},{""error"":0,""target_size"":18,""timeout"":0,""unsupported"":31},{""error"":0,""target_size"":27,""timeout"":0,""unsupported"":31},{""error"":0,""target_size"":40,""timeout"":0,""unsupported"":15},{""error"":0,""target_size"":60,""timeout"":0,""unsupported"":15},{""error"":0,""target_size"":90,""timeout"":0,""unsupported"":15},{""error"":0,""target_size"":135,""timeout"":0,""unsupported"":15}]",insufficient-size-levels-requires-6,,,"[{""reasons"":[""below-predeclared-fit-minimum""],""target_size"":8},{""reasons"":[""below-predeclared-fit-minimum""],""target_size"":12},{""reasons"":[""missing-size-measure-or-valid-time""],""target_size"":18},{""reasons"":[""missing-size-measure-or-valid-time""],""target_size"":27},{""reasons"":[""missing-size-measure-or-valid-time""],""target_size"":40},{""reasons"":[""missing-size-measure-or-valid-time""],""target_size"":60},{""reasons"":[""missing-size-measure-or-valid-time""],""target_size"":90},{""reasons"":[""missing-size-measure-or-valid-time""],""target_size"":135}]",,polyomino,"[null,null]",,,M,M = compressed network node count + compressed network arc count,,,,,,,,,fit,[],,0,,,,,
compact-mrd,1.1408756222859435,"[1.1197184318733664,1.1505296070526903]",1.1356753608236372,,10000,20260804,[],empirical-over-measured-range,,,"[{""reasons"":[""below-predeclared-fit-minimum""],""target_size"":8},{""reasons"":[""below-predeclared-fit-minimum""],""target_size"":12}]",,representation-crossover,"[18.0,135.0]","[18,135]",,target_size,predeclared target size,,,,,,,0.951145827819618,,fit,"[0.232332672877142,-0.0332134984553889,-0.19510365866209156,-0.19721218323809708,-0.04297347375833738,0.23617014123676938]",,6,,,,,
compact-mrd,0.5996172769882927,"[0.588465083742712,0.6047060007205468]",0.5924379018592419,,10000,20260804,[],empirical-over-measured-range,,,"[{""reasons"":[""below-predeclared-fit-minimum""],""target_size"":8},{""reasons"":[""below-predeclared-fit-minimum""],""target_size"":12}]",,representation-crossover,"[18196.0,845971.0]","[18,135]",,N,foreground_cells_n,,,,,,,0.9565703889292456,,fit,"[0.22025292128688534,-0.026320330087326482,-0.1825826297824804,-0.1881628521039893,-0.043930644219578596,0.22074353490650367]",,6,,,,,
compact-mrd,1.1478931605442952,"[1.1266056794775892,1.157609853469818]",1.141510203465899,,10000,20260804,[],empirical-over-measured-range,,,"[{""reasons"":[""below-predeclared-fit-minimum""],""target_size"":8},{""reasons"":[""below-predeclared-fit-minimum""],""target_size"":12}]",,representation-crossover,"[292.0,2164.0]","[18,135]",,B,boundary_size_b,,,,,,,0.9518412999093445,,fit,"[0.23082902738590505,-0.03230898607634458,-0.1935296077694204,-0.19610444521993742,-0.04312232293415974,0.23423633461396776]",,6,,,,,
compact-mrd,1.1408756222859435,"[1.1197184318733664,1.1505296070526903]",1.135675360823636,,10000,20260804,[],empirical-over-measured-range,,,"[{""reasons"":[""below-predeclared-fit-minimum""],""target_size"":8},{""reasons"":[""below-predeclared-fit-minimum""],""target_size"":12}]",,representation-crossover,"[72.0,540.0]","[18,135]",,q,q,,,,,,,0.9511458278196177,,fit,"[0.23233267287714554,-0.03321349845538535,-0.19510365866209156,-0.19721218323809708,-0.04297347375833738,0.23617014123676938]",,6,,,,,
compact-mrd,0.5704378111429718,"[0.5598592159366832,0.5752648035263451]",0.567837680411818,,10000,20260804,[],empirical-over-measured-range,,,"[{""reasons"":[""below-predeclared-fit-minimum""],""target_size"":8},{""reasons"":[""below-predeclared-fit-minimum""],""target_size"":12}]",,representation-crossover,"[1296.0,72900.0]","[18,135]",,K,explicit_conflict_edge_count_k,,,,,,,0.951145827819618,,fit,"[0.23233267287714554,-0.03321349845538535,-0.195103658662088,-0.19721218323809353,-0.042973473758333824,0.23617014123677293]",,6,,,,,
compact-mrd,1.1478931605442952,"[1.126605679477589,1.157609853469818]",1.1415102034658964,,10000,20260804,[],empirical-over-measured-range,,,"[{""reasons"":[""below-predeclared-fit-minimum""],""target_size"":8},{""reasons"":[""below-predeclared-fit-minimum""],""target_size"":12}]",,representation-crossover,"[219.0,1623.0]","[18,135]",,M,M = compressed network node count + compressed network arc count,,,,,,,0.9518412999093444,,fit,"[0.23082902738590505,-0.032308986076348134,-0.1935296077694204,-0.19610444521994097,-0.04312232293416329,0.2342363346139642]",,6,,,,,
explicit-hopcroft-karp,1.145802481488041,"[1.1249648214536376,1.1542368907363434]",1.143877676032096,,10000,20260804,[],empirical-over-measured-range,,,"[{""reasons"":[""below-predeclared-fit-minimum""],""target_size"":8},{""reasons"":[""below-predeclared-fit-minimum""],""target_size"":12}]",,representation-crossover,"[18.0,135.0]","[18,135]",,target_size,predeclared target size,,,,,,,0.9505745959442901,,fit,"[0.2387134231437571,-0.03592771047856402,-0.2094024344320431,-0.18859547897509188,-0.03824512390114165,0.23345732464308]",,6,,,,,
explicit-hopcroft-karp,0.6022248991006113,"[0.591223745892154,0.6066552148893496]",0.5999621825728164,,10000,20260804,[],empirical-over-measured-range,,,"[{""reasons"":[""below-predeclared-fit-minimum""],""target_size"":8},{""reasons"":[""below-predeclared-fit-minimum""],""target_size"":12}]",,representation-crossover,"[18196.0,845971.0]","[18,135]",,N,foreground_cells_n,,,,,,,0.9560536252707001,,fit,"[0.2266159182152485,-0.02898381209086409,-0.19681979758097157,-0.17951366390834167,-0.039227353094361206,0.21792870845928292]",,6,,,,,
explicit-hopcroft-karp,1.1528548653531507,"[1.131878866281734,1.1613494669207711]",1.1500317536065758,,10000,20260804,[],empirical-over-measured-range,,,"[{""reasons"":[""below-predeclared-fit-minimum""],""target_size"":8},{""reasons"":[""below-predeclared-fit-minimum""],""target_size"":12}]",,representation-crossover,"[292.0,2164.0]","[18,135]",,B,boundary_size_b,,,,,,,0.9512771434222287,,fit,"[0.23720781519615386,-0.035016581162800264,-0.20782064623681507,-0.1874838490023798,-0.03839734238752612,0.23151060359335673]",,6,,,,,
explicit-hopcroft-karp,1.1458024814880408,"[1.1249648214536376,1.1542368907363434]",1.143877676032096,,10000,20260804,[],empirical-over-measured-range,,,"[{""reasons"":[""below-predeclared-fit-minimum""],""target_size"":8},{""reasons"":[""below-predeclared-fit-minimum""],""target_size"":12}]",,representation-crossover,"[72.0,540.0]","[18,135]",,q,q,,,,,,,0.9505745959442901,,fit,"[0.2387134231437571,-0.03592771047856402,-0.2094024344320431,-0.18859547897509188,-0.03824512390114165,0.23345732464308]",,6,,,,,
explicit-hopcroft-karp,0.5729012407440204,"[0.5624824107268188,0.5771184453681717]",0.571938838016048,,10000,20260804,[],empirical-over-measured-range,,,"[{""reasons"":[""below-predeclared-fit-minimum""],""target_size"":8},{""reasons"":[""below-predeclared-fit-minimum""],""target_size"":12}]",,representation-crossover,"[1296.0,72900.0]","[18,135]",,K,explicit_conflict_edge_count_k,,,,,,,0.9505745959442904,,fit,"[0.23871342314375354,-0.035927710478567576,-0.2094024344320431,-0.18859547897509188,-0.03824512390114165,0.23345732464308]",,6,,,,,
explicit-hopcroft-karp,1.1528548653531505,"[1.1318788662817338,1.1613494669207711]",1.1500317536065758,,10000,20260804,[],empirical-over-measured-range,,,"[{""reasons"":[""below-predeclared-fit-minimum""],""target_size"":8},{""reasons"":[""below-predeclared-fit-minimum""],""target_size"":12}]",,representation-crossover,"[219.0,1623.0]","[18,135]",,M,M = compressed network node count + compressed network arc count,,,,,,,0.951277143422229,,fit,"[0.23720781519615386,-0.035016581162800264,-0.2078206462368115,-0.1874838490023798,-0.03839734238752612,0.23151060359335673]",,6,,,,,
explicit-c0-flow,1.173122581894835,"[1.154329112654049,1.181464072848896]",1.1784391572191673,,10000,20260804,[],empirical-over-measured-range,,,"[{""reasons"":[""below-predeclared-fit-minimum""],""target_size"":8},{""reasons"":[""below-predeclared-fit-minimum""],""target_size"":12}]",,representation-crossover,"[18.0,135.0]","[18,135]",,target_size,predeclared target size,,,,,,,0.9532971249172163,,fit,"[0.23689589990757298,-0.034695033147574605,-0.20660283585596417,-0.1957009340067266,-0.028294021044928286,0.22839692414761714]",,6,,,,,
explicit-c0-flow,0.6165304264747967,"[0.60663389780483,0.6209293773393125]",0.615840118031159,,10000,20260804,[],empirical-over-measured-range,,,"[{""reasons"":[""below-predeclared-fit-minimum""],""target_size"":8},{""reasons"":[""below-predeclared-fit-minimum""],""target_size"":12}]",,representation-crossover,"[18196.0,845971.0]","[18,135]",,N,foreground_cells_n,,,,,,,0.9586248290800703,,fit,"[0.22440829442807342,-0.027647486221358264,-0.1937424437907822,-0.18638309302447453,-0.029237859428079105,0.2126025880366278]",,6,,,,,
explicit-c0-flow,1.180330231621011,"[1.161414296348217,1.1887275521782676]",1.1847791760361164,,10000,20260804,[],empirical-over-measured-range,,,"[{""reasons"":[""below-predeclared-fit-minimum""],""target_size"":8},{""reasons"":[""below-predeclared-fit-minimum""],""target_size"":12}]",,representation-crossover,"[292.0,2164.0]","[18,135]",,B,boundary_size_b,,,,,,,0.9539808504254349,,fit,"[0.2353415309017386,-0.03376987417631838,-0.20498599976280474,-0.19456026724055775,-0.028442129432317387,0.2264167397102561]",,6,,,,,
explicit-c0-flow,1.173122581894835,"[1.154329112654049,1.181464072848896]",1.1784391572191673,,10000,20260804,[],empirical-over-measured-range,,,"[{""reasons"":[""below-predeclared-fit-minimum""],""target_size"":8},{""reasons"":[""below-predeclared-fit-minimum""],""target_size"":12}]",,representation-crossover,"[72.0,540.0]","[18,135]",,q,q,,,,,,,0.9532971249172163,,fit,"[0.23689589990757298,-0.034695033147574605,-0.20660283585596417,-0.1957009340067266,-0.028294021044928286,0.22839692414761714]",,6,,,,,
explicit-c0-flow,0.5865612909474175,"[0.5771645563270245,0.590732036424448]",0.5892195786095836,,10000,20260804,[],empirical-over-measured-range,,,"[{""reasons"":[""below-predeclared-fit-minimum""],""target_size"":8},{""reasons"":[""below-predeclared-fit-minimum""],""target_size"":12}]",,representation-crossover,"[1296.0,72900.0]","[18,135]",,K,explicit_conflict_edge_count_k,,,,,,,0.9532971249172163,,fit,"[0.23689589990757298,-0.034695033147574605,-0.20660283585596417,-0.1957009340067266,-0.028294021044928286,0.22839692414761714]",,6,,,,,
explicit-c0-flow,0.5913874068809523,"[0.5819086621490163,0.595595370619722]",0.5934621428160634,,10000,20260804,[],empirical-over-measured-range,,,"[{""reasons"":[""below-predeclared-fit-minimum""],""target_size"":8},{""reasons"":[""below-predeclared-fit-minimum""],""target_size"":12}]",,representation-crossover,"[4034.0,219782.0]","[18,135]",,M,M = compressed network node count + compressed network arc count,,,,,,,0.9542132149575695,,fit,"[0.23480779723431056,-0.03345286878860776,-0.20443348986936272,-0.19417123189794339,-0.028492732031740076,0.22574252535333628]",,6,,,,,
exact-cover-oracle,,,,,10000,20260804,"[{""error"":0,""target_size"":8,""timeout"":0,""unsupported"":31},{""error"":0,""target_size"":12,""timeout"":0,""unsupported"":31},{""error"":0,""target_size"":18,""timeout"":0,""unsupported"":31},{""error"":0,""target_size"":27,""timeout"":0,""unsupported"":31},{""error"":0,""target_size"":40,""timeout"":0,""unsupported"":15},{""error"":0,""target_size"":60,""timeout"":0,""unsupported"":15},{""error"":0,""target_size"":90,""timeout"":0,""unsupported"":15},{""error"":0,""target_size"":135,""timeout"":0,""unsupported"":15}]",insufficient-size-levels-requires-6,,,"[{""reasons"":[""below-predeclared-fit-minimum""],""target_size"":8},{""reasons"":[""below-predeclared-fit-minimum""],""target_size"":12},{""reasons"":[""missing-size-measure-or-valid-time""],""target_size"":18},{""reasons"":[""missing-size-measure-or-valid-time""],""target_size"":27},{""reasons"":[""missing-size-measure-or-valid-time""],""target_size"":40},{""reasons"":[""missing-size-measure-or-valid-time""],""target_size"":60},{""reasons"":[""missing-size-measure-or-valid-time""],""target_size"":90},{""reasons"":[""missing-size-measure-or-valid-time""],""target_size"":135}]",,representation-crossover,"[null,null]",,,target_size,predeclared target size,,,,,,,,,fit,[],,0,,,,,
exact-cover-oracle,,,,,10000,20260804,"[{""error"":0,""target_size"":8,""timeout"":0,""unsupported"":31},{""error"":0,""target_size"":12,""timeout"":0,""unsupported"":31},{""error"":0,""target_size"":18,""timeout"":0,""unsupported"":31},{""error"":0,""target_size"":27,""timeout"":0,""unsupported"":31},{""error"":0,""target_size"":40,""timeout"":0,""unsupported"":15},{""error"":0,""target_size"":60,""timeout"":0,""unsupported"":15},{""error"":0,""target_size"":90,""timeout"":0,""unsupported"":15},{""error"":0,""target_size"":135,""timeout"":0,""unsupported"":15}]",insufficient-size-levels-requires-6,,,"[{""reasons"":[""below-predeclared-fit-minimum""],""target_size"":8},{""reasons"":[""below-predeclared-fit-minimum""],""target_size"":12},{""reasons"":[""missing-size-measure-or-valid-time""],""target_size"":18},{""reasons"":[""missing-size-measure-or-valid-time""],""target_size"":27},{""reasons"":[""missing-size-measure-or-valid-time""],""target_size"":40},{""reasons"":[""missing-size-measure-or-valid-time""],""target_size"":60},{""reasons"":[""missing-size-measure-or-valid-time""],""target_size"":90},{""reasons"":[""missing-size-measure-or-valid-time""],""target_size"":135}]",,representation-crossover,"[null,null]",,,N,foreground_cells_n,,,,,,,,,fit,[],,0,,,,,
exact-cover-oracle,,,,,10000,20260804,"[{""error"":0,""target_size"":8,""timeout"":0,""unsupported"":31},{""error"":0,""target_size"":12,""timeout"":0,""unsupported"":31},{""error"":0,""target_size"":18,""timeout"":0,""unsupported"":31},{""error"":0,""target_size"":27,""timeout"":0,""unsupported"":31},{""error"":0,""target_size"":40,""timeout"":0,""unsupported"":15},{""error"":0,""target_size"":60,""timeout"":0,""unsupported"":15},{""error"":0,""target_size"":90,""timeout"":0,""unsupported"":15},{""error"":0,""target_size"":135,""timeout"":0,""unsupported"":15}]",insufficient-size-levels-requires-6,,,"[{""reasons"":[""below-predeclared-fit-minimum""],""target_size"":8},{""reasons"":[""below-predeclared-fit-minimum""],""target_size"":12},{""reasons"":[""missing-size-measure-or-valid-time""],""target_size"":18},{""reasons"":[""missing-size-measure-or-valid-time""],""target_size"":27},{""reasons"":[""missing-size-measure-or-valid-time""],""target_size"":40},{""reasons"":[""missing-size-measure-or-valid-time""],""target_size"":60},{""reasons"":[""missing-size-measure-or-valid-time""],""target_size"":90},{""reasons"":[""missing-size-measure-or-valid-time""],""target_size"":135}]",,representation-crossover,"[null,null]",,,B,boundary_size_b,,,,,,,,,fit,[],,0,,,,,
exact-cover-oracle,,,,,10000,20260804,"[{""error"":0,""target_size"":8,""timeout"":0,""unsupported"":31},{""error"":0,""target_size"":12,""timeout"":0,""unsupported"":31},{""error"":0,""target_size"":18,""timeout"":0,""unsupported"":31},{""error"":0,""target_size"":27,""timeout"":0,""unsupported"":31},{""error"":0,""target_size"":40,""timeout"":0,""unsupported"":15},{""error"":0,""target_size"":60,""timeout"":0,""unsupported"":15},{""error"":0,""target_size"":90,""timeout"":0,""unsupported"":15},{""error"":0,""target_size"":135,""timeout"":0,""unsupported"":15}]",insufficient-size-levels-requires-6,,,"[{""reasons"":[""below-predeclared-fit-minimum""],""target_size"":8},{""reasons"":[""below-predeclared-fit-minimum""],""target_size"":12},{""reasons"":[""missing-size-measure-or-valid-time""],""target_size"":18},{""reasons"":[""missing-size-measure-or-valid-time""],""target_size"":27},{""reasons"":[""missing-size-measure-or-valid-time""],""target_size"":40},{""reasons"":[""missing-size-measure-or-valid-time""],""target_size"":60},{""reasons"":[""missing-size-measure-or-valid-time""],""target_size"":90},{""reasons"":[""missing-size-measure-or-valid-time""],""target_size"":135}]",,representation-crossover,"[null,null]",,,q,q,,,,,,,,,fit,[],,0,,,,,
exact-cover-oracle,,,,,10000,20260804,"[{""error"":0,""target_size"":8,""timeout"":0,""unsupported"":31},{""error"":0,""target_size"":12,""timeout"":0,""unsupported"":31},{""error"":0,""target_size"":18,""timeout"":0,""unsupported"":31},{""error"":0,""target_size"":27,""timeout"":0,""unsupported"":31},{""error"":0,""target_size"":40,""timeout"":0,""unsupported"":15},{""error"":0,""target_size"":60,""timeout"":0,""unsupported"":15},{""error"":0,""target_size"":90,""timeout"":0,""unsupported"":15},{""error"":0,""target_size"":135,""timeout"":0,""unsupported"":15}]",insufficient-size-levels-requires-6,,,"[{""reasons"":[""below-predeclared-fit-minimum""],""target_size"":8},{""reasons"":[""below-predeclared-fit-minimum""],""target_size"":12},{""reasons"":[""missing-size-measure-or-valid-time""],""target_size"":18},{""reasons"":[""missing-size-measure-or-valid-time""],""target_size"":27},{""reasons"":[""missing-size-measure-or-valid-time""],""target_size"":40},{""reasons"":[""missing-size-measure-or-valid-time""],""target_size"":60},{""reasons"":[""missing-size-measure-or-valid-time""],""target_size"":90},{""reasons"":[""missing-size-measure-or-valid-time""],""target_size"":135}]",,representation-crossover,"[null,null]",,,K,explicit_conflict_edge_count_k,,,,,,,,,fit,[],,0,,,,,
exact-cover-oracle,,,,,10000,20260804,"[{""error"":0,""target_size"":8,""timeout"":0,""unsupported"":31},{""error"":0,""target_size"":12,""timeout"":0,""unsupported"":31},{""error"":0,""target_size"":18,""timeout"":0,""unsupported"":31},{""error"":0,""target_size"":27,""timeout"":0,""unsupported"":31},{""error"":0,""target_size"":40,""timeout"":0,""unsupported"":15},{""error"":0,""target_size"":60,""timeout"":0,""unsupported"":15},{""error"":0,""target_size"":90,""timeout"":0,""unsupported"":15},{""error"":0,""target_size"":135,""timeout"":0,""unsupported"":15}]",insufficient-size-levels-requires-6,,,"[{""reasons"":[""below-predeclared-fit-minimum""],""target_size"":8},{""reasons"":[""below-predeclared-fit-minimum""],""target_size"":12},{""reasons"":[""missing-size-measure-or-valid-time""],""target_size"":18},{""reasons"":[""missing-size-measure-or-valid-time""],""target_size"":27},{""reasons"":[""missing-size-measure-or-valid-time""],""target_size"":40},{""reasons"":[""missing-size-measure-or-valid-time""],""target_size"":60},{""reasons"":[""missing-size-measure-or-valid-time""],""target_size"":90},{""reasons"":[""missing-size-measure-or-valid-time""],""target_size"":135}]",,representation-crossover,"[null,null]",,,M,M = compressed network node count + compressed network arc count,,,,,,,,,fit,[],,0,,,,,
