git_commit,rustc_version,command,seed,timestamp,input_count,component_count,input_model,unsupported_input_features,instance_name,family,parameters,component_id,status,message,exact_cover_compared,cell_count,boundary_complexity,hole_count,reflex_vertex_count,horizontal_chord_count,vertical_chord_count,total_chord_count,effective_chord_enumerator,effective_chord_enumeration_microseconds,prepared_component_build_count,prepared_component_build_microseconds,boundary_extraction_microseconds,reflex_grouping_microseconds,occupancy_bytes,horizontal_interior_run_count,vertical_interior_run_count,candidate_reflex_pair_count,emitted_chord_count,explicit_conflict_edge_count,edge_density_numerator,edge_density_denominator,biclique_count,biclique_total_vertex_occurrences,biclique_size_per_chord_numerator,biclique_size_per_chord_denominator,biclique_size_per_edge_numerator,biclique_size_per_edge_denominator,c0_network_vertex_count,c0_network_arc_count,compressed_network_vertex_count,compressed_network_arc_count,maximum_matching_size,minimum_vertex_cover_size,output_rectangle_count,completion_backend,selected_chord_cut_materialization_microseconds,horizontal_simple_chord_completion_microseconds,vertical_simple_chord_completion_microseconds,rectangle_recovery_microseconds,final_output_validation_microseconds,completion_candidate_queries,completion_full_grid_scans,completion_added_horizontal_unit_cuts,completion_added_vertical_unit_cuts,completion_stale_candidates,rectangle_recovery_queue_pushes,rectangle_recovery_region_count,rectangle_recovery_allocations,c0_phase_microseconds,compressed_phase_microseconds,compact_only_phase_microseconds,peak_memory_bytes,owned_allocation_estimates
9c826593d98f5349fa1a9accd2089ee5c5746623,rustc 1.89.0 (29483883e 2025-08-04),/Users/kcn/Desktop/algorithm/target/release/rect-cli benchmark --suite path-tree-comparison --sizes 3 --output results/v0.5-path-tree-comparison.csv,,1784966444,512,871,finite-colored-unit-grid-path-tree-comparison,ornaments;isolated-formal-boundary-points;line-segment-holes;point-holes;degenerate-formal-holes;general-polygon-input,binary-3x3-1,path-tree-comparison,"{""side"":3}",0,verified,,false,1,4,0,0,0,0,0,prepared-path-tree-input,1,1,0,1,0,1,,,,,0,,,0,0,,,,,0,0,2,0,0,0,1,,0,1,0,2,1,16,2,0,0,0,1,1,4,{},{},{},,{}
9c826593d98f5349fa1a9accd2089ee5c5746623,rustc 1.89.0 (29483883e 2025-08-04),/Users/kcn/Desktop/algorithm/target/release/rect-cli benchmark --suite path-tree-comparison --sizes 3 --output results/v0.5-path-tree-comparison.csv,,1784966444,512,871,finite-colored-unit-grid-path-tree-comparison,ornaments;isolated-formal-boundary-points;line-segment-holes;point-holes;degenerate-formal-holes;general-polygon-input,binary-3x3-2,path-tree-comparison,"{""side"":3}",1,verified,,false,1,4,0,0,0,0,0,prepared-path-tree-input,0,1,0,2,0,1,,,,,0,,,0,0,,,,,0,0,2,0,0,0,1,,0,0,0,0,0,16,2,0,0,0,1,1,4,{},{},{},,{}
9c826593d98f5349fa1a9accd2089ee5c5746623,rustc 1.89.0 (29483883e 2025-08-04),/Users/kcn/Desktop/algorithm/target/release/rect-cli benchmark --suite path-tree-comparison --sizes 3 --output results/v0.5-path-tree-comparison.csv,,1784966444,512,871,finite-colored-unit-grid-path-tree-comparison,ornaments;isolated-formal-boundary-points;line-segment-holes;point-holes;degenerate-formal-holes;general-polygon-input,binary-3x3-3,path-tree-comparison,"{""side"":3}",0,verified,,false,2,4,0,0,0,0,0,prepared-path-tree-input,0,1,0,1,0,2,,,,,0,,,0,0,,,,,0,0,2,0,0,0,1,,0,0,0,0,0,24,2,0,0,0,2,1,4,{},{},{},,{}
9c826593d98f5349fa1a9accd2089ee5c5746623,rustc 1.89.0 (29483883e 2025-08-04),/Users/kcn/Desktop/algorithm/target/release/rect-cli benchmark --suite path-tree-comparison --sizes 3 --output results/v0.5-path-tree-comparison.csv,,1784966444,512,871,finite-colored-unit-grid-path-tree-comparison,ornaments;isolated-formal-boundary-points;line-segment-holes;point-holes;degenerate-formal-holes;general-polygon-input,binary-3x3-4,path-tree-comparison,"{""side"":3}",1,verified,,false,1,4,0,0,0,0,0,prepared-path-tree-input,0,1,0,0,0,1,,,,,0,,,0,0,,,,,0,0,2,0,0,0,1,,0,0,0,0,0,16,2,0,0,0,1,1,4,{},{},{},,{}
9c826593d98f5349fa1a9accd2089ee5c5746623,rustc 1.89.0 (29483883e 2025-08-04),/Users/kcn/Desktop/algorithm/target/release/rect-cli benchmark --suite path-tree-comparison --sizes 3 --output results/v0.5-path-tree-comparison.csv,,1784966444,512,871,finite-colored-unit-grid-path-tree-comparison,ornaments;isolated-formal-boundary-points;line-segment-holes;point-holes;degenerate-formal-holes;general-polygon-input,binary-3x3-5,path-tree-comparison,"{""side"":3}",0,verified,,false,1,4,0,0,0,0,0,prepared-path-tree-input,0,1,0,0,0,1,,,,,0,,,0,0,,,,,0,0,2,0,0,0,1,,0,0,0,0,0,16,2,0,0,0,1,1,4,{},{},{},,{}
9c826593d98f5349fa1a9accd2089ee5c5746623,rustc 1.89.0 (29483883e 2025-08-04),/Users/kcn/Desktop/algorithm/target/release/rect-cli benchmark --suite path-tree-comparison --sizes 3 --output results/v0.5-path-tree-comparison.csv,,1784966444,512,871,finite-colored-unit-grid-path-tree-comparison,ornaments;isolated-formal-boundary-points;line-segment-holes;point-holes;degenerate-formal-holes;general-polygon-input,binary-3x3-5,path-tree-comparison,"{""side"":3}",2,verified,,false,1,4,0,0,0,0,0,prepared-path-tree-input,0,1,0,0,0,1,,,,,0,,,0,0,,,,,0,0,2,0,0,0,1,,0,0,0,0,0,16,2,0,0,0,1,1,4,{},{},{},,{}
9c826593d98f5349fa1a9accd2089ee5c5746623,rustc 1.89.0 (29483883e 2025-08-04),/Users/kcn/Desktop/algorithm/target/release/rect-cli benchmark --suite path-tree-comparison --sizes 3 --output results/v0.5-path-tree-comparison.csv,,1784966444,512,871,finite-colored-unit-grid-path-tree-comparison,ornaments;isolated-formal-boundary-points;line-segment-holes;point-holes;degenerate-formal-holes;general-polygon-input,binary-3x3-6,path-tree-comparison,"{""side"":3}",1,verified,,false,2,4,0,0,0,0,0,prepared-path-tree-input,0,1,0,1,0,2,,,,,0,,,0,0,,,,,0,0,2,0,0,0,1,,0,0,0,1,0,24,2,0,0,0,2,1,4,{},{},{},,{}
9c826593d98f5349fa1a9accd2089ee5c5746623,rustc 1.89.0 (29483883e 2025-08-04),/Users/kcn/Desktop/algorithm/target/release/rect-cli benchmark --suite path-tree-comparison --sizes 3 --output results/v0.5-path-tree-comparison.csv,,1784966444,512,871,finite-colored-unit-grid-path-tree-comparison,ornaments;isolated-formal-boundary-points;line-segment-holes;point-holes;degenerate-formal-holes;general-polygon-input,binary-3x3-7,path-tree-comparison,"{""side"":3}",0,verified,,false,3,4,0,0,0,0,0,prepared-path-tree-input,0,1,0,1,0,3,,,,,0,,,0,0,,,,,0,0,2,0,0,0,1,,0,0,0,0,0,32,2,0,0,0,3,1,4,{},{},{},,{}
9c826593d98f5349fa1a9accd2089ee5c5746623,rustc 1.89.0 (29483883e 2025-08-04),/Users/kcn/Desktop/algorithm/target/release/rect-cli benchmark --suite path-tree-comparison --sizes 3 --output results/v0.5-path-tree-comparison.csv,,1784966444,512,871,finite-colored-unit-grid-path-tree-comparison,ornaments;isolated-formal-boundary-points;line-segment-holes;point-holes;degenerate-formal-holes;general-polygon-input,binary-3x3-8,path-tree-comparison,"{""side"":3}",1,verified,,false,1,4,0,0,0,0,0,prepared-path-tree-input,0,1,0,0,0,1,,,,,0,,,0,0,,,,,0,0,2,0,0,0,1,,0,0,0,1,0,16,2,0,0,0,1,1,4,{},{},{},,{}
9c826593d98f5349fa1a9accd2089ee5c5746623,rustc 1.89.0 (29483883e 2025-08-04),/Users/kcn/Desktop/algorithm/target/release/rect-cli benchmark --suite path-tree-comparison --sizes 3 --output results/v0.5-path-tree-comparison.csv,,1784966444,512,871,finite-colored-unit-grid-path-tree-comparison,ornaments;isolated-formal-boundary-points;line-segment-holes;point-holes;degenerate-formal-holes;general-polygon-input,binary-3x3-9,path-tree-comparison,"{""side"":3}",0,verified,,false,2,4,0,0,0,0,0,prepared-path-tree-input,0,1,0,1,0,2,,,,,0,,,0,0,,,,,0,0,2,0,0,0,1,,0,0,0,0,0,24,2,0,0,0,2,1,4,{},{},{},,{}
9c826593d98f5349fa1a9accd2089ee5c5746623,rustc 1.89.0 (29483883e 2025-08-04),/Users/kcn/Desktop/algorithm/target/release/rect-cli benchmark --suite path-tree-comparison --sizes 3 --output results/v0.5-path-tree-comparison.csv,,1784966444,512,871,finite-colored-unit-grid-path-tree-comparison,ornaments;isolated-formal-boundary-points;line-segment-holes;point-holes;degenerate-formal-holes;general-polygon-input,binary-3x3-a,path-tree-comparison,"{""side"":3}",1,verified,,false,1,4,0,0,0,0,0,prepared-path-tree-input,0,1,0,0,0,1,,,,,0,,,0,0,,,,,0,0,2,0,0,0,1,,0,0,0,0,0,16,2,0,0,0,1,1,4,{},{},{},,{}
9c826593d98f5349fa1a9accd2089ee5c5746623,rustc 1.89.0 (29483883e 2025-08-04),/Users/kcn/Desktop/algorithm/target/release/rect-cli benchmark --suite path-tree-comparison --sizes 3 --output results/v0.5-path-tree-comparison.csv,,1784966444,512,871,finite-colored-unit-grid-path-tree-comparison,ornaments;isolated-formal-boundary-points;line-segment-holes;point-holes;degenerate-formal-holes;general-polygon-input,binary-3x3-a,path-tree-comparison,"{""side"":3}",3,verified,,false,1,4,0,0,0,0,0,prepared-path-tree-input,0,1,0,0,0,1,,,,,0,,,0,0,,,,,0,0,2,0,0,0,1,,0,0,0,0,0,16,2,0,0,0,1,1,4,{},{},{},,{}
9c826593d98f5349fa1a9accd2089ee5c5746623,rustc 1.89.0 (29483883e 2025-08-04),/Users/kcn/Desktop/algorithm/target/release/rect-cli benchmark --suite path-tree-comparison --sizes 3 --output results/v0.5-path-tree-comparison.csv,,1784966444,512,871,finite-colored-unit-grid-path-tree-comparison,ornaments;isolated-formal-boundary-points;line-segment-holes;point-holes;degenerate-formal-holes;general-polygon-input,binary-3x3-b,path-tree-comparison,"{""side"":3}",0,verified,,false,3,6,0,1,0,0,0,prepared-path-tree-input,0,1,0,1,0,4,,,,,0,,,0,0,,,,,0,0,2,0,0,0,2,,0,1,0,0,1,42,3,1,0,0,3,2,4,{},{},{},,{}
9c826593d98f5349fa1a9accd2089ee5c5746623,rustc 1.89.0 (29483883e 2025-08-04),/Users/kcn/Desktop/algorithm/target/release/rect-cli benchmark --suite path-tree-comparison --sizes 3 --output results/v0.5-path-tree-comparison.csv,,1784966444,512,871,finite-colored-unit-grid-path-tree-comparison,ornaments;isolated-formal-boundary-points;line-segment-holes;point-holes;degenerate-formal-holes;general-polygon-input,binary-3x3-c,path-tree-comparison,"{""side"":3}",1,verified,,false,1,4,0,0,0,0,0,prepared-path-tree-input,0,1,0,0,0,1,,,,,0,,,0,0,,,,,0,0,2,0,0,0,1,,0,0,0,0,0,16,2,0,0,0,1,1,4,{},{},{},,{}
9c826593d98f5349fa1a9accd2089ee5c5746623,rustc 1.89.0 (29483883e 2025-08-04),/Users/kcn/Desktop/algorithm/target/release/rect-cli benchmark --suite path-tree-comparison --sizes 3 --output results/v0.5-path-tree-comparison.csv,,1784966444,512,871,finite-colored-unit-grid-path-tree-comparison,ornaments;isolated-formal-boundary-points;line-segment-holes;point-holes;degenerate-formal-holes;general-polygon-input,binary-3x3-c,path-tree-comparison,"{""side"":3}",2,verified,,false,1,4,0,0,0,0,0,prepared-path-tree-input,0,1,0,0,0,1,,,,,0,,,0,0,,,,,0,0,2,0,0,0,1,,0,0,0,0,0,16,2,0,0,0,1,1,4,{},{},{},,{}
9c826593d98f5349fa1a9accd2089ee5c5746623,rustc 1.89.0 (29483883e 2025-08-04),/Users/kcn/Desktop/algorithm/target/release/rect-cli benchmark --suite path-tree-comparison --sizes 3 --output results/v0.5-path-tree-comparison.csv,,1784966444,512,871,finite-colored-unit-grid-path-tree-comparison,ornaments;isolated-formal-boundary-points;line-segment-holes;point-holes;degenerate-formal-holes;general-polygon-input,binary-3x3-d,path-tree-comparison,"{""side"":3}",0,verified,,false,2,4,0,0,0,0,0,prepared-path-tree-input,0,1,0,0,0,2,,,,,0,,,0,0,,,,,0,0,2,0,0,0,1,,0,0,0,0,0,24,2,0,0,0,2,1,4,{},{},{},,{}
9c826593d98f5349fa1a9accd2089ee5c5746623,rustc 1.89.0 (29483883e 2025-08-04),/Users/kcn/Desktop/algorithm/target/release/rect-cli benchmark --suite path-tree-comparison --sizes 3 --output results/v0.5-path-tree-comparison.csv,,1784966444,512,871,finite-colored-unit-grid-path-tree-comparison,ornaments;isolated-formal-boundary-points;line-segment-holes;point-holes;degenerate-formal-holes;general-polygon-input,binary-3x3-d,path-tree-comparison,"{""side"":3}",2,verified,,false,1,4,0,0,0,0,0,prepared-path-tree-input,0,1,0,0,0,1,,,,,0,,,0,0,,,,,0,0,2,0,0,0,1,,0,0,0,0,0,16,2,0,0,0,1,1,4,{},{},{},,{}
9c826593d98f5349fa1a9accd2089ee5c5746623,rustc 1.89.0 (29483883e 2025-08-04),/Users/kcn/Desktop/algorithm/target/release/rect-cli benchmark --suite path-tree-comparison --sizes 3 --output results/v0.5-path-tree-comparison.csv,,1784966444,512,871,finite-colored-unit-grid-path-tree-comparison,ornaments;isolated-formal-boundary-points;line-segment-holes;point-holes;degenerate-formal-holes;general-polygon-input,binary-3x3-e,path-tree-comparison,"{""side"":3}",1,verified,,false,2,4,0,0,0,0,0,prepared-path-tree-input,0,1,0,1,0,2,,,,,0,,,0,0,,,,,0,0,2,0,0,0,1,,0,0,0,0,0,24,2,0,0,0,2,1,4,{},{},{},,{}
9c826593d98f5349fa1a9accd2089ee5c5746623,rustc 1.89.0 (29483883e 2025-08-04),/Users/kcn/Desktop/algorithm/target/release/rect-cli benchmark --suite path-tree-comparison --sizes 3 --output results/v0.5-path-tree-comparison.csv,,1784966444,512,871,finite-colored-unit-grid-path-tree-comparison,ornaments;isolated-formal-boundary-points;line-segment-holes;point-holes;degenerate-formal-holes;general-polygon-input,binary-3x3-e,path-tree-comparison,"{""side"":3}",2,verified,,false,1,4,0,0,0,0,0,prepared-path-tree-input,0,1,0,0,0,1,,,,,0,,,0,0,,,,,0,0,2,0,0,0,1,,0,0,0,0,0,16,2,0,0,0,1,1,4,{},{},{},,{}
9c826593d98f5349fa1a9accd2089ee5c5746623,rustc 1.89.0 (29483883e 2025-08-04),/Users/kcn/Desktop/algorithm/target/release/rect-cli benchmark --suite path-tree-comparison --sizes 3 --output results/v0.5-path-tree-comparison.csv,,1784966444,512,871,finite-colored-unit-grid-path-tree-comparison,ornaments;isolated-formal-boundary-points;line-segment-holes;point-holes;degenerate-formal-holes;general-polygon-input,binary-3x3-f,path-tree-comparison,"{""side"":3}",0,verified,,false,4,6,0,1,0,0,0,prepared-path-tree-input,0,1,1,2,0,6,,,,,0,,,0,0,,,,,0,0,2,0,0,0,2,,0,0,0,0,0,52,3,1,0,0,4,2,4,{},{},{},,{}
9c826593d98f5349fa1a9accd2089ee5c5746623,rustc 1.89.0 (29483883e 2025-08-04),/Users/kcn/Desktop/algorithm/target/release/rect-cli benchmark --suite path-tree-comparison --sizes 3 --output results/v0.5-path-tree-comparison.csv,,1784966444,512,871,finite-colored-unit-grid-path-tree-comparison,ornaments;isolated-formal-boundary-points;line-segment-holes;point-holes;degenerate-formal-holes;general-polygon-input,binary-3x3-10,path-tree-comparison,"{""side"":3}",1,verified,,false,1,4,0,0,0,0,0,prepared-path-tree-input,0,1,0,0,0,1,,,,,0,,,0,0,,,,,0,0,2,0,0,0,1,,0,0,0,0,0,16,2,0,0,0,1,1,4,{},{},{},,{}
9c826593d98f5349fa1a9accd2089ee5c5746623,rustc 1.89.0 (29483883e 2025-08-04),/Users/kcn/Desktop/algorithm/target/release/rect-cli benchmark --suite path-tree-comparison --sizes 3 --output results/v0.5-path-tree-comparison.csv,,1784966444,512,871,finite-colored-unit-grid-path-tree-comparison,ornaments;isolated-formal-boundary-points;line-segment-holes;point-holes;degenerate-formal-holes;general-polygon-input,binary-3x3-11,path-tree-comparison,"{""side"":3}",0,verified,,false,1,4,0,0,0,0,0,prepared-path-tree-input,0,1,0,0,0,1,,,,,0,,,0,0,,,,,0,0,2,0,0,0,1,,0,0,0,0,0,16,2,0,0,0,1,1,4,{},{},{},,{}
9c826593d98f5349fa1a9accd2089ee5c5746623,rustc 1.89.0 (29483883e 2025-08-04),/Users/kcn/Desktop/algorithm/target/release/rect-cli benchmark --suite path-tree-comparison --sizes 3 --output results/v0.5-path-tree-comparison.csv,,1784966444,512,871,finite-colored-unit-grid-path-tree-comparison,ornaments;isolated-formal-boundary-points;line-segment-holes;point-holes;degenerate-formal-holes;general-polygon-input,binary-3x3-11,path-tree-comparison,"{""side"":3}",2,verified,,false,1,4,0,0,0,0,0,prepared-path-tree-input,0,1,0,0,0,1,,,,,0,,,0,0,,,,,0,0,2,0,0,0,1,,0,0,0,0,0,16,2,0,0,0,1,1,4,{},{},{},,{}
9c826593d98f5349fa1a9accd2089ee5c5746623,rustc 1.89.0 (29483883e 2025-08-04),/Users/kcn/Desktop/algorithm/target/release/rect-cli benchmark --suite path-tree-comparison --sizes 3 --output results/v0.5-path-tree-comparison.csv,,1784966444,512,871,finite-colored-unit-grid-path-tree-comparison,ornaments;isolated-formal-boundary-points;line-segment-holes;point-holes;degenerate-formal-holes;general-polygon-input,binary-3x3-12,path-tree-comparison,"{""side"":3}",1,verified,,false,2,4,0,0,0,0,0,prepared-path-tree-input,0,1,0,0,0,2,,,,,0,,,0,0,,,,,0,0,2,0,0,0,1,,0,0,0,0,0,24,2,0,0,0,2,1,4,{},{},{},,{}
9c826593d98f5349fa1a9accd2089ee5c5746623,rustc 1.89.0 (29483883e 2025-08-04),/Users/kcn/Desktop/algorithm/target/release/rect-cli benchmark --suite path-tree-comparison --sizes 3 --output results/v0.5-path-tree-comparison.csv,,1784966444,512,871,finite-colored-unit-grid-path-tree-comparison,ornaments;isolated-formal-boundary-points;line-segment-holes;point-holes;degenerate-formal-holes;general-polygon-input,binary-3x3-13,path-tree-comparison,"{""side"":3}",0,verified,,false,3,6,0,1,0,0,0,prepared-path-tree-input,0,1,0,1,0,4,,,,,0,,,0,0,,,,,0,0,2,0,0,0,2,,0,1,0,0,0,41,3,1,0,0,3,2,4,{},{},{},,{}
9c826593d98f5349fa1a9accd2089ee5c5746623,rustc 1.89.0 (29483883e 2025-08-04),/Users/kcn/Desktop/algorithm/target/release/rect-cli benchmark --suite path-tree-comparison --sizes 3 --output results/v0.5-path-tree-comparison.csv,,1784966444,512,871,finite-colored-unit-grid-path-tree-comparison,ornaments;isolated-formal-boundary-points;line-segment-holes;point-holes;degenerate-formal-holes;general-polygon-input,binary-3x3-14,path-tree-comparison,"{""side"":3}",1,verified,,false,1,4,0,0,0,0,0,prepared-path-tree-input,0,1,0,0,0,1,,,,,0,,,0,0,,,,,0,0,2,0,0,0,1,,0,0,0,0,0,16,2,0,0,0,1,1,4,{},{},{},,{}
9c826593d98f5349fa1a9accd2089ee5c5746623,rustc 1.89.0 (29483883e 2025-08-04),/Users/kcn/Desktop/algorithm/target/release/rect-cli benchmark --suite path-tree-comparison --sizes 3 --output results/v0.5-path-tree-comparison.csv,,1784966444,512,871,finite-colored-unit-grid-path-tree-comparison,ornaments;isolated-formal-boundary-points;line-segment-holes;point-holes;degenerate-formal-holes;general-polygon-input,binary-3x3-14,path-tree-comparison,"{""side"":3}",2,verified,,false,1,4,0,0,0,0,0,prepared-path-tree-input,0,1,0,0,0,1,,,,,0,,,0,0,,,,,0,0,2,0,0,0,1,,0,0,0,0,0,16,2,0,0,0,1,1,4,{},{},{},,{}
9c826593d98f5349fa1a9accd2089ee5c5746623,rustc 1.89.0 (29483883e 2025-08-04),/Users/kcn/Desktop/algorithm/target/release/rect-cli benchmark --suite path-tree-comparison --sizes 3 --output results/v0.5-path-tree-comparison.csv,,1784966444,512,871,finite-colored-unit-grid-path-tree-comparison,ornaments;isolated-formal-boundary-points;line-segment-holes;point-holes;degenerate-formal-holes;general-polygon-input,binary-3x3-15,path-tree-comparison,"{""side"":3}",0,verified,,false,1,4,0,0,0,0,0,prepared-path-tree-input,0,1,0,0,0,1,,,,,0,,,0,0,,,,,0,0,2,0,0,0,1,,0,0,0,0,0,16,2,0,0,0,1,1,4,{},{},{},,{}
9c826593d98f5349fa1a9accd2089ee5c5746623,rustc 1.89.0 (29483883e 2025-08-04),/Users/kcn/Desktop/algorithm/target/release/rect-cli benchmark --suite path-tree-comparison --sizes 3 --output results/v0.5-path-tree-comparison.csv,,1784966444,512,871,finite-colored-unit-grid-path-tree-comparison,ornaments;isolated-formal-boundary-points;line-segment-holes;point-holes;degenerate-formal-holes;general-polygon-input,binary-3x3-15,path-tree-comparison,"{""side"":3}",2,verified,,false,1,4,0,0,0,0,0,prepared-path-tree-input,0,1,0,0,0,1,,,,,0,,,0,0,,,,,0,0,2,0,0,0,1,,0,0,0,0,0,16,2,0,0,0,1,1,4,{},{},{},,{}
9c826593d98f5349fa1a9accd2089ee5c5746623,rustc 1.89.0 (29483883e 2025-08-04),/Users/kcn/Desktop/algorithm/target/release/rect-cli benchmark --suite path-tree-comparison --sizes 3 --output results/v0.5-path-tree-comparison.csv,,1784966444,512,871,finite-colored-unit-grid-path-tree-comparison,ornaments;isolated-formal-boundary-points;line-segment-holes;point-holes;degenerate-formal-holes;general-polygon-input,binary-3x3-15,path-tree-comparison,"{""side"":3}",4,verified,,false,1,4,0,0,0,0,0,prepared-path-tree-input,0,1,0,0,0,1,,,,,0,,,0,0,,,,,0,0,2,0,0,0,1,,0,0,0,0,0,16,2,0,0,0,1,1,4,{},{},{},,{}
9c826593d98f5349fa1a9accd2089ee5c5746623,rustc 1.89.0 (29483883e 2025-08-04),/Users/kcn/Desktop/algorithm/target/release/rect-cli benchmark --suite path-tree-comparison --sizes 3 --output results/v0.5-path-tree-comparison.csv,,1784966444,512,871,finite-colored-unit-grid-path-tree-comparison,ornaments;isolated-formal-boundary-points;line-segment-holes;point-holes;degenerate-formal-holes;general-polygon-input,binary-3x3-16,path-tree-comparison,"{""side"":3}",1,verified,,false,3,6,0,1,0,0,0,prepared-path-tree-input,0,1,0,1,0,4,,,,,0,,,0,0,,,,,0,0,2,0,0,0,2,,0,0,0,0,0,42,3,1,0,0,3,2,4,{},{},{},,{}
9c826593d98f5349fa1a9accd2089ee5c5746623,rustc 1.89.0 (29483883e 2025-08-04),/Users/kcn/Desktop/algorithm/target/release/rect-cli benchmark --suite path-tree-comparison --sizes 3 --output results/v0.5-path-tree-comparison.csv,,1784966444,512,871,finite-colored-unit-grid-path-tree-comparison,ornaments;isolated-formal-boundary-points;line-segment-holes;point-holes;degenerate-formal-holes;general-polygon-input,binary-3x3-17,path-tree-comparison,"{""side"":3}",0,verified,,false,4,8,0,2,1,0,1,prepared-path-tree-input,0,1,0,3,0,6,,,,,0,,,0,0,0,1,,,0,0,3,1,0,0,2,,0,1,0,0,0,40,2,0,0,0,4,2,4,{},{},{},,{}
9c826593d98f5349fa1a9accd2089ee5c5746623,rustc 1.89.0 (29483883e 2025-08-04),/Users/kcn/Desktop/algorithm/target/release/rect-cli benchmark --suite path-tree-comparison --sizes 3 --output results/v0.5-path-tree-comparison.csv,,1784966444,512,871,finite-colored-unit-grid-path-tree-comparison,ornaments;isolated-formal-boundary-points;line-segment-holes;point-holes;degenerate-formal-holes;general-polygon-input,binary-3x3-18,path-tree-comparison,"{""side"":3}",1,verified,,false,2,4,0,0,0,0,0,prepared-path-tree-input,0,1,0,1,0,2,,,,,0,,,0,0,,,,,0,0,2,0,0,0,1,,0,0,0,0,0,24,2,0,0,0,2,1,4,{},{},{},,{}
9c826593d98f5349fa1a9accd2089ee5c5746623,rustc 1.89.0 (29483883e 2025-08-04),/Users/kcn/Desktop/algorithm/target/release/rect-cli benchmark --suite path-tree-comparison --sizes 3 --output results/v0.5-path-tree-comparison.csv,,1784966444,512,871,finite-colored-unit-grid-path-tree-comparison,ornaments;isolated-formal-boundary-points;line-segment-holes;point-holes;degenerate-formal-holes;general-polygon-input,binary-3x3-19,path-tree-comparison,"{""side"":3}",0,verified,,false,3,6,0,1,0,0,0,prepared-path-tree-input,0,1,0,1,0,4,,,,,0,,,0,0,,,,,0,0,2,0,0,0,2,,0,0,0,0,0,40,3,1,0,0,3,2,4,{},{},{},,{}
9c826593d98f5349fa1a9accd2089ee5c5746623,rustc 1.89.0 (29483883e 2025-08-04),/Users/kcn/Desktop/algorithm/target/release/rect-cli benchmark --suite path-tree-comparison --sizes 3 --output results/v0.5-path-tree-comparison.csv,,1784966444,512,871,finite-colored-unit-grid-path-tree-comparison,ornaments;isolated-formal-boundary-points;line-segment-holes;point-holes;degenerate-formal-holes;general-polygon-input,binary-3x3-1a,path-tree-comparison,"{""side"":3}",1,verified,,false,3,6,0,1,0,0,0,prepared-path-tree-input,0,1,0,1,0,4,,,,,0,,,0,0,,,,,0,0,2,0,0,0,2,,0,0,0,0,0,39,3,1,0,0,3,2,4,{},{},{},,{}
9c826593d98f5349fa1a9accd2089ee5c5746623,rustc 1.89.0 (29483883e 2025-08-04),/Users/kcn/Desktop/algorithm/target/release/rect-cli benchmark --suite path-tree-comparison --sizes 3 --output results/v0.5-path-tree-comparison.csv,,1784966444,512,871,finite-colored-unit-grid-path-tree-comparison,ornaments;isolated-formal-boundary-points;line-segment-holes;point-holes;degenerate-formal-holes;general-polygon-input,binary-3x3-1b,path-tree-comparison,"{""side"":3}",0,verified,,false,4,4,0,0,0,0,0,prepared-path-tree-input,0,1,0,1,0,4,,,,,0,,,0,0,,,,,0,0,2,0,0,0,1,,0,0,0,0,0,32,2,0,0,0,4,1,4,{},{},{},,{}
9c826593d98f5349fa1a9accd2089ee5c5746623,rustc 1.89.0 (29483883e 2025-08-04),/Users/kcn/Desktop/algorithm/target/release/rect-cli benchmark --suite path-tree-comparison --sizes 3 --output results/v0.5-path-tree-comparison.csv,,1784966444,512,871,finite-colored-unit-grid-path-tree-comparison,ornaments;isolated-formal-boundary-points;line-segment-holes;point-holes;degenerate-formal-holes;general-polygon-input,binary-3x3-1c,path-tree-comparison,"{""side"":3}",1,verified,,false,1,4,0,0,0,0,0,prepared-path-tree-input,0,1,0,0,0,1,,,,,0,,,0,0,,,,,0,0,2,0,0,0,1,,0,0,0,0,0,16,2,0,0,0,1,1,4,{},{},{},,{}
9c826593d98f5349fa1a9accd2089ee5c5746623,rustc 1.89.0 (29483883e 2025-08-04),/Users/kcn/Desktop/algorithm/target/release/rect-cli benchmark --suite path-tree-comparison --sizes 3 --output results/v0.5-path-tree-comparison.csv,,1784966444,512,871,finite-colored-unit-grid-path-tree-comparison,ornaments;isolated-formal-boundary-points;line-segment-holes;point-holes;degenerate-formal-holes;general-polygon-input,binary-3x3-1c,path-tree-comparison,"{""side"":3}",2,verified,,false,2,4,0,0,0,0,0,prepared-path-tree-input,0,1,0,1,0,2,,,,,0,,,0,0,,,,,0,0,2,0,0,0,1,,0,0,0,0,0,24,2,0,0,0,2,1,4,{},{},{},,{}
9c826593d98f5349fa1a9accd2089ee5c5746623,rustc 1.89.0 (29483883e 2025-08-04),/Users/kcn/Desktop/algorithm/target/release/rect-cli benchmark --suite path-tree-comparison --sizes 3 --output results/v0.5-path-tree-comparison.csv,,1784966444,512,871,finite-colored-unit-grid-path-tree-comparison,ornaments;isolated-formal-boundary-points;line-segment-holes;point-holes;degenerate-formal-holes;general-polygon-input,binary-3x3-1d,path-tree-comparison,"{""side"":3}",0,verified,,false,3,6,0,1,0,0,0,prepared-path-tree-input,0,1,0,1,0,4,,,,,0,,,0,0,,,,,0,0,2,0,0,0,2,,0,0,0,0,0,40,3,1,0,0,3,2,4,{},{},{},,{}
9c826593d98f5349fa1a9accd2089ee5c5746623,rustc 1.89.0 (29483883e 2025-08-04),/Users/kcn/Desktop/algorithm/target/release/rect-cli benchmark --suite path-tree-comparison --sizes 3 --output results/v0.5-path-tree-comparison.csv,,1784966444,512,871,finite-colored-unit-grid-path-tree-comparison,ornaments;isolated-formal-boundary-points;line-segment-holes;point-holes;degenerate-formal-holes;general-polygon-input,binary-3x3-1d,path-tree-comparison,"{""side"":3}",2,verified,,false,1,4,0,0,0,0,0,prepared-path-tree-input,0,1,0,0,0,1,,,,,0,,,0,0,,,,,0,0,2,0,0,0,1,,0,0,0,0,0,16,2,0,0,0,1,1,4,{},{},{},,{}
9c826593d98f5349fa1a9accd2089ee5c5746623,rustc 1.89.0 (29483883e 2025-08-04),/Users/kcn/Desktop/algorithm/target/release/rect-cli benchmark --suite path-tree-comparison --sizes 3 --output results/v0.5-path-tree-comparison.csv,,1784966444,512,871,finite-colored-unit-grid-path-tree-comparison,ornaments;isolated-formal-boundary-points;line-segment-holes;point-holes;degenerate-formal-holes;general-polygon-input,binary-3x3-1e,path-tree-comparison,"{""side"":3}",1,verified,,false,4,8,0,2,1,0,1,prepared-path-tree-input,0,1,0,1,0,6,,,,,0,,,0,0,0,1,,,0,0,3,1,0,0,2,,0,0,0,0,0,40,2,0,0,0,4,2,4,{},{},{},,{}
9c826593d98f5349fa1a9accd2089ee5c5746623,rustc 1.89.0 (29483883e 2025-08-04),/Users/kcn/Desktop/algorithm/target/release/rect-cli benchmark --suite path-tree-comparison --sizes 3 --output results/v0.5-path-tree-comparison.csv,,1784966444,512,871,finite-colored-unit-grid-path-tree-comparison,ornaments;isolated-formal-boundary-points;line-segment-holes;point-holes;degenerate-formal-holes;general-polygon-input,binary-3x3-1f,path-tree-comparison,"{""side"":3}",0,verified,,false,5,6,0,1,0,0,0,prepared-path-tree-input,0,1,0,1,0,6,,,,,0,,,0,0,,,,,0,0,2,0,0,0,2,,0,1,0,0,0,56,3,2,0,0,5,2,4,{},{},{},,{}
9c826593d98f5349fa1a9accd2089ee5c5746623,rustc 1.89.0 (29483883e 2025-08-04),/Users/kcn/Desktop/algorithm/target/release/rect-cli benchmark --suite path-tree-comparison --sizes 3 --output results/v0.5-path-tree-comparison.csv,,1784966444,512,871,finite-colored-unit-grid-path-tree-comparison,ornaments;isolated-formal-boundary-points;line-segment-holes;point-holes;degenerate-formal-holes;general-polygon-input,binary-3x3-20,path-tree-comparison,"{""side"":3}",1,verified,,false,1,4,0,0,0,0,0,prepared-path-tree-input,0,1,0,0,0,1,,,,,0,,,0,0,,,,,0,0,2,0,0,0,1,,0,0,0,0,0,16,2,0,0,0,1,1,4,{},{},{},,{}
9c826593d98f5349fa1a9accd2089ee5c5746623,rustc 1.89.0 (29483883e 2025-08-04),/Users/kcn/Desktop/algorithm/target/release/rect-cli benchmark --suite path-tree-comparison --sizes 3 --output results/v0.5-path-tree-comparison.csv,,1784966444,512,871,finite-colored-unit-grid-path-tree-comparison,ornaments;isolated-formal-boundary-points;line-segment-holes;point-holes;degenerate-formal-holes;general-polygon-input,binary-3x3-21,path-tree-comparison,"{""side"":3}",0,verified,,false,1,4,0,0,0,0,0,prepared-path-tree-input,0,1,0,0,0,1,,,,,0,,,0,0,,,,,0,0,2,0,0,0,1,,0,0,0,0,0,16,2,0,0,0,1,1,4,{},{},{},,{}
9c826593d98f5349fa1a9accd2089ee5c5746623,rustc 1.89.0 (29483883e 2025-08-04),/Users/kcn/Desktop/algorithm/target/release/rect-cli benchmark --suite path-tree-comparison --sizes 3 --output results/v0.5-path-tree-comparison.csv,,1784966444,512,871,finite-colored-unit-grid-path-tree-comparison,ornaments;isolated-formal-boundary-points;line-segment-holes;point-holes;degenerate-formal-holes;general-polygon-input,binary-3x3-21,path-tree-comparison,"{""side"":3}",2,verified,,false,1,4,0,0,0,0,0,prepared-path-tree-input,0,1,0,0,0,1,,,,,0,,,0,0,,,,,0,0,2,0,0,0,1,,0,0,0,0,0,16,2,0,0,0,1,1,4,{},{},{},,{}
9c826593d98f5349fa1a9accd2089ee5c5746623,rustc 1.89.0 (29483883e 2025-08-04),/Users/kcn/Desktop/algorithm/target/release/rect-cli benchmark --suite path-tree-comparison --sizes 3 --output results/v0.5-path-tree-comparison.csv,,1784966444,512,871,finite-colored-unit-grid-path-tree-comparison,ornaments;isolated-formal-boundary-points;line-segment-holes;point-holes;degenerate-formal-holes;general-polygon-input,binary-3x3-22,path-tree-comparison,"{""side"":3}",1,verified,,false,1,4,0,0,0,0,0,prepared-path-tree-input,0,1,0,0,0,1,,,,,0,,,0,0,,,,,0,0,2,0,0,0,1,,0,0,0,0,0,16,2,0,0,0,1,1,4,{},{},{},,{}
9c826593d98f5349fa1a9accd2089ee5c5746623,rustc 1.89.0 (29483883e 2025-08-04),/Users/kcn/Desktop/algorithm/target/release/rect-cli benchmark --suite path-tree-comparison --sizes 3 --output results/v0.5-path-tree-comparison.csv,,1784966444,512,871,finite-colored-unit-grid-path-tree-comparison,ornaments;isolated-formal-boundary-points;line-segment-holes;point-holes;degenerate-formal-holes;general-polygon-input,binary-3x3-22,path-tree-comparison,"{""side"":3}",3,verified,,false,1,4,0,0,0,0,0,prepared-path-tree-input,0,1,0,0,0,1,,,,,0,,,0,0,,,,,0,0,2,0,0,0,1,,0,0,0,0,0,16,2,0,0,0,1,1,4,{},{},{},,{}
9c826593d98f5349fa1a9accd2089ee5c5746623,rustc 1.89.0 (29483883e 2025-08-04),/Users/kcn/Desktop/algorithm/target/release/rect-cli benchmark --suite path-tree-comparison --sizes 3 --output results/v0.5-path-tree-comparison.csv,,1784966444,512,871,finite-colored-unit-grid-path-tree-comparison,ornaments;isolated-formal-boundary-points;line-segment-holes;point-holes;degenerate-formal-holes;general-polygon-input,binary-3x3-23,path-tree-comparison,"{""side"":3}",0,verified,,false,2,4,0,0,0,0,0,prepared-path-tree-input,0,1,0,1,0,2,,,,,0,,,0,0,,,,,0,0,2,0,0,0,1,,0,0,0,0,0,24,2,0,0,0,2,1,4,{},{},{},,{}
9c826593d98f5349fa1a9accd2089ee5c5746623,rustc 1.89.0 (29483883e 2025-08-04),/Users/kcn/Desktop/algorithm/target/release/rect-cli benchmark --suite path-tree-comparison --sizes 3 --output results/v0.5-path-tree-comparison.csv,,1784966444,512,871,finite-colored-unit-grid-path-tree-comparison,ornaments;isolated-formal-boundary-points;line-segment-holes;point-holes;degenerate-formal-holes;general-polygon-input,binary-3x3-23,path-tree-comparison,"{""side"":3}",3,verified,,false,1,4,0,0,0,0,0,prepared-path-tree-input,0,1,0,0,0,1,,,,,0,,,0,0,,,,,0,0,2,0,0,0,1,,0,0,0,0,0,16,2,0,0,0,1,1,4,{},{},{},,{}
9c826593d98f5349fa1a9accd2089ee5c5746623,rustc 1.89.0 (29483883e 2025-08-04),/Users/kcn/Desktop/algorithm/target/release/rect-cli benchmark --suite path-tree-comparison --sizes 3 --output results/v0.5-path-tree-comparison.csv,,1784966444,512,871,finite-colored-unit-grid-path-tree-comparison,ornaments;isolated-formal-boundary-points;line-segment-holes;point-holes;degenerate-formal-holes;general-polygon-input,binary-3x3-24,path-tree-comparison,"{""side"":3}",1,verified,,false,2,4,0,0,0,0,0,prepared-path-tree-input,0,1,0,1,0,2,,,,,0,,,0,0,,,,,0,0,2,0,0,0,1,,0,0,0,0,0,24,2,0,0,0,2,1,4,{},{},{},,{}
9c826593d98f5349fa1a9accd2089ee5c5746623,rustc 1.89.0 (29483883e 2025-08-04),/Users/kcn/Desktop/algorithm/target/release/rect-cli benchmark --suite path-tree-comparison --sizes 3 --output results/v0.5-path-tree-comparison.csv,,1784966444,512,871,finite-colored-unit-grid-path-tree-comparison,ornaments;isolated-formal-boundary-points;line-segment-holes;point-holes;degenerate-formal-holes;general-polygon-input,binary-3x3-25,path-tree-comparison,"{""side"":3}",0,verified,,false,1,4,0,0,0,0,0,prepared-path-tree-input,0,1,0,0,0,1,,,,,0,,,0,0,,,,,0,0,2,0,0,0,1,,0,0,0,0,0,16,2,0,0,0,1,1,4,{},{},{},,{}
9c826593d98f5349fa1a9accd2089ee5c5746623,rustc 1.89.0 (29483883e 2025-08-04),/Users/kcn/Desktop/algorithm/target/release/rect-cli benchmark --suite path-tree-comparison --sizes 3 --output results/v0.5-path-tree-comparison.csv,,1784966444,512,871,finite-colored-unit-grid-path-tree-comparison,ornaments;isolated-formal-boundary-points;line-segment-holes;point-holes;degenerate-formal-holes;general-polygon-input,binary-3x3-25,path-tree-comparison,"{""side"":3}",2,verified,,false,2,4,0,0,0,0,0,prepared-path-tree-input,0,1,0,0,0,2,,,,,0,,,0,0,,,,,0,0,2,0,0,0,1,,0,0,0,0,0,24,2,0,0,0,2,1,4,{},{},{},,{}
9c826593d98f5349fa1a9accd2089ee5c5746623,rustc 1.89.0 (29483883e 2025-08-04),/Users/kcn/Desktop/algorithm/target/release/rect-cli benchmark --suite path-tree-comparison --sizes 3 --output results/v0.5-path-tree-comparison.csv,,1784966444,512,871,finite-colored-unit-grid-path-tree-comparison,ornaments;isolated-formal-boundary-points;line-segment-holes;point-holes;degenerate-formal-holes;general-polygon-input,binary-3x3-26,path-tree-comparison,"{""side"":3}",1,verified,,false,3,6,0,1,0,0,0,prepared-path-tree-input,0,1,0,1,0,4,,,,,0,,,0,0,,,,,0,0,2,0,0,0,2,,0,0,0,0,0,41,3,1,0,0,3,2,4,{},{},{},,{}
9c826593d98f5349fa1a9accd2089ee5c5746623,rustc 1.89.0 (29483883e 2025-08-04),/Users/kcn/Desktop/algorithm/target/release/rect-cli benchmark --suite path-tree-comparison --sizes 3 --output results/v0.5-path-tree-comparison.csv,,1784966444,512,871,finite-colored-unit-grid-path-tree-comparison,ornaments;isolated-formal-boundary-points;line-segment-holes;point-holes;degenerate-formal-holes;general-polygon-input,binary-3x3-27,path-tree-comparison,"{""side"":3}",0,verified,,false,4,6,0,1,0,0,0,prepared-path-tree-input,0,1,0,1,0,6,,,,,0,,,0,0,,,,,0,0,2,0,0,0,2,,0,0,0,0,0,53,3,1,0,0,4,2,4,{},{},{},,{}
9c826593d98f5349fa1a9accd2089ee5c5746623,rustc 1.89.0 (29483883e 2025-08-04),/Users/kcn/Desktop/algorithm/target/release/rect-cli benchmark --suite path-tree-comparison --sizes 3 --output results/v0.5-path-tree-comparison.csv,,1784966444,512,871,finite-colored-unit-grid-path-tree-comparison,ornaments;isolated-formal-boundary-points;line-segment-holes;point-holes;degenerate-formal-holes;general-polygon-input,binary-3x3-28,path-tree-comparison,"{""side"":3}",1,verified,,false,1,4,0,0,0,0,0,prepared-path-tree-input,0,1,0,0,0,1,,,,,0,,,0,0,,,,,0,0,2,0,0,0,1,,0,0,0,0,0,16,2,0,0,0,1,1,4,{},{},{},,{}
9c826593d98f5349fa1a9accd2089ee5c5746623,rustc 1.89.0 (29483883e 2025-08-04),/Users/kcn/Desktop/algorithm/target/release/rect-cli benchmark --suite path-tree-comparison --sizes 3 --output results/v0.5-path-tree-comparison.csv,,1784966444,512,871,finite-colored-unit-grid-path-tree-comparison,ornaments;isolated-formal-boundary-points;line-segment-holes;point-holes;degenerate-formal-holes;general-polygon-input,binary-3x3-28,path-tree-comparison,"{""side"":3}",2,verified,,false,1,4,0,0,0,0,0,prepared-path-tree-input,0,1,0,0,0,1,,,,,0,,,0,0,,,,,0,0,2,0,0,0,1,,0,0,0,0,0,16,2,0,0,0,1,1,4,{},{},{},,{}
9c826593d98f5349fa1a9accd2089ee5c5746623,rustc 1.89.0 (29483883e 2025-08-04),/Users/kcn/Desktop/algorithm/target/release/rect-cli benchmark --suite path-tree-comparison --sizes 3 --output results/v0.5-path-tree-comparison.csv,,1784966444,512,871,finite-colored-unit-grid-path-tree-comparison,ornaments;isolated-formal-boundary-points;line-segment-holes;point-holes;degenerate-formal-holes;general-polygon-input,binary-3x3-29,path-tree-comparison,"{""side"":3}",0,verified,,false,2,4,0,0,0,0,0,prepared-path-tree-input,0,1,0,0,0,2,,,,,0,,,0,0,,,,,0,0,2,0,0,0,1,,0,0,0,0,0,24,2,0,0,0,2,1,4,{},{},{},,{}
9c826593d98f5349fa1a9accd2089ee5c5746623,rustc 1.89.0 (29483883e 2025-08-04),/Users/kcn/Desktop/algorithm/target/release/rect-cli benchmark --suite path-tree-comparison --sizes 3 --output results/v0.5-path-tree-comparison.csv,,1784966444,512,871,finite-colored-unit-grid-path-tree-comparison,ornaments;isolated-formal-boundary-points;line-segment-holes;point-holes;degenerate-formal-holes;general-polygon-input,binary-3x3-29,path-tree-comparison,"{""side"":3}",2,verified,,false,1,4,0,0,0,0,0,prepared-path-tree-input,0,1,0,0,0,1,,,,,0,,,0,0,,,,,0,0,2,0,0,0,1,,0,0,0,0,0,16,2,0,0,0,1,1,4,{},{},{},,{}
9c826593d98f5349fa1a9accd2089ee5c5746623,rustc 1.89.0 (29483883e 2025-08-04),/Users/kcn/Desktop/algorithm/target/release/rect-cli benchmark --suite path-tree-comparison --sizes 3 --output results/v0.5-path-tree-comparison.csv,,1784966444,512,871,finite-colored-unit-grid-path-tree-comparison,ornaments;isolated-formal-boundary-points;line-segment-holes;point-holes;degenerate-formal-holes;general-polygon-input,binary-3x3-2a,path-tree-comparison,"{""side"":3}",1,verified,,false,1,4,0,0,0,0,0,prepared-path-tree-input,0,1,0,0,0,1,,,,,0,,,0,0,,,,,0,0,2,0,0,0,1,,0,0,0,0,0,16,2,0,0,0,1,1,4,{},{},{},,{}
9c826593d98f5349fa1a9accd2089ee5c5746623,rustc 1.89.0 (29483883e 2025-08-04),/Users/kcn/Desktop/algorithm/target/release/rect-cli benchmark --suite path-tree-comparison --sizes 3 --output results/v0.5-path-tree-comparison.csv,,1784966444,512,871,finite-colored-unit-grid-path-tree-comparison,ornaments;isolated-formal-boundary-points;line-segment-holes;point-holes;degenerate-formal-holes;general-polygon-input,binary-3x3-2a,path-tree-comparison,"{""side"":3}",3,verified,,false,1,4,0,0,0,0,0,prepared-path-tree-input,0,1,0,0,0,1,,,,,0,,,0,0,,,,,0,0,2,0,0,0,1,,0,0,0,0,0,16,2,0,0,0,1,1,4,{},{},{},,{}
9c826593d98f5349fa1a9accd2089ee5c5746623,rustc 1.89.0 (29483883e 2025-08-04),/Users/kcn/Desktop/algorithm/target/release/rect-cli benchmark --suite path-tree-comparison --sizes 3 --output results/v0.5-path-tree-comparison.csv,,1784966444,512,871,finite-colored-unit-grid-path-tree-comparison,ornaments;isolated-formal-boundary-points;line-segment-holes;point-holes;degenerate-formal-holes;general-polygon-input,binary-3x3-2a,path-tree-comparison,"{""side"":3}",5,verified,,false,1,4,0,0,0,0,0,prepared-path-tree-input,0,1,0,0,0,1,,,,,0,,,0,0,,,,,0,0,2,0,0,0,1,,0,0,0,0,0,16,2,0,0,0,1,1,4,{},{},{},,{}
9c826593d98f5349fa1a9accd2089ee5c5746623,rustc 1.89.0 (29483883e 2025-08-04),/Users/kcn/Desktop/algorithm/target/release/rect-cli benchmark --suite path-tree-comparison --sizes 3 --output results/v0.5-path-tree-comparison.csv,,1784966444,512,871,finite-colored-unit-grid-path-tree-comparison,ornaments;isolated-formal-boundary-points;line-segment-holes;point-holes;degenerate-formal-holes;general-polygon-input,binary-3x3-2b,path-tree-comparison,"{""side"":3}",0,verified,,false,3,6,0,1,0,0,0,prepared-path-tree-input,0,1,0,1,0,4,,,,,0,,,0,0,,,,,0,0,2,0,0,0,2,,0,0,0,0,0,42,3,1,0,0,3,2,4,{},{},{},,{}
9c826593d98f5349fa1a9accd2089ee5c5746623,rustc 1.89.0 (29483883e 2025-08-04),/Users/kcn/Desktop/algorithm/target/release/rect-cli benchmark --suite path-tree-comparison --sizes 3 --output results/v0.5-path-tree-comparison.csv,,1784966444,512,871,finite-colored-unit-grid-path-tree-comparison,ornaments;isolated-formal-boundary-points;line-segment-holes;point-holes;degenerate-formal-holes;general-polygon-input,binary-3x3-2b,path-tree-comparison,"{""side"":3}",3,verified,,false,1,4,0,0,0,0,0,prepared-path-tree-input,0,1,0,0,0,1,,,,,0,,,0,0,,,,,0,0,2,0,0,0,1,,0,0,0,0,0,16,2,0,0,0,1,1,4,{},{},{},,{}
9c826593d98f5349fa1a9accd2089ee5c5746623,rustc 1.89.0 (29483883e 2025-08-04),/Users/kcn/Desktop/algorithm/target/release/rect-cli benchmark --suite path-tree-comparison --sizes 3 --output results/v0.5-path-tree-comparison.csv,,1784966444,512,871,finite-colored-unit-grid-path-tree-comparison,ornaments;isolated-formal-boundary-points;line-segment-holes;point-holes;degenerate-formal-holes;general-polygon-input,binary-3x3-2c,path-tree-comparison,"{""side"":3}",1,verified,,false,2,4,0,0,0,0,0,prepared-path-tree-input,0,1,0,0,0,2,,,,,0,,,0,0,,,,,0,0,2,0,0,0,1,,0,0,0,0,0,24,2,0,0,0,2,1,4,{},{},{},,{}
9c826593d98f5349fa1a9accd2089ee5c5746623,rustc 1.89.0 (29483883e 2025-08-04),/Users/kcn/Desktop/algorithm/target/release/rect-cli benchmark --suite path-tree-comparison --sizes 3 --output results/v0.5-path-tree-comparison.csv,,1784966444,512,871,finite-colored-unit-grid-path-tree-comparison,ornaments;isolated-formal-boundary-points;line-segment-holes;point-holes;degenerate-formal-holes;general-polygon-input,binary-3x3-2c,path-tree-comparison,"{""side"":3}",2,verified,,false,1,4,0,0,0,0,0,prepared-path-tree-input,0,1,0,0,0,1,,,,,0,,,0,0,,,,,0,0,2,0,0,0,1,,0,0,0,0,0,16,2,0,0,0,1,1,4,{},{},{},,{}
9c826593d98f5349fa1a9accd2089ee5c5746623,rustc 1.89.0 (29483883e 2025-08-04),/Users/kcn/Desktop/algorithm/target/release/rect-cli benchmark --suite path-tree-comparison --sizes 3 --output results/v0.5-path-tree-comparison.csv,,1784966444,512,871,finite-colored-unit-grid-path-tree-comparison,ornaments;isolated-formal-boundary-points;line-segment-holes;point-holes;degenerate-formal-holes;general-polygon-input,binary-3x3-2d,path-tree-comparison,"{""side"":3}",0,verified,,false,2,4,0,0,0,0,0,prepared-path-tree-input,0,1,0,0,0,2,,,,,0,,,0,0,,,,,0,0,2,0,0,0,1,,0,0,0,0,0,24,2,0,0,0,2,1,4,{},{},{},,{}
9c826593d98f5349fa1a9accd2089ee5c5746623,rustc 1.89.0 (29483883e 2025-08-04),/Users/kcn/Desktop/algorithm/target/release/rect-cli benchmark --suite path-tree-comparison --sizes 3 --output results/v0.5-path-tree-comparison.csv,,1784966444,512,871,finite-colored-unit-grid-path-tree-comparison,ornaments;isolated-formal-boundary-points;line-segment-holes;point-holes;degenerate-formal-holes;general-polygon-input,binary-3x3-2d,path-tree-comparison,"{""side"":3}",2,verified,,false,2,4,0,0,0,0,0,prepared-path-tree-input,0,1,0,0,0,2,,,,,0,,,0,0,,,,,0,0,2,0,0,0,1,,0,0,0,0,0,24,2,0,0,0,2,1,4,{},{},{},,{}
9c826593d98f5349fa1a9accd2089ee5c5746623,rustc 1.89.0 (29483883e 2025-08-04),/Users/kcn/Desktop/algorithm/target/release/rect-cli benchmark --suite path-tree-comparison --sizes 3 --output results/v0.5-path-tree-comparison.csv,,1784966444,512,871,finite-colored-unit-grid-path-tree-comparison,ornaments;isolated-formal-boundary-points;line-segment-holes;point-holes;degenerate-formal-holes;general-polygon-input,binary-3x3-2e,path-tree-comparison,"{""side"":3}",1,verified,,false,3,6,0,1,0,0,0,prepared-path-tree-input,0,1,0,1,0,4,,,,,0,,,0,0,,,,,0,0,2,0,0,0,2,,0,0,0,0,0,41,3,1,0,0,3,2,4,{},{},{},,{}
9c826593d98f5349fa1a9accd2089ee5c5746623,rustc 1.89.0 (29483883e 2025-08-04),/Users/kcn/Desktop/algorithm/target/release/rect-cli benchmark --suite path-tree-comparison --sizes 3 --output results/v0.5-path-tree-comparison.csv,,1784966444,512,871,finite-colored-unit-grid-path-tree-comparison,ornaments;isolated-formal-boundary-points;line-segment-holes;point-holes;degenerate-formal-holes;general-polygon-input,binary-3x3-2e,path-tree-comparison,"{""side"":3}",2,verified,,false,1,4,0,0,0,0,0,prepared-path-tree-input,0,1,0,0,0,1,,,,,0,,,0,0,,,,,0,0,2,0,0,0,1,,0,0,0,0,0,16,2,0,0,0,1,1,4,{},{},{},,{}
9c826593d98f5349fa1a9accd2089ee5c5746623,rustc 1.89.0 (29483883e 2025-08-04),/Users/kcn/Desktop/algorithm/target/release/rect-cli benchmark --suite path-tree-comparison --sizes 3 --output results/v0.5-path-tree-comparison.csv,,1784966444,512,871,finite-colored-unit-grid-path-tree-comparison,ornaments;isolated-formal-boundary-points;line-segment-holes;point-holes;degenerate-formal-holes;general-polygon-input,binary-3x3-2f,path-tree-comparison,"{""side"":3}",0,verified,,false,5,8,0,2,0,0,0,prepared-path-tree-input,0,1,0,2,0,6,,,,,0,,,0,0,,,,,0,0,2,0,0,0,3,,0,1,0,0,0,73,4,2,0,0,5,3,4,{},{},{},,{}
9c826593d98f5349fa1a9accd2089ee5c5746623,rustc 1.89.0 (29483883e 2025-08-04),/Users/kcn/Desktop/algorithm/target/release/rect-cli benchmark --suite path-tree-comparison --sizes 3 --output results/v0.5-path-tree-comparison.csv,,1784966444,512,871,finite-colored-unit-grid-path-tree-comparison,ornaments;isolated-formal-boundary-points;line-segment-holes;point-holes;degenerate-formal-holes;general-polygon-input,binary-3x3-30,path-tree-comparison,"{""side"":3}",1,verified,,false,2,4,0,0,0,0,0,prepared-path-tree-input,0,1,0,1,0,2,,,,,0,,,0,0,,,,,0,0,2,0,0,0,1,,0,0,0,0,0,24,2,0,0,0,2,1,4,{},{},{},,{}
9c826593d98f5349fa1a9accd2089ee5c5746623,rustc 1.89.0 (29483883e 2025-08-04),/Users/kcn/Desktop/algorithm/target/release/rect-cli benchmark --suite path-tree-comparison --sizes 3 --output results/v0.5-path-tree-comparison.csv,,1784966444,512,871,finite-colored-unit-grid-path-tree-comparison,ornaments;isolated-formal-boundary-points;line-segment-holes;point-holes;degenerate-formal-holes;general-polygon-input,binary-3x3-31,path-tree-comparison,"{""side"":3}",0,verified,,false,1,4,0,0,0,0,0,prepared-path-tree-input,0,1,0,0,0,1,,,,,0,,,0,0,,,,,0,0,2,0,0,0,1,,0,0,0,0,0,16,2,0,0,0,1,1,4,{},{},{},,{}
9c826593d98f5349fa1a9accd2089ee5c5746623,rustc 1.89.0 (29483883e 2025-08-04),/Users/kcn/Desktop/algorithm/target/release/rect-cli benchmark --suite path-tree-comparison --sizes 3 --output results/v0.5-path-tree-comparison.csv,,1784966444,512,871,finite-colored-unit-grid-path-tree-comparison,ornaments;isolated-formal-boundary-points;line-segment-holes;point-holes;degenerate-formal-holes;general-polygon-input,binary-3x3-31,path-tree-comparison,"{""side"":3}",3,verified,,false,2,4,0,0,0,0,0,prepared-path-tree-input,0,1,0,0,0,2,,,,,0,,,0,0,,,,,0,0,2,0,0,0,1,,0,0,0,0,0,24,2,0,0,0,2,1,4,{},{},{},,{}
9c826593d98f5349fa1a9accd2089ee5c5746623,rustc 1.89.0 (29483883e 2025-08-04),/Users/kcn/Desktop/algorithm/target/release/rect-cli benchmark --suite path-tree-comparison --sizes 3 --output results/v0.5-path-tree-comparison.csv,,1784966444,512,871,finite-colored-unit-grid-path-tree-comparison,ornaments;isolated-formal-boundary-points;line-segment-holes;point-holes;degenerate-formal-holes;general-polygon-input,binary-3x3-32,path-tree-comparison,"{""side"":3}",1,verified,,false,3,6,0,1,0,0,0,prepared-path-tree-input,0,1,0,1,0,4,,,,,0,,,0,0,,,,,0,0,2,0,0,0,2,,0,0,0,0,0,40,3,1,0,0,3,2,4,{},{},{},,{}
9c826593d98f5349fa1a9accd2089ee5c5746623,rustc 1.89.0 (29483883e 2025-08-04),/Users/kcn/Desktop/algorithm/target/release/rect-cli benchmark --suite path-tree-comparison --sizes 3 --output results/v0.5-path-tree-comparison.csv,,1784966444,512,871,finite-colored-unit-grid-path-tree-comparison,ornaments;isolated-formal-boundary-points;line-segment-holes;point-holes;degenerate-formal-holes;general-polygon-input,binary-3x3-33,path-tree-comparison,"{""side"":3}",0,verified,,false,4,8,0,2,1,0,1,prepared-path-tree-input,0,1,0,2,0,6,,,,,0,,,0,0,0,1,,,0,0,3,1,0,0,2,,0,0,0,0,0,40,2,0,0,0,4,2,4,{},{},{},,{}
9c826593d98f5349fa1a9accd2089ee5c5746623,rustc 1.89.0 (29483883e 2025-08-04),/Users/kcn/Desktop/algorithm/target/release/rect-cli benchmark --suite path-tree-comparison --sizes 3 --output results/v0.5-path-tree-comparison.csv,,1784966444,512,871,finite-colored-unit-grid-path-tree-comparison,ornaments;isolated-formal-boundary-points;line-segment-holes;point-holes;degenerate-formal-holes;general-polygon-input,binary-3x3-34,path-tree-comparison,"{""side"":3}",1,verified,,false,3,6,0,1,0,0,0,prepared-path-tree-input,0,1,0,1,0,4,,,,,0,,,0,0,,,,,0,0,2,0,0,0,2,,0,0,0,0,0,39,3,1,0,0,3,2,4,{},{},{},,{}
9c826593d98f5349fa1a9accd2089ee5c5746623,rustc 1.89.0 (29483883e 2025-08-04),/Users/kcn/Desktop/algorithm/target/release/rect-cli benchmark --suite path-tree-comparison --sizes 3 --output results/v0.5-path-tree-comparison.csv,,1784966444,512,871,finite-colored-unit-grid-path-tree-comparison,ornaments;isolated-formal-boundary-points;line-segment-holes;point-holes;degenerate-formal-holes;general-polygon-input,binary-3x3-35,path-tree-comparison,"{""side"":3}",0,verified,,false,1,4,0,0,0,0,0,prepared-path-tree-input,0,1,0,0,0,1,,,,,0,,,0,0,,,,,0,0,2,0,0,0,1,,0,0,0,0,0,16,2,0,0,0,1,1,4,{},{},{},,{}
9c826593d98f5349fa1a9accd2089ee5c5746623,rustc 1.89.0 (29483883e 2025-08-04),/Users/kcn/Desktop/algorithm/target/release/rect-cli benchmark --suite path-tree-comparison --sizes 3 --output results/v0.5-path-tree-comparison.csv,,1784966444,512,871,finite-colored-unit-grid-path-tree-comparison,ornaments;isolated-formal-boundary-points;line-segment-holes;point-holes;degenerate-formal-holes;general-polygon-input,binary-3x3-35,path-tree-comparison,"{""side"":3}",2,verified,,false,3,6,0,1,0,0,0,prepared-path-tree-input,0,1,0,1,0,4,,,,,0,,,0,0,,,,,0,0,2,0,0,0,2,,0,0,0,0,0,39,3,1,0,0,3,2,4,{},{},{},,{}
9c826593d98f5349fa1a9accd2089ee5c5746623,rustc 1.89.0 (29483883e 2025-08-04),/Users/kcn/Desktop/algorithm/target/release/rect-cli benchmark --suite path-tree-comparison --sizes 3 --output results/v0.5-path-tree-comparison.csv,,1784966444,512,871,finite-colored-unit-grid-path-tree-comparison,ornaments;isolated-formal-boundary-points;line-segment-holes;point-holes;degenerate-formal-holes;general-polygon-input,binary-3x3-36,path-tree-comparison,"{""side"":3}",1,verified,,false,4,4,0,0,0,0,0,prepared-path-tree-input,0,1,0,1,0,4,,,,,0,,,0,0,,,,,0,0,2,0,0,0,1,,0,0,0,0,0,32,2,0,0,0,4,1,4,{},{},{},,{}
9c826593d98f5349fa1a9accd2089ee5c5746623,rustc 1.89.0 (29483883e 2025-08-04),/Users/kcn/Desktop/algorithm/target/release/rect-cli benchmark --suite path-tree-comparison --sizes 3 --output results/v0.5-path-tree-comparison.csv,,1784966444,512,871,finite-colored-unit-grid-path-tree-comparison,ornaments;isolated-formal-boundary-points;line-segment-holes;point-holes;degenerate-formal-holes;general-polygon-input,binary-3x3-37,path-tree-comparison,"{""side"":3}",0,verified,,false,5,6,0,1,0,0,0,prepared-path-tree-input,0,1,0,2,0,6,,,,,0,,,0,0,,,,,0,0,2,0,0,0,2,,0,1,0,0,0,55,3,2,0,0,5,2,4,{},{},{},,{}
9c826593d98f5349fa1a9accd2089ee5c5746623,rustc 1.89.0 (29483883e 2025-08-04),/Users/kcn/Desktop/algorithm/target/release/rect-cli benchmark --suite path-tree-comparison --sizes 3 --output results/v0.5-path-tree-comparison.csv,,1784966444,512,871,finite-colored-unit-grid-path-tree-comparison,ornaments;isolated-formal-boundary-points;line-segment-holes;point-holes;degenerate-formal-holes;general-polygon-input,binary-3x3-38,path-tree-comparison,"{""side"":3}",1,verified,,false,3,4,0,0,0,0,0,prepared-path-tree-input,0,1,0,1,0,3,,,,,0,,,0,0,,,,,0,0,2,0,0,0,1,,0,0,0,0,0,32,2,0,0,0,3,1,4,{},{},{},,{}
9c826593d98f5349fa1a9accd2089ee5c5746623,rustc 1.89.0 (29483883e 2025-08-04),/Users/kcn/Desktop/algorithm/target/release/rect-cli benchmark --suite path-tree-comparison --sizes 3 --output results/v0.5-path-tree-comparison.csv,,1784966444,512,871,finite-colored-unit-grid-path-tree-comparison,ornaments;isolated-formal-boundary-points;line-segment-holes;point-holes;degenerate-formal-holes;general-polygon-input,binary-3x3-39,path-tree-comparison,"{""side"":3}",0,verified,,false,4,6,0,1,0,0,0,prepared-path-tree-input,0,1,0,1,0,6,,,,,0,,,0,0,,,,,0,0,2,0,0,0,2,,0,0,0,0,0,48,3,1,0,0,4,2,4,{},{},{},,{}
9c826593d98f5349fa1a9accd2089ee5c5746623,rustc 1.89.0 (29483883e 2025-08-04),/Users/kcn/Desktop/algorithm/target/release/rect-cli benchmark --suite path-tree-comparison --sizes 3 --output results/v0.5-path-tree-comparison.csv,,1784966444,512,871,finite-colored-unit-grid-path-tree-comparison,ornaments;isolated-formal-boundary-points;line-segment-holes;point-holes;degenerate-formal-holes;general-polygon-input,binary-3x3-3a,path-tree-comparison,"{""side"":3}",1,verified,,false,4,8,0,2,1,0,1,prepared-path-tree-input,0,1,0,2,0,6,,,,,0,,,0,0,0,1,,,0,0,3,1,0,0,2,,0,0,0,0,0,40,2,0,0,0,4,2,4,{},{},{},,{}
9c826593d98f5349fa1a9accd2089ee5c5746623,rustc 1.89.0 (29483883e 2025-08-04),/Users/kcn/Desktop/algorithm/target/release/rect-cli benchmark --suite path-tree-comparison --sizes 3 --output results/v0.5-path-tree-comparison.csv,,1784966444,512,871,finite-colored-unit-grid-path-tree-comparison,ornaments;isolated-formal-boundary-points;line-segment-holes;point-holes;degenerate-formal-holes;general-polygon-input,binary-3x3-3b,path-tree-comparison,"{""side"":3}",0,verified,,false,5,6,0,1,0,0,0,prepared-path-tree-input,0,1,0,2,0,6,,,,,0,,,0,0,,,,,0,0,2,0,0,0,2,,0,1,0,0,0,54,3,2,0,0,5,2,4,{},{},{},,{}
9c826593d98f5349fa1a9accd2089ee5c5746623,rustc 1.89.0 (29483883e 2025-08-04),/Users/kcn/Desktop/algorithm/target/release/rect-cli benchmark --suite path-tree-comparison --sizes 3 --output results/v0.5-path-tree-comparison.csv,,1784966444,512,871,finite-colored-unit-grid-path-tree-comparison,ornaments;isolated-formal-boundary-points;line-segment-holes;point-holes;degenerate-formal-holes;general-polygon-input,binary-3x3-3c,path-tree-comparison,"{""side"":3}",1,verified,,false,4,6,0,1,0,0,0,prepared-path-tree-input,0,1,0,1,0,6,,,,,0,,,0,0,,,,,0,0,2,0,0,0,2,,0,0,0,0,0,49,3,1,0,0,4,2,4,{},{},{},,{}
9c826593d98f5349fa1a9accd2089ee5c5746623,rustc 1.89.0 (29483883e 2025-08-04),/Users/kcn/Desktop/algorithm/target/release/rect-cli benchmark --suite path-tree-comparison --sizes 3 --output results/v0.5-path-tree-comparison.csv,,1784966444,512,871,finite-colored-unit-grid-path-tree-comparison,ornaments;isolated-formal-boundary-points;line-segment-holes;point-holes;degenerate-formal-holes;general-polygon-input,binary-3x3-3d,path-tree-comparison,"{""side"":3}",0,verified,,false,5,8,0,2,0,0,0,prepared-path-tree-input,0,1,0,2,0,6,,,,,0,,,0,0,,,,,0,0,2,0,0,0,3,,0,1,0,0,0,73,4,2,0,0,5,3,4,{},{},{},,{}
9c826593d98f5349fa1a9accd2089ee5c5746623,rustc 1.89.0 (29483883e 2025-08-04),/Users/kcn/Desktop/algorithm/target/release/rect-cli benchmark --suite path-tree-comparison --sizes 3 --output results/v0.5-path-tree-comparison.csv,,1784966444,512,871,finite-colored-unit-grid-path-tree-comparison,ornaments;isolated-formal-boundary-points;line-segment-holes;point-holes;degenerate-formal-holes;general-polygon-input,binary-3x3-3e,path-tree-comparison,"{""side"":3}",1,verified,,false,5,6,0,1,0,0,0,prepared-path-tree-input,0,1,0,2,0,6,,,,,0,,,0,0,,,,,0,0,2,0,0,0,2,,0,0,0,0,0,53,3,2,0,0,5,2,4,{},{},{},,{}
9c826593d98f5349fa1a9accd2089ee5c5746623,rustc 1.89.0 (29483883e 2025-08-04),/Users/kcn/Desktop/algorithm/target/release/rect-cli benchmark --suite path-tree-comparison --sizes 3 --output results/v0.5-path-tree-comparison.csv,,1784966444,512,871,finite-colored-unit-grid-path-tree-comparison,ornaments;isolated-formal-boundary-points;line-segment-holes;point-holes;degenerate-formal-holes;general-polygon-input,binary-3x3-3f,path-tree-comparison,"{""side"":3}",0,verified,,false,6,4,0,0,0,0,0,prepared-path-tree-input,0,1,0,2,0,6,,,,,0,,,0,0,,,,,0,0,2,0,0,0,1,,0,0,0,1,0,40,2,0,0,0,6,1,4,{},{},{},,{}
9c826593d98f5349fa1a9accd2089ee5c5746623,rustc 1.89.0 (29483883e 2025-08-04),/Users/kcn/Desktop/algorithm/target/release/rect-cli benchmark --suite path-tree-comparison --sizes 3 --output results/v0.5-path-tree-comparison.csv,,1784966444,512,871,finite-colored-unit-grid-path-tree-comparison,ornaments;isolated-formal-boundary-points;line-segment-holes;point-holes;degenerate-formal-holes;general-polygon-input,binary-3x3-40,path-tree-comparison,"{""side"":3}",1,verified,,false,1,4,0,0,0,0,0,prepared-path-tree-input,0,1,0,0,0,1,,,,,0,,,0,0,,,,,0,0,2,0,0,0,1,,0,0,0,0,0,16,2,0,0,0,1,1,4,{},{},{},,{}
9c826593d98f5349fa1a9accd2089ee5c5746623,rustc 1.89.0 (29483883e 2025-08-04),/Users/kcn/Desktop/algorithm/target/release/rect-cli benchmark --suite path-tree-comparison --sizes 3 --output results/v0.5-path-tree-comparison.csv,,1784966444,512,871,finite-colored-unit-grid-path-tree-comparison,ornaments;isolated-formal-boundary-points;line-segment-holes;point-holes;degenerate-formal-holes;general-polygon-input,binary-3x3-41,path-tree-comparison,"{""side"":3}",0,verified,,false,1,4,0,0,0,0,0,prepared-path-tree-input,0,1,0,0,0,1,,,,,0,,,0,0,,,,,0,0,2,0,0,0,1,,0,0,0,0,0,16,2,0,0,0,1,1,4,{},{},{},,{}
9c826593d98f5349fa1a9accd2089ee5c5746623,rustc 1.89.0 (29483883e 2025-08-04),/Users/kcn/Desktop/algorithm/target/release/rect-cli benchmark --suite path-tree-comparison --sizes 3 --output results/v0.5-path-tree-comparison.csv,,1784966444,512,871,finite-colored-unit-grid-path-tree-comparison,ornaments;isolated-formal-boundary-points;line-segment-holes;point-holes;degenerate-formal-holes;general-polygon-input,binary-3x3-41,path-tree-comparison,"{""side"":3}",2,verified,,false,1,4,0,0,0,0,0,prepared-path-tree-input,0,1,0,0,0,1,,,,,0,,,0,0,,,,,0,0,2,0,0,0,1,,0,0,0,0,0,16,2,0,0,0,1,1,4,{},{},{},,{}
9c826593d98f5349fa1a9accd2089ee5c5746623,rustc 1.89.0 (29483883e 2025-08-04),/Users/kcn/Desktop/algorithm/target/release/rect-cli benchmark --suite path-tree-comparison --sizes 3 --output results/v0.5-path-tree-comparison.csv,,1784966444,512,871,finite-colored-unit-grid-path-tree-comparison,ornaments;isolated-formal-boundary-points;line-segment-holes;point-holes;degenerate-formal-holes;general-polygon-input,binary-3x3-42,path-tree-comparison,"{""side"":3}",1,verified,,false,1,4,0,0,0,0,0,prepared-path-tree-input,0,1,0,0,0,1,,,,,0,,,0,0,,,,,0,0,2,0,0,0,1,,0,0,0,0,0,16,2,0,0,0,1,1,4,{},{},{},,{}
9c826593d98f5349fa1a9accd2089ee5c5746623,rustc 1.89.0 (29483883e 2025-08-04),/Users/kcn/Desktop/algorithm/target/release/rect-cli benchmark --suite path-tree-comparison --sizes 3 --output results/v0.5-path-tree-comparison.csv,,1784966444,512,871,finite-colored-unit-grid-path-tree-comparison,ornaments;isolated-formal-boundary-points;line-segment-holes;point-holes;degenerate-formal-holes;general-polygon-input,binary-3x3-42,path-tree-comparison,"{""side"":3}",2,verified,,false,1,4,0,0,0,0,0,prepared-path-tree-input,0,1,0,0,0,1,,,,,0,,,0,0,,,,,0,0,2,0,0,0,1,,0,0,0,0,0,16,2,0,0,0,1,1,4,{},{},{},,{}
9c826593d98f5349fa1a9accd2089ee5c5746623,rustc 1.89.0 (29483883e 2025-08-04),/Users/kcn/Desktop/algorithm/target/release/rect-cli benchmark --suite path-tree-comparison --sizes 3 --output results/v0.5-path-tree-comparison.csv,,1784966444,512,871,finite-colored-unit-grid-path-tree-comparison,ornaments;isolated-formal-boundary-points;line-segment-holes;point-holes;degenerate-formal-holes;general-polygon-input,binary-3x3-43,path-tree-comparison,"{""side"":3}",0,verified,,false,2,4,0,0,0,0,0,prepared-path-tree-input,0,1,0,1,0,2,,,,,0,,,0,0,,,,,0,0,2,0,0,0,1,,0,0,0,0,0,24,2,0,0,0,2,1,4,{},{},{},,{}
9c826593d98f5349fa1a9accd2089ee5c5746623,rustc 1.89.0 (29483883e 2025-08-04),/Users/kcn/Desktop/algorithm/target/release/rect-cli benchmark --suite path-tree-comparison --sizes 3 --output results/v0.5-path-tree-comparison.csv,,1784966444,512,871,finite-colored-unit-grid-path-tree-comparison,ornaments;isolated-formal-boundary-points;line-segment-holes;point-holes;degenerate-formal-holes;general-polygon-input,binary-3x3-43,path-tree-comparison,"{""side"":3}",2,verified,,false,1,4,0,0,0,0,0,prepared-path-tree-input,0,1,0,0,0,1,,,,,0,,,0,0,,,,,0,0,2,0,0,0,1,,0,0,0,0,0,16,2,0,0,0,1,1,4,{},{},{},,{}
9c826593d98f5349fa1a9accd2089ee5c5746623,rustc 1.89.0 (29483883e 2025-08-04),/Users/kcn/Desktop/algorithm/target/release/rect-cli benchmark --suite path-tree-comparison --sizes 3 --output results/v0.5-path-tree-comparison.csv,,1784966444,512,871,finite-colored-unit-grid-path-tree-comparison,ornaments;isolated-formal-boundary-points;line-segment-holes;point-holes;degenerate-formal-holes;general-polygon-input,binary-3x3-44,path-tree-comparison,"{""side"":3}",1,verified,,false,1,4,0,0,0,0,0,prepared-path-tree-input,0,1,0,0,0,1,,,,,0,,,0,0,,,,,0,0,2,0,0,0,1,,0,0,0,0,0,16,2,0,0,0,1,1,4,{},{},{},,{}
9c826593d98f5349fa1a9accd2089ee5c5746623,rustc 1.89.0 (29483883e 2025-08-04),/Users/kcn/Desktop/algorithm/target/release/rect-cli benchmark --suite path-tree-comparison --sizes 3 --output results/v0.5-path-tree-comparison.csv,,1784966444,512,871,finite-colored-unit-grid-path-tree-comparison,ornaments;isolated-formal-boundary-points;line-segment-holes;point-holes;degenerate-formal-holes;general-polygon-input,binary-3x3-44,path-tree-comparison,"{""side"":3}",2,verified,,false,1,4,0,0,0,0,0,prepared-path-tree-input,0,1,0,0,0,1,,,,,0,,,0,0,,,,,0,0,2,0,0,0,1,,0,0,0,0,0,16,2,0,0,0,1,1,4,{},{},{},,{}
9c826593d98f5349fa1a9accd2089ee5c5746623,rustc 1.89.0 (29483883e 2025-08-04),/Users/kcn/Desktop/algorithm/target/release/rect-cli benchmark --suite path-tree-comparison --sizes 3 --output results/v0.5-path-tree-comparison.csv,,1784966444,512,871,finite-colored-unit-grid-path-tree-comparison,ornaments;isolated-formal-boundary-points;line-segment-holes;point-holes;degenerate-formal-holes;general-polygon-input,binary-3x3-45,path-tree-comparison,"{""side"":3}",0,verified,,false,1,4,0,0,0,0,0,prepared-path-tree-input,0,1,0,0,0,1,,,,,0,,,0,0,,,,,0,0,2,0,0,0,1,,0,0,0,0,0,16,2,0,0,0,1,1,4,{},{},{},,{}
9c826593d98f5349fa1a9accd2089ee5c5746623,rustc 1.89.0 (29483883e 2025-08-04),/Users/kcn/Desktop/algorithm/target/release/rect-cli benchmark --suite path-tree-comparison --sizes 3 --output results/v0.5-path-tree-comparison.csv,,1784966444,512,871,finite-colored-unit-grid-path-tree-comparison,ornaments;isolated-formal-boundary-points;line-segment-holes;point-holes;degenerate-formal-holes;general-polygon-input,binary-3x3-45,path-tree-comparison,"{""side"":3}",2,verified,,false,1,4,0,0,0,0,0,prepared-path-tree-input,0,1,0,0,0,1,,,,,0,,,0,0,,,,,0,0,2,0,0,0,1,,0,0,0,0,0,16,2,0,0,0,1,1,4,{},{},{},,{}
9c826593d98f5349fa1a9accd2089ee5c5746623,rustc 1.89.0 (29483883e 2025-08-04),/Users/kcn/Desktop/algorithm/target/release/rect-cli benchmark --suite path-tree-comparison --sizes 3 --output results/v0.5-path-tree-comparison.csv,,1784966444,512,871,finite-colored-unit-grid-path-tree-comparison,ornaments;isolated-formal-boundary-points;line-segment-holes;point-holes;degenerate-formal-holes;general-polygon-input,binary-3x3-45,path-tree-comparison,"{""side"":3}",3,verified,,false,1,4,0,0,0,0,0,prepared-path-tree-input,0,1,0,0,0,1,,,,,0,,,0,0,,,,,0,0,2,0,0,0,1,,0,0,0,0,0,16,2,0,0,0,1,1,4,{},{},{},,{}
9c826593d98f5349fa1a9accd2089ee5c5746623,rustc 1.89.0 (29483883e 2025-08-04),/Users/kcn/Desktop/algorithm/target/release/rect-cli benchmark --suite path-tree-comparison --sizes 3 --output results/v0.5-path-tree-comparison.csv,,1784966444,512,871,finite-colored-unit-grid-path-tree-comparison,ornaments;isolated-formal-boundary-points;line-segment-holes;point-holes;degenerate-formal-holes;general-polygon-input,binary-3x3-46,path-tree-comparison,"{""side"":3}",1,verified,,false,2,4,0,0,0,0,0,prepared-path-tree-input,0,1,0,1,0,2,,,,,0,,,0,0,,,,,0,0,2,0,0,0,1,,0,0,0,0,0,24,2,0,0,0,2,1,4,{},{},{},,{}
9c826593d98f5349fa1a9accd2089ee5c5746623,rustc 1.89.0 (29483883e 2025-08-04),/Users/kcn/Desktop/algorithm/target/release/rect-cli benchmark --suite path-tree-comparison --sizes 3 --output results/v0.5-path-tree-comparison.csv,,1784966444,512,871,finite-colored-unit-grid-path-tree-comparison,ornaments;isolated-formal-boundary-points;line-segment-holes;point-holes;degenerate-formal-holes;general-polygon-input,binary-3x3-46,path-tree-comparison,"{""side"":3}",2,verified,,false,1,4,0,0,0,0,0,prepared-path-tree-input,0,1,0,0,0,1,,,,,0,,,0,0,,,,,0,0,2,0,0,0,1,,0,0,0,0,0,16,2,0,0,0,1,1,4,{},{},{},,{}
9c826593d98f5349fa1a9accd2089ee5c5746623,rustc 1.89.0 (29483883e 2025-08-04),/Users/kcn/Desktop/algorithm/target/release/rect-cli benchmark --suite path-tree-comparison --sizes 3 --output results/v0.5-path-tree-comparison.csv,,1784966444,512,871,finite-colored-unit-grid-path-tree-comparison,ornaments;isolated-formal-boundary-points;line-segment-holes;point-holes;degenerate-formal-holes;general-polygon-input,binary-3x3-47,path-tree-comparison,"{""side"":3}",0,verified,,false,3,4,0,0,0,0,0,prepared-path-tree-input,0,1,0,1,0,3,,,,,0,,,0,0,,,,,0,0,2,0,0,0,1,,0,0,0,0,0,32,2,0,0,0,3,1,4,{},{},{},,{}
9c826593d98f5349fa1a9accd2089ee5c5746623,rustc 1.89.0 (29483883e 2025-08-04),/Users/kcn/Desktop/algorithm/target/release/rect-cli benchmark --suite path-tree-comparison --sizes 3 --output results/v0.5-path-tree-comparison.csv,,1784966444,512,871,finite-colored-unit-grid-path-tree-comparison,ornaments;isolated-formal-boundary-points;line-segment-holes;point-holes;degenerate-formal-holes;general-polygon-input,binary-3x3-47,path-tree-comparison,"{""side"":3}",2,verified,,false,1,4,0,0,0,0,0,prepared-path-tree-input,0,1,0,0,0,1,,,,,0,,,0,0,,,,,0,0,2,0,0,0,1,,0,0,0,0,0,16,2,0,0,0,1,1,4,{},{},{},,{}
9c826593d98f5349fa1a9accd2089ee5c5746623,rustc 1.89.0 (29483883e 2025-08-04),/Users/kcn/Desktop/algorithm/target/release/rect-cli benchmark --suite path-tree-comparison --sizes 3 --output results/v0.5-path-tree-comparison.csv,,1784966444,512,871,finite-colored-unit-grid-path-tree-comparison,ornaments;isolated-formal-boundary-points;line-segment-holes;point-holes;degenerate-formal-holes;general-polygon-input,binary-3x3-48,path-tree-comparison,"{""side"":3}",1,verified,,false,2,4,0,0,0,0,0,prepared-path-tree-input,0,1,0,1,0,2,,,,,0,,,0,0,,,,,0,0,2,0,0,0,1,,0,0,0,0,0,24,2,0,0,0,2,1,4,{},{},{},,{}
9c826593d98f5349fa1a9accd2089ee5c5746623,rustc 1.89.0 (29483883e 2025-08-04),/Users/kcn/Desktop/algorithm/target/release/rect-cli benchmark --suite path-tree-comparison --sizes 3 --output results/v0.5-path-tree-comparison.csv,,1784966444,512,871,finite-colored-unit-grid-path-tree-comparison,ornaments;isolated-formal-boundary-points;line-segment-holes;point-holes;degenerate-formal-holes;general-polygon-input,binary-3x3-49,path-tree-comparison,"{""side"":3}",0,verified,,false,3,4,0,0,0,0,0,prepared-path-tree-input,0,1,0,1,0,3,,,,,0,,,0,0,,,,,0,0,2,0,0,0,1,,0,0,0,0,0,32,2,0,0,0,3,1,4,{},{},{},,{}
9c826593d98f5349fa1a9accd2089ee5c5746623,rustc 1.89.0 (29483883e 2025-08-04),/Users/kcn/Desktop/algorithm/target/release/rect-cli benchmark --suite path-tree-comparison --sizes 3 --output results/v0.5-path-tree-comparison.csv,,1784966444,512,871,finite-colored-unit-grid-path-tree-comparison,ornaments;isolated-formal-boundary-points;line-segment-holes;point-holes;degenerate-formal-holes;general-polygon-input,binary-3x3-4a,path-tree-comparison,"{""side"":3}",1,verified,,false,1,4,0,0,0,0,0,prepared-path-tree-input,0,1,0,0,0,1,,,,,0,,,0,0,,,,,0,0,2,0,0,0,1,,0,0,0,0,0,16,2,0,0,0,1,1,4,{},{},{},,{}
9c826593d98f5349fa1a9accd2089ee5c5746623,rustc 1.89.0 (29483883e 2025-08-04),/Users/kcn/Desktop/algorithm/target/release/rect-cli benchmark --suite path-tree-comparison --sizes 3 --output results/v0.5-path-tree-comparison.csv,,1784966444,512,871,finite-colored-unit-grid-path-tree-comparison,ornaments;isolated-formal-boundary-points;line-segment-holes;point-holes;degenerate-formal-holes;general-polygon-input,binary-3x3-4a,path-tree-comparison,"{""side"":3}",3,verified,,false,2,4,0,0,0,0,0,prepared-path-tree-input,0,1,0,1,0,2,,,,,0,,,0,0,,,,,0,0,2,0,0,0,1,,0,0,0,0,0,24,2,0,0,0,2,1,4,{},{},{},,{}
9c826593d98f5349fa1a9accd2089ee5c5746623,rustc 1.89.0 (29483883e 2025-08-04),/Users/kcn/Desktop/algorithm/target/release/rect-cli benchmark --suite path-tree-comparison --sizes 3 --output results/v0.5-path-tree-comparison.csv,,1784966444,512,871,finite-colored-unit-grid-path-tree-comparison,ornaments;isolated-formal-boundary-points;line-segment-holes;point-holes;degenerate-formal-holes;general-polygon-input,binary-3x3-4b,path-tree-comparison,"{""side"":3}",0,verified,,false,4,6,0,1,0,0,0,prepared-path-tree-input,0,1,0,2,0,6,,,,,0,,,0,0,,,,,0,0,2,0,0,0,2,,0,0,0,0,0,50,3,1,0,0,4,2,4,{},{},{},,{}
9c826593d98f5349fa1a9accd2089ee5c5746623,rustc 1.89.0 (29483883e 2025-08-04),/Users/kcn/Desktop/algorithm/target/release/rect-cli benchmark --suite path-tree-comparison --sizes 3 --output results/v0.5-path-tree-comparison.csv,,1784966444,512,871,finite-colored-unit-grid-path-tree-comparison,ornaments;isolated-formal-boundary-points;line-segment-holes;point-holes;degenerate-formal-holes;general-polygon-input,binary-3x3-4c,path-tree-comparison,"{""side"":3}",1,verified,,false,1,4,0,0,0,0,0,prepared-path-tree-input,0,1,0,0,0,1,,,,,0,,,0,0,,,,,0,0,2,0,0,0,1,,0,0,0,0,0,16,2,0,0,0,1,1,4,{},{},{},,{}
9c826593d98f5349fa1a9accd2089ee5c5746623,rustc 1.89.0 (29483883e 2025-08-04),/Users/kcn/Desktop/algorithm/target/release/rect-cli benchmark --suite path-tree-comparison --sizes 3 --output results/v0.5-path-tree-comparison.csv,,1784966444,512,871,finite-colored-unit-grid-path-tree-comparison,ornaments;isolated-formal-boundary-points;line-segment-holes;point-holes;degenerate-formal-holes;general-polygon-input,binary-3x3-4c,path-tree-comparison,"{""side"":3}",2,verified,,false,2,4,0,0,0,0,0,prepared-path-tree-input,0,1,0,0,0,2,,,,,0,,,0,0,,,,,0,0,2,0,0,0,1,,0,0,0,0,0,24,2,0,0,0,2,1,4,{},{},{},,{}
9c826593d98f5349fa1a9accd2089ee5c5746623,rustc 1.89.0 (29483883e 2025-08-04),/Users/kcn/Desktop/algorithm/target/release/rect-cli benchmark --suite path-tree-comparison --sizes 3 --output results/v0.5-path-tree-comparison.csv,,1784966444,512,871,finite-colored-unit-grid-path-tree-comparison,ornaments;isolated-formal-boundary-points;line-segment-holes;point-holes;degenerate-formal-holes;general-polygon-input,binary-3x3-4d,path-tree-comparison,"{""side"":3}",0,verified,,false,3,4,0,0,0,0,0,prepared-path-tree-input,0,1,0,1,0,3,,,,,0,,,0,0,,,,,0,0,2,0,0,0,1,,0,0,0,0,0,32,2,0,0,0,3,1,4,{},{},{},,{}
9c826593d98f5349fa1a9accd2089ee5c5746623,rustc 1.89.0 (29483883e 2025-08-04),/Users/kcn/Desktop/algorithm/target/release/rect-cli benchmark --suite path-tree-comparison --sizes 3 --output results/v0.5-path-tree-comparison.csv,,1784966444,512,871,finite-colored-unit-grid-path-tree-comparison,ornaments;isolated-formal-boundary-points;line-segment-holes;point-holes;degenerate-formal-holes;general-polygon-input,binary-3x3-4d,path-tree-comparison,"{""side"":3}",2,verified,,false,1,4,0,0,0,0,0,prepared-path-tree-input,0,1,0,0,0,1,,,,,0,,,0,0,,,,,0,0,2,0,0,0,1,,0,0,0,0,0,16,2,0,0,0,1,1,4,{},{},{},,{}
9c826593d98f5349fa1a9accd2089ee5c5746623,rustc 1.89.0 (29483883e 2025-08-04),/Users/kcn/Desktop/algorithm/target/release/rect-cli benchmark --suite path-tree-comparison --sizes 3 --output results/v0.5-path-tree-comparison.csv,,1784966444,512,871,finite-colored-unit-grid-path-tree-comparison,ornaments;isolated-formal-boundary-points;line-segment-holes;point-holes;degenerate-formal-holes;general-polygon-input,binary-3x3-4e,path-tree-comparison,"{""side"":3}",1,verified,,false,2,4,0,0,0,0,0,prepared-path-tree-input,0,1,0,1,0,2,,,,,0,,,0,0,,,,,0,0,2,0,0,0,1,,0,0,0,0,0,24,2,0,0,0,2,1,4,{},{},{},,{}
9c826593d98f5349fa1a9accd2089ee5c5746623,rustc 1.89.0 (29483883e 2025-08-04),/Users/kcn/Desktop/algorithm/target/release/rect-cli benchmark --suite path-tree-comparison --sizes 3 --output results/v0.5-path-tree-comparison.csv,,1784966444,512,871,finite-colored-unit-grid-path-tree-comparison,ornaments;isolated-formal-boundary-points;line-segment-holes;point-holes;degenerate-formal-holes;general-polygon-input,binary-3x3-4e,path-tree-comparison,"{""side"":3}",2,verified,,false,2,4,0,0,0,0,0,prepared-path-tree-input,0,1,0,0,0,2,,,,,0,,,0,0,,,,,0,0,2,0,0,0,1,,0,0,0,0,0,24,2,0,0,0,2,1,4,{},{},{},,{}
9c826593d98f5349fa1a9accd2089ee5c5746623,rustc 1.89.0 (29483883e 2025-08-04),/Users/kcn/Desktop/algorithm/target/release/rect-cli benchmark --suite path-tree-comparison --sizes 3 --output results/v0.5-path-tree-comparison.csv,,1784966444,512,871,finite-colored-unit-grid-path-tree-comparison,ornaments;isolated-formal-boundary-points;line-segment-holes;point-holes;degenerate-formal-holes;general-polygon-input,binary-3x3-4f,path-tree-comparison,"{""side"":3}",0,verified,,false,5,6,0,1,0,0,0,prepared-path-tree-input,0,1,0,2,0,9,,,,,0,,,0,0,,,,,0,0,2,0,0,0,2,,0,1,0,0,0,60,3,1,0,0,5,2,4,{},{},{},,{}
9c826593d98f5349fa1a9accd2089ee5c5746623,rustc 1.89.0 (29483883e 2025-08-04),/Users/kcn/Desktop/algorithm/target/release/rect-cli benchmark --suite path-tree-comparison --sizes 3 --output results/v0.5-path-tree-comparison.csv,,1784966444,512,871,finite-colored-unit-grid-path-tree-comparison,ornaments;isolated-formal-boundary-points;line-segment-holes;point-holes;degenerate-formal-holes;general-polygon-input,binary-3x3-50,path-tree-comparison,"{""side"":3}",1,verified,,false,1,4,0,0,0,0,0,prepared-path-tree-input,0,1,0,0,0,1,,,,,0,,,0,0,,,,,0,0,2,0,0,0,1,,0,0,0,0,0,16,2,0,0,0,1,1,4,{},{},{},,{}
9c826593d98f5349fa1a9accd2089ee5c5746623,rustc 1.89.0 (29483883e 2025-08-04),/Users/kcn/Desktop/algorithm/target/release/rect-cli benchmark --suite path-tree-comparison --sizes 3 --output results/v0.5-path-tree-comparison.csv,,1784966444,512,871,finite-colored-unit-grid-path-tree-comparison,ornaments;isolated-formal-boundary-points;line-segment-holes;point-holes;degenerate-formal-holes;general-polygon-input,binary-3x3-50,path-tree-comparison,"{""side"":3}",2,verified,,false,1,4,0,0,0,0,0,prepared-path-tree-input,0,1,0,0,0,1,,,,,0,,,0,0,,,,,0,0,2,0,0,0,1,,0,0,0,0,0,16,2,0,0,0,1,1,4,{},{},{},,{}
9c826593d98f5349fa1a9accd2089ee5c5746623,rustc 1.89.0 (29483883e 2025-08-04),/Users/kcn/Desktop/algorithm/target/release/rect-cli benchmark --suite path-tree-comparison --sizes 3 --output results/v0.5-path-tree-comparison.csv,,1784966444,512,871,finite-colored-unit-grid-path-tree-comparison,ornaments;isolated-formal-boundary-points;line-segment-holes;point-holes;degenerate-formal-holes;general-polygon-input,binary-3x3-51,path-tree-comparison,"{""side"":3}",0,verified,,false,1,4,0,0,0,0,0,prepared-path-tree-input,0,1,0,0,0,1,,,,,0,,,0,0,,,,,0,0,2,0,0,0,1,,0,0,0,0,0,16,2,0,0,0,1,1,4,{},{},{},,{}
9c826593d98f5349fa1a9accd2089ee5c5746623,rustc 1.89.0 (29483883e 2025-08-04),/Users/kcn/Desktop/algorithm/target/release/rect-cli benchmark --suite path-tree-comparison --sizes 3 --output results/v0.5-path-tree-comparison.csv,,1784966444,512,871,finite-colored-unit-grid-path-tree-comparison,ornaments;isolated-formal-boundary-points;line-segment-holes;point-holes;degenerate-formal-holes;general-polygon-input,binary-3x3-51,path-tree-comparison,"{""side"":3}",3,verified,,false,1,4,0,0,0,0,0,prepared-path-tree-input,0,1,0,0,0,1,,,,,0,,,0,0,,,,,0,0,2,0,0,0,1,,0,0,0,0,0,16,2,0,0,0,1,1,4,{},{},{},,{}
9c826593d98f5349fa1a9accd2089ee5c5746623,rustc 1.89.0 (29483883e 2025-08-04),/Users/kcn/Desktop/algorithm/target/release/rect-cli benchmark --suite path-tree-comparison --sizes 3 --output results/v0.5-path-tree-comparison.csv,,1784966444,512,871,finite-colored-unit-grid-path-tree-comparison,ornaments;isolated-formal-boundary-points;line-segment-holes;point-holes;degenerate-formal-holes;general-polygon-input,binary-3x3-51,path-tree-comparison,"{""side"":3}",4,verified,,false,1,4,0,0,0,0,0,prepared-path-tree-input,0,1,0,0,0,1,,,,,0,,,0,0,,,,,0,0,2,0,0,0,1,,0,0,0,0,0,16,2,0,0,0,1,1,4,{},{},{},,{}
9c826593d98f5349fa1a9accd2089ee5c5746623,rustc 1.89.0 (29483883e 2025-08-04),/Users/kcn/Desktop/algorithm/target/release/rect-cli benchmark --suite path-tree-comparison --sizes 3 --output results/v0.5-path-tree-comparison.csv,,1784966444,512,871,finite-colored-unit-grid-path-tree-comparison,ornaments;isolated-formal-boundary-points;line-segment-holes;point-holes;degenerate-formal-holes;general-polygon-input,binary-3x3-52,path-tree-comparison,"{""side"":3}",1,verified,,false,2,4,0,0,0,0,0,prepared-path-tree-input,0,1,0,1,0,2,,,,,0,,,0,0,,,,,0,0,2,0,0,0,1,,0,0,0,0,0,24,2,0,0,0,2,1,4,{},{},{},,{}
9c826593d98f5349fa1a9accd2089ee5c5746623,rustc 1.89.0 (29483883e 2025-08-04),/Users/kcn/Desktop/algorithm/target/release/rect-cli benchmark --suite path-tree-comparison --sizes 3 --output results/v0.5-path-tree-comparison.csv,,1784966444,512,871,finite-colored-unit-grid-path-tree-comparison,ornaments;isolated-formal-boundary-points;line-segment-holes;point-holes;degenerate-formal-holes;general-polygon-input,binary-3x3-52,path-tree-comparison,"{""side"":3}",3,verified,,false,1,4,0,0,0,0,0,prepared-path-tree-input,0,1,0,0,0,1,,,,,0,,,0,0,,,,,0,0,2,0,0,0,1,,0,0,0,0,0,16,2,0,0,0,1,1,4,{},{},{},,{}
9c826593d98f5349fa1a9accd2089ee5c5746623,rustc 1.89.0 (29483883e 2025-08-04),/Users/kcn/Desktop/algorithm/target/release/rect-cli benchmark --suite path-tree-comparison --sizes 3 --output results/v0.5-path-tree-comparison.csv,,1784966444,512,871,finite-colored-unit-grid-path-tree-comparison,ornaments;isolated-formal-boundary-points;line-segment-holes;point-holes;degenerate-formal-holes;general-polygon-input,binary-3x3-53,path-tree-comparison,"{""side"":3}",0,verified,,false,3,6,0,1,0,0,0,prepared-path-tree-input,0,1,0,1,0,4,,,,,0,,,0,0,,,,,0,0,2,0,0,0,2,,0,0,0,0,0,41,3,1,0,0,3,2,4,{},{},{},,{}
9c826593d98f5349fa1a9accd2089ee5c5746623,rustc 1.89.0 (29483883e 2025-08-04),/Users/kcn/Desktop/algorithm/target/release/rect-cli benchmark --suite path-tree-comparison --sizes 3 --output results/v0.5-path-tree-comparison.csv,,1784966444,512,871,finite-colored-unit-grid-path-tree-comparison,ornaments;isolated-formal-boundary-points;line-segment-holes;point-holes;degenerate-formal-holes;general-polygon-input,binary-3x3-53,path-tree-comparison,"{""side"":3}",3,verified,,false,1,4,0,0,0,0,0,prepared-path-tree-input,0,1,0,0,0,1,,,,,0,,,0,0,,,,,0,0,2,0,0,0,1,,0,0,0,0,0,16,2,0,0,0,1,1,4,{},{},{},,{}
9c826593d98f5349fa1a9accd2089ee5c5746623,rustc 1.89.0 (29483883e 2025-08-04),/Users/kcn/Desktop/algorithm/target/release/rect-cli benchmark --suite path-tree-comparison --sizes 3 --output results/v0.5-path-tree-comparison.csv,,1784966444,512,871,finite-colored-unit-grid-path-tree-comparison,ornaments;isolated-formal-boundary-points;line-segment-holes;point-holes;degenerate-formal-holes;general-polygon-input,binary-3x3-54,path-tree-comparison,"{""side"":3}",1,verified,,false,1,4,0,0,0,0,0,prepared-path-tree-input,0,1,0,0,0,1,,,,,0,,,0,0,,,,,0,0,2,0,0,0,1,,0,0,0,0,0,16,2,0,0,0,1,1,4,{},{},{},,{}
9c826593d98f5349fa1a9accd2089ee5c5746623,rustc 1.89.0 (29483883e 2025-08-04),/Users/kcn/Desktop/algorithm/target/release/rect-cli benchmark --suite path-tree-comparison --sizes 3 --output results/v0.5-path-tree-comparison.csv,,1784966444,512,871,finite-colored-unit-grid-path-tree-comparison,ornaments;isolated-formal-boundary-points;line-segment-holes;point-holes;degenerate-formal-holes;general-polygon-input,binary-3x3-54,path-tree-comparison,"{""side"":3}",2,verified,,false,1,4,0,0,0,0,0,prepared-path-tree-input,0,1,0,0,0,1,,,,,0,,,0,0,,,,,0,0,2,0,0,0,1,,0,0,0,0,0,16,2,0,0,0,1,1,4,{},{},{},,{}
9c826593d98f5349fa1a9accd2089ee5c5746623,rustc 1.89.0 (29483883e 2025-08-04),/Users/kcn/Desktop/algorithm/target/release/rect-cli benchmark --suite path-tree-comparison --sizes 3 --output results/v0.5-path-tree-comparison.csv,,1784966444,512,871,finite-colored-unit-grid-path-tree-comparison,ornaments;isolated-formal-boundary-points;line-segment-holes;point-holes;degenerate-formal-holes;general-polygon-input,binary-3x3-54,path-tree-comparison,"{""side"":3}",4,verified,,false,1,4,0,0,0,0,0,prepared-path-tree-input,0,1,0,0,0,1,,,,,0,,,0,0,,,,,0,0,2,0,0,0,1,,0,0,0,0,0,16,2,0,0,0,1,1,4,{},{},{},,{}
9c826593d98f5349fa1a9accd2089ee5c5746623,rustc 1.89.0 (29483883e 2025-08-04),/Users/kcn/Desktop/algorithm/target/release/rect-cli benchmark --suite path-tree-comparison --sizes 3 --output results/v0.5-path-tree-comparison.csv,,1784966444,512,871,finite-colored-unit-grid-path-tree-comparison,ornaments;isolated-formal-boundary-points;line-segment-holes;point-holes;degenerate-formal-holes;general-polygon-input,binary-3x3-55,path-tree-comparison,"{""side"":3}",0,verified,,false,1,4,0,0,0,0,0,prepared-path-tree-input,0,1,0,0,0,1,,,,,0,,,0,0,,,,,0,0,2,0,0,0,1,,0,0,0,0,0,16,2,0,0,0,1,1,4,{},{},{},,{}
9c826593d98f5349fa1a9accd2089ee5c5746623,rustc 1.89.0 (29483883e 2025-08-04),/Users/kcn/Desktop/algorithm/target/release/rect-cli benchmark --suite path-tree-comparison --sizes 3 --output results/v0.5-path-tree-comparison.csv,,1784966444,512,871,finite-colored-unit-grid-path-tree-comparison,ornaments;isolated-formal-boundary-points;line-segment-holes;point-holes;degenerate-formal-holes;general-polygon-input,binary-3x3-55,path-tree-comparison,"{""side"":3}",2,verified,,false,1,4,0,0,0,0,0,prepared-path-tree-input,0,1,0,0,0,1,,,,,0,,,0,0,,,,,0,0,2,0,0,0,1,,0,0,0,0,0,16,2,0,0,0,1,1,4,{},{},{},,{}
9c826593d98f5349fa1a9accd2089ee5c5746623,rustc 1.89.0 (29483883e 2025-08-04),/Users/kcn/Desktop/algorithm/target/release/rect-cli benchmark --suite path-tree-comparison --sizes 3 --output results/v0.5-path-tree-comparison.csv,,1784966444,512,871,finite-colored-unit-grid-path-tree-comparison,ornaments;isolated-formal-boundary-points;line-segment-holes;point-holes;degenerate-formal-holes;general-polygon-input,binary-3x3-55,path-tree-comparison,"{""side"":3}",4,verified,,false,1,4,0,0,0,0,0,prepared-path-tree-input,0,1,0,0,0,1,,,,,0,,,0,0,,,,,0,0,2,0,0,0,1,,0,0,0,0,0,16,2,0,0,0,1,1,4,{},{},{},,{}
9c826593d98f5349fa1a9accd2089ee5c5746623,rustc 1.89.0 (29483883e 2025-08-04),/Users/kcn/Desktop/algorithm/target/release/rect-cli benchmark --suite path-tree-comparison --sizes 3 --output results/v0.5-path-tree-comparison.csv,,1784966444,512,871,finite-colored-unit-grid-path-tree-comparison,ornaments;isolated-formal-boundary-points;line-segment-holes;point-holes;degenerate-formal-holes;general-polygon-input,binary-3x3-55,path-tree-comparison,"{""side"":3}",6,verified,,false,1,4,0,0,0,0,0,prepared-path-tree-input,0,1,0,0,0,1,,,,,0,,,0,0,,,,,0,0,2,0,0,0,1,,0,0,0,0,0,16,2,0,0,0,1,1,4,{},{},{},,{}
9c826593d98f5349fa1a9accd2089ee5c5746623,rustc 1.89.0 (29483883e 2025-08-04),/Users/kcn/Desktop/algorithm/target/release/rect-cli benchmark --suite path-tree-comparison --sizes 3 --output results/v0.5-path-tree-comparison.csv,,1784966444,512,871,finite-colored-unit-grid-path-tree-comparison,ornaments;isolated-formal-boundary-points;line-segment-holes;point-holes;degenerate-formal-holes;general-polygon-input,binary-3x3-56,path-tree-comparison,"{""side"":3}",1,verified,,false,3,6,0,1,0,0,0,prepared-path-tree-input,0,1,0,1,0,4,,,,,0,,,0,0,,,,,0,0,2,0,0,0,2,,0,0,0,0,0,42,3,1,0,0,3,2,4,{},{},{},,{}
9c826593d98f5349fa1a9accd2089ee5c5746623,rustc 1.89.0 (29483883e 2025-08-04),/Users/kcn/Desktop/algorithm/target/release/rect-cli benchmark --suite path-tree-comparison --sizes 3 --output results/v0.5-path-tree-comparison.csv,,1784966444,512,871,finite-colored-unit-grid-path-tree-comparison,ornaments;isolated-formal-boundary-points;line-segment-holes;point-holes;degenerate-formal-holes;general-polygon-input,binary-3x3-56,path-tree-comparison,"{""side"":3}",3,verified,,false,1,4,0,0,0,0,0,prepared-path-tree-input,0,1,0,0,0,1,,,,,0,,,0,0,,,,,0,0,2,0,0,0,1,,0,0,0,0,0,16,2,0,0,0,1,1,4,{},{},{},,{}
9c826593d98f5349fa1a9accd2089ee5c5746623,rustc 1.89.0 (29483883e 2025-08-04),/Users/kcn/Desktop/algorithm/target/release/rect-cli benchmark --suite path-tree-comparison --sizes 3 --output results/v0.5-path-tree-comparison.csv,,1784966444,512,871,finite-colored-unit-grid-path-tree-comparison,ornaments;isolated-formal-boundary-points;line-segment-holes;point-holes;degenerate-formal-holes;general-polygon-input,binary-3x3-57,path-tree-comparison,"{""side"":3}",0,verified,,false,4,8,0,2,1,0,1,prepared-path-tree-input,0,1,0,1,0,6,,,,,0,,,0,0,0,1,,,0,0,3,1,0,0,2,,0,0,0,0,0,40,2,0,0,0,4,2,4,{},{},{},,{}
9c826593d98f5349fa1a9accd2089ee5c5746623,rustc 1.89.0 (29483883e 2025-08-04),/Users/kcn/Desktop/algorithm/target/release/rect-cli benchmark --suite path-tree-comparison --sizes 3 --output results/v0.5-path-tree-comparison.csv,,1784966444,512,871,finite-colored-unit-grid-path-tree-comparison,ornaments;isolated-formal-boundary-points;line-segment-holes;point-holes;degenerate-formal-holes;general-polygon-input,binary-3x3-57,path-tree-comparison,"{""side"":3}",3,verified,,false,1,4,0,0,0,0,0,prepared-path-tree-input,0,1,0,0,0,1,,,,,0,,,0,0,,,,,0,0,2,0,0,0,1,,0,0,0,0,0,16,2,0,0,0,1,1,4,{},{},{},,{}
9c826593d98f5349fa1a9accd2089ee5c5746623,rustc 1.89.0 (29483883e 2025-08-04),/Users/kcn/Desktop/algorithm/target/release/rect-cli benchmark --suite path-tree-comparison --sizes 3 --output results/v0.5-path-tree-comparison.csv,,1784966444,512,871,finite-colored-unit-grid-path-tree-comparison,ornaments;isolated-formal-boundary-points;line-segment-holes;point-holes;degenerate-formal-holes;general-polygon-input,binary-3x3-58,path-tree-comparison,"{""side"":3}",1,verified,,false,3,6,0,1,0,0,0,prepared-path-tree-input,0,1,0,1,0,4,,,,,0,,,0,0,,,,,0,0,2,0,0,0,2,,0,0,0,0,0,42,3,1,0,0,3,2,4,{},{},{},,{}
9c826593d98f5349fa1a9accd2089ee5c5746623,rustc 1.89.0 (29483883e 2025-08-04),/Users/kcn/Desktop/algorithm/target/release/rect-cli benchmark --suite path-tree-comparison --sizes 3 --output results/v0.5-path-tree-comparison.csv,,1784966444,512,871,finite-colored-unit-grid-path-tree-comparison,ornaments;isolated-formal-boundary-points;line-segment-holes;point-holes;degenerate-formal-holes;general-polygon-input,binary-3x3-59,path-tree-comparison,"{""side"":3}",0,verified,,false,4,8,0,2,0,1,1,prepared-path-tree-input,0,1,0,1,0,6,,,,,0,,,0,0,0,1,,,0,0,3,1,0,0,2,,0,0,0,0,0,40,2,0,0,0,4,2,4,{},{},{},,{}
9c826593d98f5349fa1a9accd2089ee5c5746623,rustc 1.89.0 (29483883e 2025-08-04),/Users/kcn/Desktop/algorithm/target/release/rect-cli benchmark --suite path-tree-comparison --sizes 3 --output results/v0.5-path-tree-comparison.csv,,1784966444,512,871,finite-colored-unit-grid-path-tree-comparison,ornaments;isolated-formal-boundary-points;line-segment-holes;point-holes;degenerate-formal-holes;general-polygon-input,binary-3x3-5a,path-tree-comparison,"{""side"":3}",1,verified,,false,4,8,0,2,0,1,1,prepared-path-tree-input,0,1,0,1,0,6,,,,,0,,,0,0,0,1,,,0,0,3,1,0,0,2,,0,0,0,0,0,40,2,0,0,0,4,2,4,{},{},{},,{}
9c826593d98f5349fa1a9accd2089ee5c5746623,rustc 1.89.0 (29483883e 2025-08-04),/Users/kcn/Desktop/algorithm/target/release/rect-cli benchmark --suite path-tree-comparison --sizes 3 --output results/v0.5-path-tree-comparison.csv,,1784966444,512,871,finite-colored-unit-grid-path-tree-comparison,ornaments;isolated-formal-boundary-points;line-segment-holes;point-holes;degenerate-formal-holes;general-polygon-input,binary-3x3-5b,path-tree-comparison,"{""side"":3}",0,verified,,false,5,6,0,1,0,0,0,prepared-path-tree-input,0,1,0,2,0,6,,,,,0,,,0,0,,,,,0,0,2,0,0,0,2,,0,1,0,0,0,54,3,1,0,0,5,2,4,{},{},{},,{}
9c826593d98f5349fa1a9accd2089ee5c5746623,rustc 1.89.0 (29483883e 2025-08-04),/Users/kcn/Desktop/algorithm/target/release/rect-cli benchmark --suite path-tree-comparison --sizes 3 --output results/v0.5-path-tree-comparison.csv,,1784966444,512,871,finite-colored-unit-grid-path-tree-comparison,ornaments;isolated-formal-boundary-points;line-segment-holes;point-holes;degenerate-formal-holes;general-polygon-input,binary-3x3-5c,path-tree-comparison,"{""side"":3}",1,verified,,false,1,4,0,0,0,0,0,prepared-path-tree-input,0,1,0,0,0,1,,,,,0,,,0,0,,,,,0,0,2,0,0,0,1,,0,0,0,0,0,16,2,0,0,0,1,1,4,{},{},{},,{}
9c826593d98f5349fa1a9accd2089ee5c5746623,rustc 1.89.0 (29483883e 2025-08-04),/Users/kcn/Desktop/algorithm/target/release/rect-cli benchmark --suite path-tree-comparison --sizes 3 --output results/v0.5-path-tree-comparison.csv,,1784966444,512,871,finite-colored-unit-grid-path-tree-comparison,ornaments;isolated-formal-boundary-points;line-segment-holes;point-holes;degenerate-formal-holes;general-polygon-input,binary-3x3-5c,path-tree-comparison,"{""side"":3}",2,verified,,false,3,6,0,1,0,0,0,prepared-path-tree-input,0,1,0,1,0,4,,,,,0,,,0,0,,,,,0,0,2,0,0,0,2,,0,0,0,0,0,42,3,1,0,0,3,2,4,{},{},{},,{}
9c826593d98f5349fa1a9accd2089ee5c5746623,rustc 1.89.0 (29483883e 2025-08-04),/Users/kcn/Desktop/algorithm/target/release/rect-cli benchmark --suite path-tree-comparison --sizes 3 --output results/v0.5-path-tree-comparison.csv,,1784966444,512,871,finite-colored-unit-grid-path-tree-comparison,ornaments;isolated-formal-boundary-points;line-segment-holes;point-holes;degenerate-formal-holes;general-polygon-input,binary-3x3-5d,path-tree-comparison,"{""side"":3}",0,verified,,false,4,8,0,2,0,1,1,prepared-path-tree-input,1,1,0,1,0,6,,,,,0,,,0,0,0,1,,,0,0,3,1,0,0,2,,0,0,0,0,0,40,2,0,0,0,4,2,4,{},{},{},,{}
9c826593d98f5349fa1a9accd2089ee5c5746623,rustc 1.89.0 (29483883e 2025-08-04),/Users/kcn/Desktop/algorithm/target/release/rect-cli benchmark --suite path-tree-comparison --sizes 3 --output results/v0.5-path-tree-comparison.csv,,1784966444,512,871,finite-colored-unit-grid-path-tree-comparison,ornaments;isolated-formal-boundary-points;line-segment-holes;point-holes;degenerate-formal-holes;general-polygon-input,binary-3x3-5d,path-tree-comparison,"{""side"":3}",2,verified,,false,1,4,0,0,0,0,0,prepared-path-tree-input,0,1,0,0,0,1,,,,,0,,,0,0,,,,,0,0,2,0,0,0,1,,0,0,0,0,0,16,2,0,0,0,1,1,4,{},{},{},,{}
9c826593d98f5349fa1a9accd2089ee5c5746623,rustc 1.89.0 (29483883e 2025-08-04),/Users/kcn/Desktop/algorithm/target/release/rect-cli benchmark --suite path-tree-comparison --sizes 3 --output results/v0.5-path-tree-comparison.csv,,1784966444,512,871,finite-colored-unit-grid-path-tree-comparison,ornaments;isolated-formal-boundary-points;line-segment-holes;point-holes;degenerate-formal-holes;general-polygon-input,binary-3x3-5f,path-tree-comparison,"{""side"":3}",0,verified,,false,6,8,0,2,0,0,0,prepared-path-tree-input,0,1,0,2,0,9,,,,,0,,,0,0,,,,,0,0,2,0,0,0,3,,0,1,0,1,0,84,4,3,0,0,6,3,4,{},{},{},,{}
9c826593d98f5349fa1a9accd2089ee5c5746623,rustc 1.89.0 (29483883e 2025-08-04),/Users/kcn/Desktop/algorithm/target/release/rect-cli benchmark --suite path-tree-comparison --sizes 3 --output results/v0.5-path-tree-comparison.csv,,1784966444,512,871,finite-colored-unit-grid-path-tree-comparison,ornaments;isolated-formal-boundary-points;line-segment-holes;point-holes;degenerate-formal-holes;general-polygon-input,binary-3x3-60,path-tree-comparison,"{""side"":3}",1,verified,,false,1,4,0,0,0,0,0,prepared-path-tree-input,0,1,0,0,0,1,,,,,0,,,0,0,,,,,0,0,2,0,0,0,1,,0,0,0,0,0,16,2,0,0,0,1,1,4,{},{},{},,{}
9c826593d98f5349fa1a9accd2089ee5c5746623,rustc 1.89.0 (29483883e 2025-08-04),/Users/kcn/Desktop/algorithm/target/release/rect-cli benchmark --suite path-tree-comparison --sizes 3 --output results/v0.5-path-tree-comparison.csv,,1784966444,512,871,finite-colored-unit-grid-path-tree-comparison,ornaments;isolated-formal-boundary-points;line-segment-holes;point-holes;degenerate-formal-holes;general-polygon-input,binary-3x3-60,path-tree-comparison,"{""side"":3}",2,verified,,false,1,4,0,0,0,0,0,prepared-path-tree-input,0,1,0,0,0,1,,,,,0,,,0,0,,,,,0,0,2,0,0,0,1,,0,0,0,0,0,16,2,0,0,0,1,1,4,{},{},{},,{}
9c826593d98f5349fa1a9accd2089ee5c5746623,rustc 1.89.0 (29483883e 2025-08-04),/Users/kcn/Desktop/algorithm/target/release/rect-cli benchmark --suite path-tree-comparison --sizes 3 --output results/v0.5-path-tree-comparison.csv,,1784966444,512,871,finite-colored-unit-grid-path-tree-comparison,ornaments;isolated-formal-boundary-points;line-segment-holes;point-holes;degenerate-formal-holes;general-polygon-input,binary-3x3-61,path-tree-comparison,"{""side"":3}",0,verified,,false,1,4,0,0,0,0,0,prepared-path-tree-input,0,1,0,0,0,1,,,,,0,,,0,0,,,,,0,0,2,0,0,0,1,,0,0,0,0,0,16,2,0,0,0,1,1,4,{},{},{},,{}
9c826593d98f5349fa1a9accd2089ee5c5746623,rustc 1.89.0 (29483883e 2025-08-04),/Users/kcn/Desktop/algorithm/target/release/rect-cli benchmark --suite path-tree-comparison --sizes 3 --output results/v0.5-path-tree-comparison.csv,,1784966444,512,871,finite-colored-unit-grid-path-tree-comparison,ornaments;isolated-formal-boundary-points;line-segment-holes;point-holes;degenerate-formal-holes;general-polygon-input,binary-3x3-61,path-tree-comparison,"{""side"":3}",2,verified,,false,1,4,0,0,0,0,0,prepared-path-tree-input,0,1,0,0,0,1,,,,,0,,,0,0,,,,,0,0,2,0,0,0,1,,0,0,0,0,0,16,2,0,0,0,1,1,4,{},{},{},,{}
9c826593d98f5349fa1a9accd2089ee5c5746623,rustc 1.89.0 (29483883e 2025-08-04),/Users/kcn/Desktop/algorithm/target/release/rect-cli benchmark --suite path-tree-comparison --sizes 3 --output results/v0.5-path-tree-comparison.csv,,1784966444,512,871,finite-colored-unit-grid-path-tree-comparison,ornaments;isolated-formal-boundary-points;line-segment-holes;point-holes;degenerate-formal-holes;general-polygon-input,binary-3x3-61,path-tree-comparison,"{""side"":3}",3,verified,,false,1,4,0,0,0,0,0,prepared-path-tree-input,0,1,0,0,0,1,,,,,0,,,0,0,,,,,0,0,2,0,0,0,1,,0,0,0,0,0,16,2,0,0,0,1,1,4,{},{},{},,{}
9c826593d98f5349fa1a9accd2089ee5c5746623,rustc 1.89.0 (29483883e 2025-08-04),/Users/kcn/Desktop/algorithm/target/release/rect-cli benchmark --suite path-tree-comparison --sizes 3 --output results/v0.5-path-tree-comparison.csv,,1784966444,512,871,finite-colored-unit-grid-path-tree-comparison,ornaments;isolated-formal-boundary-points;line-segment-holes;point-holes;degenerate-formal-holes;general-polygon-input,binary-3x3-62,path-tree-comparison,"{""side"":3}",1,verified,,false,1,4,0,0,0,0,0,prepared-path-tree-input,0,1,0,0,0,1,,,,,0,,,0,0,,,,,0,0,2,0,0,0,1,,0,0,0,0,0,16,2,0,0,0,1,1,4,{},{},{},,{}
9c826593d98f5349fa1a9accd2089ee5c5746623,rustc 1.89.0 (29483883e 2025-08-04),/Users/kcn/Desktop/algorithm/target/release/rect-cli benchmark --suite path-tree-comparison --sizes 3 --output results/v0.5-path-tree-comparison.csv,,1784966444,512,871,finite-colored-unit-grid-path-tree-comparison,ornaments;isolated-formal-boundary-points;line-segment-holes;point-holes;degenerate-formal-holes;general-polygon-input,binary-3x3-62,path-tree-comparison,"{""side"":3}",3,verified,,false,1,4,0,0,0,0,0,prepared-path-tree-input,0,1,0,0,0,1,,,,,0,,,0,0,,,,,0,0,2,0,0,0,1,,0,0,0,0,0,16,2,0,0,0,1,1,4,{},{},{},,{}
9c826593d98f5349fa1a9accd2089ee5c5746623,rustc 1.89.0 (29483883e 2025-08-04),/Users/kcn/Desktop/algorithm/target/release/rect-cli benchmark --suite path-tree-comparison --sizes 3 --output results/v0.5-path-tree-comparison.csv,,1784966444,512,871,finite-colored-unit-grid-path-tree-comparison,ornaments;isolated-formal-boundary-points;line-segment-holes;point-holes;degenerate-formal-holes;general-polygon-input,binary-3x3-62,path-tree-comparison,"{""side"":3}",4,verified,,false,1,4,0,0,0,0,0,prepared-path-tree-input,0,1,0,0,0,1,,,,,0,,,0,0,,,,,0,0,2,0,0,0,1,,0,0,0,0,0,16,2,0,0,0,1,1,4,{},{},{},,{}
9c826593d98f5349fa1a9accd2089ee5c5746623,rustc 1.89.0 (29483883e 2025-08-04),/Users/kcn/Desktop/algorithm/target/release/rect-cli benchmark --suite path-tree-comparison --sizes 3 --output results/v0.5-path-tree-comparison.csv,,1784966444,512,871,finite-colored-unit-grid-path-tree-comparison,ornaments;isolated-formal-boundary-points;line-segment-holes;point-holes;degenerate-formal-holes;general-polygon-input,binary-3x3-63,path-tree-comparison,"{""side"":3}",0,verified,,false,2,4,0,0,0,0,0,prepared-path-tree-input,0,1,0,1,0,2,,,,,0,,,0,0,,,,,0,0,2,0,0,0,1,,0,0,0,0,0,24,2,0,0,0,2,1,4,{},{},{},,{}
9c826593d98f5349fa1a9accd2089ee5c5746623,rustc 1.89.0 (29483883e 2025-08-04),/Users/kcn/Desktop/algorithm/target/release/rect-cli benchmark --suite path-tree-comparison --sizes 3 --output results/v0.5-path-tree-comparison.csv,,1784966444,512,871,finite-colored-unit-grid-path-tree-comparison,ornaments;isolated-formal-boundary-points;line-segment-holes;point-holes;degenerate-formal-holes;general-polygon-input,binary-3x3-63,path-tree-comparison,"{""side"":3}",3,verified,,false,1,4,0,0,0,0,0,prepared-path-tree-input,0,1,0,0,0,1,,,,,0,,,0,0,,,,,0,0,2,0,0,0,1,,0,0,0,0,0,16,2,0,0,0,1,1,4,{},{},{},,{}
9c826593d98f5349fa1a9accd2089ee5c5746623,rustc 1.89.0 (29483883e 2025-08-04),/Users/kcn/Desktop/algorithm/target/release/rect-cli benchmark --suite path-tree-comparison --sizes 3 --output results/v0.5-path-tree-comparison.csv,,1784966444,512,871,finite-colored-unit-grid-path-tree-comparison,ornaments;isolated-formal-boundary-points;line-segment-holes;point-holes;degenerate-formal-holes;general-polygon-input,binary-3x3-63,path-tree-comparison,"{""side"":3}",4,verified,,false,1,4,0,0,0,0,0,prepared-path-tree-input,0,1,0,0,0,1,,,,,0,,,0,0,,,,,0,0,2,0,0,0,1,,0,0,0,0,0,16,2,0,0,0,1,1,4,{},{},{},,{}
9c826593d98f5349fa1a9accd2089ee5c5746623,rustc 1.89.0 (29483883e 2025-08-04),/Users/kcn/Desktop/algorithm/target/release/rect-cli benchmark --suite path-tree-comparison --sizes 3 --output results/v0.5-path-tree-comparison.csv,,1784966444,512,871,finite-colored-unit-grid-path-tree-comparison,ornaments;isolated-formal-boundary-points;line-segment-holes;point-holes;degenerate-formal-holes;general-polygon-input,binary-3x3-64,path-tree-comparison,"{""side"":3}",1,verified,,false,2,4,0,0,0,0,0,prepared-path-tree-input,0,1,0,1,0,2,,,,,0,,,0,0,,,,,0,0,2,0,0,0,1,,0,0,0,0,0,24,2,0,0,0,2,1,4,{},{},{},,{}
9c826593d98f5349fa1a9accd2089ee5c5746623,rustc 1.89.0 (29483883e 2025-08-04),/Users/kcn/Desktop/algorithm/target/release/rect-cli benchmark --suite path-tree-comparison --sizes 3 --output results/v0.5-path-tree-comparison.csv,,1784966444,512,871,finite-colored-unit-grid-path-tree-comparison,ornaments;isolated-formal-boundary-points;line-segment-holes;point-holes;degenerate-formal-holes;general-polygon-input,binary-3x3-64,path-tree-comparison,"{""side"":3}",2,verified,,false,1,4,0,0,0,0,0,prepared-path-tree-input,0,1,0,0,0,1,,,,,0,,,0,0,,,,,0,0,2,0,0,0,1,,0,0,0,0,0,16,2,0,0,0,1,1,4,{},{},{},,{}
9c826593d98f5349fa1a9accd2089ee5c5746623,rustc 1.89.0 (29483883e 2025-08-04),/Users/kcn/Desktop/algorithm/target/release/rect-cli benchmark --suite path-tree-comparison --sizes 3 --output results/v0.5-path-tree-comparison.csv,,1784966444,512,871,finite-colored-unit-grid-path-tree-comparison,ornaments;isolated-formal-boundary-points;line-segment-holes;point-holes;degenerate-formal-holes;general-polygon-input,binary-3x3-65,path-tree-comparison,"{""side"":3}",0,verified,,false,1,4,0,0,0,0,0,prepared-path-tree-input,0,1,0,0,0,1,,,,,0,,,0,0,,,,,0,0,2,0,0,0,1,,0,0,0,0,0,16,2,0,0,0,1,1,4,{},{},{},,{}
9c826593d98f5349fa1a9accd2089ee5c5746623,rustc 1.89.0 (29483883e 2025-08-04),/Users/kcn/Desktop/algorithm/target/release/rect-cli benchmark --suite path-tree-comparison --sizes 3 --output results/v0.5-path-tree-comparison.csv,,1784966444,512,871,finite-colored-unit-grid-path-tree-comparison,ornaments;isolated-formal-boundary-points;line-segment-holes;point-holes;degenerate-formal-holes;general-polygon-input,binary-3x3-65,path-tree-comparison,"{""side"":3}",2,verified,,false,2,4,0,0,0,0,0,prepared-path-tree-input,0,1,0,0,0,2,,,,,0,,,0,0,,,,,0,0,2,0,0,0,1,,0,0,0,0,0,24,2,0,0,0,2,1,4,{},{},{},,{}
9c826593d98f5349fa1a9accd2089ee5c5746623,rustc 1.89.0 (29483883e 2025-08-04),/Users/kcn/Desktop/algorithm/target/release/rect-cli benchmark --suite path-tree-comparison --sizes 3 --output results/v0.5-path-tree-comparison.csv,,1784966444,512,871,finite-colored-unit-grid-path-tree-comparison,ornaments;isolated-formal-boundary-points;line-segment-holes;point-holes;degenerate-formal-holes;general-polygon-input,binary-3x3-65,path-tree-comparison,"{""side"":3}",3,verified,,false,1,4,0,0,0,0,0,prepared-path-tree-input,0,1,0,0,0,1,,,,,0,,,0,0,,,,,0,0,2,0,0,0,1,,0,0,0,0,0,16,2,0,0,0,1,1,4,{},{},{},,{}
9c826593d98f5349fa1a9accd2089ee5c5746623,rustc 1.89.0 (29483883e 2025-08-04),/Users/kcn/Desktop/algorithm/target/release/rect-cli benchmark --suite path-tree-comparison --sizes 3 --output results/v0.5-path-tree-comparison.csv,,1784966444,512,871,finite-colored-unit-grid-path-tree-comparison,ornaments;isolated-formal-boundary-points;line-segment-holes;point-holes;degenerate-formal-holes;general-polygon-input,binary-3x3-66,path-tree-comparison,"{""side"":3}",1,verified,,false,3,6,0,1,0,0,0,prepared-path-tree-input,0,1,0,1,0,4,,,,,0,,,0,0,,,,,0,0,2,0,0,0,2,,0,0,0,0,0,41,3,1,0,0,3,2,4,{},{},{},,{}
9c826593d98f5349fa1a9accd2089ee5c5746623,rustc 1.89.0 (29483883e 2025-08-04),/Users/kcn/Desktop/algorithm/target/release/rect-cli benchmark --suite path-tree-comparison --sizes 3 --output results/v0.5-path-tree-comparison.csv,,1784966444,512,871,finite-colored-unit-grid-path-tree-comparison,ornaments;isolated-formal-boundary-points;line-segment-holes;point-holes;degenerate-formal-holes;general-polygon-input,binary-3x3-66,path-tree-comparison,"{""side"":3}",2,verified,,false,1,4,0,0,0,0,0,prepared-path-tree-input,0,1,0,0,0,1,,,,,0,,,0,0,,,,,0,0,2,0,0,0,1,,0,0,0,0,0,16,2,0,0,0,1,1,4,{},{},{},,{}
9c826593d98f5349fa1a9accd2089ee5c5746623,rustc 1.89.0 (29483883e 2025-08-04),/Users/kcn/Desktop/algorithm/target/release/rect-cli benchmark --suite path-tree-comparison --sizes 3 --output results/v0.5-path-tree-comparison.csv,,1784966444,512,871,finite-colored-unit-grid-path-tree-comparison,ornaments;isolated-formal-boundary-points;line-segment-holes;point-holes;degenerate-formal-holes;general-polygon-input,binary-3x3-67,path-tree-comparison,"{""side"":3}",0,verified,,false,4,6,0,1,0,0,0,prepared-path-tree-input,0,1,0,2,0,6,,,,,0,,,0,0,,,,,0,0,2,0,0,0,2,,0,0,0,0,0,53,3,1,0,0,4,2,4,{},{},{},,{}
9c826593d98f5349fa1a9accd2089ee5c5746623,rustc 1.89.0 (29483883e 2025-08-04),/Users/kcn/Desktop/algorithm/target/release/rect-cli benchmark --suite path-tree-comparison --sizes 3 --output results/v0.5-path-tree-comparison.csv,,1784966444,512,871,finite-colored-unit-grid-path-tree-comparison,ornaments;isolated-formal-boundary-points;line-segment-holes;point-holes;degenerate-formal-holes;general-polygon-input,binary-3x3-67,path-tree-comparison,"{""side"":3}",2,verified,,false,1,4,0,0,0,0,0,prepared-path-tree-input,0,1,0,0,0,1,,,,,0,,,0,0,,,,,0,0,2,0,0,0,1,,0,0,0,0,0,16,2,0,0,0,1,1,4,{},{},{},,{}
9c826593d98f5349fa1a9accd2089ee5c5746623,rustc 1.89.0 (29483883e 2025-08-04),/Users/kcn/Desktop/algorithm/target/release/rect-cli benchmark --suite path-tree-comparison --sizes 3 --output results/v0.5-path-tree-comparison.csv,,1784966444,512,871,finite-colored-unit-grid-path-tree-comparison,ornaments;isolated-formal-boundary-points;line-segment-holes;point-holes;degenerate-formal-holes;general-polygon-input,binary-3x3-68,path-tree-comparison,"{""side"":3}",1,verified,,false,2,4,0,0,0,0,0,prepared-path-tree-input,0,1,0,1,0,2,,,,,0,,,0,0,,,,,0,0,2,0,0,0,1,,0,0,0,0,0,24,2,0,0,0,2,1,4,{},{},{},,{}
9c826593d98f5349fa1a9accd2089ee5c5746623,rustc 1.89.0 (29483883e 2025-08-04),/Users/kcn/Desktop/algorithm/target/release/rect-cli benchmark --suite path-tree-comparison --sizes 3 --output results/v0.5-path-tree-comparison.csv,,1784966444,512,871,finite-colored-unit-grid-path-tree-comparison,ornaments;isolated-formal-boundary-points;line-segment-holes;point-holes;degenerate-formal-holes;general-polygon-input,binary-3x3-68,path-tree-comparison,"{""side"":3}",2,verified,,false,1,4,0,0,0,0,0,prepared-path-tree-input,0,1,0,0,0,1,,,,,0,,,0,0,,,,,0,0,2,0,0,0,1,,0,0,0,0,0,16,2,0,0,0,1,1,4,{},{},{},,{}
9c826593d98f5349fa1a9accd2089ee5c5746623,rustc 1.89.0 (29483883e 2025-08-04),/Users/kcn/Desktop/algorithm/target/release/rect-cli benchmark --suite path-tree-comparison --sizes 3 --output results/v0.5-path-tree-comparison.csv,,1784966444,512,871,finite-colored-unit-grid-path-tree-comparison,ornaments;isolated-formal-boundary-points;line-segment-holes;point-holes;degenerate-formal-holes;general-polygon-input,binary-3x3-69,path-tree-comparison,"{""side"":3}",0,verified,,false,3,4,0,0,0,0,0,prepared-path-tree-input,0,1,0,1,0,3,,,,,0,,,0,0,,,,,0,0,2,0,0,0,1,,0,0,0,0,0,32,2,0,0,0,3,1,4,{},{},{},,{}
9c826593d98f5349fa1a9accd2089ee5c5746623,rustc 1.89.0 (29483883e 2025-08-04),/Users/kcn/Desktop/algorithm/target/release/rect-cli benchmark --suite path-tree-comparison --sizes 3 --output results/v0.5-path-tree-comparison.csv,,1784966444,512,871,finite-colored-unit-grid-path-tree-comparison,ornaments;isolated-formal-boundary-points;line-segment-holes;point-holes;degenerate-formal-holes;general-polygon-input,binary-3x3-69,path-tree-comparison,"{""side"":3}",2,verified,,false,1,4,0,0,0,0,0,prepared-path-tree-input,0,1,0,0,0,1,,,,,0,,,0,0,,,,,0,0,2,0,0,0,1,,0,0,0,0,0,16,2,0,0,0,1,1,4,{},{},{},,{}
9c826593d98f5349fa1a9accd2089ee5c5746623,rustc 1.89.0 (29483883e 2025-08-04),/Users/kcn/Desktop/algorithm/target/release/rect-cli benchmark --suite path-tree-comparison --sizes 3 --output results/v0.5-path-tree-comparison.csv,,1784966444,512,871,finite-colored-unit-grid-path-tree-comparison,ornaments;isolated-formal-boundary-points;line-segment-holes;point-holes;degenerate-formal-holes;general-polygon-input,binary-3x3-6a,path-tree-comparison,"{""side"":3}",1,verified,,false,1,4,0,0,0,0,0,prepared-path-tree-input,0,1,0,0,0,1,,,,,0,,,0,0,,,,,0,0,2,0,0,0,1,,0,0,0,0,0,16,2,0,0,0,1,1,4,{},{},{},,{}
9c826593d98f5349fa1a9accd2089ee5c5746623,rustc 1.89.0 (29483883e 2025-08-04),/Users/kcn/Desktop/algorithm/target/release/rect-cli benchmark --suite path-tree-comparison --sizes 3 --output results/v0.5-path-tree-comparison.csv,,1784966444,512,871,finite-colored-unit-grid-path-tree-comparison,ornaments;isolated-formal-boundary-points;line-segment-holes;point-holes;degenerate-formal-holes;general-polygon-input,binary-3x3-6a,path-tree-comparison,"{""side"":3}",3,verified,,false,2,4,0,0,0,0,0,prepared-path-tree-input,0,1,0,1,0,2,,,,,0,,,0,0,,,,,0,0,2,0,0,0,1,,0,0,0,0,0,24,2,0,0,0,2,1,4,{},{},{},,{}
9c826593d98f5349fa1a9accd2089ee5c5746623,rustc 1.89.0 (29483883e 2025-08-04),/Users/kcn/Desktop/algorithm/target/release/rect-cli benchmark --suite path-tree-comparison --sizes 3 --output results/v0.5-path-tree-comparison.csv,,1784966444,512,871,finite-colored-unit-grid-path-tree-comparison,ornaments;isolated-formal-boundary-points;line-segment-holes;point-holes;degenerate-formal-holes;general-polygon-input,binary-3x3-6a,path-tree-comparison,"{""side"":3}",5,verified,,false,1,4,0,0,0,0,0,prepared-path-tree-input,0,1,0,0,0,1,,,,,0,,,0,0,,,,,0,0,2,0,0,0,1,,0,0,0,0,0,16,2,0,0,0,1,1,4,{},{},{},,{}
9c826593d98f5349fa1a9accd2089ee5c5746623,rustc 1.89.0 (29483883e 2025-08-04),/Users/kcn/Desktop/algorithm/target/release/rect-cli benchmark --suite path-tree-comparison --sizes 3 --output results/v0.5-path-tree-comparison.csv,,1784966444,512,871,finite-colored-unit-grid-path-tree-comparison,ornaments;isolated-formal-boundary-points;line-segment-holes;point-holes;degenerate-formal-holes;general-polygon-input,binary-3x3-6b,path-tree-comparison,"{""side"":3}",0,verified,,false,4,6,0,1,0,0,0,prepared-path-tree-input,0,1,0,2,0,6,,,,,0,,,0,0,,,,,0,0,2,0,0,0,2,,0,0,0,0,0,50,3,1,0,0,4,2,4,{},{},{},,{}
9c826593d98f5349fa1a9accd2089ee5c5746623,rustc 1.89.0 (29483883e 2025-08-04),/Users/kcn/Desktop/algorithm/target/release/rect-cli benchmark --suite path-tree-comparison --sizes 3 --output results/v0.5-path-tree-comparison.csv,,1784966444,512,871,finite-colored-unit-grid-path-tree-comparison,ornaments;isolated-formal-boundary-points;line-segment-holes;point-holes;degenerate-formal-holes;general-polygon-input,binary-3x3-6b,path-tree-comparison,"{""side"":3}",3,verified,,false,1,4,0,0,0,0,0,prepared-path-tree-input,0,1,0,0,0,1,,,,,0,,,0,0,,,,,0,0,2,0,0,0,1,,0,0,0,0,0,16,2,0,0,0,1,1,4,{},{},{},,{}
9c826593d98f5349fa1a9accd2089ee5c5746623,rustc 1.89.0 (29483883e 2025-08-04),/Users/kcn/Desktop/algorithm/target/release/rect-cli benchmark --suite path-tree-comparison --sizes 3 --output results/v0.5-path-tree-comparison.csv,,1784966444,512,871,finite-colored-unit-grid-path-tree-comparison,ornaments;isolated-formal-boundary-points;line-segment-holes;point-holes;degenerate-formal-holes;general-polygon-input,binary-3x3-6c,path-tree-comparison,"{""side"":3}",1,verified,,false,2,4,0,0,0,0,0,prepared-path-tree-input,0,1,0,1,0,2,,,,,0,,,0,0,,,,,0,0,2,0,0,0,1,,0,0,0,0,0,24,2,0,0,0,2,1,4,{},{},{},,{}
9c826593d98f5349fa1a9accd2089ee5c5746623,rustc 1.89.0 (29483883e 2025-08-04),/Users/kcn/Desktop/algorithm/target/release/rect-cli benchmark --suite path-tree-comparison --sizes 3 --output results/v0.5-path-tree-comparison.csv,,1784966444,512,871,finite-colored-unit-grid-path-tree-comparison,ornaments;isolated-formal-boundary-points;line-segment-holes;point-holes;degenerate-formal-holes;general-polygon-input,binary-3x3-6c,path-tree-comparison,"{""side"":3}",2,verified,,false,2,4,0,0,0,0,0,prepared-path-tree-input,0,1,0,1,0,2,,,,,0,,,0,0,,,,,0,0,2,0,0,0,1,,0,0,0,0,0,24,2,0,0,0,2,1,4,{},{},{},,{}
9c826593d98f5349fa1a9accd2089ee5c5746623,rustc 1.89.0 (29483883e 2025-08-04),/Users/kcn/Desktop/algorithm/target/release/rect-cli benchmark --suite path-tree-comparison --sizes 3 --output results/v0.5-path-tree-comparison.csv,,1784966444,512,871,finite-colored-unit-grid-path-tree-comparison,ornaments;isolated-formal-boundary-points;line-segment-holes;point-holes;degenerate-formal-holes;general-polygon-input,binary-3x3-6d,path-tree-comparison,"{""side"":3}",0,verified,,false,3,4,0,0,0,0,0,prepared-path-tree-input,0,1,0,1,0,3,,,,,0,,,0,0,,,,,0,0,2,0,0,0,1,,0,0,0,0,0,32,2,0,0,0,3,1,4,{},{},{},,{}
9c826593d98f5349fa1a9accd2089ee5c5746623,rustc 1.89.0 (29483883e 2025-08-04),/Users/kcn/Desktop/algorithm/target/release/rect-cli benchmark --suite path-tree-comparison --sizes 3 --output results/v0.5-path-tree-comparison.csv,,1784966444,512,871,finite-colored-unit-grid-path-tree-comparison,ornaments;isolated-formal-boundary-points;line-segment-holes;point-holes;degenerate-formal-holes;general-polygon-input,binary-3x3-6d,path-tree-comparison,"{""side"":3}",2,verified,,false,2,4,0,0,0,0,0,prepared-path-tree-input,0,1,0,1,0,2,,,,,0,,,0,0,,,,,0,0,2,0,0,0,1,,0,0,0,0,0,24,2,0,0,0,2,1,4,{},{},{},,{}
9c826593d98f5349fa1a9accd2089ee5c5746623,rustc 1.89.0 (29483883e 2025-08-04),/Users/kcn/Desktop/algorithm/target/release/rect-cli benchmark --suite path-tree-comparison --sizes 3 --output results/v0.5-path-tree-comparison.csv,,1784966444,512,871,finite-colored-unit-grid-path-tree-comparison,ornaments;isolated-formal-boundary-points;line-segment-holes;point-holes;degenerate-formal-holes;general-polygon-input,binary-3x3-6e,path-tree-comparison,"{""side"":3}",1,verified,,false,3,6,0,1,0,0,0,prepared-path-tree-input,0,1,0,1,0,4,,,,,0,,,0,0,,,,,0,0,2,0,0,0,2,,0,0,0,0,0,41,3,1,0,0,3,2,4,{},{},{},,{}
9c826593d98f5349fa1a9accd2089ee5c5746623,rustc 1.89.0 (29483883e 2025-08-04),/Users/kcn/Desktop/algorithm/target/release/rect-cli benchmark --suite path-tree-comparison --sizes 3 --output results/v0.5-path-tree-comparison.csv,,1784966444,512,871,finite-colored-unit-grid-path-tree-comparison,ornaments;isolated-formal-boundary-points;line-segment-holes;point-holes;degenerate-formal-holes;general-polygon-input,binary-3x3-6e,path-tree-comparison,"{""side"":3}",2,verified,,false,2,4,0,0,0,0,0,prepared-path-tree-input,0,1,0,1,0,2,,,,,0,,,0,0,,,,,0,0,2,0,0,0,1,,0,0,0,0,0,24,2,0,0,0,2,1,4,{},{},{},,{}
9c826593d98f5349fa1a9accd2089ee5c5746623,rustc 1.89.0 (29483883e 2025-08-04),/Users/kcn/Desktop/algorithm/target/release/rect-cli benchmark --suite path-tree-comparison --sizes 3 --output results/v0.5-path-tree-comparison.csv,,1784966444,512,871,finite-colored-unit-grid-path-tree-comparison,ornaments;isolated-formal-boundary-points;line-segment-holes;point-holes;degenerate-formal-holes;general-polygon-input,binary-3x3-6f,path-tree-comparison,"{""side"":3}",0,verified,,false,6,8,0,2,0,0,0,prepared-path-tree-input,0,1,0,3,0,9,,,,,0,,,0,0,,,,,0,0,2,0,0,0,3,,0,1,0,0,0,81,4,2,0,0,6,3,4,{},{},{},,{}
9c826593d98f5349fa1a9accd2089ee5c5746623,rustc 1.89.0 (29483883e 2025-08-04),/Users/kcn/Desktop/algorithm/target/release/rect-cli benchmark --suite path-tree-comparison --sizes 3 --output results/v0.5-path-tree-comparison.csv,,1784966444,512,871,finite-colored-unit-grid-path-tree-comparison,ornaments;isolated-formal-boundary-points;line-segment-holes;point-holes;degenerate-formal-holes;general-polygon-input,binary-3x3-70,path-tree-comparison,"{""side"":3}",1,verified,,false,2,4,0,0,0,0,0,prepared-path-tree-input,0,1,0,1,0,2,,,,,0,,,0,0,,,,,0,0,2,0,0,0,1,,0,0,0,0,0,24,2,0,0,0,2,1,4,{},{},{},,{}
9c826593d98f5349fa1a9accd2089ee5c5746623,rustc 1.89.0 (29483883e 2025-08-04),/Users/kcn/Desktop/algorithm/target/release/rect-cli benchmark --suite path-tree-comparison --sizes 3 --output results/v0.5-path-tree-comparison.csv,,1784966444,512,871,finite-colored-unit-grid-path-tree-comparison,ornaments;isolated-formal-boundary-points;line-segment-holes;point-holes;degenerate-formal-holes;general-polygon-input,binary-3x3-70,path-tree-comparison,"{""side"":3}",2,verified,,false,1,4,0,0,0,0,0,prepared-path-tree-input,0,1,0,0,0,1,,,,,0,,,0,0,,,,,0,0,2,0,0,0,1,,0,0,0,0,0,16,2,0,0,0,1,1,4,{},{},{},,{}
9c826593d98f5349fa1a9accd2089ee5c5746623,rustc 1.89.0 (29483883e 2025-08-04),/Users/kcn/Desktop/algorithm/target/release/rect-cli benchmark --suite path-tree-comparison --sizes 3 --output results/v0.5-path-tree-comparison.csv,,1784966444,512,871,finite-colored-unit-grid-path-tree-comparison,ornaments;isolated-formal-boundary-points;line-segment-holes;point-holes;degenerate-formal-holes;general-polygon-input,binary-3x3-71,path-tree-comparison,"{""side"":3}",0,verified,,false,1,4,0,0,0,0,0,prepared-path-tree-input,0,1,0,0,0,1,,,,,0,,,0,0,,,,,0,0,2,0,0,0,1,,0,0,0,0,0,16,2,0,0,0,1,1,4,{},{},{},,{}
9c826593d98f5349fa1a9accd2089ee5c5746623,rustc 1.89.0 (29483883e 2025-08-04),/Users/kcn/Desktop/algorithm/target/release/rect-cli benchmark --suite path-tree-comparison --sizes 3 --output results/v0.5-path-tree-comparison.csv,,1784966444,512,871,finite-colored-unit-grid-path-tree-comparison,ornaments;isolated-formal-boundary-points;line-segment-holes;point-holes;degenerate-formal-holes;general-polygon-input,binary-3x3-71,path-tree-comparison,"{""side"":3}",3,verified,,false,2,4,0,0,0,0,0,prepared-path-tree-input,0,1,0,1,0,2,,,,,0,,,0,0,,,,,0,0,2,0,0,0,1,,0,0,0,0,0,24,2,0,0,0,2,1,4,{},{},{},,{}
9c826593d98f5349fa1a9accd2089ee5c5746623,rustc 1.89.0 (29483883e 2025-08-04),/Users/kcn/Desktop/algorithm/target/release/rect-cli benchmark --suite path-tree-comparison --sizes 3 --output results/v0.5-path-tree-comparison.csv,,1784966444,512,871,finite-colored-unit-grid-path-tree-comparison,ornaments;isolated-formal-boundary-points;line-segment-holes;point-holes;degenerate-formal-holes;general-polygon-input,binary-3x3-71,path-tree-comparison,"{""side"":3}",4,verified,,false,1,4,0,0,0,0,0,prepared-path-tree-input,0,1,0,0,0,1,,,,,0,,,0,0,,,,,0,0,2,0,0,0,1,,0,0,0,0,0,16,2,0,0,0,1,1,4,{},{},{},,{}
9c826593d98f5349fa1a9accd2089ee5c5746623,rustc 1.89.0 (29483883e 2025-08-04),/Users/kcn/Desktop/algorithm/target/release/rect-cli benchmark --suite path-tree-comparison --sizes 3 --output results/v0.5-path-tree-comparison.csv,,1784966444,512,871,finite-colored-unit-grid-path-tree-comparison,ornaments;isolated-formal-boundary-points;line-segment-holes;point-holes;degenerate-formal-holes;general-polygon-input,binary-3x3-72,path-tree-comparison,"{""side"":3}",1,verified,,false,3,6,0,1,0,0,0,prepared-path-tree-input,0,1,0,1,0,4,,,,,0,,,0,0,,,,,0,0,2,0,0,0,2,,0,0,0,0,0,40,3,1,0,0,3,2,4,{},{},{},,{}
9c826593d98f5349fa1a9accd2089ee5c5746623,rustc 1.89.0 (29483883e 2025-08-04),/Users/kcn/Desktop/algorithm/target/release/rect-cli benchmark --suite path-tree-comparison --sizes 3 --output results/v0.5-path-tree-comparison.csv,,1784966444,512,871,finite-colored-unit-grid-path-tree-comparison,ornaments;isolated-formal-boundary-points;line-segment-holes;point-holes;degenerate-formal-holes;general-polygon-input,binary-3x3-72,path-tree-comparison,"{""side"":3}",3,verified,,false,1,4,0,0,0,0,0,prepared-path-tree-input,0,1,0,0,0,1,,,,,0,,,0,0,,,,,0,0,2,0,0,0,1,,0,0,0,0,0,16,2,0,0,0,1,1,4,{},{},{},,{}
9c826593d98f5349fa1a9accd2089ee5c5746623,rustc 1.89.0 (29483883e 2025-08-04),/Users/kcn/Desktop/algorithm/target/release/rect-cli benchmark --suite path-tree-comparison --sizes 3 --output results/v0.5-path-tree-comparison.csv,,1784966444,512,871,finite-colored-unit-grid-path-tree-comparison,ornaments;isolated-formal-boundary-points;line-segment-holes;point-holes;degenerate-formal-holes;general-polygon-input,binary-3x3-73,path-tree-comparison,"{""side"":3}",0,verified,,false,4,8,0,2,1,0,1,prepared-path-tree-input,0,1,0,1,0,6,,,,,0,,,0,0,0,1,,,0,0,3,1,0,0,2,,0,0,0,0,0,40,2,0,0,0,4,2,4,{},{},{},,{}
9c826593d98f5349fa1a9accd2089ee5c5746623,rustc 1.89.0 (29483883e 2025-08-04),/Users/kcn/Desktop/algorithm/target/release/rect-cli benchmark --suite path-tree-comparison --sizes 3 --output results/v0.5-path-tree-comparison.csv,,1784966444,512,871,finite-colored-unit-grid-path-tree-comparison,ornaments;isolated-formal-boundary-points;line-segment-holes;point-holes;degenerate-formal-holes;general-polygon-input,binary-3x3-73,path-tree-comparison,"{""side"":3}",3,verified,,false,1,4,0,0,0,0,0,prepared-path-tree-input,0,1,0,0,0,1,,,,,0,,,0,0,,,,,0,0,2,0,0,0,1,,0,0,0,0,0,16,2,0,0,0,1,1,4,{},{},{},,{}
9c826593d98f5349fa1a9accd2089ee5c5746623,rustc 1.89.0 (29483883e 2025-08-04),/Users/kcn/Desktop/algorithm/target/release/rect-cli benchmark --suite path-tree-comparison --sizes 3 --output results/v0.5-path-tree-comparison.csv,,1784966444,512,871,finite-colored-unit-grid-path-tree-comparison,ornaments;isolated-formal-boundary-points;line-segment-holes;point-holes;degenerate-formal-holes;general-polygon-input,binary-3x3-74,path-tree-comparison,"{""side"":3}",1,verified,,false,3,6,0,1,0,0,0,prepared-path-tree-input,0,1,0,1,0,4,,,,,0,,,0,0,,,,,0,0,2,0,0,0,2,,0,0,0,0,0,39,3,1,0,0,3,2,4,{},{},{},,{}
9c826593d98f5349fa1a9accd2089ee5c5746623,rustc 1.89.0 (29483883e 2025-08-04),/Users/kcn/Desktop/algorithm/target/release/rect-cli benchmark --suite path-tree-comparison --sizes 3 --output results/v0.5-path-tree-comparison.csv,,1784966444,512,871,finite-colored-unit-grid-path-tree-comparison,ornaments;isolated-formal-boundary-points;line-segment-holes;point-holes;degenerate-formal-holes;general-polygon-input,binary-3x3-74,path-tree-comparison,"{""side"":3}",2,verified,,false,1,4,0,0,0,0,0,prepared-path-tree-input,0,1,0,0,0,1,,,,,0,,,0,0,,,,,0,0,2,0,0,0,1,,0,0,0,0,0,16,2,0,0,0,1,1,4,{},{},{},,{}
9c826593d98f5349fa1a9accd2089ee5c5746623,rustc 1.89.0 (29483883e 2025-08-04),/Users/kcn/Desktop/algorithm/target/release/rect-cli benchmark --suite path-tree-comparison --sizes 3 --output results/v0.5-path-tree-comparison.csv,,1784966444,512,871,finite-colored-unit-grid-path-tree-comparison,ornaments;isolated-formal-boundary-points;line-segment-holes;point-holes;degenerate-formal-holes;general-polygon-input,binary-3x3-75,path-tree-comparison,"{""side"":3}",0,verified,,false,1,4,0,0,0,0,0,prepared-path-tree-input,0,1,0,0,0,1,,,,,0,,,0,0,,,,,0,0,2,0,0,0,1,,0,0,0,0,0,16,2,0,0,0,1,1,4,{},{},{},,{}
9c826593d98f5349fa1a9accd2089ee5c5746623,rustc 1.89.0 (29483883e 2025-08-04),/Users/kcn/Desktop/algorithm/target/release/rect-cli benchmark --suite path-tree-comparison --sizes 3 --output results/v0.5-path-tree-comparison.csv,,1784966444,512,871,finite-colored-unit-grid-path-tree-comparison,ornaments;isolated-formal-boundary-points;line-segment-holes;point-holes;degenerate-formal-holes;general-polygon-input,binary-3x3-75,path-tree-comparison,"{""side"":3}",2,verified,,false,3,6,0,1,0,0,0,prepared-path-tree-input,0,1,0,1,0,4,,,,,0,,,0,0,,,,,0,0,2,0,0,0,2,,0,0,0,0,0,39,3,1,0,0,3,2,4,{},{},{},,{}
9c826593d98f5349fa1a9accd2089ee5c5746623,rustc 1.89.0 (29483883e 2025-08-04),/Users/kcn/Desktop/algorithm/target/release/rect-cli benchmark --suite path-tree-comparison --sizes 3 --output results/v0.5-path-tree-comparison.csv,,1784966444,512,871,finite-colored-unit-grid-path-tree-comparison,ornaments;isolated-formal-boundary-points;line-segment-holes;point-holes;degenerate-formal-holes;general-polygon-input,binary-3x3-75,path-tree-comparison,"{""side"":3}",4,verified,,false,1,4,0,0,0,0,0,prepared-path-tree-input,0,1,0,0,0,1,,,,,0,,,0,0,,,,,0,0,2,0,0,0,1,,0,0,0,0,0,16,2,0,0,0,1,1,4,{},{},{},,{}
9c826593d98f5349fa1a9accd2089ee5c5746623,rustc 1.89.0 (29483883e 2025-08-04),/Users/kcn/Desktop/algorithm/target/release/rect-cli benchmark --suite path-tree-comparison --sizes 3 --output results/v0.5-path-tree-comparison.csv,,1784966444,512,871,finite-colored-unit-grid-path-tree-comparison,ornaments;isolated-formal-boundary-points;line-segment-holes;point-holes;degenerate-formal-holes;general-polygon-input,binary-3x3-76,path-tree-comparison,"{""side"":3}",1,verified,,false,4,4,0,0,0,0,0,prepared-path-tree-input,0,1,0,1,0,4,,,,,0,,,0,0,,,,,0,0,2,0,0,0,1,,0,0,0,0,0,32,2,0,0,0,4,1,4,{},{},{},,{}
9c826593d98f5349fa1a9accd2089ee5c5746623,rustc 1.89.0 (29483883e 2025-08-04),/Users/kcn/Desktop/algorithm/target/release/rect-cli benchmark --suite path-tree-comparison --sizes 3 --output results/v0.5-path-tree-comparison.csv,,1784966444,512,871,finite-colored-unit-grid-path-tree-comparison,ornaments;isolated-formal-boundary-points;line-segment-holes;point-holes;degenerate-formal-holes;general-polygon-input,binary-3x3-76,path-tree-comparison,"{""side"":3}",2,verified,,false,1,4,0,0,0,0,0,prepared-path-tree-input,0,1,0,0,0,1,,,,,0,,,0,0,,,,,0,0,2,0,0,0,1,,0,0,0,0,0,16,2,0,0,0,1,1,4,{},{},{},,{}
9c826593d98f5349fa1a9accd2089ee5c5746623,rustc 1.89.0 (29483883e 2025-08-04),/Users/kcn/Desktop/algorithm/target/release/rect-cli benchmark --suite path-tree-comparison --sizes 3 --output results/v0.5-path-tree-comparison.csv,,1784966444,512,871,finite-colored-unit-grid-path-tree-comparison,ornaments;isolated-formal-boundary-points;line-segment-holes;point-holes;degenerate-formal-holes;general-polygon-input,binary-3x3-77,path-tree-comparison,"{""side"":3}",0,verified,,false,5,6,0,1,0,0,0,prepared-path-tree-input,0,1,0,2,0,6,,,,,0,,,0,0,,,,,0,0,2,0,0,0,2,,0,0,0,0,0,55,3,2,0,0,5,2,4,{},{},{},,{}
9c826593d98f5349fa1a9accd2089ee5c5746623,rustc 1.89.0 (29483883e 2025-08-04),/Users/kcn/Desktop/algorithm/target/release/rect-cli benchmark --suite path-tree-comparison --sizes 3 --output results/v0.5-path-tree-comparison.csv,,1784966444,512,871,finite-colored-unit-grid-path-tree-comparison,ornaments;isolated-formal-boundary-points;line-segment-holes;point-holes;degenerate-formal-holes;general-polygon-input,binary-3x3-77,path-tree-comparison,"{""side"":3}",2,verified,,false,1,4,0,0,0,0,0,prepared-path-tree-input,0,1,0,0,0,1,,,,,0,,,0,0,,,,,0,0,2,0,0,0,1,,0,0,0,0,0,16,2,0,0,0,1,1,4,{},{},{},,{}
9c826593d98f5349fa1a9accd2089ee5c5746623,rustc 1.89.0 (29483883e 2025-08-04),/Users/kcn/Desktop/algorithm/target/release/rect-cli benchmark --suite path-tree-comparison --sizes 3 --output results/v0.5-path-tree-comparison.csv,,1784966444,512,871,finite-colored-unit-grid-path-tree-comparison,ornaments;isolated-formal-boundary-points;line-segment-holes;point-holes;degenerate-formal-holes;general-polygon-input,binary-3x3-78,path-tree-comparison,"{""side"":3}",1,verified,,false,4,6,0,1,0,0,0,prepared-path-tree-input,0,1,0,2,0,6,,,,,0,,,0,0,,,,,0,0,2,0,0,0,2,,0,1,0,0,0,52,3,1,0,0,4,2,4,{},{},{},,{}
9c826593d98f5349fa1a9accd2089ee5c5746623,rustc 1.89.0 (29483883e 2025-08-04),/Users/kcn/Desktop/algorithm/target/release/rect-cli benchmark --suite path-tree-comparison --sizes 3 --output results/v0.5-path-tree-comparison.csv,,1784966444,512,871,finite-colored-unit-grid-path-tree-comparison,ornaments;isolated-formal-boundary-points;line-segment-holes;point-holes;degenerate-formal-holes;general-polygon-input,binary-3x3-79,path-tree-comparison,"{""side"":3}",0,verified,,false,5,8,0,2,0,1,1,prepared-path-tree-input,0,1,0,2,0,9,,,,,0,,,0,0,0,1,,,0,0,3,1,0,0,2,,0,1,0,1,0,48,2,0,0,0,5,2,4,{},{},{},,{}
9c826593d98f5349fa1a9accd2089ee5c5746623,rustc 1.89.0 (29483883e 2025-08-04),/Users/kcn/Desktop/algorithm/target/release/rect-cli benchmark --suite path-tree-comparison --sizes 3 --output results/v0.5-path-tree-comparison.csv,,1784966444,512,871,finite-colored-unit-grid-path-tree-comparison,ornaments;isolated-formal-boundary-points;line-segment-holes;point-holes;degenerate-formal-holes;general-polygon-input,binary-3x3-7b,path-tree-comparison,"{""side"":3}",0,verified,,false,6,8,0,2,0,0,0,prepared-path-tree-input,0,1,0,2,0,9,,,,,0,,,0,0,,,,,0,0,2,0,0,0,3,,0,1,0,1,0,80,4,3,0,0,6,3,4,{},{},{},,{}
9c826593d98f5349fa1a9accd2089ee5c5746623,rustc 1.89.0 (29483883e 2025-08-04),/Users/kcn/Desktop/algorithm/target/release/rect-cli benchmark --suite path-tree-comparison --sizes 3 --output results/v0.5-path-tree-comparison.csv,,1784966444,512,871,finite-colored-unit-grid-path-tree-comparison,ornaments;isolated-formal-boundary-points;line-segment-holes;point-holes;degenerate-formal-holes;general-polygon-input,binary-3x3-7c,path-tree-comparison,"{""side"":3}",1,verified,,false,5,8,0,2,0,0,0,prepared-path-tree-input,0,1,0,2,0,9,,,,,0,,,0,0,,,,,0,0,2,0,0,0,3,,0,1,0,0,0,73,4,2,0,0,5,3,4,{},{},{},,{}
9c826593d98f5349fa1a9accd2089ee5c5746623,rustc 1.89.0 (29483883e 2025-08-04),/Users/kcn/Desktop/algorithm/target/release/rect-cli benchmark --suite path-tree-comparison --sizes 3 --output results/v0.5-path-tree-comparison.csv,,1784966444,512,871,finite-colored-unit-grid-path-tree-comparison,ornaments;isolated-formal-boundary-points;line-segment-holes;point-holes;degenerate-formal-holes;general-polygon-input,binary-3x3-7d,path-tree-comparison,"{""side"":3}",0,verified,,false,6,10,0,3,0,1,1,prepared-path-tree-input,0,1,0,3,0,9,,,,,0,,,0,0,0,1,,,0,0,3,1,0,0,3,,0,1,0,1,0,69,3,1,0,0,6,3,4,{},{},{},,{}
9c826593d98f5349fa1a9accd2089ee5c5746623,rustc 1.89.0 (29483883e 2025-08-04),/Users/kcn/Desktop/algorithm/target/release/rect-cli benchmark --suite path-tree-comparison --sizes 3 --output results/v0.5-path-tree-comparison.csv,,1784966444,512,871,finite-colored-unit-grid-path-tree-comparison,ornaments;isolated-formal-boundary-points;line-segment-holes;point-holes;degenerate-formal-holes;general-polygon-input,binary-3x3-7e,path-tree-comparison,"{""side"":3}",1,verified,,false,6,8,0,2,0,1,1,prepared-path-tree-input,0,1,0,2,0,9,,,,,0,,,0,0,0,1,,,0,0,3,1,0,0,2,,0,0,0,1,0,48,2,0,0,0,6,2,4,{},{},{},,{}
9c826593d98f5349fa1a9accd2089ee5c5746623,rustc 1.89.0 (29483883e 2025-08-04),/Users/kcn/Desktop/algorithm/target/release/rect-cli benchmark --suite path-tree-comparison --sizes 3 --output results/v0.5-path-tree-comparison.csv,,1784966444,512,871,finite-colored-unit-grid-path-tree-comparison,ornaments;isolated-formal-boundary-points;line-segment-holes;point-holes;degenerate-formal-holes;general-polygon-input,binary-3x3-7f,path-tree-comparison,"{""side"":3}",0,verified,,false,7,6,0,1,0,0,0,prepared-path-tree-input,0,1,0,2,0,9,,,,,0,,,0,0,,,,,0,0,2,0,0,0,2,,0,1,0,1,0,64,3,1,0,0,7,2,4,{},{},{},,{}
9c826593d98f5349fa1a9accd2089ee5c5746623,rustc 1.89.0 (29483883e 2025-08-04),/Users/kcn/Desktop/algorithm/target/release/rect-cli benchmark --suite path-tree-comparison --sizes 3 --output results/v0.5-path-tree-comparison.csv,,1784966444,512,871,finite-colored-unit-grid-path-tree-comparison,ornaments;isolated-formal-boundary-points;line-segment-holes;point-holes;degenerate-formal-holes;general-polygon-input,binary-3x3-80,path-tree-comparison,"{""side"":3}",1,verified,,false,1,4,0,0,0,0,0,prepared-path-tree-input,0,1,0,0,0,1,,,,,0,,,0,0,,,,,0,0,2,0,0,0,1,,0,0,0,0,0,16,2,0,0,0,1,1,4,{},{},{},,{}
9c826593d98f5349fa1a9accd2089ee5c5746623,rustc 1.89.0 (29483883e 2025-08-04),/Users/kcn/Desktop/algorithm/target/release/rect-cli benchmark --suite path-tree-comparison --sizes 3 --output results/v0.5-path-tree-comparison.csv,,1784966444,512,871,finite-colored-unit-grid-path-tree-comparison,ornaments;isolated-formal-boundary-points;line-segment-holes;point-holes;degenerate-formal-holes;general-polygon-input,binary-3x3-81,path-tree-comparison,"{""side"":3}",0,verified,,false,1,4,0,0,0,0,0,prepared-path-tree-input,0,1,0,0,0,1,,,,,0,,,0,0,,,,,0,0,2,0,0,0,1,,0,0,0,0,0,16,2,0,0,0,1,1,4,{},{},{},,{}
9c826593d98f5349fa1a9accd2089ee5c5746623,rustc 1.89.0 (29483883e 2025-08-04),/Users/kcn/Desktop/algorithm/target/release/rect-cli benchmark --suite path-tree-comparison --sizes 3 --output results/v0.5-path-tree-comparison.csv,,1784966444,512,871,finite-colored-unit-grid-path-tree-comparison,ornaments;isolated-formal-boundary-points;line-segment-holes;point-holes;degenerate-formal-holes;general-polygon-input,binary-3x3-81,path-tree-comparison,"{""side"":3}",2,verified,,false,1,4,0,0,0,0,0,prepared-path-tree-input,0,1,0,0,0,1,,,,,0,,,0,0,,,,,0,0,2,0,0,0,1,,0,0,0,0,0,16,2,0,0,0,1,1,4,{},{},{},,{}
9c826593d98f5349fa1a9accd2089ee5c5746623,rustc 1.89.0 (29483883e 2025-08-04),/Users/kcn/Desktop/algorithm/target/release/rect-cli benchmark --suite path-tree-comparison --sizes 3 --output results/v0.5-path-tree-comparison.csv,,1784966444,512,871,finite-colored-unit-grid-path-tree-comparison,ornaments;isolated-formal-boundary-points;line-segment-holes;point-holes;degenerate-formal-holes;general-polygon-input,binary-3x3-82,path-tree-comparison,"{""side"":3}",1,verified,,false,1,4,0,0,0,0,0,prepared-path-tree-input,0,1,0,0,0,1,,,,,0,,,0,0,,,,,0,0,2,0,0,0,1,,0,0,0,0,0,16,2,0,0,0,1,1,4,{},{},{},,{}
9c826593d98f5349fa1a9accd2089ee5c5746623,rustc 1.89.0 (29483883e 2025-08-04),/Users/kcn/Desktop/algorithm/target/release/rect-cli benchmark --suite path-tree-comparison --sizes 3 --output results/v0.5-path-tree-comparison.csv,,1784966444,512,871,finite-colored-unit-grid-path-tree-comparison,ornaments;isolated-formal-boundary-points;line-segment-holes;point-holes;degenerate-formal-holes;general-polygon-input,binary-3x3-82,path-tree-comparison,"{""side"":3}",2,verified,,false,1,4,0,0,0,0,0,prepared-path-tree-input,0,1,0,0,0,1,,,,,0,,,0,0,,,,,0,0,2,0,0,0,1,,0,0,0,0,0,16,2,0,0,0,1,1,4,{},{},{},,{}
9c826593d98f5349fa1a9accd2089ee5c5746623,rustc 1.89.0 (29483883e 2025-08-04),/Users/kcn/Desktop/algorithm/target/release/rect-cli benchmark --suite path-tree-comparison --sizes 3 --output results/v0.5-path-tree-comparison.csv,,1784966444,512,871,finite-colored-unit-grid-path-tree-comparison,ornaments;isolated-formal-boundary-points;line-segment-holes;point-holes;degenerate-formal-holes;general-polygon-input,binary-3x3-83,path-tree-comparison,"{""side"":3}",0,verified,,false,2,4,0,0,0,0,0,prepared-path-tree-input,0,1,0,1,0,2,,,,,0,,,0,0,,,,,0,0,2,0,0,0,1,,0,0,0,0,0,24,2,0,0,0,2,1,4,{},{},{},,{}
9c826593d98f5349fa1a9accd2089ee5c5746623,rustc 1.89.0 (29483883e 2025-08-04),/Users/kcn/Desktop/algorithm/target/release/rect-cli benchmark --suite path-tree-comparison --sizes 3 --output results/v0.5-path-tree-comparison.csv,,1784966444,512,871,finite-colored-unit-grid-path-tree-comparison,ornaments;isolated-formal-boundary-points;line-segment-holes;point-holes;degenerate-formal-holes;general-polygon-input,binary-3x3-83,path-tree-comparison,"{""side"":3}",2,verified,,false,1,4,0,0,0,0,0,prepared-path-tree-input,0,1,0,0,0,1,,,,,0,,,0,0,,,,,0,0,2,0,0,0,1,,0,0,0,0,0,16,2,0,0,0,1,1,4,{},{},{},,{}
9c826593d98f5349fa1a9accd2089ee5c5746623,rustc 1.89.0 (29483883e 2025-08-04),/Users/kcn/Desktop/algorithm/target/release/rect-cli benchmark --suite path-tree-comparison --sizes 3 --output results/v0.5-path-tree-comparison.csv,,1784966444,512,871,finite-colored-unit-grid-path-tree-comparison,ornaments;isolated-formal-boundary-points;line-segment-holes;point-holes;degenerate-formal-holes;general-polygon-input,binary-3x3-84,path-tree-comparison,"{""side"":3}",1,verified,,false,1,4,0,0,0,0,0,prepared-path-tree-input,0,1,0,0,0,1,,,,,0,,,0,0,,,,,0,0,2,0,0,0,1,,0,0,0,0,0,16,2,0,0,0,1,1,4,{},{},{},,{}
9c826593d98f5349fa1a9accd2089ee5c5746623,rustc 1.89.0 (29483883e 2025-08-04),/Users/kcn/Desktop/algorithm/target/release/rect-cli benchmark --suite path-tree-comparison --sizes 3 --output results/v0.5-path-tree-comparison.csv,,1784966444,512,871,finite-colored-unit-grid-path-tree-comparison,ornaments;isolated-formal-boundary-points;line-segment-holes;point-holes;degenerate-formal-holes;general-polygon-input,binary-3x3-84,path-tree-comparison,"{""side"":3}",2,verified,,false,1,4,0,0,0,0,0,prepared-path-tree-input,0,1,0,0,0,1,,,,,0,,,0,0,,,,,0,0,2,0,0,0,1,,0,0,0,0,0,16,2,0,0,0,1,1,4,{},{},{},,{}
9c826593d98f5349fa1a9accd2089ee5c5746623,rustc 1.89.0 (29483883e 2025-08-04),/Users/kcn/Desktop/algorithm/target/release/rect-cli benchmark --suite path-tree-comparison --sizes 3 --output results/v0.5-path-tree-comparison.csv,,1784966444,512,871,finite-colored-unit-grid-path-tree-comparison,ornaments;isolated-formal-boundary-points;line-segment-holes;point-holes;degenerate-formal-holes;general-polygon-input,binary-3x3-85,path-tree-comparison,"{""side"":3}",0,verified,,false,1,4,0,0,0,0,0,prepared-path-tree-input,0,1,0,0,0,1,,,,,0,,,0,0,,,,,0,0,2,0,0,0,1,,0,0,0,0,0,16,2,0,0,0,1,1,4,{},{},{},,{}
9c826593d98f5349fa1a9accd2089ee5c5746623,rustc 1.89.0 (29483883e 2025-08-04),/Users/kcn/Desktop/algorithm/target/release/rect-cli benchmark --suite path-tree-comparison --sizes 3 --output results/v0.5-path-tree-comparison.csv,,1784966444,512,871,finite-colored-unit-grid-path-tree-comparison,ornaments;isolated-formal-boundary-points;line-segment-holes;point-holes;degenerate-formal-holes;general-polygon-input,binary-3x3-85,path-tree-comparison,"{""side"":3}",2,verified,,false,1,4,0,0,0,0,0,prepared-path-tree-input,0,1,0,0,0,1,,,,,0,,,0,0,,,,,0,0,2,0,0,0,1,,0,0,0,0,0,16,2,0,0,0,1,1,4,{},{},{},,{}
9c826593d98f5349fa1a9accd2089ee5c5746623,rustc 1.89.0 (29483883e 2025-08-04),/Users/kcn/Desktop/algorithm/target/release/rect-cli benchmark --suite path-tree-comparison --sizes 3 --output results/v0.5-path-tree-comparison.csv,,1784966444,512,871,finite-colored-unit-grid-path-tree-comparison,ornaments;isolated-formal-boundary-points;line-segment-holes;point-holes;degenerate-formal-holes;general-polygon-input,binary-3x3-85,path-tree-comparison,"{""side"":3}",3,verified,,false,1,4,0,0,0,0,0,prepared-path-tree-input,0,1,0,0,0,1,,,,,0,,,0,0,,,,,0,0,2,0,0,0,1,,0,0,0,0,0,16,2,0,0,0,1,1,4,{},{},{},,{}
9c826593d98f5349fa1a9accd2089ee5c5746623,rustc 1.89.0 (29483883e 2025-08-04),/Users/kcn/Desktop/algorithm/target/release/rect-cli benchmark --suite path-tree-comparison --sizes 3 --output results/v0.5-path-tree-comparison.csv,,1784966444,512,871,finite-colored-unit-grid-path-tree-comparison,ornaments;isolated-formal-boundary-points;line-segment-holes;point-holes;degenerate-formal-holes;general-polygon-input,binary-3x3-86,path-tree-comparison,"{""side"":3}",1,verified,,false,2,4,0,0,0,0,0,prepared-path-tree-input,0,1,0,0,0,2,,,,,0,,,0,0,,,,,0,0,2,0,0,0,1,,0,0,0,0,0,24,2,0,0,0,2,1,4,{},{},{},,{}
9c826593d98f5349fa1a9accd2089ee5c5746623,rustc 1.89.0 (29483883e 2025-08-04),/Users/kcn/Desktop/algorithm/target/release/rect-cli benchmark --suite path-tree-comparison --sizes 3 --output results/v0.5-path-tree-comparison.csv,,1784966444,512,871,finite-colored-unit-grid-path-tree-comparison,ornaments;isolated-formal-boundary-points;line-segment-holes;point-holes;degenerate-formal-holes;general-polygon-input,binary-3x3-86,path-tree-comparison,"{""side"":3}",2,verified,,false,1,4,0,0,0,0,0,prepared-path-tree-input,0,1,0,0,0,1,,,,,0,,,0,0,,,,,0,0,2,0,0,0,1,,0,0,0,0,0,16,2,0,0,0,1,1,4,{},{},{},,{}
9c826593d98f5349fa1a9accd2089ee5c5746623,rustc 1.89.0 (29483883e 2025-08-04),/Users/kcn/Desktop/algorithm/target/release/rect-cli benchmark --suite path-tree-comparison --sizes 3 --output results/v0.5-path-tree-comparison.csv,,1784966444,512,871,finite-colored-unit-grid-path-tree-comparison,ornaments;isolated-formal-boundary-points;line-segment-holes;point-holes;degenerate-formal-holes;general-polygon-input,binary-3x3-87,path-tree-comparison,"{""side"":3}",0,verified,,false,3,4,0,0,0,0,0,prepared-path-tree-input,0,1,0,1,0,3,,,,,0,,,0,0,,,,,0,0,2,0,0,0,1,,0,0,0,0,0,32,2,0,0,0,3,1,4,{},{},{},,{}
9c826593d98f5349fa1a9accd2089ee5c5746623,rustc 1.89.0 (29483883e 2025-08-04),/Users/kcn/Desktop/algorithm/target/release/rect-cli benchmark --suite path-tree-comparison --sizes 3 --output results/v0.5-path-tree-comparison.csv,,1784966444,512,871,finite-colored-unit-grid-path-tree-comparison,ornaments;isolated-formal-boundary-points;line-segment-holes;point-holes;degenerate-formal-holes;general-polygon-input,binary-3x3-87,path-tree-comparison,"{""side"":3}",2,verified,,false,1,4,0,0,0,0,0,prepared-path-tree-input,0,1,0,0,0,1,,,,,0,,,0,0,,,,,0,0,2,0,0,0,1,,0,0,0,0,0,16,2,0,0,0,1,1,4,{},{},{},,{}
9c826593d98f5349fa1a9accd2089ee5c5746623,rustc 1.89.0 (29483883e 2025-08-04),/Users/kcn/Desktop/algorithm/target/release/rect-cli benchmark --suite path-tree-comparison --sizes 3 --output results/v0.5-path-tree-comparison.csv,,1784966444,512,871,finite-colored-unit-grid-path-tree-comparison,ornaments;isolated-formal-boundary-points;line-segment-holes;point-holes;degenerate-formal-holes;general-polygon-input,binary-3x3-88,path-tree-comparison,"{""side"":3}",1,verified,,false,1,4,0,0,0,0,0,prepared-path-tree-input,0,1,0,0,0,1,,,,,0,,,0,0,,,,,0,0,2,0,0,0,1,,0,0,0,0,0,16,2,0,0,0,1,1,4,{},{},{},,{}
9c826593d98f5349fa1a9accd2089ee5c5746623,rustc 1.89.0 (29483883e 2025-08-04),/Users/kcn/Desktop/algorithm/target/release/rect-cli benchmark --suite path-tree-comparison --sizes 3 --output results/v0.5-path-tree-comparison.csv,,1784966444,512,871,finite-colored-unit-grid-path-tree-comparison,ornaments;isolated-formal-boundary-points;line-segment-holes;point-holes;degenerate-formal-holes;general-polygon-input,binary-3x3-88,path-tree-comparison,"{""side"":3}",3,verified,,false,1,4,0,0,0,0,0,prepared-path-tree-input,0,1,0,0,0,1,,,,,0,,,0,0,,,,,0,0,2,0,0,0,1,,0,0,0,0,0,16,2,0,0,0,1,1,4,{},{},{},,{}
9c826593d98f5349fa1a9accd2089ee5c5746623,rustc 1.89.0 (29483883e 2025-08-04),/Users/kcn/Desktop/algorithm/target/release/rect-cli benchmark --suite path-tree-comparison --sizes 3 --output results/v0.5-path-tree-comparison.csv,,1784966444,512,871,finite-colored-unit-grid-path-tree-comparison,ornaments;isolated-formal-boundary-points;line-segment-holes;point-holes;degenerate-formal-holes;general-polygon-input,binary-3x3-89,path-tree-comparison,"{""side"":3}",0,verified,,false,2,4,0,0,0,0,0,prepared-path-tree-input,0,1,0,1,0,2,,,,,0,,,0,0,,,,,0,0,2,0,0,0,1,,0,0,0,0,0,24,2,0,0,0,2,1,4,{},{},{},,{}
9c826593d98f5349fa1a9accd2089ee5c5746623,rustc 1.89.0 (29483883e 2025-08-04),/Users/kcn/Desktop/algorithm/target/release/rect-cli benchmark --suite path-tree-comparison --sizes 3 --output results/v0.5-path-tree-comparison.csv,,1784966444,512,871,finite-colored-unit-grid-path-tree-comparison,ornaments;isolated-formal-boundary-points;line-segment-holes;point-holes;degenerate-formal-holes;general-polygon-input,binary-3x3-89,path-tree-comparison,"{""side"":3}",3,verified,,false,1,4,0,0,0,0,0,prepared-path-tree-input,0,1,0,0,0,1,,,,,0,,,0,0,,,,,0,0,2,0,0,0,1,,0,0,0,0,0,16,2,0,0,0,1,1,4,{},{},{},,{}
9c826593d98f5349fa1a9accd2089ee5c5746623,rustc 1.89.0 (29483883e 2025-08-04),/Users/kcn/Desktop/algorithm/target/release/rect-cli benchmark --suite path-tree-comparison --sizes 3 --output results/v0.5-path-tree-comparison.csv,,1784966444,512,871,finite-colored-unit-grid-path-tree-comparison,ornaments;isolated-formal-boundary-points;line-segment-holes;point-holes;degenerate-formal-holes;general-polygon-input,binary-3x3-8a,path-tree-comparison,"{""side"":3}",1,verified,,false,1,4,0,0,0,0,0,prepared-path-tree-input,0,1,0,0,0,1,,,,,0,,,0,0,,,,,0,0,2,0,0,0,1,,0,0,0,0,0,16,2,0,0,0,1,1,4,{},{},{},,{}
9c826593d98f5349fa1a9accd2089ee5c5746623,rustc 1.89.0 (29483883e 2025-08-04),/Users/kcn/Desktop/algorithm/target/release/rect-cli benchmark --suite path-tree-comparison --sizes 3 --output results/v0.5-path-tree-comparison.csv,,1784966444,512,871,finite-colored-unit-grid-path-tree-comparison,ornaments;isolated-formal-boundary-points;line-segment-holes;point-holes;degenerate-formal-holes;general-polygon-input,binary-3x3-8a,path-tree-comparison,"{""side"":3}",3,verified,,false,1,4,0,0,0,0,0,prepared-path-tree-input,0,1,0,0,0,1,,,,,0,,,0,0,,,,,0,0,2,0,0,0,1,,0,0,0,0,0,16,2,0,0,0,1,1,4,{},{},{},,{}
9c826593d98f5349fa1a9accd2089ee5c5746623,rustc 1.89.0 (29483883e 2025-08-04),/Users/kcn/Desktop/algorithm/target/release/rect-cli benchmark --suite path-tree-comparison --sizes 3 --output results/v0.5-path-tree-comparison.csv,,1784966444,512,871,finite-colored-unit-grid-path-tree-comparison,ornaments;isolated-formal-boundary-points;line-segment-holes;point-holes;degenerate-formal-holes;general-polygon-input,binary-3x3-8a,path-tree-comparison,"{""side"":3}",5,verified,,false,1,4,0,0,0,0,0,prepared-path-tree-input,0,1,0,0,0,1,,,,,0,,,0,0,,,,,0,0,2,0,0,0,1,,0,0,0,0,0,16,2,0,0,0,1,1,4,{},{},{},,{}
9c826593d98f5349fa1a9accd2089ee5c5746623,rustc 1.89.0 (29483883e 2025-08-04),/Users/kcn/Desktop/algorithm/target/release/rect-cli benchmark --suite path-tree-comparison --sizes 3 --output results/v0.5-path-tree-comparison.csv,,1784966444,512,871,finite-colored-unit-grid-path-tree-comparison,ornaments;isolated-formal-boundary-points;line-segment-holes;point-holes;degenerate-formal-holes;general-polygon-input,binary-3x3-8b,path-tree-comparison,"{""side"":3}",0,verified,,false,3,6,0,1,0,0,0,prepared-path-tree-input,0,1,0,1,0,4,,,,,0,,,0,0,,,,,0,0,2,0,0,0,2,,0,0,0,0,0,42,3,1,0,0,3,2,4,{},{},{},,{}
9c826593d98f5349fa1a9accd2089ee5c5746623,rustc 1.89.0 (29483883e 2025-08-04),/Users/kcn/Desktop/algorithm/target/release/rect-cli benchmark --suite path-tree-comparison --sizes 3 --output results/v0.5-path-tree-comparison.csv,,1784966444,512,871,finite-colored-unit-grid-path-tree-comparison,ornaments;isolated-formal-boundary-points;line-segment-holes;point-holes;degenerate-formal-holes;general-polygon-input,binary-3x3-8b,path-tree-comparison,"{""side"":3}",3,verified,,false,1,4,0,0,0,0,0,prepared-path-tree-input,0,1,0,0,0,1,,,,,0,,,0,0,,,,,0,0,2,0,0,0,1,,0,0,0,0,0,16,2,0,0,0,1,1,4,{},{},{},,{}
9c826593d98f5349fa1a9accd2089ee5c5746623,rustc 1.89.0 (29483883e 2025-08-04),/Users/kcn/Desktop/algorithm/target/release/rect-cli benchmark --suite path-tree-comparison --sizes 3 --output results/v0.5-path-tree-comparison.csv,,1784966444,512,871,finite-colored-unit-grid-path-tree-comparison,ornaments;isolated-formal-boundary-points;line-segment-holes;point-holes;degenerate-formal-holes;general-polygon-input,binary-3x3-8c,path-tree-comparison,"{""side"":3}",1,verified,,false,1,4,0,0,0,0,0,prepared-path-tree-input,0,1,0,0,0,1,,,,,0,,,0,0,,,,,0,0,2,0,0,0,1,,0,0,0,0,0,16,2,0,0,0,1,1,4,{},{},{},,{}
9c826593d98f5349fa1a9accd2089ee5c5746623,rustc 1.89.0 (29483883e 2025-08-04),/Users/kcn/Desktop/algorithm/target/release/rect-cli benchmark --suite path-tree-comparison --sizes 3 --output results/v0.5-path-tree-comparison.csv,,1784966444,512,871,finite-colored-unit-grid-path-tree-comparison,ornaments;isolated-formal-boundary-points;line-segment-holes;point-holes;degenerate-formal-holes;general-polygon-input,binary-3x3-8c,path-tree-comparison,"{""side"":3}",2,verified,,false,1,4,0,0,0,0,0,prepared-path-tree-input,0,1,0,0,0,1,,,,,0,,,0,0,,,,,0,0,2,0,0,0,1,,0,0,0,0,0,16,2,0,0,0,1,1,4,{},{},{},,{}
9c826593d98f5349fa1a9accd2089ee5c5746623,rustc 1.89.0 (29483883e 2025-08-04),/Users/kcn/Desktop/algorithm/target/release/rect-cli benchmark --suite path-tree-comparison --sizes 3 --output results/v0.5-path-tree-comparison.csv,,1784966444,512,871,finite-colored-unit-grid-path-tree-comparison,ornaments;isolated-formal-boundary-points;line-segment-holes;point-holes;degenerate-formal-holes;general-polygon-input,binary-3x3-8c,path-tree-comparison,"{""side"":3}",4,verified,,false,1,4,0,0,0,0,0,prepared-path-tree-input,0,1,0,0,0,1,,,,,0,,,0,0,,,,,0,0,2,0,0,0,1,,0,0,0,0,0,16,2,0,0,0,1,1,4,{},{},{},,{}
9c826593d98f5349fa1a9accd2089ee5c5746623,rustc 1.89.0 (29483883e 2025-08-04),/Users/kcn/Desktop/algorithm/target/release/rect-cli benchmark --suite path-tree-comparison --sizes 3 --output results/v0.5-path-tree-comparison.csv,,1784966444,512,871,finite-colored-unit-grid-path-tree-comparison,ornaments;isolated-formal-boundary-points;line-segment-holes;point-holes;degenerate-formal-holes;general-polygon-input,binary-3x3-8d,path-tree-comparison,"{""side"":3}",0,verified,,false,2,4,0,0,0,0,0,prepared-path-tree-input,0,1,0,1,0,2,,,,,0,,,0,0,,,,,0,0,2,0,0,0,1,,0,0,0,0,0,24,2,0,0,0,2,1,4,{},{},{},,{}
9c826593d98f5349fa1a9accd2089ee5c5746623,rustc 1.89.0 (29483883e 2025-08-04),/Users/kcn/Desktop/algorithm/target/release/rect-cli benchmark --suite path-tree-comparison --sizes 3 --output results/v0.5-path-tree-comparison.csv,,1784966444,512,871,finite-colored-unit-grid-path-tree-comparison,ornaments;isolated-formal-boundary-points;line-segment-holes;point-holes;degenerate-formal-holes;general-polygon-input,binary-3x3-8d,path-tree-comparison,"{""side"":3}",2,verified,,false,1,4,0,0,0,0,0,prepared-path-tree-input,0,1,0,0,0,1,,,,,0,,,0,0,,,,,0,0,2,0,0,0,1,,0,0,0,0,0,16,2,0,0,0,1,1,4,{},{},{},,{}
9c826593d98f5349fa1a9accd2089ee5c5746623,rustc 1.89.0 (29483883e 2025-08-04),/Users/kcn/Desktop/algorithm/target/release/rect-cli benchmark --suite path-tree-comparison --sizes 3 --output results/v0.5-path-tree-comparison.csv,,1784966444,512,871,finite-colored-unit-grid-path-tree-comparison,ornaments;isolated-formal-boundary-points;line-segment-holes;point-holes;degenerate-formal-holes;general-polygon-input,binary-3x3-8d,path-tree-comparison,"{""side"":3}",4,verified,,false,1,4,0,0,0,0,0,prepared-path-tree-input,0,1,0,0,0,1,,,,,0,,,0,0,,,,,0,0,2,0,0,0,1,,0,0,0,0,0,16,2,0,0,0,1,1,4,{},{},{},,{}
9c826593d98f5349fa1a9accd2089ee5c5746623,rustc 1.89.0 (29483883e 2025-08-04),/Users/kcn/Desktop/algorithm/target/release/rect-cli benchmark --suite path-tree-comparison --sizes 3 --output results/v0.5-path-tree-comparison.csv,,1784966444,512,871,finite-colored-unit-grid-path-tree-comparison,ornaments;isolated-formal-boundary-points;line-segment-holes;point-holes;degenerate-formal-holes;general-polygon-input,binary-3x3-8e,path-tree-comparison,"{""side"":3}",1,verified,,false,2,4,0,0,0,0,0,prepared-path-tree-input,0,1,0,1,0,2,,,,,0,,,0,0,,,,,0,0,2,0,0,0,1,,0,0,0,0,0,24,2,0,0,0,2,1,4,{},{},{},,{}
9c826593d98f5349fa1a9accd2089ee5c5746623,rustc 1.89.0 (29483883e 2025-08-04),/Users/kcn/Desktop/algorithm/target/release/rect-cli benchmark --suite path-tree-comparison --sizes 3 --output results/v0.5-path-tree-comparison.csv,,1784966444,512,871,finite-colored-unit-grid-path-tree-comparison,ornaments;isolated-formal-boundary-points;line-segment-holes;point-holes;degenerate-formal-holes;general-polygon-input,binary-3x3-8e,path-tree-comparison,"{""side"":3}",2,verified,,false,1,4,0,0,0,0,0,prepared-path-tree-input,0,1,0,0,0,1,,,,,0,,,0,0,,,,,0,0,2,0,0,0,1,,0,0,0,0,0,16,2,0,0,0,1,1,4,{},{},{},,{}
9c826593d98f5349fa1a9accd2089ee5c5746623,rustc 1.89.0 (29483883e 2025-08-04),/Users/kcn/Desktop/algorithm/target/release/rect-cli benchmark --suite path-tree-comparison --sizes 3 --output results/v0.5-path-tree-comparison.csv,,1784966444,512,871,finite-colored-unit-grid-path-tree-comparison,ornaments;isolated-formal-boundary-points;line-segment-holes;point-holes;degenerate-formal-holes;general-polygon-input,binary-3x3-8e,path-tree-comparison,"{""side"":3}",5,verified,,false,1,4,0,0,0,0,0,prepared-path-tree-input,0,1,0,0,0,1,,,,,0,,,0,0,,,,,0,0,2,0,0,0,1,,0,0,0,0,0,16,2,0,0,0,1,1,4,{},{},{},,{}
9c826593d98f5349fa1a9accd2089ee5c5746623,rustc 1.89.0 (29483883e 2025-08-04),/Users/kcn/Desktop/algorithm/target/release/rect-cli benchmark --suite path-tree-comparison --sizes 3 --output results/v0.5-path-tree-comparison.csv,,1784966444,512,871,finite-colored-unit-grid-path-tree-comparison,ornaments;isolated-formal-boundary-points;line-segment-holes;point-holes;degenerate-formal-holes;general-polygon-input,binary-3x3-8f,path-tree-comparison,"{""side"":3}",0,verified,,false,4,6,0,1,0,0,0,prepared-path-tree-input,0,1,0,1,0,6,,,,,0,,,0,0,,,,,0,0,2,0,0,0,2,,0,0,0,0,0,52,3,1,0,0,4,2,4,{},{},{},,{}
9c826593d98f5349fa1a9accd2089ee5c5746623,rustc 1.89.0 (29483883e 2025-08-04),/Users/kcn/Desktop/algorithm/target/release/rect-cli benchmark --suite path-tree-comparison --sizes 3 --output results/v0.5-path-tree-comparison.csv,,1784966444,512,871,finite-colored-unit-grid-path-tree-comparison,ornaments;isolated-formal-boundary-points;line-segment-holes;point-holes;degenerate-formal-holes;general-polygon-input,binary-3x3-8f,path-tree-comparison,"{""side"":3}",3,verified,,false,1,4,0,0,0,0,0,prepared-path-tree-input,0,1,0,0,0,1,,,,,0,,,0,0,,,,,0,0,2,0,0,0,1,,0,0,0,0,0,16,2,0,0,0,1,1,4,{},{},{},,{}
9c826593d98f5349fa1a9accd2089ee5c5746623,rustc 1.89.0 (29483883e 2025-08-04),/Users/kcn/Desktop/algorithm/target/release/rect-cli benchmark --suite path-tree-comparison --sizes 3 --output results/v0.5-path-tree-comparison.csv,,1784966444,512,871,finite-colored-unit-grid-path-tree-comparison,ornaments;isolated-formal-boundary-points;line-segment-holes;point-holes;degenerate-formal-holes;general-polygon-input,binary-3x3-90,path-tree-comparison,"{""side"":3}",1,verified,,false,2,4,0,0,0,0,0,prepared-path-tree-input,0,1,0,1,0,2,,,,,0,,,0,0,,,,,0,0,2,0,0,0,1,,0,0,0,0,0,24,2,0,0,0,2,1,4,{},{},{},,{}
9c826593d98f5349fa1a9accd2089ee5c5746623,rustc 1.89.0 (29483883e 2025-08-04),/Users/kcn/Desktop/algorithm/target/release/rect-cli benchmark --suite path-tree-comparison --sizes 3 --output results/v0.5-path-tree-comparison.csv,,1784966444,512,871,finite-colored-unit-grid-path-tree-comparison,ornaments;isolated-formal-boundary-points;line-segment-holes;point-holes;degenerate-formal-holes;general-polygon-input,binary-3x3-91,path-tree-comparison,"{""side"":3}",0,verified,,false,1,4,0,0,0,0,0,prepared-path-tree-input,0,1,0,0,0,1,,,,,0,,,0,0,,,,,0,0,2,0,0,0,1,,0,0,0,0,0,16,2,0,0,0,1,1,4,{},{},{},,{}
9c826593d98f5349fa1a9accd2089ee5c5746623,rustc 1.89.0 (29483883e 2025-08-04),/Users/kcn/Desktop/algorithm/target/release/rect-cli benchmark --suite path-tree-comparison --sizes 3 --output results/v0.5-path-tree-comparison.csv,,1784966444,512,871,finite-colored-unit-grid-path-tree-comparison,ornaments;isolated-formal-boundary-points;line-segment-holes;point-holes;degenerate-formal-holes;general-polygon-input,binary-3x3-91,path-tree-comparison,"{""side"":3}",3,verified,,false,2,4,0,0,0,0,0,prepared-path-tree-input,0,1,0,1,0,2,,,,,0,,,0,0,,,,,0,0,2,0,0,0,1,,0,0,0,0,0,24,2,0,0,0,2,1,4,{},{},{},,{}
9c826593d98f5349fa1a9accd2089ee5c5746623,rustc 1.89.0 (29483883e 2025-08-04),/Users/kcn/Desktop/algorithm/target/release/rect-cli benchmark --suite path-tree-comparison --sizes 3 --output results/v0.5-path-tree-comparison.csv,,1784966444,512,871,finite-colored-unit-grid-path-tree-comparison,ornaments;isolated-formal-boundary-points;line-segment-holes;point-holes;degenerate-formal-holes;general-polygon-input,binary-3x3-92,path-tree-comparison,"{""side"":3}",1,verified,,false,3,4,0,0,0,0,0,prepared-path-tree-input,0,1,0,1,0,3,,,,,0,,,0,0,,,,,0,0,2,0,0,0,1,,0,0,0,0,0,32,2,0,0,0,3,1,4,{},{},{},,{}
9c826593d98f5349fa1a9accd2089ee5c5746623,rustc 1.89.0 (29483883e 2025-08-04),/Users/kcn/Desktop/algorithm/target/release/rect-cli benchmark --suite path-tree-comparison --sizes 3 --output results/v0.5-path-tree-comparison.csv,,1784966444,512,871,finite-colored-unit-grid-path-tree-comparison,ornaments;isolated-formal-boundary-points;line-segment-holes;point-holes;degenerate-formal-holes;general-polygon-input,binary-3x3-93,path-tree-comparison,"{""side"":3}",0,verified,,false,4,6,0,1,0,0,0,prepared-path-tree-input,0,1,0,2,0,6,,,,,0,,,0,0,,,,,0,0,2,0,0,0,2,,0,0,0,0,0,49,3,1,0,0,4,2,4,{},{},{},,{}
9c826593d98f5349fa1a9accd2089ee5c5746623,rustc 1.89.0 (29483883e 2025-08-04),/Users/kcn/Desktop/algorithm/target/release/rect-cli benchmark --suite path-tree-comparison --sizes 3 --output results/v0.5-path-tree-comparison.csv,,1784966444,512,871,finite-colored-unit-grid-path-tree-comparison,ornaments;isolated-formal-boundary-points;line-segment-holes;point-holes;degenerate-formal-holes;general-polygon-input,binary-3x3-94,path-tree-comparison,"{""side"":3}",1,verified,,false,1,4,0,0,0,0,0,prepared-path-tree-input,0,1,0,0,0,1,,,,,0,,,0,0,,,,,0,0,2,0,0,0,1,,0,0,0,0,0,16,2,0,0,0,1,1,4,{},{},{},,{}
9c826593d98f5349fa1a9accd2089ee5c5746623,rustc 1.89.0 (29483883e 2025-08-04),/Users/kcn/Desktop/algorithm/target/release/rect-cli benchmark --suite path-tree-comparison --sizes 3 --output results/v0.5-path-tree-comparison.csv,,1784966444,512,871,finite-colored-unit-grid-path-tree-comparison,ornaments;isolated-formal-boundary-points;line-segment-holes;point-holes;degenerate-formal-holes;general-polygon-input,binary-3x3-94,path-tree-comparison,"{""side"":3}",2,verified,,false,2,4,0,0,0,0,0,prepared-path-tree-input,0,1,0,1,0,2,,,,,0,,,0,0,,,,,0,0,2,0,0,0,1,,0,0,0,0,0,24,2,0,0,0,2,1,4,{},{},{},,{}
9c826593d98f5349fa1a9accd2089ee5c5746623,rustc 1.89.0 (29483883e 2025-08-04),/Users/kcn/Desktop/algorithm/target/release/rect-cli benchmark --suite path-tree-comparison --sizes 3 --output results/v0.5-path-tree-comparison.csv,,1784966444,512,871,finite-colored-unit-grid-path-tree-comparison,ornaments;isolated-formal-boundary-points;line-segment-holes;point-holes;degenerate-formal-holes;general-polygon-input,binary-3x3-95,path-tree-comparison,"{""side"":3}",0,verified,,false,1,4,0,0,0,0,0,prepared-path-tree-input,0,1,0,0,0,1,,,,,0,,,0,0,,,,,0,0,2,0,0,0,1,,0,0,0,0,0,16,2,0,0,0,1,1,4,{},{},{},,{}
9c826593d98f5349fa1a9accd2089ee5c5746623,rustc 1.89.0 (29483883e 2025-08-04),/Users/kcn/Desktop/algorithm/target/release/rect-cli benchmark --suite path-tree-comparison --sizes 3 --output results/v0.5-path-tree-comparison.csv,,1784966444,512,871,finite-colored-unit-grid-path-tree-comparison,ornaments;isolated-formal-boundary-points;line-segment-holes;point-holes;degenerate-formal-holes;general-polygon-input,binary-3x3-95,path-tree-comparison,"{""side"":3}",2,verified,,false,1,4,0,0,0,0,0,prepared-path-tree-input,0,1,0,0,0,1,,,,,0,,,0,0,,,,,0,0,2,0,0,0,1,,0,0,0,0,0,16,2,0,0,0,1,1,4,{},{},{},,{}
9c826593d98f5349fa1a9accd2089ee5c5746623,rustc 1.89.0 (29483883e 2025-08-04),/Users/kcn/Desktop/algorithm/target/release/rect-cli benchmark --suite path-tree-comparison --sizes 3 --output results/v0.5-path-tree-comparison.csv,,1784966444,512,871,finite-colored-unit-grid-path-tree-comparison,ornaments;isolated-formal-boundary-points;line-segment-holes;point-holes;degenerate-formal-holes;general-polygon-input,binary-3x3-95,path-tree-comparison,"{""side"":3}",4,verified,,false,2,4,0,0,0,0,0,prepared-path-tree-input,0,1,0,1,0,2,,,,,0,,,0,0,,,,,0,0,2,0,0,0,1,,0,0,0,0,0,24,2,0,0,0,2,1,4,{},{},{},,{}
9c826593d98f5349fa1a9accd2089ee5c5746623,rustc 1.89.0 (29483883e 2025-08-04),/Users/kcn/Desktop/algorithm/target/release/rect-cli benchmark --suite path-tree-comparison --sizes 3 --output results/v0.5-path-tree-comparison.csv,,1784966444,512,871,finite-colored-unit-grid-path-tree-comparison,ornaments;isolated-formal-boundary-points;line-segment-holes;point-holes;degenerate-formal-holes;general-polygon-input,binary-3x3-96,path-tree-comparison,"{""side"":3}",1,verified,,false,4,6,0,1,0,0,0,prepared-path-tree-input,0,1,0,2,0,6,,,,,0,,,0,0,,,,,0,0,2,0,0,0,2,,0,0,0,0,0,50,3,1,0,0,4,2,4,{},{},{},,{}
9c826593d98f5349fa1a9accd2089ee5c5746623,rustc 1.89.0 (29483883e 2025-08-04),/Users/kcn/Desktop/algorithm/target/release/rect-cli benchmark --suite path-tree-comparison --sizes 3 --output results/v0.5-path-tree-comparison.csv,,1784966444,512,871,finite-colored-unit-grid-path-tree-comparison,ornaments;isolated-formal-boundary-points;line-segment-holes;point-holes;degenerate-formal-holes;general-polygon-input,binary-3x3-97,path-tree-comparison,"{""side"":3}",0,verified,,false,5,8,0,2,1,0,1,prepared-path-tree-input,0,1,0,2,0,9,,,,,0,,,0,0,0,1,,,0,0,3,1,0,0,2,,0,0,0,0,0,48,2,0,0,0,5,2,4,{},{},{},,{}
9c826593d98f5349fa1a9accd2089ee5c5746623,rustc 1.89.0 (29483883e 2025-08-04),/Users/kcn/Desktop/algorithm/target/release/rect-cli benchmark --suite path-tree-comparison --sizes 3 --output results/v0.5-path-tree-comparison.csv,,1784966444,512,871,finite-colored-unit-grid-path-tree-comparison,ornaments;isolated-formal-boundary-points;line-segment-holes;point-holes;degenerate-formal-holes;general-polygon-input,binary-3x3-98,path-tree-comparison,"{""side"":3}",1,verified,,false,3,6,0,1,0,0,0,prepared-path-tree-input,0,1,0,1,0,4,,,,,0,,,0,0,,,,,0,0,2,0,0,0,2,,0,0,0,0,0,41,3,1,0,0,3,2,4,{},{},{},,{}
9c826593d98f5349fa1a9accd2089ee5c5746623,rustc 1.89.0 (29483883e 2025-08-04),/Users/kcn/Desktop/algorithm/target/release/rect-cli benchmark --suite path-tree-comparison --sizes 3 --output results/v0.5-path-tree-comparison.csv,,1784966444,512,871,finite-colored-unit-grid-path-tree-comparison,ornaments;isolated-formal-boundary-points;line-segment-holes;point-holes;degenerate-formal-holes;general-polygon-input,binary-3x3-99,path-tree-comparison,"{""side"":3}",0,verified,,false,4,8,0,2,0,1,1,prepared-path-tree-input,0,1,0,1,0,6,,,,,0,,,0,0,0,1,,,0,0,3,1,0,0,2,,0,0,0,0,0,40,2,0,0,0,4,2,4,{},{},{},,{}
9c826593d98f5349fa1a9accd2089ee5c5746623,rustc 1.89.0 (29483883e 2025-08-04),/Users/kcn/Desktop/algorithm/target/release/rect-cli benchmark --suite path-tree-comparison --sizes 3 --output results/v0.5-path-tree-comparison.csv,,1784966444,512,871,finite-colored-unit-grid-path-tree-comparison,ornaments;isolated-formal-boundary-points;line-segment-holes;point-holes;degenerate-formal-holes;general-polygon-input,binary-3x3-9a,path-tree-comparison,"{""side"":3}",1,verified,,false,4,8,0,2,0,1,1,prepared-path-tree-input,0,1,0,2,0,6,,,,,0,,,0,0,0,1,,,0,0,3,1,0,0,2,,0,0,0,0,0,40,2,0,0,0,4,2,4,{},{},{},,{}
9c826593d98f5349fa1a9accd2089ee5c5746623,rustc 1.89.0 (29483883e 2025-08-04),/Users/kcn/Desktop/algorithm/target/release/rect-cli benchmark --suite path-tree-comparison --sizes 3 --output results/v0.5-path-tree-comparison.csv,,1784966444,512,871,finite-colored-unit-grid-path-tree-comparison,ornaments;isolated-formal-boundary-points;line-segment-holes;point-holes;degenerate-formal-holes;general-polygon-input,binary-3x3-9b,path-tree-comparison,"{""side"":3}",0,verified,,false,5,6,0,1,0,0,0,prepared-path-tree-input,0,1,0,1,0,6,,,,,0,,,0,0,,,,,0,0,2,0,0,0,2,,0,1,0,0,0,53,3,1,0,0,5,2,4,{},{},{},,{}
9c826593d98f5349fa1a9accd2089ee5c5746623,rustc 1.89.0 (29483883e 2025-08-04),/Users/kcn/Desktop/algorithm/target/release/rect-cli benchmark --suite path-tree-comparison --sizes 3 --output results/v0.5-path-tree-comparison.csv,,1784966444,512,871,finite-colored-unit-grid-path-tree-comparison,ornaments;isolated-formal-boundary-points;line-segment-holes;point-holes;degenerate-formal-holes;general-polygon-input,binary-3x3-9c,path-tree-comparison,"{""side"":3}",1,verified,,false,1,4,0,0,0,0,0,prepared-path-tree-input,0,1,0,0,0,1,,,,,0,,,0,0,,,,,0,0,2,0,0,0,1,,0,0,0,0,0,16,2,0,0,0,1,1,4,{},{},{},,{}
9c826593d98f5349fa1a9accd2089ee5c5746623,rustc 1.89.0 (29483883e 2025-08-04),/Users/kcn/Desktop/algorithm/target/release/rect-cli benchmark --suite path-tree-comparison --sizes 3 --output results/v0.5-path-tree-comparison.csv,,1784966444,512,871,finite-colored-unit-grid-path-tree-comparison,ornaments;isolated-formal-boundary-points;line-segment-holes;point-holes;degenerate-formal-holes;general-polygon-input,binary-3x3-9c,path-tree-comparison,"{""side"":3}",2,verified,,false,3,6,0,1,0,0,0,prepared-path-tree-input,0,1,0,1,0,4,,,,,0,,,0,0,,,,,0,0,2,0,0,0,2,,0,0,0,0,0,41,3,1,0,0,3,2,4,{},{},{},,{}
9c826593d98f5349fa1a9accd2089ee5c5746623,rustc 1.89.0 (29483883e 2025-08-04),/Users/kcn/Desktop/algorithm/target/release/rect-cli benchmark --suite path-tree-comparison --sizes 3 --output results/v0.5-path-tree-comparison.csv,,1784966444,512,871,finite-colored-unit-grid-path-tree-comparison,ornaments;isolated-formal-boundary-points;line-segment-holes;point-holes;degenerate-formal-holes;general-polygon-input,binary-3x3-9d,path-tree-comparison,"{""side"":3}",0,verified,,false,4,8,0,2,0,1,1,prepared-path-tree-input,0,1,0,2,0,6,,,,,0,,,0,0,0,1,,,0,0,3,1,0,0,2,,0,0,0,0,0,40,2,0,0,0,4,2,4,{},{},{},,{}
9c826593d98f5349fa1a9accd2089ee5c5746623,rustc 1.89.0 (29483883e 2025-08-04),/Users/kcn/Desktop/algorithm/target/release/rect-cli benchmark --suite path-tree-comparison --sizes 3 --output results/v0.5-path-tree-comparison.csv,,1784966444,512,871,finite-colored-unit-grid-path-tree-comparison,ornaments;isolated-formal-boundary-points;line-segment-holes;point-holes;degenerate-formal-holes;general-polygon-input,binary-3x3-9d,path-tree-comparison,"{""side"":3}",2,verified,,false,1,4,0,0,0,0,0,prepared-path-tree-input,0,1,0,0,0,1,,,,,0,,,0,0,,,,,0,0,2,0,0,0,1,,0,0,0,0,0,16,2,0,0,0,1,1,4,{},{},{},,{}
9c826593d98f5349fa1a9accd2089ee5c5746623,rustc 1.89.0 (29483883e 2025-08-04),/Users/kcn/Desktop/algorithm/target/release/rect-cli benchmark --suite path-tree-comparison --sizes 3 --output results/v0.5-path-tree-comparison.csv,,1784966444,512,871,finite-colored-unit-grid-path-tree-comparison,ornaments;isolated-formal-boundary-points;line-segment-holes;point-holes;degenerate-formal-holes;general-polygon-input,binary-3x3-9f,path-tree-comparison,"{""side"":3}",0,verified,,false,6,8,0,2,0,0,0,prepared-path-tree-input,0,1,0,2,0,9,,,,,0,,,0,0,,,,,0,0,2,0,0,0,3,,0,1,0,1,0,83,4,3,0,0,6,3,4,{},{},{},,{}
9c826593d98f5349fa1a9accd2089ee5c5746623,rustc 1.89.0 (29483883e 2025-08-04),/Users/kcn/Desktop/algorithm/target/release/rect-cli benchmark --suite path-tree-comparison --sizes 3 --output results/v0.5-path-tree-comparison.csv,,1784966444,512,871,finite-colored-unit-grid-path-tree-comparison,ornaments;isolated-formal-boundary-points;line-segment-holes;point-holes;degenerate-formal-holes;general-polygon-input,binary-3x3-a0,path-tree-comparison,"{""side"":3}",1,verified,,false,1,4,0,0,0,0,0,prepared-path-tree-input,0,1,0,0,0,1,,,,,0,,,0,0,,,,,0,0,2,0,0,0,1,,0,0,0,0,0,16,2,0,0,0,1,1,4,{},{},{},,{}
9c826593d98f5349fa1a9accd2089ee5c5746623,rustc 1.89.0 (29483883e 2025-08-04),/Users/kcn/Desktop/algorithm/target/release/rect-cli benchmark --suite path-tree-comparison --sizes 3 --output results/v0.5-path-tree-comparison.csv,,1784966444,512,871,finite-colored-unit-grid-path-tree-comparison,ornaments;isolated-formal-boundary-points;line-segment-holes;point-holes;degenerate-formal-holes;general-polygon-input,binary-3x3-a0,path-tree-comparison,"{""side"":3}",2,verified,,false,1,4,0,0,0,0,0,prepared-path-tree-input,0,1,0,0,0,1,,,,,0,,,0,0,,,,,0,0,2,0,0,0,1,,0,0,0,0,0,16,2,0,0,0,1,1,4,{},{},{},,{}
9c826593d98f5349fa1a9accd2089ee5c5746623,rustc 1.89.0 (29483883e 2025-08-04),/Users/kcn/Desktop/algorithm/target/release/rect-cli benchmark --suite path-tree-comparison --sizes 3 --output results/v0.5-path-tree-comparison.csv,,1784966444,512,871,finite-colored-unit-grid-path-tree-comparison,ornaments;isolated-formal-boundary-points;line-segment-holes;point-holes;degenerate-formal-holes;general-polygon-input,binary-3x3-a1,path-tree-comparison,"{""side"":3}",0,verified,,false,1,4,0,0,0,0,0,prepared-path-tree-input,0,1,0,0,0,1,,,,,0,,,0,0,,,,,0,0,2,0,0,0,1,,0,0,0,0,0,16,2,0,0,0,1,1,4,{},{},{},,{}
9c826593d98f5349fa1a9accd2089ee5c5746623,rustc 1.89.0 (29483883e 2025-08-04),/Users/kcn/Desktop/algorithm/target/release/rect-cli benchmark --suite path-tree-comparison --sizes 3 --output results/v0.5-path-tree-comparison.csv,,1784966444,512,871,finite-colored-unit-grid-path-tree-comparison,ornaments;isolated-formal-boundary-points;line-segment-holes;point-holes;degenerate-formal-holes;general-polygon-input,binary-3x3-a1,path-tree-comparison,"{""side"":3}",2,verified,,false,1,4,0,0,0,0,0,prepared-path-tree-input,0,1,0,0,0,1,,,,,0,,,0,0,,,,,0,0,2,0,0,0,1,,0,0,0,0,0,16,2,0,0,0,1,1,4,{},{},{},,{}
9c826593d98f5349fa1a9accd2089ee5c5746623,rustc 1.89.0 (29483883e 2025-08-04),/Users/kcn/Desktop/algorithm/target/release/rect-cli benchmark --suite path-tree-comparison --sizes 3 --output results/v0.5-path-tree-comparison.csv,,1784966444,512,871,finite-colored-unit-grid-path-tree-comparison,ornaments;isolated-formal-boundary-points;line-segment-holes;point-holes;degenerate-formal-holes;general-polygon-input,binary-3x3-a1,path-tree-comparison,"{""side"":3}",3,verified,,false,1,4,0,0,0,0,0,prepared-path-tree-input,0,1,0,0,0,1,,,,,0,,,0,0,,,,,0,0,2,0,0,0,1,,0,0,0,0,0,16,2,0,0,0,1,1,4,{},{},{},,{}
9c826593d98f5349fa1a9accd2089ee5c5746623,rustc 1.89.0 (29483883e 2025-08-04),/Users/kcn/Desktop/algorithm/target/release/rect-cli benchmark --suite path-tree-comparison --sizes 3 --output results/v0.5-path-tree-comparison.csv,,1784966444,512,871,finite-colored-unit-grid-path-tree-comparison,ornaments;isolated-formal-boundary-points;line-segment-holes;point-holes;degenerate-formal-holes;general-polygon-input,binary-3x3-a2,path-tree-comparison,"{""side"":3}",1,verified,,false,1,4,0,0,0,0,0,prepared-path-tree-input,0,1,0,0,0,1,,,,,0,,,0,0,,,,,0,0,2,0,0,0,1,,0,0,0,0,0,16,2,0,0,0,1,1,4,{},{},{},,{}
9c826593d98f5349fa1a9accd2089ee5c5746623,rustc 1.89.0 (29483883e 2025-08-04),/Users/kcn/Desktop/algorithm/target/release/rect-cli benchmark --suite path-tree-comparison --sizes 3 --output results/v0.5-path-tree-comparison.csv,,1784966444,512,871,finite-colored-unit-grid-path-tree-comparison,ornaments;isolated-formal-boundary-points;line-segment-holes;point-holes;degenerate-formal-holes;general-polygon-input,binary-3x3-a2,path-tree-comparison,"{""side"":3}",3,verified,,false,1,4,0,0,0,0,0,prepared-path-tree-input,0,1,0,0,0,1,,,,,0,,,0,0,,,,,0,0,2,0,0,0,1,,0,0,0,0,0,16,2,0,0,0,1,1,4,{},{},{},,{}
9c826593d98f5349fa1a9accd2089ee5c5746623,rustc 1.89.0 (29483883e 2025-08-04),/Users/kcn/Desktop/algorithm/target/release/rect-cli benchmark --suite path-tree-comparison --sizes 3 --output results/v0.5-path-tree-comparison.csv,,1784966444,512,871,finite-colored-unit-grid-path-tree-comparison,ornaments;isolated-formal-boundary-points;line-segment-holes;point-holes;degenerate-formal-holes;general-polygon-input,binary-3x3-a2,path-tree-comparison,"{""side"":3}",4,verified,,false,1,4,0,0,0,0,0,prepared-path-tree-input,0,1,0,0,0,1,,,,,0,,,0,0,,,,,0,0,2,0,0,0,1,,0,0,0,0,0,16,2,0,0,0,1,1,4,{},{},{},,{}
9c826593d98f5349fa1a9accd2089ee5c5746623,rustc 1.89.0 (29483883e 2025-08-04),/Users/kcn/Desktop/algorithm/target/release/rect-cli benchmark --suite path-tree-comparison --sizes 3 --output results/v0.5-path-tree-comparison.csv,,1784966444,512,871,finite-colored-unit-grid-path-tree-comparison,ornaments;isolated-formal-boundary-points;line-segment-holes;point-holes;degenerate-formal-holes;general-polygon-input,binary-3x3-a3,path-tree-comparison,"{""side"":3}",0,verified,,false,2,4,0,0,0,0,0,prepared-path-tree-input,0,1,0,1,0,2,,,,,0,,,0,0,,,,,0,0,2,0,0,0,1,,0,0,0,0,0,24,2,0,0,0,2,1,4,{},{},{},,{}
9c826593d98f5349fa1a9accd2089ee5c5746623,rustc 1.89.0 (29483883e 2025-08-04),/Users/kcn/Desktop/algorithm/target/release/rect-cli benchmark --suite path-tree-comparison --sizes 3 --output results/v0.5-path-tree-comparison.csv,,1784966444,512,871,finite-colored-unit-grid-path-tree-comparison,ornaments;isolated-formal-boundary-points;line-segment-holes;point-holes;degenerate-formal-holes;general-polygon-input,binary-3x3-a3,path-tree-comparison,"{""side"":3}",3,verified,,false,1,4,0,0,0,0,0,prepared-path-tree-input,0,1,0,0,0,1,,,,,0,,,0,0,,,,,0,0,2,0,0,0,1,,0,0,0,0,0,16,2,0,0,0,1,1,4,{},{},{},,{}
9c826593d98f5349fa1a9accd2089ee5c5746623,rustc 1.89.0 (29483883e 2025-08-04),/Users/kcn/Desktop/algorithm/target/release/rect-cli benchmark --suite path-tree-comparison --sizes 3 --output results/v0.5-path-tree-comparison.csv,,1784966444,512,871,finite-colored-unit-grid-path-tree-comparison,ornaments;isolated-formal-boundary-points;line-segment-holes;point-holes;degenerate-formal-holes;general-polygon-input,binary-3x3-a3,path-tree-comparison,"{""side"":3}",4,verified,,false,1,4,0,0,0,0,0,prepared-path-tree-input,0,1,0,0,0,1,,,,,0,,,0,0,,,,,0,0,2,0,0,0,1,,0,0,0,0,0,16,2,0,0,0,1,1,4,{},{},{},,{}
9c826593d98f5349fa1a9accd2089ee5c5746623,rustc 1.89.0 (29483883e 2025-08-04),/Users/kcn/Desktop/algorithm/target/release/rect-cli benchmark --suite path-tree-comparison --sizes 3 --output results/v0.5-path-tree-comparison.csv,,1784966444,512,871,finite-colored-unit-grid-path-tree-comparison,ornaments;isolated-formal-boundary-points;line-segment-holes;point-holes;degenerate-formal-holes;general-polygon-input,binary-3x3-a4,path-tree-comparison,"{""side"":3}",1,verified,,false,2,4,0,0,0,0,0,prepared-path-tree-input,0,1,0,1,0,2,,,,,0,,,0,0,,,,,0,0,2,0,0,0,1,,0,0,0,0,0,24,2,0,0,0,2,1,4,{},{},{},,{}
9c826593d98f5349fa1a9accd2089ee5c5746623,rustc 1.89.0 (29483883e 2025-08-04),/Users/kcn/Desktop/algorithm/target/release/rect-cli benchmark --suite path-tree-comparison --sizes 3 --output results/v0.5-path-tree-comparison.csv,,1784966444,512,871,finite-colored-unit-grid-path-tree-comparison,ornaments;isolated-formal-boundary-points;line-segment-holes;point-holes;degenerate-formal-holes;general-polygon-input,binary-3x3-a4,path-tree-comparison,"{""side"":3}",2,verified,,false,1,4,0,0,0,0,0,prepared-path-tree-input,0,1,0,0,0,1,,,,,0,,,0,0,,,,,0,0,2,0,0,0,1,,0,0,0,0,0,16,2,0,0,0,1,1,4,{},{},{},,{}
9c826593d98f5349fa1a9accd2089ee5c5746623,rustc 1.89.0 (29483883e 2025-08-04),/Users/kcn/Desktop/algorithm/target/release/rect-cli benchmark --suite path-tree-comparison --sizes 3 --output results/v0.5-path-tree-comparison.csv,,1784966444,512,871,finite-colored-unit-grid-path-tree-comparison,ornaments;isolated-formal-boundary-points;line-segment-holes;point-holes;degenerate-formal-holes;general-polygon-input,binary-3x3-a5,path-tree-comparison,"{""side"":3}",0,verified,,false,1,4,0,0,0,0,0,prepared-path-tree-input,0,1,0,0,0,1,,,,,0,,,0,0,,,,,0,0,2,0,0,0,1,,0,0,0,0,0,16,2,0,0,0,1,1,4,{},{},{},,{}
9c826593d98f5349fa1a9accd2089ee5c5746623,rustc 1.89.0 (29483883e 2025-08-04),/Users/kcn/Desktop/algorithm/target/release/rect-cli benchmark --suite path-tree-comparison --sizes 3 --output results/v0.5-path-tree-comparison.csv,,1784966444,512,871,finite-colored-unit-grid-path-tree-comparison,ornaments;isolated-formal-boundary-points;line-segment-holes;point-holes;degenerate-formal-holes;general-polygon-input,binary-3x3-a5,path-tree-comparison,"{""side"":3}",2,verified,,false,2,4,0,0,0,0,0,prepared-path-tree-input,0,1,0,1,0,2,,,,,0,,,0,0,,,,,0,0,2,0,0,0,1,,0,0,0,0,0,24,2,0,0,0,2,1,4,{},{},{},,{}
9c826593d98f5349fa1a9accd2089ee5c5746623,rustc 1.89.0 (29483883e 2025-08-04),/Users/kcn/Desktop/algorithm/target/release/rect-cli benchmark --suite path-tree-comparison --sizes 3 --output results/v0.5-path-tree-comparison.csv,,1784966444,512,871,finite-colored-unit-grid-path-tree-comparison,ornaments;isolated-formal-boundary-points;line-segment-holes;point-holes;degenerate-formal-holes;general-polygon-input,binary-3x3-a5,path-tree-comparison,"{""side"":3}",3,verified,,false,1,4,0,0,0,0,0,prepared-path-tree-input,0,1,0,0,0,1,,,,,0,,,0,0,,,,,0,0,2,0,0,0,1,,0,0,0,0,0,16,2,0,0,0,1,1,4,{},{},{},,{}
9c826593d98f5349fa1a9accd2089ee5c5746623,rustc 1.89.0 (29483883e 2025-08-04),/Users/kcn/Desktop/algorithm/target/release/rect-cli benchmark --suite path-tree-comparison --sizes 3 --output results/v0.5-path-tree-comparison.csv,,1784966444,512,871,finite-colored-unit-grid-path-tree-comparison,ornaments;isolated-formal-boundary-points;line-segment-holes;point-holes;degenerate-formal-holes;general-polygon-input,binary-3x3-a6,path-tree-comparison,"{""side"":3}",1,verified,,false,3,6,0,1,0,0,0,prepared-path-tree-input,0,1,0,1,0,4,,,,,0,,,0,0,,,,,0,0,2,0,0,0,2,,0,0,0,0,0,41,3,1,0,0,3,2,4,{},{},{},,{}
9c826593d98f5349fa1a9accd2089ee5c5746623,rustc 1.89.0 (29483883e 2025-08-04),/Users/kcn/Desktop/algorithm/target/release/rect-cli benchmark --suite path-tree-comparison --sizes 3 --output results/v0.5-path-tree-comparison.csv,,1784966444,512,871,finite-colored-unit-grid-path-tree-comparison,ornaments;isolated-formal-boundary-points;line-segment-holes;point-holes;degenerate-formal-holes;general-polygon-input,binary-3x3-a6,path-tree-comparison,"{""side"":3}",2,verified,,false,1,4,0,0,0,0,0,prepared-path-tree-input,0,1,0,0,0,1,,,,,0,,,0,0,,,,,0,0,2,0,0,0,1,,0,0,0,0,0,16,2,0,0,0,1,1,4,{},{},{},,{}
9c826593d98f5349fa1a9accd2089ee5c5746623,rustc 1.89.0 (29483883e 2025-08-04),/Users/kcn/Desktop/algorithm/target/release/rect-cli benchmark --suite path-tree-comparison --sizes 3 --output results/v0.5-path-tree-comparison.csv,,1784966444,512,871,finite-colored-unit-grid-path-tree-comparison,ornaments;isolated-formal-boundary-points;line-segment-holes;point-holes;degenerate-formal-holes;general-polygon-input,binary-3x3-a7,path-tree-comparison,"{""side"":3}",0,verified,,false,4,6,0,1,0,0,0,prepared-path-tree-input,0,1,0,2,0,6,,,,,0,,,0,0,,,,,0,0,2,0,0,0,2,,0,0,0,0,0,53,3,1,0,0,4,2,4,{},{},{},,{}
9c826593d98f5349fa1a9accd2089ee5c5746623,rustc 1.89.0 (29483883e 2025-08-04),/Users/kcn/Desktop/algorithm/target/release/rect-cli benchmark --suite path-tree-comparison --sizes 3 --output results/v0.5-path-tree-comparison.csv,,1784966444,512,871,finite-colored-unit-grid-path-tree-comparison,ornaments;isolated-formal-boundary-points;line-segment-holes;point-holes;degenerate-formal-holes;general-polygon-input,binary-3x3-a7,path-tree-comparison,"{""side"":3}",2,verified,,false,1,4,0,0,0,0,0,prepared-path-tree-input,0,1,0,0,0,1,,,,,0,,,0,0,,,,,0,0,2,0,0,0,1,,0,0,0,0,0,16,2,0,0,0,1,1,4,{},{},{},,{}
9c826593d98f5349fa1a9accd2089ee5c5746623,rustc 1.89.0 (29483883e 2025-08-04),/Users/kcn/Desktop/algorithm/target/release/rect-cli benchmark --suite path-tree-comparison --sizes 3 --output results/v0.5-path-tree-comparison.csv,,1784966444,512,871,finite-colored-unit-grid-path-tree-comparison,ornaments;isolated-formal-boundary-points;line-segment-holes;point-holes;degenerate-formal-holes;general-polygon-input,binary-3x3-a8,path-tree-comparison,"{""side"":3}",1,verified,,false,1,4,0,0,0,0,0,prepared-path-tree-input,0,1,0,0,0,1,,,,,0,,,0,0,,,,,0,0,2,0,0,0,1,,0,0,0,0,0,16,2,0,0,0,1,1,4,{},{},{},,{}
9c826593d98f5349fa1a9accd2089ee5c5746623,rustc 1.89.0 (29483883e 2025-08-04),/Users/kcn/Desktop/algorithm/target/release/rect-cli benchmark --suite path-tree-comparison --sizes 3 --output results/v0.5-path-tree-comparison.csv,,1784966444,512,871,finite-colored-unit-grid-path-tree-comparison,ornaments;isolated-formal-boundary-points;line-segment-holes;point-holes;degenerate-formal-holes;general-polygon-input,binary-3x3-a8,path-tree-comparison,"{""side"":3}",2,verified,,false,1,4,0,0,0,0,0,prepared-path-tree-input,0,1,0,0,0,1,,,,,0,,,0,0,,,,,0,0,2,0,0,0,1,,0,0,0,0,0,16,2,0,0,0,1,1,4,{},{},{},,{}
9c826593d98f5349fa1a9accd2089ee5c5746623,rustc 1.89.0 (29483883e 2025-08-04),/Users/kcn/Desktop/algorithm/target/release/rect-cli benchmark --suite path-tree-comparison --sizes 3 --output results/v0.5-path-tree-comparison.csv,,1784966444,512,871,finite-colored-unit-grid-path-tree-comparison,ornaments;isolated-formal-boundary-points;line-segment-holes;point-holes;degenerate-formal-holes;general-polygon-input,binary-3x3-a8,path-tree-comparison,"{""side"":3}",4,verified,,false,1,4,0,0,0,0,0,prepared-path-tree-input,0,1,0,0,0,1,,,,,0,,,0,0,,,,,0,0,2,0,0,0,1,,0,0,0,0,0,16,2,0,0,0,1,1,4,{},{},{},,{}
9c826593d98f5349fa1a9accd2089ee5c5746623,rustc 1.89.0 (29483883e 2025-08-04),/Users/kcn/Desktop/algorithm/target/release/rect-cli benchmark --suite path-tree-comparison --sizes 3 --output results/v0.5-path-tree-comparison.csv,,1784966444,512,871,finite-colored-unit-grid-path-tree-comparison,ornaments;isolated-formal-boundary-points;line-segment-holes;point-holes;degenerate-formal-holes;general-polygon-input,binary-3x3-a9,path-tree-comparison,"{""side"":3}",0,verified,,false,2,4,0,0,0,0,0,prepared-path-tree-input,0,1,0,1,0,2,,,,,0,,,0,0,,,,,0,0,2,0,0,0,1,,0,0,0,0,0,24,2,0,0,0,2,1,4,{},{},{},,{}
9c826593d98f5349fa1a9accd2089ee5c5746623,rustc 1.89.0 (29483883e 2025-08-04),/Users/kcn/Desktop/algorithm/target/release/rect-cli benchmark --suite path-tree-comparison --sizes 3 --output results/v0.5-path-tree-comparison.csv,,1784966444,512,871,finite-colored-unit-grid-path-tree-comparison,ornaments;isolated-formal-boundary-points;line-segment-holes;point-holes;degenerate-formal-holes;general-polygon-input,binary-3x3-a9,path-tree-comparison,"{""side"":3}",2,verified,,false,1,4,0,0,0,0,0,prepared-path-tree-input,0,1,0,0,0,1,,,,,0,,,0,0,,,,,0,0,2,0,0,0,1,,0,0,0,0,0,16,2,0,0,0,1,1,4,{},{},{},,{}
9c826593d98f5349fa1a9accd2089ee5c5746623,rustc 1.89.0 (29483883e 2025-08-04),/Users/kcn/Desktop/algorithm/target/release/rect-cli benchmark --suite path-tree-comparison --sizes 3 --output results/v0.5-path-tree-comparison.csv,,1784966444,512,871,finite-colored-unit-grid-path-tree-comparison,ornaments;isolated-formal-boundary-points;line-segment-holes;point-holes;degenerate-formal-holes;general-polygon-input,binary-3x3-a9,path-tree-comparison,"{""side"":3}",4,verified,,false,1,4,0,0,0,0,0,prepared-path-tree-input,0,1,0,0,0,1,,,,,0,,,0,0,,,,,0,0,2,0,0,0,1,,0,0,0,0,0,16,2,0,0,0,1,1,4,{},{},{},,{}
9c826593d98f5349fa1a9accd2089ee5c5746623,rustc 1.89.0 (29483883e 2025-08-04),/Users/kcn/Desktop/algorithm/target/release/rect-cli benchmark --suite path-tree-comparison --sizes 3 --output results/v0.5-path-tree-comparison.csv,,1784966444,512,871,finite-colored-unit-grid-path-tree-comparison,ornaments;isolated-formal-boundary-points;line-segment-holes;point-holes;degenerate-formal-holes;general-polygon-input,binary-3x3-aa,path-tree-comparison,"{""side"":3}",1,verified,,false,1,4,0,0,0,0,0,prepared-path-tree-input,0,1,0,0,0,1,,,,,0,,,0,0,,,,,0,0,2,0,0,0,1,,0,0,0,0,0,16,2,0,0,0,1,1,4,{},{},{},,{}
9c826593d98f5349fa1a9accd2089ee5c5746623,rustc 1.89.0 (29483883e 2025-08-04),/Users/kcn/Desktop/algorithm/target/release/rect-cli benchmark --suite path-tree-comparison --sizes 3 --output results/v0.5-path-tree-comparison.csv,,1784966444,512,871,finite-colored-unit-grid-path-tree-comparison,ornaments;isolated-formal-boundary-points;line-segment-holes;point-holes;degenerate-formal-holes;general-polygon-input,binary-3x3-aa,path-tree-comparison,"{""side"":3}",3,verified,,false,1,4,0,0,0,0,0,prepared-path-tree-input,0,1,0,0,0,1,,,,,0,,,0,0,,,,,0,0,2,0,0,0,1,,0,0,0,0,0,16,2,0,0,0,1,1,4,{},{},{},,{}
9c826593d98f5349fa1a9accd2089ee5c5746623,rustc 1.89.0 (29483883e 2025-08-04),/Users/kcn/Desktop/algorithm/target/release/rect-cli benchmark --suite path-tree-comparison --sizes 3 --output results/v0.5-path-tree-comparison.csv,,1784966444,512,871,finite-colored-unit-grid-path-tree-comparison,ornaments;isolated-formal-boundary-points;line-segment-holes;point-holes;degenerate-formal-holes;general-polygon-input,binary-3x3-aa,path-tree-comparison,"{""side"":3}",5,verified,,false,1,4,0,0,0,0,0,prepared-path-tree-input,0,1,0,0,0,1,,,,,0,,,0,0,,,,,0,0,2,0,0,0,1,,0,0,0,0,0,16,2,0,0,0,1,1,4,{},{},{},,{}
9c826593d98f5349fa1a9accd2089ee5c5746623,rustc 1.89.0 (29483883e 2025-08-04),/Users/kcn/Desktop/algorithm/target/release/rect-cli benchmark --suite path-tree-comparison --sizes 3 --output results/v0.5-path-tree-comparison.csv,,1784966444,512,871,finite-colored-unit-grid-path-tree-comparison,ornaments;isolated-formal-boundary-points;line-segment-holes;point-holes;degenerate-formal-holes;general-polygon-input,binary-3x3-aa,path-tree-comparison,"{""side"":3}",7,verified,,false,1,4,0,0,0,0,0,prepared-path-tree-input,0,1,0,0,0,1,,,,,0,,,0,0,,,,,0,0,2,0,0,0,1,,0,0,0,0,0,16,2,0,0,0,1,1,4,{},{},{},,{}
9c826593d98f5349fa1a9accd2089ee5c5746623,rustc 1.89.0 (29483883e 2025-08-04),/Users/kcn/Desktop/algorithm/target/release/rect-cli benchmark --suite path-tree-comparison --sizes 3 --output results/v0.5-path-tree-comparison.csv,,1784966444,512,871,finite-colored-unit-grid-path-tree-comparison,ornaments;isolated-formal-boundary-points;line-segment-holes;point-holes;degenerate-formal-holes;general-polygon-input,binary-3x3-ab,path-tree-comparison,"{""side"":3}",0,verified,,false,3,6,0,1,0,0,0,prepared-path-tree-input,0,1,0,1,0,4,,,,,0,,,0,0,,,,,0,0,2,0,0,0,2,,0,0,0,0,0,42,3,1,0,0,3,2,4,{},{},{},,{}
9c826593d98f5349fa1a9accd2089ee5c5746623,rustc 1.89.0 (29483883e 2025-08-04),/Users/kcn/Desktop/algorithm/target/release/rect-cli benchmark --suite path-tree-comparison --sizes 3 --output results/v0.5-path-tree-comparison.csv,,1784966444,512,871,finite-colored-unit-grid-path-tree-comparison,ornaments;isolated-formal-boundary-points;line-segment-holes;point-holes;degenerate-formal-holes;general-polygon-input,binary-3x3-ab,path-tree-comparison,"{""side"":3}",3,verified,,false,1,4,0,0,0,0,0,prepared-path-tree-input,0,1,0,0,0,1,,,,,0,,,0,0,,,,,0,0,2,0,0,0,1,,0,0,0,0,0,16,2,0,0,0,1,1,4,{},{},{},,{}
9c826593d98f5349fa1a9accd2089ee5c5746623,rustc 1.89.0 (29483883e 2025-08-04),/Users/kcn/Desktop/algorithm/target/release/rect-cli benchmark --suite path-tree-comparison --sizes 3 --output results/v0.5-path-tree-comparison.csv,,1784966444,512,871,finite-colored-unit-grid-path-tree-comparison,ornaments;isolated-formal-boundary-points;line-segment-holes;point-holes;degenerate-formal-holes;general-polygon-input,binary-3x3-ab,path-tree-comparison,"{""side"":3}",5,verified,,false,1,4,0,0,0,0,0,prepared-path-tree-input,0,1,0,0,0,1,,,,,0,,,0,0,,,,,0,0,2,0,0,0,1,,0,0,0,0,0,16,2,0,0,0,1,1,4,{},{},{},,{}
9c826593d98f5349fa1a9accd2089ee5c5746623,rustc 1.89.0 (29483883e 2025-08-04),/Users/kcn/Desktop/algorithm/target/release/rect-cli benchmark --suite path-tree-comparison --sizes 3 --output results/v0.5-path-tree-comparison.csv,,1784966444,512,871,finite-colored-unit-grid-path-tree-comparison,ornaments;isolated-formal-boundary-points;line-segment-holes;point-holes;degenerate-formal-holes;general-polygon-input,binary-3x3-ac,path-tree-comparison,"{""side"":3}",1,verified,,false,2,4,0,0,0,0,0,prepared-path-tree-input,0,1,0,1,0,2,,,,,0,,,0,0,,,,,0,0,2,0,0,0,1,,0,0,0,0,0,24,2,0,0,0,2,1,4,{},{},{},,{}
9c826593d98f5349fa1a9accd2089ee5c5746623,rustc 1.89.0 (29483883e 2025-08-04),/Users/kcn/Desktop/algorithm/target/release/rect-cli benchmark --suite path-tree-comparison --sizes 3 --output results/v0.5-path-tree-comparison.csv,,1784966444,512,871,finite-colored-unit-grid-path-tree-comparison,ornaments;isolated-formal-boundary-points;line-segment-holes;point-holes;degenerate-formal-holes;general-polygon-input,binary-3x3-ac,path-tree-comparison,"{""side"":3}",2,verified,,false,1,4,0,0,0,0,0,prepared-path-tree-input,0,1,0,0,0,1,,,,,0,,,0,0,,,,,0,0,2,0,0,0,1,,0,0,0,0,0,16,2,0,0,0,1,1,4,{},{},{},,{}
9c826593d98f5349fa1a9accd2089ee5c5746623,rustc 1.89.0 (29483883e 2025-08-04),/Users/kcn/Desktop/algorithm/target/release/rect-cli benchmark --suite path-tree-comparison --sizes 3 --output results/v0.5-path-tree-comparison.csv,,1784966444,512,871,finite-colored-unit-grid-path-tree-comparison,ornaments;isolated-formal-boundary-points;line-segment-holes;point-holes;degenerate-formal-holes;general-polygon-input,binary-3x3-ac,path-tree-comparison,"{""side"":3}",4,verified,,false,1,4,0,0,0,0,0,prepared-path-tree-input,0,1,0,0,0,1,,,,,0,,,0,0,,,,,0,0,2,0,0,0,1,,0,0,0,0,0,16,2,0,0,0,1,1,4,{},{},{},,{}
9c826593d98f5349fa1a9accd2089ee5c5746623,rustc 1.89.0 (29483883e 2025-08-04),/Users/kcn/Desktop/algorithm/target/release/rect-cli benchmark --suite path-tree-comparison --sizes 3 --output results/v0.5-path-tree-comparison.csv,,1784966444,512,871,finite-colored-unit-grid-path-tree-comparison,ornaments;isolated-formal-boundary-points;line-segment-holes;point-holes;degenerate-formal-holes;general-polygon-input,binary-3x3-ad,path-tree-comparison,"{""side"":3}",0,verified,,false,2,4,0,0,0,0,0,prepared-path-tree-input,0,1,0,1,0,2,,,,,0,,,0,0,,,,,0,0,2,0,0,0,1,,0,0,0,0,0,24,2,0,0,0,2,1,4,{},{},{},,{}
9c826593d98f5349fa1a9accd2089ee5c5746623,rustc 1.89.0 (29483883e 2025-08-04),/Users/kcn/Desktop/algorithm/target/release/rect-cli benchmark --suite path-tree-comparison --sizes 3 --output results/v0.5-path-tree-comparison.csv,,1784966444,512,871,finite-colored-unit-grid-path-tree-comparison,ornaments;isolated-formal-boundary-points;line-segment-holes;point-holes;degenerate-formal-holes;general-polygon-input,binary-3x3-ad,path-tree-comparison,"{""side"":3}",2,verified,,false,2,4,0,0,0,0,0,prepared-path-tree-input,0,1,0,0,0,2,,,,,0,,,0,0,,,,,0,0,2,0,0,0,1,,0,0,0,0,0,24,2,0,0,0,2,1,4,{},{},{},,{}
9c826593d98f5349fa1a9accd2089ee5c5746623,rustc 1.89.0 (29483883e 2025-08-04),/Users/kcn/Desktop/algorithm/target/release/rect-cli benchmark --suite path-tree-comparison --sizes 3 --output results/v0.5-path-tree-comparison.csv,,1784966444,512,871,finite-colored-unit-grid-path-tree-comparison,ornaments;isolated-formal-boundary-points;line-segment-holes;point-holes;degenerate-formal-holes;general-polygon-input,binary-3x3-ad,path-tree-comparison,"{""side"":3}",4,verified,,false,1,4,0,0,0,0,0,prepared-path-tree-input,0,1,0,0,0,1,,,,,0,,,0,0,,,,,0,0,2,0,0,0,1,,0,0,0,0,0,16,2,0,0,0,1,1,4,{},{},{},,{}
9c826593d98f5349fa1a9accd2089ee5c5746623,rustc 1.89.0 (29483883e 2025-08-04),/Users/kcn/Desktop/algorithm/target/release/rect-cli benchmark --suite path-tree-comparison --sizes 3 --output results/v0.5-path-tree-comparison.csv,,1784966444,512,871,finite-colored-unit-grid-path-tree-comparison,ornaments;isolated-formal-boundary-points;line-segment-holes;point-holes;degenerate-formal-holes;general-polygon-input,binary-3x3-ae,path-tree-comparison,"{""side"":3}",1,verified,,false,3,6,0,1,0,0,0,prepared-path-tree-input,0,1,0,1,0,4,,,,,0,,,0,0,,,,,0,0,2,0,0,0,2,,0,0,0,0,0,41,3,1,0,0,3,2,4,{},{},{},,{}
9c826593d98f5349fa1a9accd2089ee5c5746623,rustc 1.89.0 (29483883e 2025-08-04),/Users/kcn/Desktop/algorithm/target/release/rect-cli benchmark --suite path-tree-comparison --sizes 3 --output results/v0.5-path-tree-comparison.csv,,1784966444,512,871,finite-colored-unit-grid-path-tree-comparison,ornaments;isolated-formal-boundary-points;line-segment-holes;point-holes;degenerate-formal-holes;general-polygon-input,binary-3x3-ae,path-tree-comparison,"{""side"":3}",2,verified,,false,1,4,0,0,0,0,0,prepared-path-tree-input,0,1,0,0,0,1,,,,,0,,,0,0,,,,,0,0,2,0,0,0,1,,0,0,0,0,0,16,2,0,0,0,1,1,4,{},{},{},,{}
9c826593d98f5349fa1a9accd2089ee5c5746623,rustc 1.89.0 (29483883e 2025-08-04),/Users/kcn/Desktop/algorithm/target/release/rect-cli benchmark --suite path-tree-comparison --sizes 3 --output results/v0.5-path-tree-comparison.csv,,1784966444,512,871,finite-colored-unit-grid-path-tree-comparison,ornaments;isolated-formal-boundary-points;line-segment-holes;point-holes;degenerate-formal-holes;general-polygon-input,binary-3x3-ae,path-tree-comparison,"{""side"":3}",5,verified,,false,1,4,0,0,0,0,0,prepared-path-tree-input,0,1,0,0,0,1,,,,,0,,,0,0,,,,,0,0,2,0,0,0,1,,0,0,0,0,0,16,2,0,0,0,1,1,4,{},{},{},,{}
9c826593d98f5349fa1a9accd2089ee5c5746623,rustc 1.89.0 (29483883e 2025-08-04),/Users/kcn/Desktop/algorithm/target/release/rect-cli benchmark --suite path-tree-comparison --sizes 3 --output results/v0.5-path-tree-comparison.csv,,1784966444,512,871,finite-colored-unit-grid-path-tree-comparison,ornaments;isolated-formal-boundary-points;line-segment-holes;point-holes;degenerate-formal-holes;general-polygon-input,binary-3x3-af,path-tree-comparison,"{""side"":3}",0,verified,,false,5,8,0,2,0,0,0,prepared-path-tree-input,0,1,0,2,0,6,,,,,0,,,0,0,,,,,0,0,2,0,0,0,3,,0,1,0,0,0,73,4,2,0,0,5,3,4,{},{},{},,{}
9c826593d98f5349fa1a9accd2089ee5c5746623,rustc 1.89.0 (29483883e 2025-08-04),/Users/kcn/Desktop/algorithm/target/release/rect-cli benchmark --suite path-tree-comparison --sizes 3 --output results/v0.5-path-tree-comparison.csv,,1784966444,512,871,finite-colored-unit-grid-path-tree-comparison,ornaments;isolated-formal-boundary-points;line-segment-holes;point-holes;degenerate-formal-holes;general-polygon-input,binary-3x3-af,path-tree-comparison,"{""side"":3}",3,verified,,false,1,4,0,0,0,0,0,prepared-path-tree-input,0,1,0,0,0,1,,,,,0,,,0,0,,,,,0,0,2,0,0,0,1,,0,0,0,0,0,16,2,0,0,0,1,1,4,{},{},{},,{}
9c826593d98f5349fa1a9accd2089ee5c5746623,rustc 1.89.0 (29483883e 2025-08-04),/Users/kcn/Desktop/algorithm/target/release/rect-cli benchmark --suite path-tree-comparison --sizes 3 --output results/v0.5-path-tree-comparison.csv,,1784966444,512,871,finite-colored-unit-grid-path-tree-comparison,ornaments;isolated-formal-boundary-points;line-segment-holes;point-holes;degenerate-formal-holes;general-polygon-input,binary-3x3-b0,path-tree-comparison,"{""side"":3}",1,verified,,false,3,6,0,1,0,0,0,prepared-path-tree-input,0,1,0,1,0,4,,,,,0,,,0,0,,,,,0,0,2,0,0,0,2,,0,0,0,0,0,42,3,1,0,0,3,2,4,{},{},{},,{}
9c826593d98f5349fa1a9accd2089ee5c5746623,rustc 1.89.0 (29483883e 2025-08-04),/Users/kcn/Desktop/algorithm/target/release/rect-cli benchmark --suite path-tree-comparison --sizes 3 --output results/v0.5-path-tree-comparison.csv,,1784966444,512,871,finite-colored-unit-grid-path-tree-comparison,ornaments;isolated-formal-boundary-points;line-segment-holes;point-holes;degenerate-formal-holes;general-polygon-input,binary-3x3-b1,path-tree-comparison,"{""side"":3}",0,verified,,false,1,4,0,0,0,0,0,prepared-path-tree-input,0,1,0,0,0,1,,,,,0,,,0,0,,,,,0,0,2,0,0,0,1,,0,0,0,0,0,16,2,0,0,0,1,1,4,{},{},{},,{}
9c826593d98f5349fa1a9accd2089ee5c5746623,rustc 1.89.0 (29483883e 2025-08-04),/Users/kcn/Desktop/algorithm/target/release/rect-cli benchmark --suite path-tree-comparison --sizes 3 --output results/v0.5-path-tree-comparison.csv,,1784966444,512,871,finite-colored-unit-grid-path-tree-comparison,ornaments;isolated-formal-boundary-points;line-segment-holes;point-holes;degenerate-formal-holes;general-polygon-input,binary-3x3-b1,path-tree-comparison,"{""side"":3}",3,verified,,false,3,6,0,1,0,0,0,prepared-path-tree-input,0,1,0,1,0,4,,,,,0,,,0,0,,,,,0,0,2,0,0,0,2,,0,0,0,0,0,42,3,1,0,0,3,2,4,{},{},{},,{}
9c826593d98f5349fa1a9accd2089ee5c5746623,rustc 1.89.0 (29483883e 2025-08-04),/Users/kcn/Desktop/algorithm/target/release/rect-cli benchmark --suite path-tree-comparison --sizes 3 --output results/v0.5-path-tree-comparison.csv,,1784966444,512,871,finite-colored-unit-grid-path-tree-comparison,ornaments;isolated-formal-boundary-points;line-segment-holes;point-holes;degenerate-formal-holes;general-polygon-input,binary-3x3-b2,path-tree-comparison,"{""side"":3}",1,verified,,false,4,8,0,2,0,1,1,prepared-path-tree-input,0,1,0,1,0,6,,,,,0,,,0,0,0,1,,,0,0,3,1,0,0,2,,0,0,0,0,0,40,2,0,0,0,4,2,4,{},{},{},,{}
9c826593d98f5349fa1a9accd2089ee5c5746623,rustc 1.89.0 (29483883e 2025-08-04),/Users/kcn/Desktop/algorithm/target/release/rect-cli benchmark --suite path-tree-comparison --sizes 3 --output results/v0.5-path-tree-comparison.csv,,1784966444,512,871,finite-colored-unit-grid-path-tree-comparison,ornaments;isolated-formal-boundary-points;line-segment-holes;point-holes;degenerate-formal-holes;general-polygon-input,binary-3x3-b4,path-tree-comparison,"{""side"":3}",1,verified,,false,4,8,0,2,0,1,1,prepared-path-tree-input,0,1,0,1,0,6,,,,,0,,,0,0,0,1,,,0,0,3,1,0,0,2,,0,0,0,0,0,40,2,0,0,0,4,2,4,{},{},{},,{}
9c826593d98f5349fa1a9accd2089ee5c5746623,rustc 1.89.0 (29483883e 2025-08-04),/Users/kcn/Desktop/algorithm/target/release/rect-cli benchmark --suite path-tree-comparison --sizes 3 --output results/v0.5-path-tree-comparison.csv,,1784966444,512,871,finite-colored-unit-grid-path-tree-comparison,ornaments;isolated-formal-boundary-points;line-segment-holes;point-holes;degenerate-formal-holes;general-polygon-input,binary-3x3-b5,path-tree-comparison,"{""side"":3}",0,verified,,false,1,4,0,0,0,0,0,prepared-path-tree-input,0,1,0,0,0,1,,,,,0,,,0,0,,,,,0,0,2,0,0,0,1,,0,0,0,0,0,16,2,0,0,0,1,1,4,{},{},{},,{}
9c826593d98f5349fa1a9accd2089ee5c5746623,rustc 1.89.0 (29483883e 2025-08-04),/Users/kcn/Desktop/algorithm/target/release/rect-cli benchmark --suite path-tree-comparison --sizes 3 --output results/v0.5-path-tree-comparison.csv,,1784966444,512,871,finite-colored-unit-grid-path-tree-comparison,ornaments;isolated-formal-boundary-points;line-segment-holes;point-holes;degenerate-formal-holes;general-polygon-input,binary-3x3-b5,path-tree-comparison,"{""side"":3}",2,verified,,false,4,8,0,2,0,1,1,prepared-path-tree-input,0,1,0,1,0,6,,,,,0,,,0,0,0,1,,,0,0,3,1,0,0,2,,0,0,0,0,0,40,2,0,0,0,4,2,4,{},{},{},,{}
9c826593d98f5349fa1a9accd2089ee5c5746623,rustc 1.89.0 (29483883e 2025-08-04),/Users/kcn/Desktop/algorithm/target/release/rect-cli benchmark --suite path-tree-comparison --sizes 3 --output results/v0.5-path-tree-comparison.csv,,1784966444,512,871,finite-colored-unit-grid-path-tree-comparison,ornaments;isolated-formal-boundary-points;line-segment-holes;point-holes;degenerate-formal-holes;general-polygon-input,binary-3x3-b6,path-tree-comparison,"{""side"":3}",1,verified,,false,5,6,0,1,0,0,0,prepared-path-tree-input,0,1,0,1,0,6,,,,,0,,,0,0,,,,,0,0,2,0,0,0,2,,0,1,0,0,0,54,3,1,0,0,5,2,4,{},{},{},,{}
9c826593d98f5349fa1a9accd2089ee5c5746623,rustc 1.89.0 (29483883e 2025-08-04),/Users/kcn/Desktop/algorithm/target/release/rect-cli benchmark --suite path-tree-comparison --sizes 3 --output results/v0.5-path-tree-comparison.csv,,1784966444,512,871,finite-colored-unit-grid-path-tree-comparison,ornaments;isolated-formal-boundary-points;line-segment-holes;point-holes;degenerate-formal-holes;general-polygon-input,binary-3x3-b7,path-tree-comparison,"{""side"":3}",0,verified,,false,6,8,0,2,0,0,0,prepared-path-tree-input,0,1,0,2,0,9,,,,,0,,,0,0,,,,,0,0,2,0,0,0,3,,0,1,0,0,0,83,4,3,0,0,6,3,4,{},{},{},,{}
9c826593d98f5349fa1a9accd2089ee5c5746623,rustc 1.89.0 (29483883e 2025-08-04),/Users/kcn/Desktop/algorithm/target/release/rect-cli benchmark --suite path-tree-comparison --sizes 3 --output results/v0.5-path-tree-comparison.csv,,1784966444,512,871,finite-colored-unit-grid-path-tree-comparison,ornaments;isolated-formal-boundary-points;line-segment-holes;point-holes;degenerate-formal-holes;general-polygon-input,binary-3x3-b8,path-tree-comparison,"{""side"":3}",1,verified,,false,4,8,0,2,1,0,1,prepared-path-tree-input,0,1,0,2,0,6,,,,,0,,,0,0,0,1,,,0,0,3,1,0,0,2,,0,0,0,0,0,40,2,0,0,0,4,2,4,{},{},{},,{}
9c826593d98f5349fa1a9accd2089ee5c5746623,rustc 1.89.0 (29483883e 2025-08-04),/Users/kcn/Desktop/algorithm/target/release/rect-cli benchmark --suite path-tree-comparison --sizes 3 --output results/v0.5-path-tree-comparison.csv,,1784966444,512,871,finite-colored-unit-grid-path-tree-comparison,ornaments;isolated-formal-boundary-points;line-segment-holes;point-holes;degenerate-formal-holes;general-polygon-input,binary-3x3-bf,path-tree-comparison,"{""side"":3}",0,verified,,false,7,8,0,2,1,0,1,prepared-path-tree-input,0,1,0,2,0,9,,,,,0,,,0,0,0,1,,,0,0,3,1,0,0,2,,0,0,0,1,0,48,2,0,0,0,7,2,4,{},{},{},,{}
9c826593d98f5349fa1a9accd2089ee5c5746623,rustc 1.89.0 (29483883e 2025-08-04),/Users/kcn/Desktop/algorithm/target/release/rect-cli benchmark --suite path-tree-comparison --sizes 3 --output results/v0.5-path-tree-comparison.csv,,1784966444,512,871,finite-colored-unit-grid-path-tree-comparison,ornaments;isolated-formal-boundary-points;line-segment-holes;point-holes;degenerate-formal-holes;general-polygon-input,binary-3x3-c0,path-tree-comparison,"{""side"":3}",1,verified,,false,2,4,0,0,0,0,0,prepared-path-tree-input,0,1,0,1,0,2,,,,,0,,,0,0,,,,,0,0,2,0,0,0,1,,0,0,0,0,0,24,2,0,0,0,2,1,4,{},{},{},,{}
9c826593d98f5349fa1a9accd2089ee5c5746623,rustc 1.89.0 (29483883e 2025-08-04),/Users/kcn/Desktop/algorithm/target/release/rect-cli benchmark --suite path-tree-comparison --sizes 3 --output results/v0.5-path-tree-comparison.csv,,1784966444,512,871,finite-colored-unit-grid-path-tree-comparison,ornaments;isolated-formal-boundary-points;line-segment-holes;point-holes;degenerate-formal-holes;general-polygon-input,binary-3x3-c1,path-tree-comparison,"{""side"":3}",0,verified,,false,1,4,0,0,0,0,0,prepared-path-tree-input,0,1,0,0,0,1,,,,,0,,,0,0,,,,,0,0,2,0,0,0,1,,0,0,0,0,0,16,2,0,0,0,1,1,4,{},{},{},,{}
9c826593d98f5349fa1a9accd2089ee5c5746623,rustc 1.89.0 (29483883e 2025-08-04),/Users/kcn/Desktop/algorithm/target/release/rect-cli benchmark --suite path-tree-comparison --sizes 3 --output results/v0.5-path-tree-comparison.csv,,1784966444,512,871,finite-colored-unit-grid-path-tree-comparison,ornaments;isolated-formal-boundary-points;line-segment-holes;point-holes;degenerate-formal-holes;general-polygon-input,binary-3x3-c1,path-tree-comparison,"{""side"":3}",2,verified,,false,2,4,0,0,0,0,0,prepared-path-tree-input,0,1,0,1,0,2,,,,,0,,,0,0,,,,,0,0,2,0,0,0,1,,0,0,0,0,0,24,2,0,0,0,2,1,4,{},{},{},,{}
9c826593d98f5349fa1a9accd2089ee5c5746623,rustc 1.89.0 (29483883e 2025-08-04),/Users/kcn/Desktop/algorithm/target/release/rect-cli benchmark --suite path-tree-comparison --sizes 3 --output results/v0.5-path-tree-comparison.csv,,1784966444,512,871,finite-colored-unit-grid-path-tree-comparison,ornaments;isolated-formal-boundary-points;line-segment-holes;point-holes;degenerate-formal-holes;general-polygon-input,binary-3x3-c2,path-tree-comparison,"{""side"":3}",1,verified,,false,1,4,0,0,0,0,0,prepared-path-tree-input,0,1,0,0,0,1,,,,,0,,,0,0,,,,,0,0,2,0,0,0,1,,0,0,0,0,0,16,2,0,0,0,1,1,4,{},{},{},,{}
9c826593d98f5349fa1a9accd2089ee5c5746623,rustc 1.89.0 (29483883e 2025-08-04),/Users/kcn/Desktop/algorithm/target/release/rect-cli benchmark --suite path-tree-comparison --sizes 3 --output results/v0.5-path-tree-comparison.csv,,1784966444,512,871,finite-colored-unit-grid-path-tree-comparison,ornaments;isolated-formal-boundary-points;line-segment-holes;point-holes;degenerate-formal-holes;general-polygon-input,binary-3x3-c2,path-tree-comparison,"{""side"":3}",2,verified,,false,2,4,0,0,0,0,0,prepared-path-tree-input,0,1,0,1,0,2,,,,,0,,,0,0,,,,,0,0,2,0,0,0,1,,0,0,0,0,0,24,2,0,0,0,2,1,4,{},{},{},,{}
9c826593d98f5349fa1a9accd2089ee5c5746623,rustc 1.89.0 (29483883e 2025-08-04),/Users/kcn/Desktop/algorithm/target/release/rect-cli benchmark --suite path-tree-comparison --sizes 3 --output results/v0.5-path-tree-comparison.csv,,1784966444,512,871,finite-colored-unit-grid-path-tree-comparison,ornaments;isolated-formal-boundary-points;line-segment-holes;point-holes;degenerate-formal-holes;general-polygon-input,binary-3x3-c3,path-tree-comparison,"{""side"":3}",0,verified,,false,2,4,0,0,0,0,0,prepared-path-tree-input,0,1,0,7,0,2,,,,,0,,,0,0,,,,,0,0,2,0,0,0,1,,0,0,0,0,0,24,2,0,0,0,2,1,4,{},{},{},,{}
9c826593d98f5349fa1a9accd2089ee5c5746623,rustc 1.89.0 (29483883e 2025-08-04),/Users/kcn/Desktop/algorithm/target/release/rect-cli benchmark --suite path-tree-comparison --sizes 3 --output results/v0.5-path-tree-comparison.csv,,1784966444,512,871,finite-colored-unit-grid-path-tree-comparison,ornaments;isolated-formal-boundary-points;line-segment-holes;point-holes;degenerate-formal-holes;general-polygon-input,binary-3x3-c3,path-tree-comparison,"{""side"":3}",2,verified,,false,2,4,0,0,0,0,0,prepared-path-tree-input,0,1,0,1,0,2,,,,,0,,,0,0,,,,,0,0,2,0,0,0,1,,0,0,0,0,0,24,2,0,0,0,2,1,4,{},{},{},,{}
9c826593d98f5349fa1a9accd2089ee5c5746623,rustc 1.89.0 (29483883e 2025-08-04),/Users/kcn/Desktop/algorithm/target/release/rect-cli benchmark --suite path-tree-comparison --sizes 3 --output results/v0.5-path-tree-comparison.csv,,1784966444,512,871,finite-colored-unit-grid-path-tree-comparison,ornaments;isolated-formal-boundary-points;line-segment-holes;point-holes;degenerate-formal-holes;general-polygon-input,binary-3x3-c4,path-tree-comparison,"{""side"":3}",1,verified,,false,1,4,0,0,0,0,0,prepared-path-tree-input,0,1,0,0,0,1,,,,,0,,,0,0,,,,,0,0,2,0,0,0,1,,0,0,0,0,0,16,2,0,0,0,1,1,4,{},{},{},,{}
9c826593d98f5349fa1a9accd2089ee5c5746623,rustc 1.89.0 (29483883e 2025-08-04),/Users/kcn/Desktop/algorithm/target/release/rect-cli benchmark --suite path-tree-comparison --sizes 3 --output results/v0.5-path-tree-comparison.csv,,1784966444,512,871,finite-colored-unit-grid-path-tree-comparison,ornaments;isolated-formal-boundary-points;line-segment-holes;point-holes;degenerate-formal-holes;general-polygon-input,binary-3x3-c4,path-tree-comparison,"{""side"":3}",2,verified,,false,2,4,0,0,0,0,0,prepared-path-tree-input,0,1,0,1,0,2,,,,,0,,,0,0,,,,,0,0,2,0,0,0,1,,0,0,0,0,0,24,2,0,0,0,2,1,4,{},{},{},,{}
9c826593d98f5349fa1a9accd2089ee5c5746623,rustc 1.89.0 (29483883e 2025-08-04),/Users/kcn/Desktop/algorithm/target/release/rect-cli benchmark --suite path-tree-comparison --sizes 3 --output results/v0.5-path-tree-comparison.csv,,1784966444,512,871,finite-colored-unit-grid-path-tree-comparison,ornaments;isolated-formal-boundary-points;line-segment-holes;point-holes;degenerate-formal-holes;general-polygon-input,binary-3x3-c5,path-tree-comparison,"{""side"":3}",0,verified,,false,1,4,0,0,0,0,0,prepared-path-tree-input,0,1,0,0,0,1,,,,,0,,,0,0,,,,,0,0,2,0,0,0,1,,0,0,0,0,0,16,2,0,0,0,1,1,4,{},{},{},,{}
9c826593d98f5349fa1a9accd2089ee5c5746623,rustc 1.89.0 (29483883e 2025-08-04),/Users/kcn/Desktop/algorithm/target/release/rect-cli benchmark --suite path-tree-comparison --sizes 3 --output results/v0.5-path-tree-comparison.csv,,1784966444,512,871,finite-colored-unit-grid-path-tree-comparison,ornaments;isolated-formal-boundary-points;line-segment-holes;point-holes;degenerate-formal-holes;general-polygon-input,binary-3x3-c5,path-tree-comparison,"{""side"":3}",2,verified,,false,1,4,0,0,0,0,0,prepared-path-tree-input,0,1,0,0,0,1,,,,,0,,,0,0,,,,,0,0,2,0,0,0,1,,0,0,0,0,0,16,2,0,0,0,1,1,4,{},{},{},,{}
9c826593d98f5349fa1a9accd2089ee5c5746623,rustc 1.89.0 (29483883e 2025-08-04),/Users/kcn/Desktop/algorithm/target/release/rect-cli benchmark --suite path-tree-comparison --sizes 3 --output results/v0.5-path-tree-comparison.csv,,1784966444,512,871,finite-colored-unit-grid-path-tree-comparison,ornaments;isolated-formal-boundary-points;line-segment-holes;point-holes;degenerate-formal-holes;general-polygon-input,binary-3x3-c5,path-tree-comparison,"{""side"":3}",3,verified,,false,2,4,0,0,0,0,0,prepared-path-tree-input,0,1,0,1,0,2,,,,,0,,,0,0,,,,,0,0,2,0,0,0,1,,0,0,0,0,0,24,2,0,0,0,2,1,4,{},{},{},,{}
9c826593d98f5349fa1a9accd2089ee5c5746623,rustc 1.89.0 (29483883e 2025-08-04),/Users/kcn/Desktop/algorithm/target/release/rect-cli benchmark --suite path-tree-comparison --sizes 3 --output results/v0.5-path-tree-comparison.csv,,1784966444,512,871,finite-colored-unit-grid-path-tree-comparison,ornaments;isolated-formal-boundary-points;line-segment-holes;point-holes;degenerate-formal-holes;general-polygon-input,binary-3x3-c6,path-tree-comparison,"{""side"":3}",1,verified,,false,2,4,0,0,0,0,0,prepared-path-tree-input,0,1,0,1,0,2,,,,,0,,,0,0,,,,,0,0,2,0,0,0,1,,0,0,0,0,0,24,2,0,0,0,2,1,4,{},{},{},,{}
9c826593d98f5349fa1a9accd2089ee5c5746623,rustc 1.89.0 (29483883e 2025-08-04),/Users/kcn/Desktop/algorithm/target/release/rect-cli benchmark --suite path-tree-comparison --sizes 3 --output results/v0.5-path-tree-comparison.csv,,1784966444,512,871,finite-colored-unit-grid-path-tree-comparison,ornaments;isolated-formal-boundary-points;line-segment-holes;point-holes;degenerate-formal-holes;general-polygon-input,binary-3x3-c6,path-tree-comparison,"{""side"":3}",2,verified,,false,2,4,0,0,0,0,0,prepared-path-tree-input,0,1,0,1,0,2,,,,,0,,,0,0,,,,,0,0,2,0,0,0,1,,0,0,0,0,0,24,2,0,0,0,2,1,4,{},{},{},,{}
9c826593d98f5349fa1a9accd2089ee5c5746623,rustc 1.89.0 (29483883e 2025-08-04),/Users/kcn/Desktop/algorithm/target/release/rect-cli benchmark --suite path-tree-comparison --sizes 3 --output results/v0.5-path-tree-comparison.csv,,1784966444,512,871,finite-colored-unit-grid-path-tree-comparison,ornaments;isolated-formal-boundary-points;line-segment-holes;point-holes;degenerate-formal-holes;general-polygon-input,binary-3x3-c7,path-tree-comparison,"{""side"":3}",0,verified,,false,3,4,0,0,0,0,0,prepared-path-tree-input,0,1,0,1,0,3,,,,,0,,,0,0,,,,,0,0,2,0,0,0,1,,0,0,0,0,0,32,2,0,0,0,3,1,4,{},{},{},,{}
9c826593d98f5349fa1a9accd2089ee5c5746623,rustc 1.89.0 (29483883e 2025-08-04),/Users/kcn/Desktop/algorithm/target/release/rect-cli benchmark --suite path-tree-comparison --sizes 3 --output results/v0.5-path-tree-comparison.csv,,1784966444,512,871,finite-colored-unit-grid-path-tree-comparison,ornaments;isolated-formal-boundary-points;line-segment-holes;point-holes;degenerate-formal-holes;general-polygon-input,binary-3x3-c7,path-tree-comparison,"{""side"":3}",2,verified,,false,2,4,0,0,0,0,0,prepared-path-tree-input,0,1,0,1,0,2,,,,,0,,,0,0,,,,,0,0,2,0,0,0,1,,0,0,0,0,0,24,2,0,0,0,2,1,4,{},{},{},,{}
9c826593d98f5349fa1a9accd2089ee5c5746623,rustc 1.89.0 (29483883e 2025-08-04),/Users/kcn/Desktop/algorithm/target/release/rect-cli benchmark --suite path-tree-comparison --sizes 3 --output results/v0.5-path-tree-comparison.csv,,1784966444,512,871,finite-colored-unit-grid-path-tree-comparison,ornaments;isolated-formal-boundary-points;line-segment-holes;point-holes;degenerate-formal-holes;general-polygon-input,binary-3x3-c8,path-tree-comparison,"{""side"":3}",1,verified,,false,3,6,0,1,0,0,0,prepared-path-tree-input,0,1,0,1,0,4,,,,,0,,,0,0,,,,,0,0,2,0,0,0,2,,0,0,0,0,0,40,3,1,0,0,3,2,4,{},{},{},,{}
9c826593d98f5349fa1a9accd2089ee5c5746623,rustc 1.89.0 (29483883e 2025-08-04),/Users/kcn/Desktop/algorithm/target/release/rect-cli benchmark --suite path-tree-comparison --sizes 3 --output results/v0.5-path-tree-comparison.csv,,1784966444,512,871,finite-colored-unit-grid-path-tree-comparison,ornaments;isolated-formal-boundary-points;line-segment-holes;point-holes;degenerate-formal-holes;general-polygon-input,binary-3x3-c9,path-tree-comparison,"{""side"":3}",0,verified,,false,4,6,0,1,0,0,0,prepared-path-tree-input,0,1,0,2,0,6,,,,,0,,,0,0,,,,,0,0,2,0,0,0,2,,0,0,0,0,0,52,3,1,0,0,4,2,4,{},{},{},,{}
9c826593d98f5349fa1a9accd2089ee5c5746623,rustc 1.89.0 (29483883e 2025-08-04),/Users/kcn/Desktop/algorithm/target/release/rect-cli benchmark --suite path-tree-comparison --sizes 3 --output results/v0.5-path-tree-comparison.csv,,1784966444,512,871,finite-colored-unit-grid-path-tree-comparison,ornaments;isolated-formal-boundary-points;line-segment-holes;point-holes;degenerate-formal-holes;general-polygon-input,binary-3x3-ca,path-tree-comparison,"{""side"":3}",1,verified,,false,1,4,0,0,0,0,0,prepared-path-tree-input,0,1,0,0,0,1,,,,,0,,,0,0,,,,,0,0,2,0,0,0,1,,0,0,0,0,0,16,2,0,0,0,1,1,4,{},{},{},,{}
9c826593d98f5349fa1a9accd2089ee5c5746623,rustc 1.89.0 (29483883e 2025-08-04),/Users/kcn/Desktop/algorithm/target/release/rect-cli benchmark --suite path-tree-comparison --sizes 3 --output results/v0.5-path-tree-comparison.csv,,1784966444,512,871,finite-colored-unit-grid-path-tree-comparison,ornaments;isolated-formal-boundary-points;line-segment-holes;point-holes;degenerate-formal-holes;general-polygon-input,binary-3x3-ca,path-tree-comparison,"{""side"":3}",3,verified,,false,3,6,0,1,0,0,0,prepared-path-tree-input,0,1,0,1,0,4,,,,,0,,,0,0,,,,,0,0,2,0,0,0,2,,0,0,0,0,0,40,3,1,0,0,3,2,4,{},{},{},,{}
9c826593d98f5349fa1a9accd2089ee5c5746623,rustc 1.89.0 (29483883e 2025-08-04),/Users/kcn/Desktop/algorithm/target/release/rect-cli benchmark --suite path-tree-comparison --sizes 3 --output results/v0.5-path-tree-comparison.csv,,1784966444,512,871,finite-colored-unit-grid-path-tree-comparison,ornaments;isolated-formal-boundary-points;line-segment-holes;point-holes;degenerate-formal-holes;general-polygon-input,binary-3x3-cb,path-tree-comparison,"{""side"":3}",0,verified,,false,5,8,0,2,0,0,0,prepared-path-tree-input,0,1,0,2,0,6,,,,,0,,,0,0,,,,,0,0,2,0,0,0,3,,0,1,0,0,0,74,4,2,0,0,5,3,4,{},{},{},,{}
9c826593d98f5349fa1a9accd2089ee5c5746623,rustc 1.89.0 (29483883e 2025-08-04),/Users/kcn/Desktop/algorithm/target/release/rect-cli benchmark --suite path-tree-comparison --sizes 3 --output results/v0.5-path-tree-comparison.csv,,1784966444,512,871,finite-colored-unit-grid-path-tree-comparison,ornaments;isolated-formal-boundary-points;line-segment-holes;point-holes;degenerate-formal-holes;general-polygon-input,binary-3x3-cc,path-tree-comparison,"{""side"":3}",1,verified,,false,1,4,0,0,0,0,0,prepared-path-tree-input,0,1,0,0,0,1,,,,,0,,,0,0,,,,,0,0,2,0,0,0,1,,0,0,0,0,0,16,2,0,0,0,1,1,4,{},{},{},,{}
9c826593d98f5349fa1a9accd2089ee5c5746623,rustc 1.89.0 (29483883e 2025-08-04),/Users/kcn/Desktop/algorithm/target/release/rect-cli benchmark --suite path-tree-comparison --sizes 3 --output results/v0.5-path-tree-comparison.csv,,1784966444,512,871,finite-colored-unit-grid-path-tree-comparison,ornaments;isolated-formal-boundary-points;line-segment-holes;point-holes;degenerate-formal-holes;general-polygon-input,binary-3x3-cc,path-tree-comparison,"{""side"":3}",2,verified,,false,3,6,0,1,0,0,0,prepared-path-tree-input,0,1,0,1,0,4,,,,,0,,,0,0,,,,,0,0,2,0,0,0,2,,0,0,0,0,0,40,3,1,0,0,3,2,4,{},{},{},,{}
9c826593d98f5349fa1a9accd2089ee5c5746623,rustc 1.89.0 (29483883e 2025-08-04),/Users/kcn/Desktop/algorithm/target/release/rect-cli benchmark --suite path-tree-comparison --sizes 3 --output results/v0.5-path-tree-comparison.csv,,1784966444,512,871,finite-colored-unit-grid-path-tree-comparison,ornaments;isolated-formal-boundary-points;line-segment-holes;point-holes;degenerate-formal-holes;general-polygon-input,binary-3x3-cd,path-tree-comparison,"{""side"":3}",0,verified,,false,4,6,0,1,0,0,0,prepared-path-tree-input,0,1,0,1,0,6,,,,,0,,,0,0,,,,,0,0,2,0,0,0,2,,0,0,0,0,0,52,3,1,0,0,4,2,4,{},{},{},,{}
9c826593d98f5349fa1a9accd2089ee5c5746623,rustc 1.89.0 (29483883e 2025-08-04),/Users/kcn/Desktop/algorithm/target/release/rect-cli benchmark --suite path-tree-comparison --sizes 3 --output results/v0.5-path-tree-comparison.csv,,1784966444,512,871,finite-colored-unit-grid-path-tree-comparison,ornaments;isolated-formal-boundary-points;line-segment-holes;point-holes;degenerate-formal-holes;general-polygon-input,binary-3x3-cd,path-tree-comparison,"{""side"":3}",2,verified,,false,1,4,0,0,0,0,0,prepared-path-tree-input,0,1,0,0,0,1,,,,,0,,,0,0,,,,,0,0,2,0,0,0,1,,0,0,0,0,0,16,2,0,0,0,1,1,4,{},{},{},,{}
9c826593d98f5349fa1a9accd2089ee5c5746623,rustc 1.89.0 (29483883e 2025-08-04),/Users/kcn/Desktop/algorithm/target/release/rect-cli benchmark --suite path-tree-comparison --sizes 3 --output results/v0.5-path-tree-comparison.csv,,1784966444,512,871,finite-colored-unit-grid-path-tree-comparison,ornaments;isolated-formal-boundary-points;line-segment-holes;point-holes;degenerate-formal-holes;general-polygon-input,binary-3x3-ce,path-tree-comparison,"{""side"":3}",1,verified,,false,2,4,0,0,0,0,0,prepared-path-tree-input,0,1,0,1,0,2,,,,,0,,,0,0,,,,,0,0,2,0,0,0,1,,0,0,0,0,0,24,2,0,0,0,2,1,4,{},{},{},,{}
9c826593d98f5349fa1a9accd2089ee5c5746623,rustc 1.89.0 (29483883e 2025-08-04),/Users/kcn/Desktop/algorithm/target/release/rect-cli benchmark --suite path-tree-comparison --sizes 3 --output results/v0.5-path-tree-comparison.csv,,1784966444,512,871,finite-colored-unit-grid-path-tree-comparison,ornaments;isolated-formal-boundary-points;line-segment-holes;point-holes;degenerate-formal-holes;general-polygon-input,binary-3x3-ce,path-tree-comparison,"{""side"":3}",2,verified,,false,3,6,0,1,0,0,0,prepared-path-tree-input,0,1,0,1,0,4,,,,,0,,,0,0,,,,,0,0,2,0,0,0,2,,0,0,0,0,0,40,3,1,0,0,3,2,4,{},{},{},,{}
9c826593d98f5349fa1a9accd2089ee5c5746623,rustc 1.89.0 (29483883e 2025-08-04),/Users/kcn/Desktop/algorithm/target/release/rect-cli benchmark --suite path-tree-comparison --sizes 3 --output results/v0.5-path-tree-comparison.csv,,1784966444,512,871,finite-colored-unit-grid-path-tree-comparison,ornaments;isolated-formal-boundary-points;line-segment-holes;point-holes;degenerate-formal-holes;general-polygon-input,binary-3x3-cf,path-tree-comparison,"{""side"":3}",0,verified,,false,6,8,0,2,0,0,0,prepared-path-tree-input,0,1,0,3,0,9,,,,,0,,,0,0,,,,,0,0,2,0,0,0,3,,0,1,0,1,0,88,4,2,0,0,6,3,4,{},{},{},,{}
9c826593d98f5349fa1a9accd2089ee5c5746623,rustc 1.89.0 (29483883e 2025-08-04),/Users/kcn/Desktop/algorithm/target/release/rect-cli benchmark --suite path-tree-comparison --sizes 3 --output results/v0.5-path-tree-comparison.csv,,1784966444,512,871,finite-colored-unit-grid-path-tree-comparison,ornaments;isolated-formal-boundary-points;line-segment-holes;point-holes;degenerate-formal-holes;general-polygon-input,binary-3x3-d0,path-tree-comparison,"{""side"":3}",1,verified,,false,3,6,0,1,0,0,0,prepared-path-tree-input,0,1,0,1,0,4,,,,,0,,,0,0,,,,,0,0,2,0,0,0,2,,0,0,0,0,0,39,3,1,0,0,3,2,4,{},{},{},,{}
9c826593d98f5349fa1a9accd2089ee5c5746623,rustc 1.89.0 (29483883e 2025-08-04),/Users/kcn/Desktop/algorithm/target/release/rect-cli benchmark --suite path-tree-comparison --sizes 3 --output results/v0.5-path-tree-comparison.csv,,1784966444,512,871,finite-colored-unit-grid-path-tree-comparison,ornaments;isolated-formal-boundary-points;line-segment-holes;point-holes;degenerate-formal-holes;general-polygon-input,binary-3x3-d1,path-tree-comparison,"{""side"":3}",0,verified,,false,1,4,0,0,0,0,0,prepared-path-tree-input,0,1,0,0,0,1,,,,,0,,,0,0,,,,,0,0,2,0,0,0,1,,0,0,0,0,0,16,2,0,0,0,1,1,4,{},{},{},,{}
9c826593d98f5349fa1a9accd2089ee5c5746623,rustc 1.89.0 (29483883e 2025-08-04),/Users/kcn/Desktop/algorithm/target/release/rect-cli benchmark --suite path-tree-comparison --sizes 3 --output results/v0.5-path-tree-comparison.csv,,1784966444,512,871,finite-colored-unit-grid-path-tree-comparison,ornaments;isolated-formal-boundary-points;line-segment-holes;point-holes;degenerate-formal-holes;general-polygon-input,binary-3x3-d1,path-tree-comparison,"{""side"":3}",3,verified,,false,3,6,0,1,0,0,0,prepared-path-tree-input,0,1,0,1,0,4,,,,,0,,,0,0,,,,,0,0,2,0,0,0,2,,0,0,0,0,0,39,3,1,0,0,3,2,4,{},{},{},,{}
9c826593d98f5349fa1a9accd2089ee5c5746623,rustc 1.89.0 (29483883e 2025-08-04),/Users/kcn/Desktop/algorithm/target/release/rect-cli benchmark --suite path-tree-comparison --sizes 3 --output results/v0.5-path-tree-comparison.csv,,1784966444,512,871,finite-colored-unit-grid-path-tree-comparison,ornaments;isolated-formal-boundary-points;line-segment-holes;point-holes;degenerate-formal-holes;general-polygon-input,binary-3x3-d2,path-tree-comparison,"{""side"":3}",1,verified,,false,4,6,0,1,0,0,0,prepared-path-tree-input,0,1,0,1,0,6,,,,,0,,,0,0,,,,,0,0,2,0,0,0,2,,0,0,0,0,0,51,3,1,0,0,4,2,4,{},{},{},,{}
9c826593d98f5349fa1a9accd2089ee5c5746623,rustc 1.89.0 (29483883e 2025-08-04),/Users/kcn/Desktop/algorithm/target/release/rect-cli benchmark --suite path-tree-comparison --sizes 3 --output results/v0.5-path-tree-comparison.csv,,1784966444,512,871,finite-colored-unit-grid-path-tree-comparison,ornaments;isolated-formal-boundary-points;line-segment-holes;point-holes;degenerate-formal-holes;general-polygon-input,binary-3x3-d3,path-tree-comparison,"{""side"":3}",0,verified,,false,5,8,0,2,0,0,0,prepared-path-tree-input,0,1,0,2,0,6,,,,,0,,,0,0,,,,,0,0,2,0,0,0,3,,0,1,0,0,0,72,4,2,0,0,5,3,4,{},{},{},,{}
9c826593d98f5349fa1a9accd2089ee5c5746623,rustc 1.89.0 (29483883e 2025-08-04),/Users/kcn/Desktop/algorithm/target/release/rect-cli benchmark --suite path-tree-comparison --sizes 3 --output results/v0.5-path-tree-comparison.csv,,1784966444,512,871,finite-colored-unit-grid-path-tree-comparison,ornaments;isolated-formal-boundary-points;line-segment-holes;point-holes;degenerate-formal-holes;general-polygon-input,binary-3x3-d4,path-tree-comparison,"{""side"":3}",1,verified,,false,1,4,0,0,0,0,0,prepared-path-tree-input,0,1,0,0,0,1,,,,,0,,,0,0,,,,,0,0,2,0,0,0,1,,0,0,0,0,0,16,2,0,0,0,1,1,4,{},{},{},,{}
9c826593d98f5349fa1a9accd2089ee5c5746623,rustc 1.89.0 (29483883e 2025-08-04),/Users/kcn/Desktop/algorithm/target/release/rect-cli benchmark --suite path-tree-comparison --sizes 3 --output results/v0.5-path-tree-comparison.csv,,1784966444,512,871,finite-colored-unit-grid-path-tree-comparison,ornaments;isolated-formal-boundary-points;line-segment-holes;point-holes;degenerate-formal-holes;general-polygon-input,binary-3x3-d4,path-tree-comparison,"{""side"":3}",2,verified,,false,3,6,0,1,0,0,0,prepared-path-tree-input,0,1,0,1,0,4,,,,,0,,,0,0,,,,,0,0,2,0,0,0,2,,0,0,0,0,0,39,3,1,0,0,3,2,4,{},{},{},,{}
9c826593d98f5349fa1a9accd2089ee5c5746623,rustc 1.89.0 (29483883e 2025-08-04),/Users/kcn/Desktop/algorithm/target/release/rect-cli benchmark --suite path-tree-comparison --sizes 3 --output results/v0.5-path-tree-comparison.csv,,1784966444,512,871,finite-colored-unit-grid-path-tree-comparison,ornaments;isolated-formal-boundary-points;line-segment-holes;point-holes;degenerate-formal-holes;general-polygon-input,binary-3x3-d5,path-tree-comparison,"{""side"":3}",0,verified,,false,1,4,0,0,0,0,0,prepared-path-tree-input,0,1,0,0,0,1,,,,,0,,,0,0,,,,,0,0,2,0,0,0,1,,0,0,0,0,0,16,2,0,0,0,1,1,4,{},{},{},,{}
9c826593d98f5349fa1a9accd2089ee5c5746623,rustc 1.89.0 (29483883e 2025-08-04),/Users/kcn/Desktop/algorithm/target/release/rect-cli benchmark --suite path-tree-comparison --sizes 3 --output results/v0.5-path-tree-comparison.csv,,1784966444,512,871,finite-colored-unit-grid-path-tree-comparison,ornaments;isolated-formal-boundary-points;line-segment-holes;point-holes;degenerate-formal-holes;general-polygon-input,binary-3x3-d5,path-tree-comparison,"{""side"":3}",2,verified,,false,1,4,0,0,0,0,0,prepared-path-tree-input,0,1,0,0,0,1,,,,,0,,,0,0,,,,,0,0,2,0,0,0,1,,0,0,0,0,0,16,2,0,0,0,1,1,4,{},{},{},,{}
9c826593d98f5349fa1a9accd2089ee5c5746623,rustc 1.89.0 (29483883e 2025-08-04),/Users/kcn/Desktop/algorithm/target/release/rect-cli benchmark --suite path-tree-comparison --sizes 3 --output results/v0.5-path-tree-comparison.csv,,1784966444,512,871,finite-colored-unit-grid-path-tree-comparison,ornaments;isolated-formal-boundary-points;line-segment-holes;point-holes;degenerate-formal-holes;general-polygon-input,binary-3x3-d5,path-tree-comparison,"{""side"":3}",4,verified,,false,3,6,0,1,0,0,0,prepared-path-tree-input,0,1,0,1,0,4,,,,,0,,,0,0,,,,,0,0,2,0,0,0,2,,0,0,0,0,0,39,3,1,0,0,3,2,4,{},{},{},,{}
9c826593d98f5349fa1a9accd2089ee5c5746623,rustc 1.89.0 (29483883e 2025-08-04),/Users/kcn/Desktop/algorithm/target/release/rect-cli benchmark --suite path-tree-comparison --sizes 3 --output results/v0.5-path-tree-comparison.csv,,1784966444,512,871,finite-colored-unit-grid-path-tree-comparison,ornaments;isolated-formal-boundary-points;line-segment-holes;point-holes;degenerate-formal-holes;general-polygon-input,binary-3x3-d6,path-tree-comparison,"{""side"":3}",1,verified,,false,5,8,0,2,0,0,0,prepared-path-tree-input,0,1,0,2,0,9,,,,,0,,,0,0,,,,,0,0,2,0,0,0,3,,0,1,0,0,0,73,4,2,0,0,5,3,4,{},{},{},,{}
9c826593d98f5349fa1a9accd2089ee5c5746623,rustc 1.89.0 (29483883e 2025-08-04),/Users/kcn/Desktop/algorithm/target/release/rect-cli benchmark --suite path-tree-comparison --sizes 3 --output results/v0.5-path-tree-comparison.csv,,1784966444,512,871,finite-colored-unit-grid-path-tree-comparison,ornaments;isolated-formal-boundary-points;line-segment-holes;point-holes;degenerate-formal-holes;general-polygon-input,binary-3x3-d7,path-tree-comparison,"{""side"":3}",0,verified,,false,6,10,0,3,1,0,1,prepared-path-tree-input,0,1,0,2,0,9,,,,,0,,,0,0,0,1,,,0,0,3,1,0,0,3,,0,0,0,0,0,75,3,1,0,0,6,3,4,{},{},{},,{}
9c826593d98f5349fa1a9accd2089ee5c5746623,rustc 1.89.0 (29483883e 2025-08-04),/Users/kcn/Desktop/algorithm/target/release/rect-cli benchmark --suite path-tree-comparison --sizes 3 --output results/v0.5-path-tree-comparison.csv,,1784966444,512,871,finite-colored-unit-grid-path-tree-comparison,ornaments;isolated-formal-boundary-points;line-segment-holes;point-holes;degenerate-formal-holes;general-polygon-input,binary-3x3-d8,path-tree-comparison,"{""side"":3}",1,verified,,false,4,4,0,0,0,0,0,prepared-path-tree-input,0,1,0,1,0,4,,,,,0,,,0,0,,,,,0,0,2,0,0,0,1,,0,0,0,0,0,32,2,0,0,0,4,1,4,{},{},{},,{}
9c826593d98f5349fa1a9accd2089ee5c5746623,rustc 1.89.0 (29483883e 2025-08-04),/Users/kcn/Desktop/algorithm/target/release/rect-cli benchmark --suite path-tree-comparison --sizes 3 --output results/v0.5-path-tree-comparison.csv,,1784966444,512,871,finite-colored-unit-grid-path-tree-comparison,ornaments;isolated-formal-boundary-points;line-segment-holes;point-holes;degenerate-formal-holes;general-polygon-input,binary-3x3-d9,path-tree-comparison,"{""side"":3}",0,verified,,false,5,6,0,1,0,0,0,prepared-path-tree-input,0,1,0,2,0,6,,,,,0,,,0,0,,,,,0,0,2,0,0,0,2,,0,0,0,0,0,48,3,1,0,0,5,2,4,{},{},{},,{}
9c826593d98f5349fa1a9accd2089ee5c5746623,rustc 1.89.0 (29483883e 2025-08-04),/Users/kcn/Desktop/algorithm/target/release/rect-cli benchmark --suite path-tree-comparison --sizes 3 --output results/v0.5-path-tree-comparison.csv,,1784966444,512,871,finite-colored-unit-grid-path-tree-comparison,ornaments;isolated-formal-boundary-points;line-segment-holes;point-holes;degenerate-formal-holes;general-polygon-input,binary-3x3-da,path-tree-comparison,"{""side"":3}",1,verified,,false,5,6,0,1,0,0,0,prepared-path-tree-input,0,1,0,2,0,6,,,,,0,,,0,0,,,,,0,0,2,0,0,0,2,,0,0,0,0,0,47,3,1,0,0,5,2,4,{},{},{},,{}
9c826593d98f5349fa1a9accd2089ee5c5746623,rustc 1.89.0 (29483883e 2025-08-04),/Users/kcn/Desktop/algorithm/target/release/rect-cli benchmark --suite path-tree-comparison --sizes 3 --output results/v0.5-path-tree-comparison.csv,,1784966444,512,871,finite-colored-unit-grid-path-tree-comparison,ornaments;isolated-formal-boundary-points;line-segment-holes;point-holes;degenerate-formal-holes;general-polygon-input,binary-3x3-db,path-tree-comparison,"{""side"":3}",0,verified,,false,6,4,0,0,0,0,0,prepared-path-tree-input,0,1,0,2,0,6,,,,,0,,,0,0,,,,,0,0,2,0,0,0,1,,0,0,0,0,0,40,2,0,0,0,6,1,4,{},{},{},,{}
9c826593d98f5349fa1a9accd2089ee5c5746623,rustc 1.89.0 (29483883e 2025-08-04),/Users/kcn/Desktop/algorithm/target/release/rect-cli benchmark --suite path-tree-comparison --sizes 3 --output results/v0.5-path-tree-comparison.csv,,1784966444,512,871,finite-colored-unit-grid-path-tree-comparison,ornaments;isolated-formal-boundary-points;line-segment-holes;point-holes;degenerate-formal-holes;general-polygon-input,binary-3x3-dc,path-tree-comparison,"{""side"":3}",1,verified,,false,1,4,0,0,0,0,0,prepared-path-tree-input,0,1,0,0,0,1,,,,,0,,,0,0,,,,,0,0,2,0,0,0,1,,0,0,0,0,0,16,2,0,0,0,1,1,4,{},{},{},,{}
9c826593d98f5349fa1a9accd2089ee5c5746623,rustc 1.89.0 (29483883e 2025-08-04),/Users/kcn/Desktop/algorithm/target/release/rect-cli benchmark --suite path-tree-comparison --sizes 3 --output results/v0.5-path-tree-comparison.csv,,1784966444,512,871,finite-colored-unit-grid-path-tree-comparison,ornaments;isolated-formal-boundary-points;line-segment-holes;point-holes;degenerate-formal-holes;general-polygon-input,binary-3x3-dc,path-tree-comparison,"{""side"":3}",2,verified,,false,4,4,0,0,0,0,0,prepared-path-tree-input,0,1,0,1,0,4,,,,,0,,,0,0,,,,,0,0,2,0,0,0,1,,0,0,0,0,0,32,2,0,0,0,4,1,4,{},{},{},,{}
9c826593d98f5349fa1a9accd2089ee5c5746623,rustc 1.89.0 (29483883e 2025-08-04),/Users/kcn/Desktop/algorithm/target/release/rect-cli benchmark --suite path-tree-comparison --sizes 3 --output results/v0.5-path-tree-comparison.csv,,1784966444,512,871,finite-colored-unit-grid-path-tree-comparison,ornaments;isolated-formal-boundary-points;line-segment-holes;point-holes;degenerate-formal-holes;general-polygon-input,binary-3x3-dd,path-tree-comparison,"{""side"":3}",0,verified,,false,5,6,0,1,0,0,0,prepared-path-tree-input,0,1,0,1,0,6,,,,,0,,,0,0,,,,,0,0,2,0,0,0,2,,0,0,0,0,0,48,3,1,0,0,5,2,4,{},{},{},,{}
9c826593d98f5349fa1a9accd2089ee5c5746623,rustc 1.89.0 (29483883e 2025-08-04),/Users/kcn/Desktop/algorithm/target/release/rect-cli benchmark --suite path-tree-comparison --sizes 3 --output results/v0.5-path-tree-comparison.csv,,1784966444,512,871,finite-colored-unit-grid-path-tree-comparison,ornaments;isolated-formal-boundary-points;line-segment-holes;point-holes;degenerate-formal-holes;general-polygon-input,binary-3x3-dd,path-tree-comparison,"{""side"":3}",2,verified,,false,1,4,0,0,0,0,0,prepared-path-tree-input,0,1,0,0,0,1,,,,,0,,,0,0,,,,,0,0,2,0,0,0,1,,0,0,0,0,0,16,2,0,0,0,1,1,4,{},{},{},,{}
9c826593d98f5349fa1a9accd2089ee5c5746623,rustc 1.89.0 (29483883e 2025-08-04),/Users/kcn/Desktop/algorithm/target/release/rect-cli benchmark --suite path-tree-comparison --sizes 3 --output results/v0.5-path-tree-comparison.csv,,1784966444,512,871,finite-colored-unit-grid-path-tree-comparison,ornaments;isolated-formal-boundary-points;line-segment-holes;point-holes;degenerate-formal-holes;general-polygon-input,binary-3x3-de,path-tree-comparison,"{""side"":3}",1,verified,,false,6,8,0,2,1,0,1,prepared-path-tree-input,0,1,0,2,0,9,,,,,0,,,0,0,0,1,,,0,0,3,1,0,0,2,,0,0,0,0,0,48,2,0,0,0,6,2,4,{},{},{},,{}
9c826593d98f5349fa1a9accd2089ee5c5746623,rustc 1.89.0 (29483883e 2025-08-04),/Users/kcn/Desktop/algorithm/target/release/rect-cli benchmark --suite path-tree-comparison --sizes 3 --output results/v0.5-path-tree-comparison.csv,,1784966444,512,871,finite-colored-unit-grid-path-tree-comparison,ornaments;isolated-formal-boundary-points;line-segment-holes;point-holes;degenerate-formal-holes;general-polygon-input,binary-3x3-df,path-tree-comparison,"{""side"":3}",0,verified,,false,7,6,0,1,0,0,0,prepared-path-tree-input,0,1,0,2,0,9,,,,,0,,,0,0,,,,,0,0,2,0,0,0,2,,0,0,0,1,0,64,3,2,0,0,7,2,4,{},{},{},,{}
9c826593d98f5349fa1a9accd2089ee5c5746623,rustc 1.89.0 (29483883e 2025-08-04),/Users/kcn/Desktop/algorithm/target/release/rect-cli benchmark --suite path-tree-comparison --sizes 3 --output results/v0.5-path-tree-comparison.csv,,1784966444,512,871,finite-colored-unit-grid-path-tree-comparison,ornaments;isolated-formal-boundary-points;line-segment-holes;point-holes;degenerate-formal-holes;general-polygon-input,binary-3x3-e0,path-tree-comparison,"{""side"":3}",1,verified,,false,1,4,0,0,0,0,0,prepared-path-tree-input,0,1,0,0,0,1,,,,,0,,,0,0,,,,,0,0,2,0,0,0,1,,0,0,0,0,0,16,2,0,0,0,1,1,4,{},{},{},,{}
9c826593d98f5349fa1a9accd2089ee5c5746623,rustc 1.89.0 (29483883e 2025-08-04),/Users/kcn/Desktop/algorithm/target/release/rect-cli benchmark --suite path-tree-comparison --sizes 3 --output results/v0.5-path-tree-comparison.csv,,1784966444,512,871,finite-colored-unit-grid-path-tree-comparison,ornaments;isolated-formal-boundary-points;line-segment-holes;point-holes;degenerate-formal-holes;general-polygon-input,binary-3x3-e0,path-tree-comparison,"{""side"":3}",2,verified,,false,2,4,0,0,0,0,0,prepared-path-tree-input,0,1,0,1,0,2,,,,,0,,,0,0,,,,,0,0,2,0,0,0,1,,0,0,0,0,0,24,2,0,0,0,2,1,4,{},{},{},,{}
9c826593d98f5349fa1a9accd2089ee5c5746623,rustc 1.89.0 (29483883e 2025-08-04),/Users/kcn/Desktop/algorithm/target/release/rect-cli benchmark --suite path-tree-comparison --sizes 3 --output results/v0.5-path-tree-comparison.csv,,1784966444,512,871,finite-colored-unit-grid-path-tree-comparison,ornaments;isolated-formal-boundary-points;line-segment-holes;point-holes;degenerate-formal-holes;general-polygon-input,binary-3x3-e1,path-tree-comparison,"{""side"":3}",0,verified,,false,1,4,0,0,0,0,0,prepared-path-tree-input,0,1,0,0,0,1,,,,,0,,,0,0,,,,,0,0,2,0,0,0,1,,0,0,0,0,0,16,2,0,0,0,1,1,4,{},{},{},,{}
9c826593d98f5349fa1a9accd2089ee5c5746623,rustc 1.89.0 (29483883e 2025-08-04),/Users/kcn/Desktop/algorithm/target/release/rect-cli benchmark --suite path-tree-comparison --sizes 3 --output results/v0.5-path-tree-comparison.csv,,1784966444,512,871,finite-colored-unit-grid-path-tree-comparison,ornaments;isolated-formal-boundary-points;line-segment-holes;point-holes;degenerate-formal-holes;general-polygon-input,binary-3x3-e1,path-tree-comparison,"{""side"":3}",2,verified,,false,1,4,0,0,0,0,0,prepared-path-tree-input,0,1,0,0,0,1,,,,,0,,,0,0,,,,,0,0,2,0,0,0,1,,0,0,0,0,0,16,2,0,0,0,1,1,4,{},{},{},,{}
9c826593d98f5349fa1a9accd2089ee5c5746623,rustc 1.89.0 (29483883e 2025-08-04),/Users/kcn/Desktop/algorithm/target/release/rect-cli benchmark --suite path-tree-comparison --sizes 3 --output results/v0.5-path-tree-comparison.csv,,1784966444,512,871,finite-colored-unit-grid-path-tree-comparison,ornaments;isolated-formal-boundary-points;line-segment-holes;point-holes;degenerate-formal-holes;general-polygon-input,binary-3x3-e1,path-tree-comparison,"{""side"":3}",3,verified,,false,2,4,0,0,0,0,0,prepared-path-tree-input,0,1,0,1,0,2,,,,,0,,,0,0,,,,,0,0,2,0,0,0,1,,0,0,0,0,0,24,2,0,0,0,2,1,4,{},{},{},,{}
9c826593d98f5349fa1a9accd2089ee5c5746623,rustc 1.89.0 (29483883e 2025-08-04),/Users/kcn/Desktop/algorithm/target/release/rect-cli benchmark --suite path-tree-comparison --sizes 3 --output results/v0.5-path-tree-comparison.csv,,1784966444,512,871,finite-colored-unit-grid-path-tree-comparison,ornaments;isolated-formal-boundary-points;line-segment-holes;point-holes;degenerate-formal-holes;general-polygon-input,binary-3x3-e2,path-tree-comparison,"{""side"":3}",1,verified,,false,1,4,0,0,0,0,0,prepared-path-tree-input,0,1,0,0,0,1,,,,,0,,,0,0,,,,,0,0,2,0,0,0,1,,0,0,0,0,0,16,2,0,0,0,1,1,4,{},{},{},,{}
9c826593d98f5349fa1a9accd2089ee5c5746623,rustc 1.89.0 (29483883e 2025-08-04),/Users/kcn/Desktop/algorithm/target/release/rect-cli benchmark --suite path-tree-comparison --sizes 3 --output results/v0.5-path-tree-comparison.csv,,1784966444,512,871,finite-colored-unit-grid-path-tree-comparison,ornaments;isolated-formal-boundary-points;line-segment-holes;point-holes;degenerate-formal-holes;general-polygon-input,binary-3x3-e2,path-tree-comparison,"{""side"":3}",3,verified,,false,1,4,0,0,0,0,0,prepared-path-tree-input,0,1,0,0,0,1,,,,,0,,,0,0,,,,,0,0,2,0,0,0,1,,0,0,0,0,0,16,2,0,0,0,1,1,4,{},{},{},,{}
9c826593d98f5349fa1a9accd2089ee5c5746623,rustc 1.89.0 (29483883e 2025-08-04),/Users/kcn/Desktop/algorithm/target/release/rect-cli benchmark --suite path-tree-comparison --sizes 3 --output results/v0.5-path-tree-comparison.csv,,1784966444,512,871,finite-colored-unit-grid-path-tree-comparison,ornaments;isolated-formal-boundary-points;line-segment-holes;point-holes;degenerate-formal-holes;general-polygon-input,binary-3x3-e2,path-tree-comparison,"{""side"":3}",4,verified,,false,2,4,0,0,0,0,0,prepared-path-tree-input,0,1,0,1,0,2,,,,,0,,,0,0,,,,,0,0,2,0,0,0,1,,0,0,0,0,0,24,2,0,0,0,2,1,4,{},{},{},,{}
9c826593d98f5349fa1a9accd2089ee5c5746623,rustc 1.89.0 (29483883e 2025-08-04),/Users/kcn/Desktop/algorithm/target/release/rect-cli benchmark --suite path-tree-comparison --sizes 3 --output results/v0.5-path-tree-comparison.csv,,1784966444,512,871,finite-colored-unit-grid-path-tree-comparison,ornaments;isolated-formal-boundary-points;line-segment-holes;point-holes;degenerate-formal-holes;general-polygon-input,binary-3x3-e3,path-tree-comparison,"{""side"":3}",0,verified,,false,2,4,0,0,0,0,0,prepared-path-tree-input,0,1,0,1,0,2,,,,,0,,,0,0,,,,,0,0,2,0,0,0,1,,0,0,0,0,0,24,2,0,0,0,2,1,4,{},{},{},,{}
9c826593d98f5349fa1a9accd2089ee5c5746623,rustc 1.89.0 (29483883e 2025-08-04),/Users/kcn/Desktop/algorithm/target/release/rect-cli benchmark --suite path-tree-comparison --sizes 3 --output results/v0.5-path-tree-comparison.csv,,1784966444,512,871,finite-colored-unit-grid-path-tree-comparison,ornaments;isolated-formal-boundary-points;line-segment-holes;point-holes;degenerate-formal-holes;general-polygon-input,binary-3x3-e3,path-tree-comparison,"{""side"":3}",3,verified,,false,1,4,0,0,0,0,0,prepared-path-tree-input,0,1,0,0,0,1,,,,,0,,,0,0,,,,,0,0,2,0,0,0,1,,0,0,0,0,0,16,2,0,0,0,1,1,4,{},{},{},,{}
9c826593d98f5349fa1a9accd2089ee5c5746623,rustc 1.89.0 (29483883e 2025-08-04),/Users/kcn/Desktop/algorithm/target/release/rect-cli benchmark --suite path-tree-comparison --sizes 3 --output results/v0.5-path-tree-comparison.csv,,1784966444,512,871,finite-colored-unit-grid-path-tree-comparison,ornaments;isolated-formal-boundary-points;line-segment-holes;point-holes;degenerate-formal-holes;general-polygon-input,binary-3x3-e3,path-tree-comparison,"{""side"":3}",4,verified,,false,2,4,0,0,0,0,0,prepared-path-tree-input,0,1,0,1,0,2,,,,,0,,,0,0,,,,,0,0,2,0,0,0,1,,0,0,0,0,0,24,2,0,0,0,2,1,4,{},{},{},,{}
9c826593d98f5349fa1a9accd2089ee5c5746623,rustc 1.89.0 (29483883e 2025-08-04),/Users/kcn/Desktop/algorithm/target/release/rect-cli benchmark --suite path-tree-comparison --sizes 3 --output results/v0.5-path-tree-comparison.csv,,1784966444,512,871,finite-colored-unit-grid-path-tree-comparison,ornaments;isolated-formal-boundary-points;line-segment-holes;point-holes;degenerate-formal-holes;general-polygon-input,binary-3x3-e4,path-tree-comparison,"{""side"":3}",1,verified,,false,2,4,0,0,0,0,0,prepared-path-tree-input,0,1,0,1,0,2,,,,,0,,,0,0,,,,,0,0,2,0,0,0,1,,0,0,0,0,0,24,2,0,0,0,2,1,4,{},{},{},,{}
9c826593d98f5349fa1a9accd2089ee5c5746623,rustc 1.89.0 (29483883e 2025-08-04),/Users/kcn/Desktop/algorithm/target/release/rect-cli benchmark --suite path-tree-comparison --sizes 3 --output results/v0.5-path-tree-comparison.csv,,1784966444,512,871,finite-colored-unit-grid-path-tree-comparison,ornaments;isolated-formal-boundary-points;line-segment-holes;point-holes;degenerate-formal-holes;general-polygon-input,binary-3x3-e4,path-tree-comparison,"{""side"":3}",2,verified,,false,2,4,0,0,0,0,0,prepared-path-tree-input,0,1,0,1,0,2,,,,,0,,,0,0,,,,,0,0,2,0,0,0,1,,0,0,0,0,0,24,2,0,0,0,2,1,4,{},{},{},,{}
9c826593d98f5349fa1a9accd2089ee5c5746623,rustc 1.89.0 (29483883e 2025-08-04),/Users/kcn/Desktop/algorithm/target/release/rect-cli benchmark --suite path-tree-comparison --sizes 3 --output results/v0.5-path-tree-comparison.csv,,1784966444,512,871,finite-colored-unit-grid-path-tree-comparison,ornaments;isolated-formal-boundary-points;line-segment-holes;point-holes;degenerate-formal-holes;general-polygon-input,binary-3x3-e5,path-tree-comparison,"{""side"":3}",0,verified,,false,1,4,0,0,0,0,0,prepared-path-tree-input,0,1,0,0,0,1,,,,,0,,,0,0,,,,,0,0,2,0,0,0,1,,0,0,0,0,0,16,2,0,0,0,1,1,4,{},{},{},,{}
9c826593d98f5349fa1a9accd2089ee5c5746623,rustc 1.89.0 (29483883e 2025-08-04),/Users/kcn/Desktop/algorithm/target/release/rect-cli benchmark --suite path-tree-comparison --sizes 3 --output results/v0.5-path-tree-comparison.csv,,1784966444,512,871,finite-colored-unit-grid-path-tree-comparison,ornaments;isolated-formal-boundary-points;line-segment-holes;point-holes;degenerate-formal-holes;general-polygon-input,binary-3x3-e5,path-tree-comparison,"{""side"":3}",2,verified,,false,2,4,0,0,0,0,0,prepared-path-tree-input,0,1,0,1,0,2,,,,,0,,,0,0,,,,,0,0,2,0,0,0,1,,0,0,0,0,0,24,2,0,0,0,2,1,4,{},{},{},,{}
9c826593d98f5349fa1a9accd2089ee5c5746623,rustc 1.89.0 (29483883e 2025-08-04),/Users/kcn/Desktop/algorithm/target/release/rect-cli benchmark --suite path-tree-comparison --sizes 3 --output results/v0.5-path-tree-comparison.csv,,1784966444,512,871,finite-colored-unit-grid-path-tree-comparison,ornaments;isolated-formal-boundary-points;line-segment-holes;point-holes;degenerate-formal-holes;general-polygon-input,binary-3x3-e5,path-tree-comparison,"{""side"":3}",3,verified,,false,2,4,0,0,0,0,0,prepared-path-tree-input,0,1,0,1,0,2,,,,,0,,,0,0,,,,,0,0,2,0,0,0,1,,0,0,0,0,0,24,2,0,0,0,2,1,4,{},{},{},,{}
9c826593d98f5349fa1a9accd2089ee5c5746623,rustc 1.89.0 (29483883e 2025-08-04),/Users/kcn/Desktop/algorithm/target/release/rect-cli benchmark --suite path-tree-comparison --sizes 3 --output results/v0.5-path-tree-comparison.csv,,1784966444,512,871,finite-colored-unit-grid-path-tree-comparison,ornaments;isolated-formal-boundary-points;line-segment-holes;point-holes;degenerate-formal-holes;general-polygon-input,binary-3x3-e6,path-tree-comparison,"{""side"":3}",1,verified,,false,3,6,0,1,0,0,0,prepared-path-tree-input,0,1,0,1,0,4,,,,,0,,,0,0,,,,,0,0,2,0,0,0,2,,0,0,0,0,0,41,3,1,0,0,3,2,4,{},{},{},,{}
9c826593d98f5349fa1a9accd2089ee5c5746623,rustc 1.89.0 (29483883e 2025-08-04),/Users/kcn/Desktop/algorithm/target/release/rect-cli benchmark --suite path-tree-comparison --sizes 3 --output results/v0.5-path-tree-comparison.csv,,1784966444,512,871,finite-colored-unit-grid-path-tree-comparison,ornaments;isolated-formal-boundary-points;line-segment-holes;point-holes;degenerate-formal-holes;general-polygon-input,binary-3x3-e6,path-tree-comparison,"{""side"":3}",2,verified,,false,2,4,0,0,0,0,0,prepared-path-tree-input,0,1,0,1,0,2,,,,,0,,,0,0,,,,,0,0,2,0,0,0,1,,0,0,0,0,0,24,2,0,0,0,2,1,4,{},{},{},,{}
9c826593d98f5349fa1a9accd2089ee5c5746623,rustc 1.89.0 (29483883e 2025-08-04),/Users/kcn/Desktop/algorithm/target/release/rect-cli benchmark --suite path-tree-comparison --sizes 3 --output results/v0.5-path-tree-comparison.csv,,1784966444,512,871,finite-colored-unit-grid-path-tree-comparison,ornaments;isolated-formal-boundary-points;line-segment-holes;point-holes;degenerate-formal-holes;general-polygon-input,binary-3x3-e7,path-tree-comparison,"{""side"":3}",0,verified,,false,4,6,0,1,0,0,0,prepared-path-tree-input,0,1,0,2,0,6,,,,,0,,,0,0,,,,,0,0,2,0,0,0,2,,0,0,0,0,0,53,3,1,0,0,4,2,4,{},{},{},,{}
9c826593d98f5349fa1a9accd2089ee5c5746623,rustc 1.89.0 (29483883e 2025-08-04),/Users/kcn/Desktop/algorithm/target/release/rect-cli benchmark --suite path-tree-comparison --sizes 3 --output results/v0.5-path-tree-comparison.csv,,1784966444,512,871,finite-colored-unit-grid-path-tree-comparison,ornaments;isolated-formal-boundary-points;line-segment-holes;point-holes;degenerate-formal-holes;general-polygon-input,binary-3x3-e7,path-tree-comparison,"{""side"":3}",2,verified,,false,2,4,0,0,0,0,0,prepared-path-tree-input,0,1,0,1,0,2,,,,,0,,,0,0,,,,,0,0,2,0,0,0,1,,0,0,0,0,0,24,2,0,0,0,2,1,4,{},{},{},,{}
9c826593d98f5349fa1a9accd2089ee5c5746623,rustc 1.89.0 (29483883e 2025-08-04),/Users/kcn/Desktop/algorithm/target/release/rect-cli benchmark --suite path-tree-comparison --sizes 3 --output results/v0.5-path-tree-comparison.csv,,1784966444,512,871,finite-colored-unit-grid-path-tree-comparison,ornaments;isolated-formal-boundary-points;line-segment-holes;point-holes;degenerate-formal-holes;general-polygon-input,binary-3x3-e8,path-tree-comparison,"{""side"":3}",1,verified,,false,3,6,0,1,0,0,0,prepared-path-tree-input,0,1,0,1,0,4,,,,,0,,,0,0,,,,,0,0,2,0,0,0,2,,0,0,0,0,0,40,3,1,0,0,3,2,4,{},{},{},,{}
9c826593d98f5349fa1a9accd2089ee5c5746623,rustc 1.89.0 (29483883e 2025-08-04),/Users/kcn/Desktop/algorithm/target/release/rect-cli benchmark --suite path-tree-comparison --sizes 3 --output results/v0.5-path-tree-comparison.csv,,1784966444,512,871,finite-colored-unit-grid-path-tree-comparison,ornaments;isolated-formal-boundary-points;line-segment-holes;point-holes;degenerate-formal-holes;general-polygon-input,binary-3x3-e8,path-tree-comparison,"{""side"":3}",2,verified,,false,1,4,0,0,0,0,0,prepared-path-tree-input,0,1,0,0,0,1,,,,,0,,,0,0,,,,,0,0,2,0,0,0,1,,0,0,0,0,0,16,2,0,0,0,1,1,4,{},{},{},,{}
9c826593d98f5349fa1a9accd2089ee5c5746623,rustc 1.89.0 (29483883e 2025-08-04),/Users/kcn/Desktop/algorithm/target/release/rect-cli benchmark --suite path-tree-comparison --sizes 3 --output results/v0.5-path-tree-comparison.csv,,1784966444,512,871,finite-colored-unit-grid-path-tree-comparison,ornaments;isolated-formal-boundary-points;line-segment-holes;point-holes;degenerate-formal-holes;general-polygon-input,binary-3x3-e9,path-tree-comparison,"{""side"":3}",0,verified,,false,4,6,0,1,0,0,0,prepared-path-tree-input,0,1,0,1,0,6,,,,,0,,,0,0,,,,,0,0,2,0,0,0,2,,0,0,0,0,0,52,3,1,0,0,4,2,4,{},{},{},,{}
9c826593d98f5349fa1a9accd2089ee5c5746623,rustc 1.89.0 (29483883e 2025-08-04),/Users/kcn/Desktop/algorithm/target/release/rect-cli benchmark --suite path-tree-comparison --sizes 3 --output results/v0.5-path-tree-comparison.csv,,1784966444,512,871,finite-colored-unit-grid-path-tree-comparison,ornaments;isolated-formal-boundary-points;line-segment-holes;point-holes;degenerate-formal-holes;general-polygon-input,binary-3x3-e9,path-tree-comparison,"{""side"":3}",2,verified,,false,1,4,0,0,0,0,0,prepared-path-tree-input,0,1,0,0,0,1,,,,,0,,,0,0,,,,,0,0,2,0,0,0,1,,0,0,0,0,0,16,2,0,0,0,1,1,4,{},{},{},,{}
9c826593d98f5349fa1a9accd2089ee5c5746623,rustc 1.89.0 (29483883e 2025-08-04),/Users/kcn/Desktop/algorithm/target/release/rect-cli benchmark --suite path-tree-comparison --sizes 3 --output results/v0.5-path-tree-comparison.csv,,1784966444,512,871,finite-colored-unit-grid-path-tree-comparison,ornaments;isolated-formal-boundary-points;line-segment-holes;point-holes;degenerate-formal-holes;general-polygon-input,binary-3x3-ea,path-tree-comparison,"{""side"":3}",1,verified,,false,1,4,0,0,0,0,0,prepared-path-tree-input,0,1,0,0,0,1,,,,,0,,,0,0,,,,,0,0,2,0,0,0,1,,0,0,0,0,0,16,2,0,0,0,1,1,4,{},{},{},,{}
9c826593d98f5349fa1a9accd2089ee5c5746623,rustc 1.89.0 (29483883e 2025-08-04),/Users/kcn/Desktop/algorithm/target/release/rect-cli benchmark --suite path-tree-comparison --sizes 3 --output results/v0.5-path-tree-comparison.csv,,1784966444,512,871,finite-colored-unit-grid-path-tree-comparison,ornaments;isolated-formal-boundary-points;line-segment-holes;point-holes;degenerate-formal-holes;general-polygon-input,binary-3x3-ea,path-tree-comparison,"{""side"":3}",3,verified,,false,3,6,0,1,0,0,0,prepared-path-tree-input,0,1,0,1,0,4,,,,,0,,,0,0,,,,,0,0,2,0,0,0,2,,0,0,0,0,0,40,3,1,0,0,3,2,4,{},{},{},,{}
9c826593d98f5349fa1a9accd2089ee5c5746623,rustc 1.89.0 (29483883e 2025-08-04),/Users/kcn/Desktop/algorithm/target/release/rect-cli benchmark --suite path-tree-comparison --sizes 3 --output results/v0.5-path-tree-comparison.csv,,1784966444,512,871,finite-colored-unit-grid-path-tree-comparison,ornaments;isolated-formal-boundary-points;line-segment-holes;point-holes;degenerate-formal-holes;general-polygon-input,binary-3x3-ea,path-tree-comparison,"{""side"":3}",5,verified,,false,1,4,0,0,0,0,0,prepared-path-tree-input,0,1,0,0,0,1,,,,,0,,,0,0,,,,,0,0,2,0,0,0,1,,0,0,0,0,0,16,2,0,0,0,1,1,4,{},{},{},,{}
9c826593d98f5349fa1a9accd2089ee5c5746623,rustc 1.89.0 (29483883e 2025-08-04),/Users/kcn/Desktop/algorithm/target/release/rect-cli benchmark --suite path-tree-comparison --sizes 3 --output results/v0.5-path-tree-comparison.csv,,1784966444,512,871,finite-colored-unit-grid-path-tree-comparison,ornaments;isolated-formal-boundary-points;line-segment-holes;point-holes;degenerate-formal-holes;general-polygon-input,binary-3x3-eb,path-tree-comparison,"{""side"":3}",0,verified,,false,5,8,0,2,0,0,0,prepared-path-tree-input,0,1,0,2,0,6,,,,,0,,,0,0,,,,,0,0,2,0,0,0,3,,0,1,0,0,0,74,4,2,0,0,5,3,4,{},{},{},,{}
9c826593d98f5349fa1a9accd2089ee5c5746623,rustc 1.89.0 (29483883e 2025-08-04),/Users/kcn/Desktop/algorithm/target/release/rect-cli benchmark --suite path-tree-comparison --sizes 3 --output results/v0.5-path-tree-comparison.csv,,1784966444,512,871,finite-colored-unit-grid-path-tree-comparison,ornaments;isolated-formal-boundary-points;line-segment-holes;point-holes;degenerate-formal-holes;general-polygon-input,binary-3x3-eb,path-tree-comparison,"{""side"":3}",3,verified,,false,1,4,0,0,0,0,0,prepared-path-tree-input,0,1,0,0,0,1,,,,,0,,,0,0,,,,,0,0,2,0,0,0,1,,0,0,0,0,0,16,2,0,0,0,1,1,4,{},{},{},,{}
9c826593d98f5349fa1a9accd2089ee5c5746623,rustc 1.89.0 (29483883e 2025-08-04),/Users/kcn/Desktop/algorithm/target/release/rect-cli benchmark --suite path-tree-comparison --sizes 3 --output results/v0.5-path-tree-comparison.csv,,1784966444,512,871,finite-colored-unit-grid-path-tree-comparison,ornaments;isolated-formal-boundary-points;line-segment-holes;point-holes;degenerate-formal-holes;general-polygon-input,binary-3x3-ec,path-tree-comparison,"{""side"":3}",1,verified,,false,2,4,0,0,0,0,0,prepared-path-tree-input,0,1,0,1,0,2,,,,,0,,,0,0,,,,,0,0,2,0,0,0,1,,0,0,0,0,0,24,2,0,0,0,2,1,4,{},{},{},,{}
9c826593d98f5349fa1a9accd2089ee5c5746623,rustc 1.89.0 (29483883e 2025-08-04),/Users/kcn/Desktop/algorithm/target/release/rect-cli benchmark --suite path-tree-comparison --sizes 3 --output results/v0.5-path-tree-comparison.csv,,1784966444,512,871,finite-colored-unit-grid-path-tree-comparison,ornaments;isolated-formal-boundary-points;line-segment-holes;point-holes;degenerate-formal-holes;general-polygon-input,binary-3x3-ec,path-tree-comparison,"{""side"":3}",2,verified,,false,3,6,0,1,0,0,0,prepared-path-tree-input,0,1,0,1,0,4,,,,,0,,,0,0,,,,,0,0,2,0,0,0,2,,0,0,0,0,0,40,3,1,0,0,3,2,4,{},{},{},,{}
9c826593d98f5349fa1a9accd2089ee5c5746623,rustc 1.89.0 (29483883e 2025-08-04),/Users/kcn/Desktop/algorithm/target/release/rect-cli benchmark --suite path-tree-comparison --sizes 3 --output results/v0.5-path-tree-comparison.csv,,1784966444,512,871,finite-colored-unit-grid-path-tree-comparison,ornaments;isolated-formal-boundary-points;line-segment-holes;point-holes;degenerate-formal-holes;general-polygon-input,binary-3x3-ed,path-tree-comparison,"{""side"":3}",0,verified,,false,4,6,0,1,0,0,0,prepared-path-tree-input,0,1,0,2,0,6,,,,,0,,,0,0,,,,,0,0,2,0,0,0,2,,0,0,0,0,0,52,3,1,0,0,4,2,4,{},{},{},,{}
9c826593d98f5349fa1a9accd2089ee5c5746623,rustc 1.89.0 (29483883e 2025-08-04),/Users/kcn/Desktop/algorithm/target/release/rect-cli benchmark --suite path-tree-comparison --sizes 3 --output results/v0.5-path-tree-comparison.csv,,1784966444,512,871,finite-colored-unit-grid-path-tree-comparison,ornaments;isolated-formal-boundary-points;line-segment-holes;point-holes;degenerate-formal-holes;general-polygon-input,binary-3x3-ed,path-tree-comparison,"{""side"":3}",2,verified,,false,2,4,0,0,0,0,0,prepared-path-tree-input,0,1,0,1,0,2,,,,,0,,,0,0,,,,,0,0,2,0,0,0,1,,0,0,0,0,0,24,2,0,0,0,2,1,4,{},{},{},,{}
9c826593d98f5349fa1a9accd2089ee5c5746623,rustc 1.89.0 (29483883e 2025-08-04),/Users/kcn/Desktop/algorithm/target/release/rect-cli benchmark --suite path-tree-comparison --sizes 3 --output results/v0.5-path-tree-comparison.csv,,1784966444,512,871,finite-colored-unit-grid-path-tree-comparison,ornaments;isolated-formal-boundary-points;line-segment-holes;point-holes;degenerate-formal-holes;general-polygon-input,binary-3x3-ee,path-tree-comparison,"{""side"":3}",1,verified,,false,3,6,0,1,0,0,0,prepared-path-tree-input,0,1,0,1,0,4,,,,,0,,,0,0,,,,,0,0,2,0,0,0,2,,0,0,0,0,0,41,3,1,0,0,3,2,4,{},{},{},,{}
9c826593d98f5349fa1a9accd2089ee5c5746623,rustc 1.89.0 (29483883e 2025-08-04),/Users/kcn/Desktop/algorithm/target/release/rect-cli benchmark --suite path-tree-comparison --sizes 3 --output results/v0.5-path-tree-comparison.csv,,1784966444,512,871,finite-colored-unit-grid-path-tree-comparison,ornaments;isolated-formal-boundary-points;line-segment-holes;point-holes;degenerate-formal-holes;general-polygon-input,binary-3x3-ee,path-tree-comparison,"{""side"":3}",2,verified,,false,3,6,0,1,0,0,0,prepared-path-tree-input,0,1,0,1,0,4,,,,,0,,,0,0,,,,,0,0,2,0,0,0,2,,0,0,0,0,0,40,3,1,0,0,3,2,4,{},{},{},,{}
9c826593d98f5349fa1a9accd2089ee5c5746623,rustc 1.89.0 (29483883e 2025-08-04),/Users/kcn/Desktop/algorithm/target/release/rect-cli benchmark --suite path-tree-comparison --sizes 3 --output results/v0.5-path-tree-comparison.csv,,1784966444,512,871,finite-colored-unit-grid-path-tree-comparison,ornaments;isolated-formal-boundary-points;line-segment-holes;point-holes;degenerate-formal-holes;general-polygon-input,binary-3x3-ef,path-tree-comparison,"{""side"":3}",0,verified,,false,7,10,0,3,0,0,0,prepared-path-tree-input,0,1,0,4,0,9,,,,,0,,,0,0,,,,,0,0,2,0,0,0,4,,0,2,0,1,0,105,5,3,0,0,7,4,4,{},{},{},,{}
9c826593d98f5349fa1a9accd2089ee5c5746623,rustc 1.89.0 (29483883e 2025-08-04),/Users/kcn/Desktop/algorithm/target/release/rect-cli benchmark --suite path-tree-comparison --sizes 3 --output results/v0.5-path-tree-comparison.csv,,1784966444,512,871,finite-colored-unit-grid-path-tree-comparison,ornaments;isolated-formal-boundary-points;line-segment-holes;point-holes;degenerate-formal-holes;general-polygon-input,binary-3x3-f0,path-tree-comparison,"{""side"":3}",1,verified,,false,4,8,0,2,1,0,1,prepared-path-tree-input,0,1,0,2,0,6,,,,,0,,,0,0,0,1,,,0,0,3,1,0,0,2,,0,0,0,0,0,40,2,0,0,0,4,2,4,{},{},{},,{}
9c826593d98f5349fa1a9accd2089ee5c5746623,rustc 1.89.0 (29483883e 2025-08-04),/Users/kcn/Desktop/algorithm/target/release/rect-cli benchmark --suite path-tree-comparison --sizes 3 --output results/v0.5-path-tree-comparison.csv,,1784966444,512,871,finite-colored-unit-grid-path-tree-comparison,ornaments;isolated-formal-boundary-points;line-segment-holes;point-holes;degenerate-formal-holes;general-polygon-input,binary-3x3-f1,path-tree-comparison,"{""side"":3}",0,verified,,false,1,4,0,0,0,0,0,prepared-path-tree-input,0,1,0,0,0,1,,,,,0,,,0,0,,,,,0,0,2,0,0,0,1,,0,0,0,0,0,16,2,0,0,0,1,1,4,{},{},{},,{}
9c826593d98f5349fa1a9accd2089ee5c5746623,rustc 1.89.0 (29483883e 2025-08-04),/Users/kcn/Desktop/algorithm/target/release/rect-cli benchmark --suite path-tree-comparison --sizes 3 --output results/v0.5-path-tree-comparison.csv,,1784966444,512,871,finite-colored-unit-grid-path-tree-comparison,ornaments;isolated-formal-boundary-points;line-segment-holes;point-holes;degenerate-formal-holes;general-polygon-input,binary-3x3-f1,path-tree-comparison,"{""side"":3}",3,verified,,false,4,8,0,2,1,0,1,prepared-path-tree-input,0,1,0,1,0,6,,,,,0,,,0,0,0,1,,,0,0,3,1,0,0,2,,0,0,0,0,0,40,2,0,0,0,4,2,4,{},{},{},,{}
9c826593d98f5349fa1a9accd2089ee5c5746623,rustc 1.89.0 (29483883e 2025-08-04),/Users/kcn/Desktop/algorithm/target/release/rect-cli benchmark --suite path-tree-comparison --sizes 3 --output results/v0.5-path-tree-comparison.csv,,1784966444,512,871,finite-colored-unit-grid-path-tree-comparison,ornaments;isolated-formal-boundary-points;line-segment-holes;point-holes;degenerate-formal-holes;general-polygon-input,binary-3x3-f5,path-tree-comparison,"{""side"":3}",0,verified,,false,1,4,0,0,0,0,0,prepared-path-tree-input,0,1,0,0,0,1,,,,,0,,,0,0,,,,,0,0,2,0,0,0,1,,0,0,0,0,0,16,2,0,0,0,1,1,4,{},{},{},,{}
9c826593d98f5349fa1a9accd2089ee5c5746623,rustc 1.89.0 (29483883e 2025-08-04),/Users/kcn/Desktop/algorithm/target/release/rect-cli benchmark --suite path-tree-comparison --sizes 3 --output results/v0.5-path-tree-comparison.csv,,1784966444,512,871,finite-colored-unit-grid-path-tree-comparison,ornaments;isolated-formal-boundary-points;line-segment-holes;point-holes;degenerate-formal-holes;general-polygon-input,binary-3x3-f6,path-tree-comparison,"{""side"":3}",1,verified,,false,6,8,0,2,1,0,1,prepared-path-tree-input,0,1,0,2,0,9,,,,,0,,,0,0,0,1,,,0,0,3,1,0,0,2,,0,0,0,1,0,48,2,0,0,0,6,2,4,{},{},{},,{}
9c826593d98f5349fa1a9accd2089ee5c5746623,rustc 1.89.0 (29483883e 2025-08-04),/Users/kcn/Desktop/algorithm/target/release/rect-cli benchmark --suite path-tree-comparison --sizes 3 --output results/v0.5-path-tree-comparison.csv,,1784966444,512,871,finite-colored-unit-grid-path-tree-comparison,ornaments;isolated-formal-boundary-points;line-segment-holes;point-holes;degenerate-formal-holes;general-polygon-input,binary-3x3-f7,path-tree-comparison,"{""side"":3}",0,verified,,false,7,10,0,3,1,0,1,prepared-path-tree-input,0,1,0,3,0,9,,,,,0,,,0,0,0,1,,,0,0,3,1,0,0,3,,0,1,0,1,0,71,3,2,0,0,7,3,4,{},{},{},,{}
9c826593d98f5349fa1a9accd2089ee5c5746623,rustc 1.89.0 (29483883e 2025-08-04),/Users/kcn/Desktop/algorithm/target/release/rect-cli benchmark --suite path-tree-comparison --sizes 3 --output results/v0.5-path-tree-comparison.csv,,1784966444,512,871,finite-colored-unit-grid-path-tree-comparison,ornaments;isolated-formal-boundary-points;line-segment-holes;point-holes;degenerate-formal-holes;general-polygon-input,binary-3x3-f8,path-tree-comparison,"{""side"":3}",1,verified,,false,5,6,0,1,0,0,0,prepared-path-tree-input,0,1,0,2,0,6,,,,,0,,,0,0,,,,,0,0,2,0,0,0,2,,0,1,0,0,0,56,3,2,0,0,5,2,4,{},{},{},,{}
9c826593d98f5349fa1a9accd2089ee5c5746623,rustc 1.89.0 (29483883e 2025-08-04),/Users/kcn/Desktop/algorithm/target/release/rect-cli benchmark --suite path-tree-comparison --sizes 3 --output results/v0.5-path-tree-comparison.csv,,1784966444,512,871,finite-colored-unit-grid-path-tree-comparison,ornaments;isolated-formal-boundary-points;line-segment-holes;point-holes;degenerate-formal-holes;general-polygon-input,binary-3x3-f9,path-tree-comparison,"{""side"":3}",0,verified,,false,6,8,0,2,0,0,0,prepared-path-tree-input,0,1,0,2,0,9,,,,,0,,,0,0,,,,,0,0,2,0,0,0,3,,0,1,0,0,0,76,4,3,0,0,6,3,4,{},{},{},,{}
9c826593d98f5349fa1a9accd2089ee5c5746623,rustc 1.89.0 (29483883e 2025-08-04),/Users/kcn/Desktop/algorithm/target/release/rect-cli benchmark --suite path-tree-comparison --sizes 3 --output results/v0.5-path-tree-comparison.csv,,1784966444,512,871,finite-colored-unit-grid-path-tree-comparison,ornaments;isolated-formal-boundary-points;line-segment-holes;point-holes;degenerate-formal-holes;general-polygon-input,binary-3x3-fb,path-tree-comparison,"{""side"":3}",0,verified,,false,7,8,0,2,0,1,1,prepared-path-tree-input,0,1,0,2,0,9,,,,,0,,,0,0,0,1,,,0,0,3,1,0,0,2,,0,0,0,1,0,48,2,0,0,0,7,2,4,{},{},{},,{}
9c826593d98f5349fa1a9accd2089ee5c5746623,rustc 1.89.0 (29483883e 2025-08-04),/Users/kcn/Desktop/algorithm/target/release/rect-cli benchmark --suite path-tree-comparison --sizes 3 --output results/v0.5-path-tree-comparison.csv,,1784966444,512,871,finite-colored-unit-grid-path-tree-comparison,ornaments;isolated-formal-boundary-points;line-segment-holes;point-holes;degenerate-formal-holes;general-polygon-input,binary-3x3-fc,path-tree-comparison,"{""side"":3}",1,verified,,false,6,8,0,2,0,1,1,prepared-path-tree-input,0,1,0,2,0,9,,,,,0,,,0,0,0,1,,,0,0,3,1,0,0,2,,0,0,0,1,0,48,2,0,0,0,6,2,4,{},{},{},,{}
9c826593d98f5349fa1a9accd2089ee5c5746623,rustc 1.89.0 (29483883e 2025-08-04),/Users/kcn/Desktop/algorithm/target/release/rect-cli benchmark --suite path-tree-comparison --sizes 3 --output results/v0.5-path-tree-comparison.csv,,1784966444,512,871,finite-colored-unit-grid-path-tree-comparison,ornaments;isolated-formal-boundary-points;line-segment-holes;point-holes;degenerate-formal-holes;general-polygon-input,binary-3x3-fd,path-tree-comparison,"{""side"":3}",0,verified,,false,7,10,0,3,0,1,1,prepared-path-tree-input,0,1,0,2,0,9,,,,,0,,,0,0,0,1,,,0,0,3,1,0,0,3,,0,1,0,1,0,68,3,1,0,0,7,3,4,{},{},{},,{}
9c826593d98f5349fa1a9accd2089ee5c5746623,rustc 1.89.0 (29483883e 2025-08-04),/Users/kcn/Desktop/algorithm/target/release/rect-cli benchmark --suite path-tree-comparison --sizes 3 --output results/v0.5-path-tree-comparison.csv,,1784966444,512,871,finite-colored-unit-grid-path-tree-comparison,ornaments;isolated-formal-boundary-points;line-segment-holes;point-holes;degenerate-formal-holes;general-polygon-input,binary-3x3-fe,path-tree-comparison,"{""side"":3}",1,verified,,false,7,8,0,2,0,0,0,prepared-path-tree-input,0,1,0,2,0,9,,,,,0,,,0,0,,,,,0,0,2,0,0,0,3,,0,2,0,1,0,83,4,4,0,0,7,3,4,{},{},{},,{}
9c826593d98f5349fa1a9accd2089ee5c5746623,rustc 1.89.0 (29483883e 2025-08-04),/Users/kcn/Desktop/algorithm/target/release/rect-cli benchmark --suite path-tree-comparison --sizes 3 --output results/v0.5-path-tree-comparison.csv,,1784966444,512,871,finite-colored-unit-grid-path-tree-comparison,ornaments;isolated-formal-boundary-points;line-segment-holes;point-holes;degenerate-formal-holes;general-polygon-input,binary-3x3-ff,path-tree-comparison,"{""side"":3}",0,verified,,false,8,6,0,1,0,0,0,prepared-path-tree-input,0,1,0,3,0,9,,,,,0,,,0,0,,,,,0,0,2,0,0,0,2,,0,1,0,1,0,68,3,2,0,0,8,2,4,{},{},{},,{}
9c826593d98f5349fa1a9accd2089ee5c5746623,rustc 1.89.0 (29483883e 2025-08-04),/Users/kcn/Desktop/algorithm/target/release/rect-cli benchmark --suite path-tree-comparison --sizes 3 --output results/v0.5-path-tree-comparison.csv,,1784966444,512,871,finite-colored-unit-grid-path-tree-comparison,ornaments;isolated-formal-boundary-points;line-segment-holes;point-holes;degenerate-formal-holes;general-polygon-input,binary-3x3-100,path-tree-comparison,"{""side"":3}",1,verified,,false,1,4,0,0,0,0,0,prepared-path-tree-input,0,1,0,0,0,1,,,,,0,,,0,0,,,,,0,0,2,0,0,0,1,,0,0,0,0,0,16,2,0,0,0,1,1,4,{},{},{},,{}
9c826593d98f5349fa1a9accd2089ee5c5746623,rustc 1.89.0 (29483883e 2025-08-04),/Users/kcn/Desktop/algorithm/target/release/rect-cli benchmark --suite path-tree-comparison --sizes 3 --output results/v0.5-path-tree-comparison.csv,,1784966444,512,871,finite-colored-unit-grid-path-tree-comparison,ornaments;isolated-formal-boundary-points;line-segment-holes;point-holes;degenerate-formal-holes;general-polygon-input,binary-3x3-101,path-tree-comparison,"{""side"":3}",0,verified,,false,1,4,0,0,0,0,0,prepared-path-tree-input,0,1,0,0,0,1,,,,,0,,,0,0,,,,,0,0,2,0,0,0,1,,0,0,0,0,0,16,2,0,0,0,1,1,4,{},{},{},,{}
9c826593d98f5349fa1a9accd2089ee5c5746623,rustc 1.89.0 (29483883e 2025-08-04),/Users/kcn/Desktop/algorithm/target/release/rect-cli benchmark --suite path-tree-comparison --sizes 3 --output results/v0.5-path-tree-comparison.csv,,1784966444,512,871,finite-colored-unit-grid-path-tree-comparison,ornaments;isolated-formal-boundary-points;line-segment-holes;point-holes;degenerate-formal-holes;general-polygon-input,binary-3x3-101,path-tree-comparison,"{""side"":3}",2,verified,,false,1,4,0,0,0,0,0,prepared-path-tree-input,0,1,0,0,0,1,,,,,0,,,0,0,,,,,0,0,2,0,0,0,1,,0,0,0,0,0,16,2,0,0,0,1,1,4,{},{},{},,{}
9c826593d98f5349fa1a9accd2089ee5c5746623,rustc 1.89.0 (29483883e 2025-08-04),/Users/kcn/Desktop/algorithm/target/release/rect-cli benchmark --suite path-tree-comparison --sizes 3 --output results/v0.5-path-tree-comparison.csv,,1784966444,512,871,finite-colored-unit-grid-path-tree-comparison,ornaments;isolated-formal-boundary-points;line-segment-holes;point-holes;degenerate-formal-holes;general-polygon-input,binary-3x3-102,path-tree-comparison,"{""side"":3}",1,verified,,false,1,4,0,0,0,0,0,prepared-path-tree-input,0,1,0,0,0,1,,,,,0,,,0,0,,,,,0,0,2,0,0,0,1,,0,0,0,0,0,16,2,0,0,0,1,1,4,{},{},{},,{}
9c826593d98f5349fa1a9accd2089ee5c5746623,rustc 1.89.0 (29483883e 2025-08-04),/Users/kcn/Desktop/algorithm/target/release/rect-cli benchmark --suite path-tree-comparison --sizes 3 --output results/v0.5-path-tree-comparison.csv,,1784966444,512,871,finite-colored-unit-grid-path-tree-comparison,ornaments;isolated-formal-boundary-points;line-segment-holes;point-holes;degenerate-formal-holes;general-polygon-input,binary-3x3-102,path-tree-comparison,"{""side"":3}",2,verified,,false,1,4,0,0,0,0,0,prepared-path-tree-input,0,1,0,0,0,1,,,,,0,,,0,0,,,,,0,0,2,0,0,0,1,,0,0,0,0,0,16,2,0,0,0,1,1,4,{},{},{},,{}
9c826593d98f5349fa1a9accd2089ee5c5746623,rustc 1.89.0 (29483883e 2025-08-04),/Users/kcn/Desktop/algorithm/target/release/rect-cli benchmark --suite path-tree-comparison --sizes 3 --output results/v0.5-path-tree-comparison.csv,,1784966444,512,871,finite-colored-unit-grid-path-tree-comparison,ornaments;isolated-formal-boundary-points;line-segment-holes;point-holes;degenerate-formal-holes;general-polygon-input,binary-3x3-103,path-tree-comparison,"{""side"":3}",0,verified,,false,2,4,0,0,0,0,0,prepared-path-tree-input,0,1,0,1,0,2,,,,,0,,,0,0,,,,,0,0,2,0,0,0,1,,0,0,0,0,0,24,2,0,0,0,2,1,4,{},{},{},,{}
9c826593d98f5349fa1a9accd2089ee5c5746623,rustc 1.89.0 (29483883e 2025-08-04),/Users/kcn/Desktop/algorithm/target/release/rect-cli benchmark --suite path-tree-comparison --sizes 3 --output results/v0.5-path-tree-comparison.csv,,1784966444,512,871,finite-colored-unit-grid-path-tree-comparison,ornaments;isolated-formal-boundary-points;line-segment-holes;point-holes;degenerate-formal-holes;general-polygon-input,binary-3x3-103,path-tree-comparison,"{""side"":3}",2,verified,,false,1,4,0,0,0,0,0,prepared-path-tree-input,0,1,0,0,0,1,,,,,0,,,0,0,,,,,0,0,2,0,0,0,1,,0,0,0,0,0,16,2,0,0,0,1,1,4,{},{},{},,{}
9c826593d98f5349fa1a9accd2089ee5c5746623,rustc 1.89.0 (29483883e 2025-08-04),/Users/kcn/Desktop/algorithm/target/release/rect-cli benchmark --suite path-tree-comparison --sizes 3 --output results/v0.5-path-tree-comparison.csv,,1784966444,512,871,finite-colored-unit-grid-path-tree-comparison,ornaments;isolated-formal-boundary-points;line-segment-holes;point-holes;degenerate-formal-holes;general-polygon-input,binary-3x3-104,path-tree-comparison,"{""side"":3}",1,verified,,false,1,4,0,0,0,0,0,prepared-path-tree-input,0,1,0,0,0,1,,,,,0,,,0,0,,,,,0,0,2,0,0,0,1,,0,0,0,0,0,16,2,0,0,0,1,1,4,{},{},{},,{}
9c826593d98f5349fa1a9accd2089ee5c5746623,rustc 1.89.0 (29483883e 2025-08-04),/Users/kcn/Desktop/algorithm/target/release/rect-cli benchmark --suite path-tree-comparison --sizes 3 --output results/v0.5-path-tree-comparison.csv,,1784966444,512,871,finite-colored-unit-grid-path-tree-comparison,ornaments;isolated-formal-boundary-points;line-segment-holes;point-holes;degenerate-formal-holes;general-polygon-input,binary-3x3-104,path-tree-comparison,"{""side"":3}",2,verified,,false,1,4,0,0,0,0,0,prepared-path-tree-input,0,1,0,0,0,1,,,,,0,,,0,0,,,,,0,0,2,0,0,0,1,,0,0,0,0,0,16,2,0,0,0,1,1,4,{},{},{},,{}
9c826593d98f5349fa1a9accd2089ee5c5746623,rustc 1.89.0 (29483883e 2025-08-04),/Users/kcn/Desktop/algorithm/target/release/rect-cli benchmark --suite path-tree-comparison --sizes 3 --output results/v0.5-path-tree-comparison.csv,,1784966444,512,871,finite-colored-unit-grid-path-tree-comparison,ornaments;isolated-formal-boundary-points;line-segment-holes;point-holes;degenerate-formal-holes;general-polygon-input,binary-3x3-105,path-tree-comparison,"{""side"":3}",0,verified,,false,1,4,0,0,0,0,0,prepared-path-tree-input,0,1,0,0,0,1,,,,,0,,,0,0,,,,,0,0,2,0,0,0,1,,0,0,0,0,0,16,2,0,0,0,1,1,4,{},{},{},,{}
9c826593d98f5349fa1a9accd2089ee5c5746623,rustc 1.89.0 (29483883e 2025-08-04),/Users/kcn/Desktop/algorithm/target/release/rect-cli benchmark --suite path-tree-comparison --sizes 3 --output results/v0.5-path-tree-comparison.csv,,1784966444,512,871,finite-colored-unit-grid-path-tree-comparison,ornaments;isolated-formal-boundary-points;line-segment-holes;point-holes;degenerate-formal-holes;general-polygon-input,binary-3x3-105,path-tree-comparison,"{""side"":3}",2,verified,,false,1,4,0,0,0,0,0,prepared-path-tree-input,0,1,0,0,0,1,,,,,0,,,0,0,,,,,0,0,2,0,0,0,1,,0,0,0,0,0,16,2,0,0,0,1,1,4,{},{},{},,{}
9c826593d98f5349fa1a9accd2089ee5c5746623,rustc 1.89.0 (29483883e 2025-08-04),/Users/kcn/Desktop/algorithm/target/release/rect-cli benchmark --suite path-tree-comparison --sizes 3 --output results/v0.5-path-tree-comparison.csv,,1784966444,512,871,finite-colored-unit-grid-path-tree-comparison,ornaments;isolated-formal-boundary-points;line-segment-holes;point-holes;degenerate-formal-holes;general-polygon-input,binary-3x3-105,path-tree-comparison,"{""side"":3}",3,verified,,false,1,4,0,0,0,0,0,prepared-path-tree-input,0,1,0,0,0,1,,,,,0,,,0,0,,,,,0,0,2,0,0,0,1,,0,0,0,0,0,16,2,0,0,0,1,1,4,{},{},{},,{}
9c826593d98f5349fa1a9accd2089ee5c5746623,rustc 1.89.0 (29483883e 2025-08-04),/Users/kcn/Desktop/algorithm/target/release/rect-cli benchmark --suite path-tree-comparison --sizes 3 --output results/v0.5-path-tree-comparison.csv,,1784966444,512,871,finite-colored-unit-grid-path-tree-comparison,ornaments;isolated-formal-boundary-points;line-segment-holes;point-holes;degenerate-formal-holes;general-polygon-input,binary-3x3-106,path-tree-comparison,"{""side"":3}",1,verified,,false,2,4,0,0,0,0,0,prepared-path-tree-input,0,1,0,0,0,2,,,,,0,,,0,0,,,,,0,0,2,0,0,0,1,,0,0,0,0,0,24,2,0,0,0,2,1,4,{},{},{},,{}
9c826593d98f5349fa1a9accd2089ee5c5746623,rustc 1.89.0 (29483883e 2025-08-04),/Users/kcn/Desktop/algorithm/target/release/rect-cli benchmark --suite path-tree-comparison --sizes 3 --output results/v0.5-path-tree-comparison.csv,,1784966444,512,871,finite-colored-unit-grid-path-tree-comparison,ornaments;isolated-formal-boundary-points;line-segment-holes;point-holes;degenerate-formal-holes;general-polygon-input,binary-3x3-106,path-tree-comparison,"{""side"":3}",2,verified,,false,1,4,0,0,0,0,0,prepared-path-tree-input,0,1,0,0,0,1,,,,,0,,,0,0,,,,,0,0,2,0,0,0,1,,0,0,0,0,0,16,2,0,0,0,1,1,4,{},{},{},,{}
9c826593d98f5349fa1a9accd2089ee5c5746623,rustc 1.89.0 (29483883e 2025-08-04),/Users/kcn/Desktop/algorithm/target/release/rect-cli benchmark --suite path-tree-comparison --sizes 3 --output results/v0.5-path-tree-comparison.csv,,1784966444,512,871,finite-colored-unit-grid-path-tree-comparison,ornaments;isolated-formal-boundary-points;line-segment-holes;point-holes;degenerate-formal-holes;general-polygon-input,binary-3x3-107,path-tree-comparison,"{""side"":3}",0,verified,,false,3,4,0,0,0,0,0,prepared-path-tree-input,0,1,0,1,0,3,,,,,0,,,0,0,,,,,0,0,2,0,0,0,1,,0,0,0,0,0,32,2,0,0,0,3,1,4,{},{},{},,{}
9c826593d98f5349fa1a9accd2089ee5c5746623,rustc 1.89.0 (29483883e 2025-08-04),/Users/kcn/Desktop/algorithm/target/release/rect-cli benchmark --suite path-tree-comparison --sizes 3 --output results/v0.5-path-tree-comparison.csv,,1784966444,512,871,finite-colored-unit-grid-path-tree-comparison,ornaments;isolated-formal-boundary-points;line-segment-holes;point-holes;degenerate-formal-holes;general-polygon-input,binary-3x3-107,path-tree-comparison,"{""side"":3}",2,verified,,false,1,4,0,0,0,0,0,prepared-path-tree-input,0,1,0,0,0,1,,,,,0,,,0,0,,,,,0,0,2,0,0,0,1,,0,0,0,0,0,16,2,0,0,0,1,1,4,{},{},{},,{}
9c826593d98f5349fa1a9accd2089ee5c5746623,rustc 1.89.0 (29483883e 2025-08-04),/Users/kcn/Desktop/algorithm/target/release/rect-cli benchmark --suite path-tree-comparison --sizes 3 --output results/v0.5-path-tree-comparison.csv,,1784966444,512,871,finite-colored-unit-grid-path-tree-comparison,ornaments;isolated-formal-boundary-points;line-segment-holes;point-holes;degenerate-formal-holes;general-polygon-input,binary-3x3-108,path-tree-comparison,"{""side"":3}",1,verified,,false,1,4,0,0,0,0,0,prepared-path-tree-input,0,1,0,0,0,1,,,,,0,,,0,0,,,,,0,0,2,0,0,0,1,,0,0,0,0,0,16,2,0,0,0,1,1,4,{},{},{},,{}
9c826593d98f5349fa1a9accd2089ee5c5746623,rustc 1.89.0 (29483883e 2025-08-04),/Users/kcn/Desktop/algorithm/target/release/rect-cli benchmark --suite path-tree-comparison --sizes 3 --output results/v0.5-path-tree-comparison.csv,,1784966444,512,871,finite-colored-unit-grid-path-tree-comparison,ornaments;isolated-formal-boundary-points;line-segment-holes;point-holes;degenerate-formal-holes;general-polygon-input,binary-3x3-108,path-tree-comparison,"{""side"":3}",2,verified,,false,1,4,0,0,0,0,0,prepared-path-tree-input,0,1,0,0,0,1,,,,,0,,,0,0,,,,,0,0,2,0,0,0,1,,0,0,0,0,0,16,2,0,0,0,1,1,4,{},{},{},,{}
9c826593d98f5349fa1a9accd2089ee5c5746623,rustc 1.89.0 (29483883e 2025-08-04),/Users/kcn/Desktop/algorithm/target/release/rect-cli benchmark --suite path-tree-comparison --sizes 3 --output results/v0.5-path-tree-comparison.csv,,1784966444,512,871,finite-colored-unit-grid-path-tree-comparison,ornaments;isolated-formal-boundary-points;line-segment-holes;point-holes;degenerate-formal-holes;general-polygon-input,binary-3x3-109,path-tree-comparison,"{""side"":3}",0,verified,,false,2,4,0,0,0,0,0,prepared-path-tree-input,0,1,0,1,0,2,,,,,0,,,0,0,,,,,0,0,2,0,0,0,1,,0,0,0,0,0,24,2,0,0,0,2,1,4,{},{},{},,{}
9c826593d98f5349fa1a9accd2089ee5c5746623,rustc 1.89.0 (29483883e 2025-08-04),/Users/kcn/Desktop/algorithm/target/release/rect-cli benchmark --suite path-tree-comparison --sizes 3 --output results/v0.5-path-tree-comparison.csv,,1784966444,512,871,finite-colored-unit-grid-path-tree-comparison,ornaments;isolated-formal-boundary-points;line-segment-holes;point-holes;degenerate-formal-holes;general-polygon-input,binary-3x3-109,path-tree-comparison,"{""side"":3}",2,verified,,false,1,4,0,0,0,0,0,prepared-path-tree-input,0,1,0,1,0,1,,,,,0,,,0,0,,,,,0,0,2,0,0,0,1,,0,0,0,0,0,16,2,0,0,0,1,1,4,{},{},{},,{}
9c826593d98f5349fa1a9accd2089ee5c5746623,rustc 1.89.0 (29483883e 2025-08-04),/Users/kcn/Desktop/algorithm/target/release/rect-cli benchmark --suite path-tree-comparison --sizes 3 --output results/v0.5-path-tree-comparison.csv,,1784966444,512,871,finite-colored-unit-grid-path-tree-comparison,ornaments;isolated-formal-boundary-points;line-segment-holes;point-holes;degenerate-formal-holes;general-polygon-input,binary-3x3-10a,path-tree-comparison,"{""side"":3}",1,verified,,false,1,4,0,0,0,0,0,prepared-path-tree-input,0,1,0,0,0,1,,,,,0,,,0,0,,,,,0,0,2,0,0,0,1,,0,0,0,0,0,16,2,0,0,0,1,1,4,{},{},{},,{}
9c826593d98f5349fa1a9accd2089ee5c5746623,rustc 1.89.0 (29483883e 2025-08-04),/Users/kcn/Desktop/algorithm/target/release/rect-cli benchmark --suite path-tree-comparison --sizes 3 --output results/v0.5-path-tree-comparison.csv,,1784966444,512,871,finite-colored-unit-grid-path-tree-comparison,ornaments;isolated-formal-boundary-points;line-segment-holes;point-holes;degenerate-formal-holes;general-polygon-input,binary-3x3-10a,path-tree-comparison,"{""side"":3}",3,verified,,false,1,4,0,0,0,0,0,prepared-path-tree-input,0,1,0,0,0,1,,,,,0,,,0,0,,,,,0,0,2,0,0,0,1,,0,0,0,0,0,16,2,0,0,0,1,1,4,{},{},{},,{}
9c826593d98f5349fa1a9accd2089ee5c5746623,rustc 1.89.0 (29483883e 2025-08-04),/Users/kcn/Desktop/algorithm/target/release/rect-cli benchmark --suite path-tree-comparison --sizes 3 --output results/v0.5-path-tree-comparison.csv,,1784966444,512,871,finite-colored-unit-grid-path-tree-comparison,ornaments;isolated-formal-boundary-points;line-segment-holes;point-holes;degenerate-formal-holes;general-polygon-input,binary-3x3-10a,path-tree-comparison,"{""side"":3}",4,verified,,false,1,4,0,0,0,0,0,prepared-path-tree-input,0,1,0,0,0,1,,,,,0,,,0,0,,,,,0,0,2,0,0,0,1,,0,0,0,0,0,16,2,0,0,0,1,1,4,{},{},{},,{}
9c826593d98f5349fa1a9accd2089ee5c5746623,rustc 1.89.0 (29483883e 2025-08-04),/Users/kcn/Desktop/algorithm/target/release/rect-cli benchmark --suite path-tree-comparison --sizes 3 --output results/v0.5-path-tree-comparison.csv,,1784966444,512,871,finite-colored-unit-grid-path-tree-comparison,ornaments;isolated-formal-boundary-points;line-segment-holes;point-holes;degenerate-formal-holes;general-polygon-input,binary-3x3-10b,path-tree-comparison,"{""side"":3}",0,verified,,false,3,6,0,1,0,0,0,prepared-path-tree-input,0,1,0,1,0,4,,,,,0,,,0,0,,,,,0,0,2,0,0,0,2,,0,0,0,0,0,42,3,1,0,0,3,2,4,{},{},{},,{}
9c826593d98f5349fa1a9accd2089ee5c5746623,rustc 1.89.0 (29483883e 2025-08-04),/Users/kcn/Desktop/algorithm/target/release/rect-cli benchmark --suite path-tree-comparison --sizes 3 --output results/v0.5-path-tree-comparison.csv,,1784966444,512,871,finite-colored-unit-grid-path-tree-comparison,ornaments;isolated-formal-boundary-points;line-segment-holes;point-holes;degenerate-formal-holes;general-polygon-input,binary-3x3-10b,path-tree-comparison,"{""side"":3}",2,verified,,false,1,4,0,0,0,0,0,prepared-path-tree-input,0,1,0,0,0,1,,,,,0,,,0,0,,,,,0,0,2,0,0,0,1,,0,0,0,0,0,16,2,0,0,0,1,1,4,{},{},{},,{}
9c826593d98f5349fa1a9accd2089ee5c5746623,rustc 1.89.0 (29483883e 2025-08-04),/Users/kcn/Desktop/algorithm/target/release/rect-cli benchmark --suite path-tree-comparison --sizes 3 --output results/v0.5-path-tree-comparison.csv,,1784966444,512,871,finite-colored-unit-grid-path-tree-comparison,ornaments;isolated-formal-boundary-points;line-segment-holes;point-holes;degenerate-formal-holes;general-polygon-input,binary-3x3-10c,path-tree-comparison,"{""side"":3}",1,verified,,false,1,4,0,0,0,0,0,prepared-path-tree-input,0,1,0,0,0,1,,,,,0,,,0,0,,,,,0,0,2,0,0,0,1,,0,0,0,0,0,16,2,0,0,0,1,1,4,{},{},{},,{}
9c826593d98f5349fa1a9accd2089ee5c5746623,rustc 1.89.0 (29483883e 2025-08-04),/Users/kcn/Desktop/algorithm/target/release/rect-cli benchmark --suite path-tree-comparison --sizes 3 --output results/v0.5-path-tree-comparison.csv,,1784966444,512,871,finite-colored-unit-grid-path-tree-comparison,ornaments;isolated-formal-boundary-points;line-segment-holes;point-holes;degenerate-formal-holes;general-polygon-input,binary-3x3-10c,path-tree-comparison,"{""side"":3}",2,verified,,false,1,4,0,0,0,0,0,prepared-path-tree-input,0,1,0,0,0,1,,,,,0,,,0,0,,,,,0,0,2,0,0,0,1,,0,0,0,0,0,16,2,0,0,0,1,1,4,{},{},{},,{}
9c826593d98f5349fa1a9accd2089ee5c5746623,rustc 1.89.0 (29483883e 2025-08-04),/Users/kcn/Desktop/algorithm/target/release/rect-cli benchmark --suite path-tree-comparison --sizes 3 --output results/v0.5-path-tree-comparison.csv,,1784966444,512,871,finite-colored-unit-grid-path-tree-comparison,ornaments;isolated-formal-boundary-points;line-segment-holes;point-holes;degenerate-formal-holes;general-polygon-input,binary-3x3-10c,path-tree-comparison,"{""side"":3}",3,verified,,false,1,4,0,0,0,0,0,prepared-path-tree-input,0,1,0,0,0,1,,,,,0,,,0,0,,,,,0,0,2,0,0,0,1,,0,0,0,0,0,16,2,0,0,0,1,1,4,{},{},{},,{}
9c826593d98f5349fa1a9accd2089ee5c5746623,rustc 1.89.0 (29483883e 2025-08-04),/Users/kcn/Desktop/algorithm/target/release/rect-cli benchmark --suite path-tree-comparison --sizes 3 --output results/v0.5-path-tree-comparison.csv,,1784966444,512,871,finite-colored-unit-grid-path-tree-comparison,ornaments;isolated-formal-boundary-points;line-segment-holes;point-holes;degenerate-formal-holes;general-polygon-input,binary-3x3-10d,path-tree-comparison,"{""side"":3}",0,verified,,false,2,4,0,0,0,0,0,prepared-path-tree-input,0,1,0,1,0,2,,,,,0,,,0,0,,,,,0,0,2,0,0,0,1,,0,0,0,0,0,24,2,0,0,0,2,1,4,{},{},{},,{}
9c826593d98f5349fa1a9accd2089ee5c5746623,rustc 1.89.0 (29483883e 2025-08-04),/Users/kcn/Desktop/algorithm/target/release/rect-cli benchmark --suite path-tree-comparison --sizes 3 --output results/v0.5-path-tree-comparison.csv,,1784966444,512,871,finite-colored-unit-grid-path-tree-comparison,ornaments;isolated-formal-boundary-points;line-segment-holes;point-holes;degenerate-formal-holes;general-polygon-input,binary-3x3-10d,path-tree-comparison,"{""side"":3}",2,verified,,false,1,4,0,0,0,0,0,prepared-path-tree-input,0,1,0,0,0,1,,,,,0,,,0,0,,,,,0,0,2,0,0,0,1,,0,0,0,0,0,16,2,0,0,0,1,1,4,{},{},{},,{}
9c826593d98f5349fa1a9accd2089ee5c5746623,rustc 1.89.0 (29483883e 2025-08-04),/Users/kcn/Desktop/algorithm/target/release/rect-cli benchmark --suite path-tree-comparison --sizes 3 --output results/v0.5-path-tree-comparison.csv,,1784966444,512,871,finite-colored-unit-grid-path-tree-comparison,ornaments;isolated-formal-boundary-points;line-segment-holes;point-holes;degenerate-formal-holes;general-polygon-input,binary-3x3-10d,path-tree-comparison,"{""side"":3}",3,verified,,false,1,4,0,0,0,0,0,prepared-path-tree-input,0,1,0,0,0,1,,,,,0,,,0,0,,,,,0,0,2,0,0,0,1,,0,0,0,0,0,16,2,0,0,0,1,1,4,{},{},{},,{}
9c826593d98f5349fa1a9accd2089ee5c5746623,rustc 1.89.0 (29483883e 2025-08-04),/Users/kcn/Desktop/algorithm/target/release/rect-cli benchmark --suite path-tree-comparison --sizes 3 --output results/v0.5-path-tree-comparison.csv,,1784966444,512,871,finite-colored-unit-grid-path-tree-comparison,ornaments;isolated-formal-boundary-points;line-segment-holes;point-holes;degenerate-formal-holes;general-polygon-input,binary-3x3-10e,path-tree-comparison,"{""side"":3}",1,verified,,false,2,4,0,0,0,0,0,prepared-path-tree-input,0,1,0,1,0,2,,,,,0,,,0,0,,,,,0,0,2,0,0,0,1,,0,0,0,0,0,24,2,0,0,0,2,1,4,{},{},{},,{}
9c826593d98f5349fa1a9accd2089ee5c5746623,rustc 1.89.0 (29483883e 2025-08-04),/Users/kcn/Desktop/algorithm/target/release/rect-cli benchmark --suite path-tree-comparison --sizes 3 --output results/v0.5-path-tree-comparison.csv,,1784966444,512,871,finite-colored-unit-grid-path-tree-comparison,ornaments;isolated-formal-boundary-points;line-segment-holes;point-holes;degenerate-formal-holes;general-polygon-input,binary-3x3-10e,path-tree-comparison,"{""side"":3}",2,verified,,false,1,4,0,0,0,0,0,prepared-path-tree-input,0,1,0,0,0,1,,,,,0,,,0,0,,,,,0,0,2,0,0,0,1,,0,0,0,0,0,16,2,0,0,0,1,1,4,{},{},{},,{}
9c826593d98f5349fa1a9accd2089ee5c5746623,rustc 1.89.0 (29483883e 2025-08-04),/Users/kcn/Desktop/algorithm/target/release/rect-cli benchmark --suite path-tree-comparison --sizes 3 --output results/v0.5-path-tree-comparison.csv,,1784966444,512,871,finite-colored-unit-grid-path-tree-comparison,ornaments;isolated-formal-boundary-points;line-segment-holes;point-holes;degenerate-formal-holes;general-polygon-input,binary-3x3-10e,path-tree-comparison,"{""side"":3}",4,verified,,false,1,4,0,0,0,0,0,prepared-path-tree-input,0,1,0,0,0,1,,,,,0,,,0,0,,,,,0,0,2,0,0,0,1,,0,0,0,0,0,16,2,0,0,0,1,1,4,{},{},{},,{}
9c826593d98f5349fa1a9accd2089ee5c5746623,rustc 1.89.0 (29483883e 2025-08-04),/Users/kcn/Desktop/algorithm/target/release/rect-cli benchmark --suite path-tree-comparison --sizes 3 --output results/v0.5-path-tree-comparison.csv,,1784966444,512,871,finite-colored-unit-grid-path-tree-comparison,ornaments;isolated-formal-boundary-points;line-segment-holes;point-holes;degenerate-formal-holes;general-polygon-input,binary-3x3-10f,path-tree-comparison,"{""side"":3}",0,verified,,false,4,6,0,1,0,0,0,prepared-path-tree-input,0,1,0,2,0,6,,,,,0,,,0,0,,,,,0,0,2,0,0,0,2,,0,0,0,0,0,52,3,1,0,0,4,2,4,{},{},{},,{}
9c826593d98f5349fa1a9accd2089ee5c5746623,rustc 1.89.0 (29483883e 2025-08-04),/Users/kcn/Desktop/algorithm/target/release/rect-cli benchmark --suite path-tree-comparison --sizes 3 --output results/v0.5-path-tree-comparison.csv,,1784966444,512,871,finite-colored-unit-grid-path-tree-comparison,ornaments;isolated-formal-boundary-points;line-segment-holes;point-holes;degenerate-formal-holes;general-polygon-input,binary-3x3-10f,path-tree-comparison,"{""side"":3}",2,verified,,false,1,4,0,0,0,0,0,prepared-path-tree-input,0,1,0,0,0,1,,,,,0,,,0,0,,,,,0,0,2,0,0,0,1,,0,0,0,0,0,16,2,0,0,0,1,1,4,{},{},{},,{}
9c826593d98f5349fa1a9accd2089ee5c5746623,rustc 1.89.0 (29483883e 2025-08-04),/Users/kcn/Desktop/algorithm/target/release/rect-cli benchmark --suite path-tree-comparison --sizes 3 --output results/v0.5-path-tree-comparison.csv,,1784966444,512,871,finite-colored-unit-grid-path-tree-comparison,ornaments;isolated-formal-boundary-points;line-segment-holes;point-holes;degenerate-formal-holes;general-polygon-input,binary-3x3-110,path-tree-comparison,"{""side"":3}",1,verified,,false,1,4,0,0,0,0,0,prepared-path-tree-input,0,1,0,0,0,1,,,,,0,,,0,0,,,,,0,0,2,0,0,0,1,,0,0,0,0,0,16,2,0,0,0,1,1,4,{},{},{},,{}
9c826593d98f5349fa1a9accd2089ee5c5746623,rustc 1.89.0 (29483883e 2025-08-04),/Users/kcn/Desktop/algorithm/target/release/rect-cli benchmark --suite path-tree-comparison --sizes 3 --output results/v0.5-path-tree-comparison.csv,,1784966444,512,871,finite-colored-unit-grid-path-tree-comparison,ornaments;isolated-formal-boundary-points;line-segment-holes;point-holes;degenerate-formal-holes;general-polygon-input,binary-3x3-110,path-tree-comparison,"{""side"":3}",2,verified,,false,1,4,0,0,0,0,0,prepared-path-tree-input,0,1,0,0,0,1,,,,,0,,,0,0,,,,,0,0,2,0,0,0,1,,0,0,0,0,0,16,2,0,0,0,1,1,4,{},{},{},,{}
9c826593d98f5349fa1a9accd2089ee5c5746623,rustc 1.89.0 (29483883e 2025-08-04),/Users/kcn/Desktop/algorithm/target/release/rect-cli benchmark --suite path-tree-comparison --sizes 3 --output results/v0.5-path-tree-comparison.csv,,1784966444,512,871,finite-colored-unit-grid-path-tree-comparison,ornaments;isolated-formal-boundary-points;line-segment-holes;point-holes;degenerate-formal-holes;general-polygon-input,binary-3x3-111,path-tree-comparison,"{""side"":3}",0,verified,,false,1,4,0,0,0,0,0,prepared-path-tree-input,0,1,0,0,0,1,,,,,0,,,0,0,,,,,0,0,2,0,0,0,1,,0,0,0,0,0,16,2,0,0,0,1,1,4,{},{},{},,{}
9c826593d98f5349fa1a9accd2089ee5c5746623,rustc 1.89.0 (29483883e 2025-08-04),/Users/kcn/Desktop/algorithm/target/release/rect-cli benchmark --suite path-tree-comparison --sizes 3 --output results/v0.5-path-tree-comparison.csv,,1784966444,512,871,finite-colored-unit-grid-path-tree-comparison,ornaments;isolated-formal-boundary-points;line-segment-holes;point-holes;degenerate-formal-holes;general-polygon-input,binary-3x3-111,path-tree-comparison,"{""side"":3}",3,verified,,false,1,4,0,0,0,0,0,prepared-path-tree-input,0,1,0,0,0,1,,,,,0,,,0,0,,,,,0,0,2,0,0,0,1,,0,0,0,0,0,16,2,0,0,0,1,1,4,{},{},{},,{}
9c826593d98f5349fa1a9accd2089ee5c5746623,rustc 1.89.0 (29483883e 2025-08-04),/Users/kcn/Desktop/algorithm/target/release/rect-cli benchmark --suite path-tree-comparison --sizes 3 --output results/v0.5-path-tree-comparison.csv,,1784966444,512,871,finite-colored-unit-grid-path-tree-comparison,ornaments;isolated-formal-boundary-points;line-segment-holes;point-holes;degenerate-formal-holes;general-polygon-input,binary-3x3-111,path-tree-comparison,"{""side"":3}",4,verified,,false,1,4,0,0,0,0,0,prepared-path-tree-input,0,1,0,0,0,1,,,,,0,,,0,0,,,,,0,0,2,0,0,0,1,,0,0,0,0,0,16,2,0,0,0,1,1,4,{},{},{},,{}
9c826593d98f5349fa1a9accd2089ee5c5746623,rustc 1.89.0 (29483883e 2025-08-04),/Users/kcn/Desktop/algorithm/target/release/rect-cli benchmark --suite path-tree-comparison --sizes 3 --output results/v0.5-path-tree-comparison.csv,,1784966444,512,871,finite-colored-unit-grid-path-tree-comparison,ornaments;isolated-formal-boundary-points;line-segment-holes;point-holes;degenerate-formal-holes;general-polygon-input,binary-3x3-112,path-tree-comparison,"{""side"":3}",1,verified,,false,2,4,0,0,0,0,0,prepared-path-tree-input,0,1,0,1,0,2,,,,,0,,,0,0,,,,,0,0,2,0,0,0,1,,0,0,0,0,0,24,2,0,0,0,2,1,4,{},{},{},,{}
9c826593d98f5349fa1a9accd2089ee5c5746623,rustc 1.89.0 (29483883e 2025-08-04),/Users/kcn/Desktop/algorithm/target/release/rect-cli benchmark --suite path-tree-comparison --sizes 3 --output results/v0.5-path-tree-comparison.csv,,1784966444,512,871,finite-colored-unit-grid-path-tree-comparison,ornaments;isolated-formal-boundary-points;line-segment-holes;point-holes;degenerate-formal-holes;general-polygon-input,binary-3x3-112,path-tree-comparison,"{""side"":3}",3,verified,,false,1,4,0,0,0,0,0,prepared-path-tree-input,0,1,0,0,0,1,,,,,0,,,0,0,,,,,0,0,2,0,0,0,1,,0,0,0,0,0,16,2,0,0,0,1,1,4,{},{},{},,{}
9c826593d98f5349fa1a9accd2089ee5c5746623,rustc 1.89.0 (29483883e 2025-08-04),/Users/kcn/Desktop/algorithm/target/release/rect-cli benchmark --suite path-tree-comparison --sizes 3 --output results/v0.5-path-tree-comparison.csv,,1784966444,512,871,finite-colored-unit-grid-path-tree-comparison,ornaments;isolated-formal-boundary-points;line-segment-holes;point-holes;degenerate-formal-holes;general-polygon-input,binary-3x3-113,path-tree-comparison,"{""side"":3}",0,verified,,false,3,6,0,1,0,0,0,prepared-path-tree-input,0,1,0,1,0,4,,,,,0,,,0,0,,,,,0,0,2,0,0,0,2,,0,0,0,0,0,41,3,1,0,0,3,2,4,{},{},{},,{}
9c826593d98f5349fa1a9accd2089ee5c5746623,rustc 1.89.0 (29483883e 2025-08-04),/Users/kcn/Desktop/algorithm/target/release/rect-cli benchmark --suite path-tree-comparison --sizes 3 --output results/v0.5-path-tree-comparison.csv,,1784966444,512,871,finite-colored-unit-grid-path-tree-comparison,ornaments;isolated-formal-boundary-points;line-segment-holes;point-holes;degenerate-formal-holes;general-polygon-input,binary-3x3-113,path-tree-comparison,"{""side"":3}",3,verified,,false,1,4,0,0,0,0,0,prepared-path-tree-input,0,1,0,0,0,1,,,,,0,,,0,0,,,,,0,0,2,0,0,0,1,,0,0,0,0,0,16,2,0,0,0,1,1,4,{},{},{},,{}
9c826593d98f5349fa1a9accd2089ee5c5746623,rustc 1.89.0 (29483883e 2025-08-04),/Users/kcn/Desktop/algorithm/target/release/rect-cli benchmark --suite path-tree-comparison --sizes 3 --output results/v0.5-path-tree-comparison.csv,,1784966444,512,871,finite-colored-unit-grid-path-tree-comparison,ornaments;isolated-formal-boundary-points;line-segment-holes;point-holes;degenerate-formal-holes;general-polygon-input,binary-3x3-114,path-tree-comparison,"{""side"":3}",1,verified,,false,1,4,0,0,0,0,0,prepared-path-tree-input,0,1,0,0,0,1,,,,,0,,,0,0,,,,,0,0,2,0,0,0,1,,0,0,0,0,0,16,2,0,0,0,1,1,4,{},{},{},,{}
9c826593d98f5349fa1a9accd2089ee5c5746623,rustc 1.89.0 (29483883e 2025-08-04),/Users/kcn/Desktop/algorithm/target/release/rect-cli benchmark --suite path-tree-comparison --sizes 3 --output results/v0.5-path-tree-comparison.csv,,1784966444,512,871,finite-colored-unit-grid-path-tree-comparison,ornaments;isolated-formal-boundary-points;line-segment-holes;point-holes;degenerate-formal-holes;general-polygon-input,binary-3x3-114,path-tree-comparison,"{""side"":3}",2,verified,,false,1,4,0,0,0,0,0,prepared-path-tree-input,0,1,0,0,0,1,,,,,0,,,0,0,,,,,0,0,2,0,0,0,1,,0,0,0,0,0,16,2,0,0,0,1,1,4,{},{},{},,{}
9c826593d98f5349fa1a9accd2089ee5c5746623,rustc 1.89.0 (29483883e 2025-08-04),/Users/kcn/Desktop/algorithm/target/release/rect-cli benchmark --suite path-tree-comparison --sizes 3 --output results/v0.5-path-tree-comparison.csv,,1784966444,512,871,finite-colored-unit-grid-path-tree-comparison,ornaments;isolated-formal-boundary-points;line-segment-holes;point-holes;degenerate-formal-holes;general-polygon-input,binary-3x3-114,path-tree-comparison,"{""side"":3}",4,verified,,false,1,4,0,0,0,0,0,prepared-path-tree-input,0,1,0,0,0,1,,,,,0,,,0,0,,,,,0,0,2,0,0,0,1,,0,0,0,0,0,16,2,0,0,0,1,1,4,{},{},{},,{}
9c826593d98f5349fa1a9accd2089ee5c5746623,rustc 1.89.0 (29483883e 2025-08-04),/Users/kcn/Desktop/algorithm/target/release/rect-cli benchmark --suite path-tree-comparison --sizes 3 --output results/v0.5-path-tree-comparison.csv,,1784966444,512,871,finite-colored-unit-grid-path-tree-comparison,ornaments;isolated-formal-boundary-points;line-segment-holes;point-holes;degenerate-formal-holes;general-polygon-input,binary-3x3-115,path-tree-comparison,"{""side"":3}",0,verified,,false,1,4,0,0,0,0,0,prepared-path-tree-input,0,1,0,0,0,1,,,,,0,,,0,0,,,,,0,0,2,0,0,0,1,,0,0,0,0,0,16,2,0,0,0,1,1,4,{},{},{},,{}
9c826593d98f5349fa1a9accd2089ee5c5746623,rustc 1.89.0 (29483883e 2025-08-04),/Users/kcn/Desktop/algorithm/target/release/rect-cli benchmark --suite path-tree-comparison --sizes 3 --output results/v0.5-path-tree-comparison.csv,,1784966444,512,871,finite-colored-unit-grid-path-tree-comparison,ornaments;isolated-formal-boundary-points;line-segment-holes;point-holes;degenerate-formal-holes;general-polygon-input,binary-3x3-115,path-tree-comparison,"{""side"":3}",2,verified,,false,1,4,0,0,0,0,0,prepared-path-tree-input,0,1,0,0,0,1,,,,,0,,,0,0,,,,,0,0,2,0,0,0,1,,0,0,0,0,0,16,2,0,0,0,1,1,4,{},{},{},,{}
9c826593d98f5349fa1a9accd2089ee5c5746623,rustc 1.89.0 (29483883e 2025-08-04),/Users/kcn/Desktop/algorithm/target/release/rect-cli benchmark --suite path-tree-comparison --sizes 3 --output results/v0.5-path-tree-comparison.csv,,1784966444,512,871,finite-colored-unit-grid-path-tree-comparison,ornaments;isolated-formal-boundary-points;line-segment-holes;point-holes;degenerate-formal-holes;general-polygon-input,binary-3x3-115,path-tree-comparison,"{""side"":3}",4,verified,,false,1,4,0,0,0,0,0,prepared-path-tree-input,0,1,0,0,0,1,,,,,0,,,0,0,,,,,0,0,2,0,0,0,1,,0,0,0,0,0,16,2,0,0,0,1,1,4,{},{},{},,{}
9c826593d98f5349fa1a9accd2089ee5c5746623,rustc 1.89.0 (29483883e 2025-08-04),/Users/kcn/Desktop/algorithm/target/release/rect-cli benchmark --suite path-tree-comparison --sizes 3 --output results/v0.5-path-tree-comparison.csv,,1784966444,512,871,finite-colored-unit-grid-path-tree-comparison,ornaments;isolated-formal-boundary-points;line-segment-holes;point-holes;degenerate-formal-holes;general-polygon-input,binary-3x3-115,path-tree-comparison,"{""side"":3}",6,verified,,false,1,4,0,0,0,0,0,prepared-path-tree-input,0,1,0,0,0,1,,,,,0,,,0,0,,,,,0,0,2,0,0,0,1,,0,0,0,0,0,16,2,0,0,0,1,1,4,{},{},{},,{}
9c826593d98f5349fa1a9accd2089ee5c5746623,rustc 1.89.0 (29483883e 2025-08-04),/Users/kcn/Desktop/algorithm/target/release/rect-cli benchmark --suite path-tree-comparison --sizes 3 --output results/v0.5-path-tree-comparison.csv,,1784966444,512,871,finite-colored-unit-grid-path-tree-comparison,ornaments;isolated-formal-boundary-points;line-segment-holes;point-holes;degenerate-formal-holes;general-polygon-input,binary-3x3-116,path-tree-comparison,"{""side"":3}",1,verified,,false,3,6,0,1,0,0,0,prepared-path-tree-input,0,1,0,1,0,4,,,,,0,,,0,0,,,,,0,0,2,0,0,0,2,,0,0,0,0,0,42,3,1,0,0,3,2,4,{},{},{},,{}
9c826593d98f5349fa1a9accd2089ee5c5746623,rustc 1.89.0 (29483883e 2025-08-04),/Users/kcn/Desktop/algorithm/target/release/rect-cli benchmark --suite path-tree-comparison --sizes 3 --output results/v0.5-path-tree-comparison.csv,,1784966444,512,871,finite-colored-unit-grid-path-tree-comparison,ornaments;isolated-formal-boundary-points;line-segment-holes;point-holes;degenerate-formal-holes;general-polygon-input,binary-3x3-116,path-tree-comparison,"{""side"":3}",3,verified,,false,1,4,0,0,0,0,0,prepared-path-tree-input,0,1,0,0,0,1,,,,,0,,,0,0,,,,,0,0,2,0,0,0,1,,0,0,0,0,0,16,2,0,0,0,1,1,4,{},{},{},,{}
9c826593d98f5349fa1a9accd2089ee5c5746623,rustc 1.89.0 (29483883e 2025-08-04),/Users/kcn/Desktop/algorithm/target/release/rect-cli benchmark --suite path-tree-comparison --sizes 3 --output results/v0.5-path-tree-comparison.csv,,1784966444,512,871,finite-colored-unit-grid-path-tree-comparison,ornaments;isolated-formal-boundary-points;line-segment-holes;point-holes;degenerate-formal-holes;general-polygon-input,binary-3x3-117,path-tree-comparison,"{""side"":3}",0,verified,,false,4,8,0,2,1,0,1,prepared-path-tree-input,0,1,0,2,0,6,,,,,0,,,0,0,0,1,,,0,0,3,1,0,0,2,,0,0,0,0,0,40,2,0,0,0,4,2,4,{},{},{},,{}
9c826593d98f5349fa1a9accd2089ee5c5746623,rustc 1.89.0 (29483883e 2025-08-04),/Users/kcn/Desktop/algorithm/target/release/rect-cli benchmark --suite path-tree-comparison --sizes 3 --output results/v0.5-path-tree-comparison.csv,,1784966444,512,871,finite-colored-unit-grid-path-tree-comparison,ornaments;isolated-formal-boundary-points;line-segment-holes;point-holes;degenerate-formal-holes;general-polygon-input,binary-3x3-117,path-tree-comparison,"{""side"":3}",3,verified,,false,1,4,0,0,0,0,0,prepared-path-tree-input,0,1,0,0,0,1,,,,,0,,,0,0,,,,,0,0,2,0,0,0,1,,0,0,0,0,0,16,2,0,0,0,1,1,4,{},{},{},,{}
9c826593d98f5349fa1a9accd2089ee5c5746623,rustc 1.89.0 (29483883e 2025-08-04),/Users/kcn/Desktop/algorithm/target/release/rect-cli benchmark --suite path-tree-comparison --sizes 3 --output results/v0.5-path-tree-comparison.csv,,1784966444,512,871,finite-colored-unit-grid-path-tree-comparison,ornaments;isolated-formal-boundary-points;line-segment-holes;point-holes;degenerate-formal-holes;general-polygon-input,binary-3x3-118,path-tree-comparison,"{""side"":3}",1,verified,,false,2,4,0,0,0,0,0,prepared-path-tree-input,0,1,0,1,0,2,,,,,0,,,0,0,,,,,0,0,2,0,0,0,1,,0,0,0,0,0,24,2,0,0,0,2,1,4,{},{},{},,{}
9c826593d98f5349fa1a9accd2089ee5c5746623,rustc 1.89.0 (29483883e 2025-08-04),/Users/kcn/Desktop/algorithm/target/release/rect-cli benchmark --suite path-tree-comparison --sizes 3 --output results/v0.5-path-tree-comparison.csv,,1784966444,512,871,finite-colored-unit-grid-path-tree-comparison,ornaments;isolated-formal-boundary-points;line-segment-holes;point-holes;degenerate-formal-holes;general-polygon-input,binary-3x3-118,path-tree-comparison,"{""side"":3}",3,verified,,false,1,4,0,0,0,0,0,prepared-path-tree-input,0,1,0,0,0,1,,,,,0,,,0,0,,,,,0,0,2,0,0,0,1,,0,0,0,0,0,16,2,0,0,0,1,1,4,{},{},{},,{}
9c826593d98f5349fa1a9accd2089ee5c5746623,rustc 1.89.0 (29483883e 2025-08-04),/Users/kcn/Desktop/algorithm/target/release/rect-cli benchmark --suite path-tree-comparison --sizes 3 --output results/v0.5-path-tree-comparison.csv,,1784966444,512,871,finite-colored-unit-grid-path-tree-comparison,ornaments;isolated-formal-boundary-points;line-segment-holes;point-holes;degenerate-formal-holes;general-polygon-input,binary-3x3-119,path-tree-comparison,"{""side"":3}",0,verified,,false,3,6,0,1,0,0,0,prepared-path-tree-input,0,1,0,1,0,4,,,,,0,,,0,0,,,,,0,0,2,0,0,0,2,,0,0,0,0,0,40,3,1,0,0,3,2,4,{},{},{},,{}
9c826593d98f5349fa1a9accd2089ee5c5746623,rustc 1.89.0 (29483883e 2025-08-04),/Users/kcn/Desktop/algorithm/target/release/rect-cli benchmark --suite path-tree-comparison --sizes 3 --output results/v0.5-path-tree-comparison.csv,,1784966444,512,871,finite-colored-unit-grid-path-tree-comparison,ornaments;isolated-formal-boundary-points;line-segment-holes;point-holes;degenerate-formal-holes;general-polygon-input,binary-3x3-119,path-tree-comparison,"{""side"":3}",3,verified,,false,1,4,0,0,0,0,0,prepared-path-tree-input,0,1,0,0,0,1,,,,,0,,,0,0,,,,,0,0,2,0,0,0,1,,0,0,0,0,0,16,2,0,0,0,1,1,4,{},{},{},,{}
9c826593d98f5349fa1a9accd2089ee5c5746623,rustc 1.89.0 (29483883e 2025-08-04),/Users/kcn/Desktop/algorithm/target/release/rect-cli benchmark --suite path-tree-comparison --sizes 3 --output results/v0.5-path-tree-comparison.csv,,1784966444,512,871,finite-colored-unit-grid-path-tree-comparison,ornaments;isolated-formal-boundary-points;line-segment-holes;point-holes;degenerate-formal-holes;general-polygon-input,binary-3x3-11a,path-tree-comparison,"{""side"":3}",1,verified,,false,3,6,0,1,0,0,0,prepared-path-tree-input,0,1,0,1,0,4,,,,,0,,,0,0,,,,,0,0,2,0,0,0,2,,0,0,0,0,0,39,3,1,0,0,3,2,4,{},{},{},,{}
9c826593d98f5349fa1a9accd2089ee5c5746623,rustc 1.89.0 (29483883e 2025-08-04),/Users/kcn/Desktop/algorithm/target/release/rect-cli benchmark --suite path-tree-comparison --sizes 3 --output results/v0.5-path-tree-comparison.csv,,1784966444,512,871,finite-colored-unit-grid-path-tree-comparison,ornaments;isolated-formal-boundary-points;line-segment-holes;point-holes;degenerate-formal-holes;general-polygon-input,binary-3x3-11a,path-tree-comparison,"{""side"":3}",4,verified,,false,1,4,0,0,0,0,0,prepared-path-tree-input,0,1,0,0,0,1,,,,,0,,,0,0,,,,,0,0,2,0,0,0,1,,0,0,0,0,0,16,2,0,0,0,1,1,4,{},{},{},,{}
9c826593d98f5349fa1a9accd2089ee5c5746623,rustc 1.89.0 (29483883e 2025-08-04),/Users/kcn/Desktop/algorithm/target/release/rect-cli benchmark --suite path-tree-comparison --sizes 3 --output results/v0.5-path-tree-comparison.csv,,1784966444,512,871,finite-colored-unit-grid-path-tree-comparison,ornaments;isolated-formal-boundary-points;line-segment-holes;point-holes;degenerate-formal-holes;general-polygon-input,binary-3x3-11b,path-tree-comparison,"{""side"":3}",0,verified,,false,4,4,0,0,0,0,0,prepared-path-tree-input,0,1,0,1,0,4,,,,,0,,,0,0,,,,,0,0,2,0,0,0,1,,0,0,0,0,0,32,2,0,0,0,4,1,4,{},{},{},,{}
9c826593d98f5349fa1a9accd2089ee5c5746623,rustc 1.89.0 (29483883e 2025-08-04),/Users/kcn/Desktop/algorithm/target/release/rect-cli benchmark --suite path-tree-comparison --sizes 3 --output results/v0.5-path-tree-comparison.csv,,1784966444,512,871,finite-colored-unit-grid-path-tree-comparison,ornaments;isolated-formal-boundary-points;line-segment-holes;point-holes;degenerate-formal-holes;general-polygon-input,binary-3x3-11b,path-tree-comparison,"{""side"":3}",3,verified,,false,1,4,0,0,0,0,0,prepared-path-tree-input,0,1,0,0,0,1,,,,,0,,,0,0,,,,,0,0,2,0,0,0,1,,0,0,0,0,0,16,2,0,0,0,1,1,4,{},{},{},,{}
9c826593d98f5349fa1a9accd2089ee5c5746623,rustc 1.89.0 (29483883e 2025-08-04),/Users/kcn/Desktop/algorithm/target/release/rect-cli benchmark --suite path-tree-comparison --sizes 3 --output results/v0.5-path-tree-comparison.csv,,1784966444,512,871,finite-colored-unit-grid-path-tree-comparison,ornaments;isolated-formal-boundary-points;line-segment-holes;point-holes;degenerate-formal-holes;general-polygon-input,binary-3x3-11c,path-tree-comparison,"{""side"":3}",1,verified,,false,1,4,0,0,0,0,0,prepared-path-tree-input,0,1,0,0,0,1,,,,,0,,,0,0,,,,,0,0,2,0,0,0,1,,0,0,0,0,0,16,2,0,0,0,1,1,4,{},{},{},,{}
9c826593d98f5349fa1a9accd2089ee5c5746623,rustc 1.89.0 (29483883e 2025-08-04),/Users/kcn/Desktop/algorithm/target/release/rect-cli benchmark --suite path-tree-comparison --sizes 3 --output results/v0.5-path-tree-comparison.csv,,1784966444,512,871,finite-colored-unit-grid-path-tree-comparison,ornaments;isolated-formal-boundary-points;line-segment-holes;point-holes;degenerate-formal-holes;general-polygon-input,binary-3x3-11c,path-tree-comparison,"{""side"":3}",2,verified,,false,2,4,0,0,0,0,0,prepared-path-tree-input,0,1,0,1,0,2,,,,,0,,,0,0,,,,,0,0,2,0,0,0,1,,0,0,0,0,0,24,2,0,0,0,2,1,4,{},{},{},,{}
9c826593d98f5349fa1a9accd2089ee5c5746623,rustc 1.89.0 (29483883e 2025-08-04),/Users/kcn/Desktop/algorithm/target/release/rect-cli benchmark --suite path-tree-comparison --sizes 3 --output results/v0.5-path-tree-comparison.csv,,1784966444,512,871,finite-colored-unit-grid-path-tree-comparison,ornaments;isolated-formal-boundary-points;line-segment-holes;point-holes;degenerate-formal-holes;general-polygon-input,binary-3x3-11c,path-tree-comparison,"{""side"":3}",5,verified,,false,1,4,0,0,0,0,0,prepared-path-tree-input,0,1,0,0,0,1,,,,,0,,,0,0,,,,,0,0,2,0,0,0,1,,0,0,0,0,0,16,2,0,0,0,1,1,4,{},{},{},,{}
9c826593d98f5349fa1a9accd2089ee5c5746623,rustc 1.89.0 (29483883e 2025-08-04),/Users/kcn/Desktop/algorithm/target/release/rect-cli benchmark --suite path-tree-comparison --sizes 3 --output results/v0.5-path-tree-comparison.csv,,1784966444,512,871,finite-colored-unit-grid-path-tree-comparison,ornaments;isolated-formal-boundary-points;line-segment-holes;point-holes;degenerate-formal-holes;general-polygon-input,binary-3x3-11d,path-tree-comparison,"{""side"":3}",0,verified,,false,3,6,0,1,0,0,0,prepared-path-tree-input,0,1,0,1,0,4,,,,,0,,,0,0,,,,,0,0,2,0,0,0,2,,0,0,0,0,0,40,3,1,0,0,3,2,4,{},{},{},,{}
9c826593d98f5349fa1a9accd2089ee5c5746623,rustc 1.89.0 (29483883e 2025-08-04),/Users/kcn/Desktop/algorithm/target/release/rect-cli benchmark --suite path-tree-comparison --sizes 3 --output results/v0.5-path-tree-comparison.csv,,1784966444,512,871,finite-colored-unit-grid-path-tree-comparison,ornaments;isolated-formal-boundary-points;line-segment-holes;point-holes;degenerate-formal-holes;general-polygon-input,binary-3x3-11d,path-tree-comparison,"{""side"":3}",2,verified,,false,1,4,0,0,0,0,0,prepared-path-tree-input,0,1,0,0,0,1,,,,,0,,,0,0,,,,,0,0,2,0,0,0,1,,0,0,0,0,0,16,2,0,0,0,1,1,4,{},{},{},,{}
9c826593d98f5349fa1a9accd2089ee5c5746623,rustc 1.89.0 (29483883e 2025-08-04),/Users/kcn/Desktop/algorithm/target/release/rect-cli benchmark --suite path-tree-comparison --sizes 3 --output results/v0.5-path-tree-comparison.csv,,1784966444,512,871,finite-colored-unit-grid-path-tree-comparison,ornaments;isolated-formal-boundary-points;line-segment-holes;point-holes;degenerate-formal-holes;general-polygon-input,binary-3x3-11d,path-tree-comparison,"{""side"":3}",5,verified,,false,1,4,0,0,0,0,0,prepared-path-tree-input,0,1,0,0,0,1,,,,,0,,,0,0,,,,,0,0,2,0,0,0,1,,0,0,0,0,0,16,2,0,0,0,1,1,4,{},{},{},,{}
9c826593d98f5349fa1a9accd2089ee5c5746623,rustc 1.89.0 (29483883e 2025-08-04),/Users/kcn/Desktop/algorithm/target/release/rect-cli benchmark --suite path-tree-comparison --sizes 3 --output results/v0.5-path-tree-comparison.csv,,1784966444,512,871,finite-colored-unit-grid-path-tree-comparison,ornaments;isolated-formal-boundary-points;line-segment-holes;point-holes;degenerate-formal-holes;general-polygon-input,binary-3x3-11e,path-tree-comparison,"{""side"":3}",1,verified,,false,4,8,0,2,1,0,1,prepared-path-tree-input,0,1,0,2,0,6,,,,,0,,,0,0,0,1,,,0,0,3,1,0,0,2,,0,0,0,0,0,40,2,0,0,0,4,2,4,{},{},{},,{}
9c826593d98f5349fa1a9accd2089ee5c5746623,rustc 1.89.0 (29483883e 2025-08-04),/Users/kcn/Desktop/algorithm/target/release/rect-cli benchmark --suite path-tree-comparison --sizes 3 --output results/v0.5-path-tree-comparison.csv,,1784966444,512,871,finite-colored-unit-grid-path-tree-comparison,ornaments;isolated-formal-boundary-points;line-segment-holes;point-holes;degenerate-formal-holes;general-polygon-input,binary-3x3-11e,path-tree-comparison,"{""side"":3}",4,verified,,false,1,4,0,0,0,0,0,prepared-path-tree-input,0,1,0,0,0,1,,,,,0,,,0,0,,,,,0,0,2,0,0,0,1,,0,0,0,0,0,16,2,0,0,0,1,1,4,{},{},{},,{}
9c826593d98f5349fa1a9accd2089ee5c5746623,rustc 1.89.0 (29483883e 2025-08-04),/Users/kcn/Desktop/algorithm/target/release/rect-cli benchmark --suite path-tree-comparison --sizes 3 --output results/v0.5-path-tree-comparison.csv,,1784966444,512,871,finite-colored-unit-grid-path-tree-comparison,ornaments;isolated-formal-boundary-points;line-segment-holes;point-holes;degenerate-formal-holes;general-polygon-input,binary-3x3-11f,path-tree-comparison,"{""side"":3}",0,verified,,false,5,6,0,1,0,0,0,prepared-path-tree-input,0,1,0,2,0,6,,,,,0,,,0,0,,,,,0,0,2,0,0,0,2,,0,0,0,0,0,56,3,2,0,0,5,2,4,{},{},{},,{}
9c826593d98f5349fa1a9accd2089ee5c5746623,rustc 1.89.0 (29483883e 2025-08-04),/Users/kcn/Desktop/algorithm/target/release/rect-cli benchmark --suite path-tree-comparison --sizes 3 --output results/v0.5-path-tree-comparison.csv,,1784966444,512,871,finite-colored-unit-grid-path-tree-comparison,ornaments;isolated-formal-boundary-points;line-segment-holes;point-holes;degenerate-formal-holes;general-polygon-input,binary-3x3-11f,path-tree-comparison,"{""side"":3}",3,verified,,false,1,4,0,0,0,0,0,prepared-path-tree-input,0,1,0,0,0,1,,,,,0,,,0,0,,,,,0,0,2,0,0,0,1,,0,0,0,0,0,16,2,0,0,0,1,1,4,{},{},{},,{}
9c826593d98f5349fa1a9accd2089ee5c5746623,rustc 1.89.0 (29483883e 2025-08-04),/Users/kcn/Desktop/algorithm/target/release/rect-cli benchmark --suite path-tree-comparison --sizes 3 --output results/v0.5-path-tree-comparison.csv,,1784966444,512,871,finite-colored-unit-grid-path-tree-comparison,ornaments;isolated-formal-boundary-points;line-segment-holes;point-holes;degenerate-formal-holes;general-polygon-input,binary-3x3-120,path-tree-comparison,"{""side"":3}",1,verified,,false,2,4,0,0,0,0,0,prepared-path-tree-input,0,1,0,1,0,2,,,,,0,,,0,0,,,,,0,0,2,0,0,0,1,,0,0,0,0,0,24,2,0,0,0,2,1,4,{},{},{},,{}
9c826593d98f5349fa1a9accd2089ee5c5746623,rustc 1.89.0 (29483883e 2025-08-04),/Users/kcn/Desktop/algorithm/target/release/rect-cli benchmark --suite path-tree-comparison --sizes 3 --output results/v0.5-path-tree-comparison.csv,,1784966444,512,871,finite-colored-unit-grid-path-tree-comparison,ornaments;isolated-formal-boundary-points;line-segment-holes;point-holes;degenerate-formal-holes;general-polygon-input,binary-3x3-121,path-tree-comparison,"{""side"":3}",0,verified,,false,1,4,0,0,0,0,0,prepared-path-tree-input,0,1,0,0,0,1,,,,,0,,,0,0,,,,,0,0,2,0,0,0,1,,0,0,0,0,0,16,2,0,0,0,1,1,4,{},{},{},,{}
9c826593d98f5349fa1a9accd2089ee5c5746623,rustc 1.89.0 (29483883e 2025-08-04),/Users/kcn/Desktop/algorithm/target/release/rect-cli benchmark --suite path-tree-comparison --sizes 3 --output results/v0.5-path-tree-comparison.csv,,1784966444,512,871,finite-colored-unit-grid-path-tree-comparison,ornaments;isolated-formal-boundary-points;line-segment-holes;point-holes;degenerate-formal-holes;general-polygon-input,binary-3x3-121,path-tree-comparison,"{""side"":3}",2,verified,,false,2,4,0,0,0,0,0,prepared-path-tree-input,0,1,0,0,0,2,,,,,0,,,0,0,,,,,0,0,2,0,0,0,1,,0,0,0,0,0,24,2,0,0,0,2,1,4,{},{},{},,{}
9c826593d98f5349fa1a9accd2089ee5c5746623,rustc 1.89.0 (29483883e 2025-08-04),/Users/kcn/Desktop/algorithm/target/release/rect-cli benchmark --suite path-tree-comparison --sizes 3 --output results/v0.5-path-tree-comparison.csv,,1784966444,512,871,finite-colored-unit-grid-path-tree-comparison,ornaments;isolated-formal-boundary-points;line-segment-holes;point-holes;degenerate-formal-holes;general-polygon-input,binary-3x3-122,path-tree-comparison,"{""side"":3}",1,verified,,false,1,4,0,0,0,0,0,prepared-path-tree-input,0,1,0,0,0,1,,,,,0,,,0,0,,,,,0,0,2,0,0,0,1,,0,0,0,0,0,16,2,0,0,0,1,1,4,{},{},{},,{}
9c826593d98f5349fa1a9accd2089ee5c5746623,rustc 1.89.0 (29483883e 2025-08-04),/Users/kcn/Desktop/algorithm/target/release/rect-cli benchmark --suite path-tree-comparison --sizes 3 --output results/v0.5-path-tree-comparison.csv,,1784966444,512,871,finite-colored-unit-grid-path-tree-comparison,ornaments;isolated-formal-boundary-points;line-segment-holes;point-holes;degenerate-formal-holes;general-polygon-input,binary-3x3-122,path-tree-comparison,"{""side"":3}",3,verified,,false,2,4,0,0,0,0,0,prepared-path-tree-input,0,1,0,1,0,2,,,,,0,,,0,0,,,,,0,0,2,0,0,0,1,,0,0,0,0,0,24,2,0,0,0,2,1,4,{},{},{},,{}
9c826593d98f5349fa1a9accd2089ee5c5746623,rustc 1.89.0 (29483883e 2025-08-04),/Users/kcn/Desktop/algorithm/target/release/rect-cli benchmark --suite path-tree-comparison --sizes 3 --output results/v0.5-path-tree-comparison.csv,,1784966444,512,871,finite-colored-unit-grid-path-tree-comparison,ornaments;isolated-formal-boundary-points;line-segment-holes;point-holes;degenerate-formal-holes;general-polygon-input,binary-3x3-123,path-tree-comparison,"{""side"":3}",0,verified,,false,2,4,0,0,0,0,0,prepared-path-tree-input,0,1,0,0,0,2,,,,,0,,,0,0,,,,,0,0,2,0,0,0,1,,0,0,0,0,0,24,2,0,0,0,2,1,4,{},{},{},,{}
9c826593d98f5349fa1a9accd2089ee5c5746623,rustc 1.89.0 (29483883e 2025-08-04),/Users/kcn/Desktop/algorithm/target/release/rect-cli benchmark --suite path-tree-comparison --sizes 3 --output results/v0.5-path-tree-comparison.csv,,1784966444,512,871,finite-colored-unit-grid-path-tree-comparison,ornaments;isolated-formal-boundary-points;line-segment-holes;point-holes;degenerate-formal-holes;general-polygon-input,binary-3x3-123,path-tree-comparison,"{""side"":3}",3,verified,,false,2,4,0,0,0,0,0,prepared-path-tree-input,0,1,0,0,0,2,,,,,0,,,0,0,,,,,0,0,2,0,0,0,1,,0,0,0,0,0,24,2,0,0,0,2,1,4,{},{},{},,{}
9c826593d98f5349fa1a9accd2089ee5c5746623,rustc 1.89.0 (29483883e 2025-08-04),/Users/kcn/Desktop/algorithm/target/release/rect-cli benchmark --suite path-tree-comparison --sizes 3 --output results/v0.5-path-tree-comparison.csv,,1784966444,512,871,finite-colored-unit-grid-path-tree-comparison,ornaments;isolated-formal-boundary-points;line-segment-holes;point-holes;degenerate-formal-holes;general-polygon-input,binary-3x3-124,path-tree-comparison,"{""side"":3}",1,verified,,false,3,4,0,0,0,0,0,prepared-path-tree-input,0,1,0,1,0,3,,,,,0,,,0,0,,,,,0,0,2,0,0,0,1,,0,0,0,0,0,32,2,0,0,0,3,1,4,{},{},{},,{}
9c826593d98f5349fa1a9accd2089ee5c5746623,rustc 1.89.0 (29483883e 2025-08-04),/Users/kcn/Desktop/algorithm/target/release/rect-cli benchmark --suite path-tree-comparison --sizes 3 --output results/v0.5-path-tree-comparison.csv,,1784966444,512,871,finite-colored-unit-grid-path-tree-comparison,ornaments;isolated-formal-boundary-points;line-segment-holes;point-holes;degenerate-formal-holes;general-polygon-input,binary-3x3-125,path-tree-comparison,"{""side"":3}",0,verified,,false,1,4,0,0,0,0,0,prepared-path-tree-input,0,1,0,0,0,1,,,,,0,,,0,0,,,,,0,0,2,0,0,0,1,,0,0,0,0,0,16,2,0,0,0,1,1,4,{},{},{},,{}
9c826593d98f5349fa1a9accd2089ee5c5746623,rustc 1.89.0 (29483883e 2025-08-04),/Users/kcn/Desktop/algorithm/target/release/rect-cli benchmark --suite path-tree-comparison --sizes 3 --output results/v0.5-path-tree-comparison.csv,,1784966444,512,871,finite-colored-unit-grid-path-tree-comparison,ornaments;isolated-formal-boundary-points;line-segment-holes;point-holes;degenerate-formal-holes;general-polygon-input,binary-3x3-125,path-tree-comparison,"{""side"":3}",2,verified,,false,3,4,0,0,0,0,0,prepared-path-tree-input,0,1,0,1,0,3,,,,,0,,,0,0,,,,,0,0,2,0,0,0,1,,0,0,0,0,0,32,2,0,0,0,3,1,4,{},{},{},,{}
9c826593d98f5349fa1a9accd2089ee5c5746623,rustc 1.89.0 (29483883e 2025-08-04),/Users/kcn/Desktop/algorithm/target/release/rect-cli benchmark --suite path-tree-comparison --sizes 3 --output results/v0.5-path-tree-comparison.csv,,1784966444,512,871,finite-colored-unit-grid-path-tree-comparison,ornaments;isolated-formal-boundary-points;line-segment-holes;point-holes;degenerate-formal-holes;general-polygon-input,binary-3x3-126,path-tree-comparison,"{""side"":3}",1,verified,,false,4,6,0,1,0,0,0,prepared-path-tree-input,0,1,0,2,0,6,,,,,0,,,0,0,,,,,0,0,2,0,0,0,2,,0,0,0,0,0,49,3,1,0,0,4,2,4,{},{},{},,{}
9c826593d98f5349fa1a9accd2089ee5c5746623,rustc 1.89.0 (29483883e 2025-08-04),/Users/kcn/Desktop/algorithm/target/release/rect-cli benchmark --suite path-tree-comparison --sizes 3 --output results/v0.5-path-tree-comparison.csv,,1784966444,512,871,finite-colored-unit-grid-path-tree-comparison,ornaments;isolated-formal-boundary-points;line-segment-holes;point-holes;degenerate-formal-holes;general-polygon-input,binary-3x3-127,path-tree-comparison,"{""side"":3}",0,verified,,false,5,6,0,1,0,0,0,prepared-path-tree-input,0,1,0,2,0,9,,,,,0,,,0,0,,,,,0,0,2,0,0,0,2,,0,0,0,0,0,61,3,1,0,0,5,2,4,{},{},{},,{}
9c826593d98f5349fa1a9accd2089ee5c5746623,rustc 1.89.0 (29483883e 2025-08-04),/Users/kcn/Desktop/algorithm/target/release/rect-cli benchmark --suite path-tree-comparison --sizes 3 --output results/v0.5-path-tree-comparison.csv,,1784966444,512,871,finite-colored-unit-grid-path-tree-comparison,ornaments;isolated-formal-boundary-points;line-segment-holes;point-holes;degenerate-formal-holes;general-polygon-input,binary-3x3-128,path-tree-comparison,"{""side"":3}",1,verified,,false,1,4,0,0,0,0,0,prepared-path-tree-input,0,1,0,0,0,1,,,,,0,,,0,0,,,,,0,0,2,0,0,0,1,,0,0,0,0,0,16,2,0,0,0,1,1,4,{},{},{},,{}
9c826593d98f5349fa1a9accd2089ee5c5746623,rustc 1.89.0 (29483883e 2025-08-04),/Users/kcn/Desktop/algorithm/target/release/rect-cli benchmark --suite path-tree-comparison --sizes 3 --output results/v0.5-path-tree-comparison.csv,,1784966444,512,871,finite-colored-unit-grid-path-tree-comparison,ornaments;isolated-formal-boundary-points;line-segment-holes;point-holes;degenerate-formal-holes;general-polygon-input,binary-3x3-128,path-tree-comparison,"{""side"":3}",2,verified,,false,2,4,0,0,0,0,0,prepared-path-tree-input,0,1,0,1,0,2,,,,,0,,,0,0,,,,,0,0,2,0,0,0,1,,0,0,0,0,0,24,2,0,0,0,2,1,4,{},{},{},,{}
9c826593d98f5349fa1a9accd2089ee5c5746623,rustc 1.89.0 (29483883e 2025-08-04),/Users/kcn/Desktop/algorithm/target/release/rect-cli benchmark --suite path-tree-comparison --sizes 3 --output results/v0.5-path-tree-comparison.csv,,1784966444,512,871,finite-colored-unit-grid-path-tree-comparison,ornaments;isolated-formal-boundary-points;line-segment-holes;point-holes;degenerate-formal-holes;general-polygon-input,binary-3x3-129,path-tree-comparison,"{""side"":3}",0,verified,,false,2,4,0,0,0,0,0,prepared-path-tree-input,0,1,0,1,0,2,,,,,0,,,0,0,,,,,0,0,2,0,0,0,1,,0,0,0,0,0,24,2,0,0,0,2,1,4,{},{},{},,{}
9c826593d98f5349fa1a9accd2089ee5c5746623,rustc 1.89.0 (29483883e 2025-08-04),/Users/kcn/Desktop/algorithm/target/release/rect-cli benchmark --suite path-tree-comparison --sizes 3 --output results/v0.5-path-tree-comparison.csv,,1784966444,512,871,finite-colored-unit-grid-path-tree-comparison,ornaments;isolated-formal-boundary-points;line-segment-holes;point-holes;degenerate-formal-holes;general-polygon-input,binary-3x3-129,path-tree-comparison,"{""side"":3}",2,verified,,false,2,4,0,0,0,0,0,prepared-path-tree-input,0,1,0,1,0,2,,,,,0,,,0,0,,,,,0,0,2,0,0,0,1,,0,0,0,0,0,24,2,0,0,0,2,1,4,{},{},{},,{}
9c826593d98f5349fa1a9accd2089ee5c5746623,rustc 1.89.0 (29483883e 2025-08-04),/Users/kcn/Desktop/algorithm/target/release/rect-cli benchmark --suite path-tree-comparison --sizes 3 --output results/v0.5-path-tree-comparison.csv,,1784966444,512,871,finite-colored-unit-grid-path-tree-comparison,ornaments;isolated-formal-boundary-points;line-segment-holes;point-holes;degenerate-formal-holes;general-polygon-input,binary-3x3-12a,path-tree-comparison,"{""side"":3}",1,verified,,false,1,4,0,0,0,0,0,prepared-path-tree-input,0,1,0,0,0,1,,,,,0,,,0,0,,,,,0,0,2,0,0,0,1,,0,0,0,0,0,16,2,0,0,0,1,1,4,{},{},{},,{}
9c826593d98f5349fa1a9accd2089ee5c5746623,rustc 1.89.0 (29483883e 2025-08-04),/Users/kcn/Desktop/algorithm/target/release/rect-cli benchmark --suite path-tree-comparison --sizes 3 --output results/v0.5-path-tree-comparison.csv,,1784966444,512,871,finite-colored-unit-grid-path-tree-comparison,ornaments;isolated-formal-boundary-points;line-segment-holes;point-holes;degenerate-formal-holes;general-polygon-input,binary-3x3-12a,path-tree-comparison,"{""side"":3}",3,verified,,false,1,4,0,0,0,0,0,prepared-path-tree-input,0,1,0,0,0,1,,,,,0,,,0,0,,,,,0,0,2,0,0,0,1,,0,0,0,0,0,16,2,0,0,0,1,1,4,{},{},{},,{}
9c826593d98f5349fa1a9accd2089ee5c5746623,rustc 1.89.0 (29483883e 2025-08-04),/Users/kcn/Desktop/algorithm/target/release/rect-cli benchmark --suite path-tree-comparison --sizes 3 --output results/v0.5-path-tree-comparison.csv,,1784966444,512,871,finite-colored-unit-grid-path-tree-comparison,ornaments;isolated-formal-boundary-points;line-segment-holes;point-holes;degenerate-formal-holes;general-polygon-input,binary-3x3-12a,path-tree-comparison,"{""side"":3}",5,verified,,false,2,4,0,0,0,0,0,prepared-path-tree-input,0,1,0,1,0,2,,,,,0,,,0,0,,,,,0,0,2,0,0,0,1,,0,0,0,0,0,24,2,0,0,0,2,1,4,{},{},{},,{}
9c826593d98f5349fa1a9accd2089ee5c5746623,rustc 1.89.0 (29483883e 2025-08-04),/Users/kcn/Desktop/algorithm/target/release/rect-cli benchmark --suite path-tree-comparison --sizes 3 --output results/v0.5-path-tree-comparison.csv,,1784966444,512,871,finite-colored-unit-grid-path-tree-comparison,ornaments;isolated-formal-boundary-points;line-segment-holes;point-holes;degenerate-formal-holes;general-polygon-input,binary-3x3-12b,path-tree-comparison,"{""side"":3}",0,verified,,false,3,6,0,1,0,0,0,prepared-path-tree-input,0,1,0,1,0,4,,,,,0,,,0,0,,,,,0,0,2,0,0,0,2,,0,0,0,0,0,42,3,1,0,0,3,2,4,{},{},{},,{}
9c826593d98f5349fa1a9accd2089ee5c5746623,rustc 1.89.0 (29483883e 2025-08-04),/Users/kcn/Desktop/algorithm/target/release/rect-cli benchmark --suite path-tree-comparison --sizes 3 --output results/v0.5-path-tree-comparison.csv,,1784966444,512,871,finite-colored-unit-grid-path-tree-comparison,ornaments;isolated-formal-boundary-points;line-segment-holes;point-holes;degenerate-formal-holes;general-polygon-input,binary-3x3-12b,path-tree-comparison,"{""side"":3}",3,verified,,false,2,4,0,0,0,0,0,prepared-path-tree-input,0,1,0,1,0,2,,,,,0,,,0,0,,,,,0,0,2,0,0,0,1,,0,0,0,0,0,24,2,0,0,0,2,1,4,{},{},{},,{}
9c826593d98f5349fa1a9accd2089ee5c5746623,rustc 1.89.0 (29483883e 2025-08-04),/Users/kcn/Desktop/algorithm/target/release/rect-cli benchmark --suite path-tree-comparison --sizes 3 --output results/v0.5-path-tree-comparison.csv,,1784966444,512,871,finite-colored-unit-grid-path-tree-comparison,ornaments;isolated-formal-boundary-points;line-segment-holes;point-holes;degenerate-formal-holes;general-polygon-input,binary-3x3-12c,path-tree-comparison,"{""side"":3}",1,verified,,false,3,4,0,0,0,0,0,prepared-path-tree-input,0,1,0,1,0,3,,,,,0,,,0,0,,,,,0,0,2,0,0,0,1,,0,0,0,0,0,32,2,0,0,0,3,1,4,{},{},{},,{}
9c826593d98f5349fa1a9accd2089ee5c5746623,rustc 1.89.0 (29483883e 2025-08-04),/Users/kcn/Desktop/algorithm/target/release/rect-cli benchmark --suite path-tree-comparison --sizes 3 --output results/v0.5-path-tree-comparison.csv,,1784966444,512,871,finite-colored-unit-grid-path-tree-comparison,ornaments;isolated-formal-boundary-points;line-segment-holes;point-holes;degenerate-formal-holes;general-polygon-input,binary-3x3-12c,path-tree-comparison,"{""side"":3}",2,verified,,false,1,4,0,0,0,0,0,prepared-path-tree-input,0,1,0,0,0,1,,,,,0,,,0,0,,,,,0,0,2,0,0,0,1,,0,0,0,0,0,16,2,0,0,0,1,1,4,{},{},{},,{}
9c826593d98f5349fa1a9accd2089ee5c5746623,rustc 1.89.0 (29483883e 2025-08-04),/Users/kcn/Desktop/algorithm/target/release/rect-cli benchmark --suite path-tree-comparison --sizes 3 --output results/v0.5-path-tree-comparison.csv,,1784966444,512,871,finite-colored-unit-grid-path-tree-comparison,ornaments;isolated-formal-boundary-points;line-segment-holes;point-holes;degenerate-formal-holes;general-polygon-input,binary-3x3-12d,path-tree-comparison,"{""side"":3}",0,verified,,false,2,4,0,0,0,0,0,prepared-path-tree-input,0,1,0,1,0,2,,,,,0,,,0,0,,,,,0,0,2,0,0,0,1,,0,0,0,0,0,24,2,0,0,0,2,1,4,{},{},{},,{}
9c826593d98f5349fa1a9accd2089ee5c5746623,rustc 1.89.0 (29483883e 2025-08-04),/Users/kcn/Desktop/algorithm/target/release/rect-cli benchmark --suite path-tree-comparison --sizes 3 --output results/v0.5-path-tree-comparison.csv,,1784966444,512,871,finite-colored-unit-grid-path-tree-comparison,ornaments;isolated-formal-boundary-points;line-segment-holes;point-holes;degenerate-formal-holes;general-polygon-input,binary-3x3-12d,path-tree-comparison,"{""side"":3}",2,verified,,false,3,4,0,0,0,0,0,prepared-path-tree-input,0,1,0,1,0,3,,,,,0,,,0,0,,,,,0,0,2,0,0,0,1,,0,0,0,0,0,32,2,0,0,0,3,1,4,{},{},{},,{}
9c826593d98f5349fa1a9accd2089ee5c5746623,rustc 1.89.0 (29483883e 2025-08-04),/Users/kcn/Desktop/algorithm/target/release/rect-cli benchmark --suite path-tree-comparison --sizes 3 --output results/v0.5-path-tree-comparison.csv,,1784966444,512,871,finite-colored-unit-grid-path-tree-comparison,ornaments;isolated-formal-boundary-points;line-segment-holes;point-holes;degenerate-formal-holes;general-polygon-input,binary-3x3-12e,path-tree-comparison,"{""side"":3}",1,verified,,false,4,6,0,1,0,0,0,prepared-path-tree-input,0,1,0,2,0,6,,,,,0,,,0,0,,,,,0,0,2,0,0,0,2,,0,0,0,0,0,49,3,1,0,0,4,2,4,{},{},{},,{}
9c826593d98f5349fa1a9accd2089ee5c5746623,rustc 1.89.0 (29483883e 2025-08-04),/Users/kcn/Desktop/algorithm/target/release/rect-cli benchmark --suite path-tree-comparison --sizes 3 --output results/v0.5-path-tree-comparison.csv,,1784966444,512,871,finite-colored-unit-grid-path-tree-comparison,ornaments;isolated-formal-boundary-points;line-segment-holes;point-holes;degenerate-formal-holes;general-polygon-input,binary-3x3-12e,path-tree-comparison,"{""side"":3}",2,verified,,false,1,4,0,0,0,0,0,prepared-path-tree-input,0,1,0,0,0,1,,,,,0,,,0,0,,,,,0,0,2,0,0,0,1,,0,0,0,0,0,16,2,0,0,0,1,1,4,{},{},{},,{}
9c826593d98f5349fa1a9accd2089ee5c5746623,rustc 1.89.0 (29483883e 2025-08-04),/Users/kcn/Desktop/algorithm/target/release/rect-cli benchmark --suite path-tree-comparison --sizes 3 --output results/v0.5-path-tree-comparison.csv,,1784966444,512,871,finite-colored-unit-grid-path-tree-comparison,ornaments;isolated-formal-boundary-points;line-segment-holes;point-holes;degenerate-formal-holes;general-polygon-input,binary-3x3-12f,path-tree-comparison,"{""side"":3}",0,verified,,false,6,8,0,2,0,0,0,prepared-path-tree-input,0,1,0,3,0,9,,,,,0,,,0,0,,,,,0,0,2,0,0,0,3,,0,1,0,1,0,81,4,2,0,0,6,3,4,{},{},{},,{}
9c826593d98f5349fa1a9accd2089ee5c5746623,rustc 1.89.0 (29483883e 2025-08-04),/Users/kcn/Desktop/algorithm/target/release/rect-cli benchmark --suite path-tree-comparison --sizes 3 --output results/v0.5-path-tree-comparison.csv,,1784966444,512,871,finite-colored-unit-grid-path-tree-comparison,ornaments;isolated-formal-boundary-points;line-segment-holes;point-holes;degenerate-formal-holes;general-polygon-input,binary-3x3-130,path-tree-comparison,"{""side"":3}",1,verified,,false,3,6,0,1,0,0,0,prepared-path-tree-input,0,1,0,1,0,4,,,,,0,,,0,0,,,,,0,0,2,0,0,0,2,,0,0,0,0,0,41,3,1,0,0,3,2,4,{},{},{},,{}
9c826593d98f5349fa1a9accd2089ee5c5746623,rustc 1.89.0 (29483883e 2025-08-04),/Users/kcn/Desktop/algorithm/target/release/rect-cli benchmark --suite path-tree-comparison --sizes 3 --output results/v0.5-path-tree-comparison.csv,,1784966444,512,871,finite-colored-unit-grid-path-tree-comparison,ornaments;isolated-formal-boundary-points;line-segment-holes;point-holes;degenerate-formal-holes;general-polygon-input,binary-3x3-131,path-tree-comparison,"{""side"":3}",0,verified,,false,1,4,0,0,0,0,0,prepared-path-tree-input,0,1,0,0,0,1,,,,,0,,,0,0,,,,,0,0,2,0,0,0,1,,0,0,0,0,0,16,2,0,0,0,1,1,4,{},{},{},,{}
9c826593d98f5349fa1a9accd2089ee5c5746623,rustc 1.89.0 (29483883e 2025-08-04),/Users/kcn/Desktop/algorithm/target/release/rect-cli benchmark --suite path-tree-comparison --sizes 3 --output results/v0.5-path-tree-comparison.csv,,1784966444,512,871,finite-colored-unit-grid-path-tree-comparison,ornaments;isolated-formal-boundary-points;line-segment-holes;point-holes;degenerate-formal-holes;general-polygon-input,binary-3x3-131,path-tree-comparison,"{""side"":3}",3,verified,,false,3,6,0,1,0,0,0,prepared-path-tree-input,0,1,0,1,0,4,,,,,0,,,0,0,,,,,0,0,2,0,0,0,2,,0,0,0,0,0,41,3,1,0,0,3,2,4,{},{},{},,{}
9c826593d98f5349fa1a9accd2089ee5c5746623,rustc 1.89.0 (29483883e 2025-08-04),/Users/kcn/Desktop/algorithm/target/release/rect-cli benchmark --suite path-tree-comparison --sizes 3 --output results/v0.5-path-tree-comparison.csv,,1784966444,512,871,finite-colored-unit-grid-path-tree-comparison,ornaments;isolated-formal-boundary-points;line-segment-holes;point-holes;degenerate-formal-holes;general-polygon-input,binary-3x3-132,path-tree-comparison,"{""side"":3}",1,verified,,false,4,8,0,2,0,1,1,prepared-path-tree-input,0,1,0,2,0,6,,,,,0,,,0,0,0,1,,,0,0,3,1,0,0,2,,0,0,0,0,0,40,2,0,0,0,4,2,4,{},{},{},,{}
9c826593d98f5349fa1a9accd2089ee5c5746623,rustc 1.89.0 (29483883e 2025-08-04),/Users/kcn/Desktop/algorithm/target/release/rect-cli benchmark --suite path-tree-comparison --sizes 3 --output results/v0.5-path-tree-comparison.csv,,1784966444,512,871,finite-colored-unit-grid-path-tree-comparison,ornaments;isolated-formal-boundary-points;line-segment-holes;point-holes;degenerate-formal-holes;general-polygon-input,binary-3x3-134,path-tree-comparison,"{""side"":3}",1,verified,,false,4,8,0,2,0,1,1,prepared-path-tree-input,0,1,0,2,0,6,,,,,0,,,0,0,0,1,,,0,0,3,1,0,0,2,,0,0,0,0,0,40,2,0,0,0,4,2,4,{},{},{},,{}
9c826593d98f5349fa1a9accd2089ee5c5746623,rustc 1.89.0 (29483883e 2025-08-04),/Users/kcn/Desktop/algorithm/target/release/rect-cli benchmark --suite path-tree-comparison --sizes 3 --output results/v0.5-path-tree-comparison.csv,,1784966444,512,871,finite-colored-unit-grid-path-tree-comparison,ornaments;isolated-formal-boundary-points;line-segment-holes;point-holes;degenerate-formal-holes;general-polygon-input,binary-3x3-135,path-tree-comparison,"{""side"":3}",0,verified,,false,1,4,0,0,0,0,0,prepared-path-tree-input,0,1,0,0,0,1,,,,,0,,,0,0,,,,,0,0,2,0,0,0,1,,0,0,0,0,0,16,2,0,0,0,1,1,4,{},{},{},,{}
9c826593d98f5349fa1a9accd2089ee5c5746623,rustc 1.89.0 (29483883e 2025-08-04),/Users/kcn/Desktop/algorithm/target/release/rect-cli benchmark --suite path-tree-comparison --sizes 3 --output results/v0.5-path-tree-comparison.csv,,1784966444,512,871,finite-colored-unit-grid-path-tree-comparison,ornaments;isolated-formal-boundary-points;line-segment-holes;point-holes;degenerate-formal-holes;general-polygon-input,binary-3x3-135,path-tree-comparison,"{""side"":3}",2,verified,,false,4,8,0,2,0,1,1,prepared-path-tree-input,0,1,0,1,0,6,,,,,0,,,0,0,0,1,,,0,0,3,1,0,0,2,,0,0,0,0,0,40,2,0,0,0,4,2,4,{},{},{},,{}
9c826593d98f5349fa1a9accd2089ee5c5746623,rustc 1.89.0 (29483883e 2025-08-04),/Users/kcn/Desktop/algorithm/target/release/rect-cli benchmark --suite path-tree-comparison --sizes 3 --output results/v0.5-path-tree-comparison.csv,,1784966444,512,871,finite-colored-unit-grid-path-tree-comparison,ornaments;isolated-formal-boundary-points;line-segment-holes;point-holes;degenerate-formal-holes;general-polygon-input,binary-3x3-136,path-tree-comparison,"{""side"":3}",1,verified,,false,5,6,0,1,0,0,0,prepared-path-tree-input,0,1,0,2,0,6,,,,,0,,,0,0,,,,,0,0,2,0,0,0,2,,0,1,0,0,0,53,3,1,0,0,5,2,4,{},{},{},,{}
9c826593d98f5349fa1a9accd2089ee5c5746623,rustc 1.89.0 (29483883e 2025-08-04),/Users/kcn/Desktop/algorithm/target/release/rect-cli benchmark --suite path-tree-comparison --sizes 3 --output results/v0.5-path-tree-comparison.csv,,1784966444,512,871,finite-colored-unit-grid-path-tree-comparison,ornaments;isolated-formal-boundary-points;line-segment-holes;point-holes;degenerate-formal-holes;general-polygon-input,binary-3x3-137,path-tree-comparison,"{""side"":3}",0,verified,,false,6,8,0,2,0,0,0,prepared-path-tree-input,0,1,0,2,0,9,,,,,0,,,0,0,,,,,0,0,2,0,0,0,3,,0,1,0,0,0,82,4,3,0,0,6,3,4,{},{},{},,{}
9c826593d98f5349fa1a9accd2089ee5c5746623,rustc 1.89.0 (29483883e 2025-08-04),/Users/kcn/Desktop/algorithm/target/release/rect-cli benchmark --suite path-tree-comparison --sizes 3 --output results/v0.5-path-tree-comparison.csv,,1784966444,512,871,finite-colored-unit-grid-path-tree-comparison,ornaments;isolated-formal-boundary-points;line-segment-holes;point-holes;degenerate-formal-holes;general-polygon-input,binary-3x3-138,path-tree-comparison,"{""side"":3}",1,verified,,false,4,6,0,1,0,0,0,prepared-path-tree-input,0,1,0,1,0,6,,,,,0,,,0,0,,,,,0,0,2,0,0,0,2,,0,0,0,0,0,53,3,1,0,0,4,2,4,{},{},{},,{}
9c826593d98f5349fa1a9accd2089ee5c5746623,rustc 1.89.0 (29483883e 2025-08-04),/Users/kcn/Desktop/algorithm/target/release/rect-cli benchmark --suite path-tree-comparison --sizes 3 --output results/v0.5-path-tree-comparison.csv,,1784966444,512,871,finite-colored-unit-grid-path-tree-comparison,ornaments;isolated-formal-boundary-points;line-segment-holes;point-holes;degenerate-formal-holes;general-polygon-input,binary-3x3-139,path-tree-comparison,"{""side"":3}",0,verified,,false,5,8,0,2,0,0,0,prepared-path-tree-input,0,1,0,2,0,9,,,,,0,,,0,0,,,,,0,0,2,0,0,0,3,,0,1,0,0,0,73,4,2,0,0,5,3,4,{},{},{},,{}
9c826593d98f5349fa1a9accd2089ee5c5746623,rustc 1.89.0 (29483883e 2025-08-04),/Users/kcn/Desktop/algorithm/target/release/rect-cli benchmark --suite path-tree-comparison --sizes 3 --output results/v0.5-path-tree-comparison.csv,,1784966444,512,871,finite-colored-unit-grid-path-tree-comparison,ornaments;isolated-formal-boundary-points;line-segment-holes;point-holes;degenerate-formal-holes;general-polygon-input,binary-3x3-13b,path-tree-comparison,"{""side"":3}",0,verified,,false,6,8,0,2,0,1,1,prepared-path-tree-input,0,1,0,2,0,9,,,,,0,,,0,0,0,1,,,0,0,3,1,0,0,2,,0,0,0,1,0,48,2,0,0,0,6,2,4,{},{},{},,{}
9c826593d98f5349fa1a9accd2089ee5c5746623,rustc 1.89.0 (29483883e 2025-08-04),/Users/kcn/Desktop/algorithm/target/release/rect-cli benchmark --suite path-tree-comparison --sizes 3 --output results/v0.5-path-tree-comparison.csv,,1784966444,512,871,finite-colored-unit-grid-path-tree-comparison,ornaments;isolated-formal-boundary-points;line-segment-holes;point-holes;degenerate-formal-holes;general-polygon-input,binary-3x3-13c,path-tree-comparison,"{""side"":3}",1,verified,,false,5,8,0,2,0,1,1,prepared-path-tree-input,0,1,0,2,0,9,,,,,0,,,0,0,0,1,,,0,0,3,1,0,0,2,,0,0,0,0,0,48,2,0,0,0,5,2,4,{},{},{},,{}
9c826593d98f5349fa1a9accd2089ee5c5746623,rustc 1.89.0 (29483883e 2025-08-04),/Users/kcn/Desktop/algorithm/target/release/rect-cli benchmark --suite path-tree-comparison --sizes 3 --output results/v0.5-path-tree-comparison.csv,,1784966444,512,871,finite-colored-unit-grid-path-tree-comparison,ornaments;isolated-formal-boundary-points;line-segment-holes;point-holes;degenerate-formal-holes;general-polygon-input,binary-3x3-13d,path-tree-comparison,"{""side"":3}",0,verified,,false,6,10,0,3,0,1,1,prepared-path-tree-input,0,1,0,2,0,9,,,,,0,,,0,0,0,1,,,0,0,3,1,0,0,3,,0,1,0,0,0,68,3,1,0,0,6,3,4,{},{},{},,{}
9c826593d98f5349fa1a9accd2089ee5c5746623,rustc 1.89.0 (29483883e 2025-08-04),/Users/kcn/Desktop/algorithm/target/release/rect-cli benchmark --suite path-tree-comparison --sizes 3 --output results/v0.5-path-tree-comparison.csv,,1784966444,512,871,finite-colored-unit-grid-path-tree-comparison,ornaments;isolated-formal-boundary-points;line-segment-holes;point-holes;degenerate-formal-holes;general-polygon-input,binary-3x3-13e,path-tree-comparison,"{""side"":3}",1,verified,,false,6,8,0,2,0,0,0,prepared-path-tree-input,0,1,0,2,0,9,,,,,0,,,0,0,,,,,0,0,2,0,0,0,3,,0,1,0,1,0,80,4,3,0,0,6,3,4,{},{},{},,{}
9c826593d98f5349fa1a9accd2089ee5c5746623,rustc 1.89.0 (29483883e 2025-08-04),/Users/kcn/Desktop/algorithm/target/release/rect-cli benchmark --suite path-tree-comparison --sizes 3 --output results/v0.5-path-tree-comparison.csv,,1784966444,512,871,finite-colored-unit-grid-path-tree-comparison,ornaments;isolated-formal-boundary-points;line-segment-holes;point-holes;degenerate-formal-holes;general-polygon-input,binary-3x3-13f,path-tree-comparison,"{""side"":3}",0,verified,,false,7,6,0,1,0,0,0,prepared-path-tree-input,0,1,0,2,0,9,,,,,0,,,0,0,,,,,0,0,2,0,0,0,2,,0,1,0,1,0,65,3,1,0,0,7,2,4,{},{},{},,{}
9c826593d98f5349fa1a9accd2089ee5c5746623,rustc 1.89.0 (29483883e 2025-08-04),/Users/kcn/Desktop/algorithm/target/release/rect-cli benchmark --suite path-tree-comparison --sizes 3 --output results/v0.5-path-tree-comparison.csv,,1784966444,512,871,finite-colored-unit-grid-path-tree-comparison,ornaments;isolated-formal-boundary-points;line-segment-holes;point-holes;degenerate-formal-holes;general-polygon-input,binary-3x3-140,path-tree-comparison,"{""side"":3}",1,verified,,false,1,4,0,0,0,0,0,prepared-path-tree-input,0,1,0,0,0,1,,,,,0,,,0,0,,,,,0,0,2,0,0,0,1,,0,0,0,0,0,16,2,0,0,0,1,1,4,{},{},{},,{}
9c826593d98f5349fa1a9accd2089ee5c5746623,rustc 1.89.0 (29483883e 2025-08-04),/Users/kcn/Desktop/algorithm/target/release/rect-cli benchmark --suite path-tree-comparison --sizes 3 --output results/v0.5-path-tree-comparison.csv,,1784966444,512,871,finite-colored-unit-grid-path-tree-comparison,ornaments;isolated-formal-boundary-points;line-segment-holes;point-holes;degenerate-formal-holes;general-polygon-input,binary-3x3-140,path-tree-comparison,"{""side"":3}",2,verified,,false,1,4,0,0,0,0,0,prepared-path-tree-input,0,1,0,0,0,1,,,,,0,,,0,0,,,,,0,0,2,0,0,0,1,,0,0,0,0,0,16,2,0,0,0,1,1,4,{},{},{},,{}
9c826593d98f5349fa1a9accd2089ee5c5746623,rustc 1.89.0 (29483883e 2025-08-04),/Users/kcn/Desktop/algorithm/target/release/rect-cli benchmark --suite path-tree-comparison --sizes 3 --output results/v0.5-path-tree-comparison.csv,,1784966444,512,871,finite-colored-unit-grid-path-tree-comparison,ornaments;isolated-formal-boundary-points;line-segment-holes;point-holes;degenerate-formal-holes;general-polygon-input,binary-3x3-141,path-tree-comparison,"{""side"":3}",0,verified,,false,1,4,0,0,0,0,0,prepared-path-tree-input,0,1,0,0,0,1,,,,,0,,,0,0,,,,,0,0,2,0,0,0,1,,0,0,0,0,0,16,2,0,0,0,1,1,4,{},{},{},,{}
9c826593d98f5349fa1a9accd2089ee5c5746623,rustc 1.89.0 (29483883e 2025-08-04),/Users/kcn/Desktop/algorithm/target/release/rect-cli benchmark --suite path-tree-comparison --sizes 3 --output results/v0.5-path-tree-comparison.csv,,1784966444,512,871,finite-colored-unit-grid-path-tree-comparison,ornaments;isolated-formal-boundary-points;line-segment-holes;point-holes;degenerate-formal-holes;general-polygon-input,binary-3x3-141,path-tree-comparison,"{""side"":3}",2,verified,,false,1,4,0,0,0,0,0,prepared-path-tree-input,0,1,0,0,0,1,,,,,0,,,0,0,,,,,0,0,2,0,0,0,1,,0,0,0,0,0,16,2,0,0,0,1,1,4,{},{},{},,{}
9c826593d98f5349fa1a9accd2089ee5c5746623,rustc 1.89.0 (29483883e 2025-08-04),/Users/kcn/Desktop/algorithm/target/release/rect-cli benchmark --suite path-tree-comparison --sizes 3 --output results/v0.5-path-tree-comparison.csv,,1784966444,512,871,finite-colored-unit-grid-path-tree-comparison,ornaments;isolated-formal-boundary-points;line-segment-holes;point-holes;degenerate-formal-holes;general-polygon-input,binary-3x3-141,path-tree-comparison,"{""side"":3}",3,verified,,false,1,4,0,0,0,0,0,prepared-path-tree-input,0,1,0,0,0,1,,,,,0,,,0,0,,,,,0,0,2,0,0,0,1,,0,0,0,0,0,16,2,0,0,0,1,1,4,{},{},{},,{}
9c826593d98f5349fa1a9accd2089ee5c5746623,rustc 1.89.0 (29483883e 2025-08-04),/Users/kcn/Desktop/algorithm/target/release/rect-cli benchmark --suite path-tree-comparison --sizes 3 --output results/v0.5-path-tree-comparison.csv,,1784966444,512,871,finite-colored-unit-grid-path-tree-comparison,ornaments;isolated-formal-boundary-points;line-segment-holes;point-holes;degenerate-formal-holes;general-polygon-input,binary-3x3-142,path-tree-comparison,"{""side"":3}",1,verified,,false,1,4,0,0,0,0,0,prepared-path-tree-input,0,1,0,0,0,1,,,,,0,,,0,0,,,,,0,0,2,0,0,0,1,,0,0,0,0,0,16,2,0,0,0,1,1,4,{},{},{},,{}
9c826593d98f5349fa1a9accd2089ee5c5746623,rustc 1.89.0 (29483883e 2025-08-04),/Users/kcn/Desktop/algorithm/target/release/rect-cli benchmark --suite path-tree-comparison --sizes 3 --output results/v0.5-path-tree-comparison.csv,,1784966444,512,871,finite-colored-unit-grid-path-tree-comparison,ornaments;isolated-formal-boundary-points;line-segment-holes;point-holes;degenerate-formal-holes;general-polygon-input,binary-3x3-142,path-tree-comparison,"{""side"":3}",2,verified,,false,1,4,0,0,0,0,0,prepared-path-tree-input,0,1,0,0,0,1,,,,,0,,,0,0,,,,,0,0,2,0,0,0,1,,0,0,0,0,0,16,2,0,0,0,1,1,4,{},{},{},,{}
9c826593d98f5349fa1a9accd2089ee5c5746623,rustc 1.89.0 (29483883e 2025-08-04),/Users/kcn/Desktop/algorithm/target/release/rect-cli benchmark --suite path-tree-comparison --sizes 3 --output results/v0.5-path-tree-comparison.csv,,1784966444,512,871,finite-colored-unit-grid-path-tree-comparison,ornaments;isolated-formal-boundary-points;line-segment-holes;point-holes;degenerate-formal-holes;general-polygon-input,binary-3x3-142,path-tree-comparison,"{""side"":3}",3,verified,,false,1,4,0,0,0,0,0,prepared-path-tree-input,0,1,0,0,0,1,,,,,0,,,0,0,,,,,0,0,2,0,0,0,1,,0,0,0,0,0,16,2,0,0,0,1,1,4,{},{},{},,{}
9c826593d98f5349fa1a9accd2089ee5c5746623,rustc 1.89.0 (29483883e 2025-08-04),/Users/kcn/Desktop/algorithm/target/release/rect-cli benchmark --suite path-tree-comparison --sizes 3 --output results/v0.5-path-tree-comparison.csv,,1784966444,512,871,finite-colored-unit-grid-path-tree-comparison,ornaments;isolated-formal-boundary-points;line-segment-holes;point-holes;degenerate-formal-holes;general-polygon-input,binary-3x3-143,path-tree-comparison,"{""side"":3}",0,verified,,false,2,4,0,0,0,0,0,prepared-path-tree-input,0,1,0,1,0,2,,,,,0,,,0,0,,,,,0,0,2,0,0,0,1,,0,0,0,0,0,24,2,0,0,0,2,1,4,{},{},{},,{}
9c826593d98f5349fa1a9accd2089ee5c5746623,rustc 1.89.0 (29483883e 2025-08-04),/Users/kcn/Desktop/algorithm/target/release/rect-cli benchmark --suite path-tree-comparison --sizes 3 --output results/v0.5-path-tree-comparison.csv,,1784966444,512,871,finite-colored-unit-grid-path-tree-comparison,ornaments;isolated-formal-boundary-points;line-segment-holes;point-holes;degenerate-formal-holes;general-polygon-input,binary-3x3-143,path-tree-comparison,"{""side"":3}",2,verified,,false,1,4,0,0,0,0,0,prepared-path-tree-input,0,1,0,0,0,1,,,,,0,,,0,0,,,,,0,0,2,0,0,0,1,,0,0,0,0,0,16,2,0,0,0,1,1,4,{},{},{},,{}
9c826593d98f5349fa1a9accd2089ee5c5746623,rustc 1.89.0 (29483883e 2025-08-04),/Users/kcn/Desktop/algorithm/target/release/rect-cli benchmark --suite path-tree-comparison --sizes 3 --output results/v0.5-path-tree-comparison.csv,,1784966444,512,871,finite-colored-unit-grid-path-tree-comparison,ornaments;isolated-formal-boundary-points;line-segment-holes;point-holes;degenerate-formal-holes;general-polygon-input,binary-3x3-143,path-tree-comparison,"{""side"":3}",3,verified,,false,1,4,0,0,0,0,0,prepared-path-tree-input,0,1,0,0,0,1,,,,,0,,,0,0,,,,,0,0,2,0,0,0,1,,0,0,0,0,0,16,2,0,0,0,1,1,4,{},{},{},,{}
9c826593d98f5349fa1a9accd2089ee5c5746623,rustc 1.89.0 (29483883e 2025-08-04),/Users/kcn/Desktop/algorithm/target/release/rect-cli benchmark --suite path-tree-comparison --sizes 3 --output results/v0.5-path-tree-comparison.csv,,1784966444,512,871,finite-colored-unit-grid-path-tree-comparison,ornaments;isolated-formal-boundary-points;line-segment-holes;point-holes;degenerate-formal-holes;general-polygon-input,binary-3x3-144,path-tree-comparison,"{""side"":3}",1,verified,,false,1,4,0,0,0,0,0,prepared-path-tree-input,0,1,0,0,0,1,,,,,0,,,0,0,,,,,0,0,2,0,0,0,1,,0,0,0,0,0,16,2,0,0,0,1,1,4,{},{},{},,{}
9c826593d98f5349fa1a9accd2089ee5c5746623,rustc 1.89.0 (29483883e 2025-08-04),/Users/kcn/Desktop/algorithm/target/release/rect-cli benchmark --suite path-tree-comparison --sizes 3 --output results/v0.5-path-tree-comparison.csv,,1784966444,512,871,finite-colored-unit-grid-path-tree-comparison,ornaments;isolated-formal-boundary-points;line-segment-holes;point-holes;degenerate-formal-holes;general-polygon-input,binary-3x3-144,path-tree-comparison,"{""side"":3}",2,verified,,false,1,4,0,0,0,0,0,prepared-path-tree-input,0,1,0,0,0,1,,,,,0,,,0,0,,,,,0,0,2,0,0,0,1,,0,0,0,0,0,16,2,0,0,0,1,1,4,{},{},{},,{}
9c826593d98f5349fa1a9accd2089ee5c5746623,rustc 1.89.0 (29483883e 2025-08-04),/Users/kcn/Desktop/algorithm/target/release/rect-cli benchmark --suite path-tree-comparison --sizes 3 --output results/v0.5-path-tree-comparison.csv,,1784966444,512,871,finite-colored-unit-grid-path-tree-comparison,ornaments;isolated-formal-boundary-points;line-segment-holes;point-holes;degenerate-formal-holes;general-polygon-input,binary-3x3-144,path-tree-comparison,"{""side"":3}",3,verified,,false,1,4,0,0,0,0,0,prepared-path-tree-input,0,1,0,0,0,1,,,,,0,,,0,0,,,,,0,0,2,0,0,0,1,,0,0,0,0,0,16,2,0,0,0,1,1,4,{},{},{},,{}
9c826593d98f5349fa1a9accd2089ee5c5746623,rustc 1.89.0 (29483883e 2025-08-04),/Users/kcn/Desktop/algorithm/target/release/rect-cli benchmark --suite path-tree-comparison --sizes 3 --output results/v0.5-path-tree-comparison.csv,,1784966444,512,871,finite-colored-unit-grid-path-tree-comparison,ornaments;isolated-formal-boundary-points;line-segment-holes;point-holes;degenerate-formal-holes;general-polygon-input,binary-3x3-145,path-tree-comparison,"{""side"":3}",0,verified,,false,1,4,0,0,0,0,0,prepared-path-tree-input,0,1,0,0,0,1,,,,,0,,,0,0,,,,,0,0,2,0,0,0,1,,0,0,0,0,0,16,2,0,0,0,1,1,4,{},{},{},,{}
9c826593d98f5349fa1a9accd2089ee5c5746623,rustc 1.89.0 (29483883e 2025-08-04),/Users/kcn/Desktop/algorithm/target/release/rect-cli benchmark --suite path-tree-comparison --sizes 3 --output results/v0.5-path-tree-comparison.csv,,1784966444,512,871,finite-colored-unit-grid-path-tree-comparison,ornaments;isolated-formal-boundary-points;line-segment-holes;point-holes;degenerate-formal-holes;general-polygon-input,binary-3x3-145,path-tree-comparison,"{""side"":3}",2,verified,,false,1,4,0,0,0,0,0,prepared-path-tree-input,0,1,0,0,0,1,,,,,0,,,0,0,,,,,0,0,2,0,0,0,1,,0,0,0,0,0,16,2,0,0,0,1,1,4,{},{},{},,{}
9c826593d98f5349fa1a9accd2089ee5c5746623,rustc 1.89.0 (29483883e 2025-08-04),/Users/kcn/Desktop/algorithm/target/release/rect-cli benchmark --suite path-tree-comparison --sizes 3 --output results/v0.5-path-tree-comparison.csv,,1784966444,512,871,finite-colored-unit-grid-path-tree-comparison,ornaments;isolated-formal-boundary-points;line-segment-holes;point-holes;degenerate-formal-holes;general-polygon-input,binary-3x3-145,path-tree-comparison,"{""side"":3}",3,verified,,false,1,4,0,0,0,0,0,prepared-path-tree-input,0,1,0,0,0,1,,,,,0,,,0,0,,,,,0,0,2,0,0,0,1,,0,0,0,0,0,16,2,0,0,0,1,1,4,{},{},{},,{}
9c826593d98f5349fa1a9accd2089ee5c5746623,rustc 1.89.0 (29483883e 2025-08-04),/Users/kcn/Desktop/algorithm/target/release/rect-cli benchmark --suite path-tree-comparison --sizes 3 --output results/v0.5-path-tree-comparison.csv,,1784966444,512,871,finite-colored-unit-grid-path-tree-comparison,ornaments;isolated-formal-boundary-points;line-segment-holes;point-holes;degenerate-formal-holes;general-polygon-input,binary-3x3-145,path-tree-comparison,"{""side"":3}",4,verified,,false,1,4,0,0,0,0,0,prepared-path-tree-input,0,1,0,0,0,1,,,,,0,,,0,0,,,,,0,0,2,0,0,0,1,,0,0,0,0,0,16,2,0,0,0,1,1,4,{},{},{},,{}
9c826593d98f5349fa1a9accd2089ee5c5746623,rustc 1.89.0 (29483883e 2025-08-04),/Users/kcn/Desktop/algorithm/target/release/rect-cli benchmark --suite path-tree-comparison --sizes 3 --output results/v0.5-path-tree-comparison.csv,,1784966444,512,871,finite-colored-unit-grid-path-tree-comparison,ornaments;isolated-formal-boundary-points;line-segment-holes;point-holes;degenerate-formal-holes;general-polygon-input,binary-3x3-146,path-tree-comparison,"{""side"":3}",1,verified,,false,2,4,0,0,0,0,0,prepared-path-tree-input,0,1,0,1,0,2,,,,,0,,,0,0,,,,,0,0,2,0,0,0,1,,0,0,0,0,0,24,2,0,0,0,2,1,4,{},{},{},,{}
9c826593d98f5349fa1a9accd2089ee5c5746623,rustc 1.89.0 (29483883e 2025-08-04),/Users/kcn/Desktop/algorithm/target/release/rect-cli benchmark --suite path-tree-comparison --sizes 3 --output results/v0.5-path-tree-comparison.csv,,1784966444,512,871,finite-colored-unit-grid-path-tree-comparison,ornaments;isolated-formal-boundary-points;line-segment-holes;point-holes;degenerate-formal-holes;general-polygon-input,binary-3x3-146,path-tree-comparison,"{""side"":3}",2,verified,,false,1,4,0,0,0,0,0,prepared-path-tree-input,0,1,0,0,0,1,,,,,0,,,0,0,,,,,0,0,2,0,0,0,1,,0,0,0,0,0,16,2,0,0,0,1,1,4,{},{},{},,{}
9c826593d98f5349fa1a9accd2089ee5c5746623,rustc 1.89.0 (29483883e 2025-08-04),/Users/kcn/Desktop/algorithm/target/release/rect-cli benchmark --suite path-tree-comparison --sizes 3 --output results/v0.5-path-tree-comparison.csv,,1784966444,512,871,finite-colored-unit-grid-path-tree-comparison,ornaments;isolated-formal-boundary-points;line-segment-holes;point-holes;degenerate-formal-holes;general-polygon-input,binary-3x3-146,path-tree-comparison,"{""side"":3}",3,verified,,false,1,4,0,0,0,0,0,prepared-path-tree-input,0,1,0,0,0,1,,,,,0,,,0,0,,,,,0,0,2,0,0,0,1,,0,0,0,0,0,16,2,0,0,0,1,1,4,{},{},{},,{}
9c826593d98f5349fa1a9accd2089ee5c5746623,rustc 1.89.0 (29483883e 2025-08-04),/Users/kcn/Desktop/algorithm/target/release/rect-cli benchmark --suite path-tree-comparison --sizes 3 --output results/v0.5-path-tree-comparison.csv,,1784966444,512,871,finite-colored-unit-grid-path-tree-comparison,ornaments;isolated-formal-boundary-points;line-segment-holes;point-holes;degenerate-formal-holes;general-polygon-input,binary-3x3-147,path-tree-comparison,"{""side"":3}",0,verified,,false,3,4,0,0,0,0,0,prepared-path-tree-input,0,1,0,1,0,3,,,,,0,,,0,0,,,,,0,0,2,0,0,0,1,,0,0,0,0,0,32,2,0,0,0,3,1,4,{},{},{},,{}
9c826593d98f5349fa1a9accd2089ee5c5746623,rustc 1.89.0 (29483883e 2025-08-04),/Users/kcn/Desktop/algorithm/target/release/rect-cli benchmark --suite path-tree-comparison --sizes 3 --output results/v0.5-path-tree-comparison.csv,,1784966444,512,871,finite-colored-unit-grid-path-tree-comparison,ornaments;isolated-formal-boundary-points;line-segment-holes;point-holes;degenerate-formal-holes;general-polygon-input,binary-3x3-147,path-tree-comparison,"{""side"":3}",2,verified,,false,1,4,0,0,0,0,0,prepared-path-tree-input,0,1,0,0,0,1,,,,,0,,,0,0,,,,,0,0,2,0,0,0,1,,0,0,0,0,0,16,2,0,0,0,1,1,4,{},{},{},,{}
9c826593d98f5349fa1a9accd2089ee5c5746623,rustc 1.89.0 (29483883e 2025-08-04),/Users/kcn/Desktop/algorithm/target/release/rect-cli benchmark --suite path-tree-comparison --sizes 3 --output results/v0.5-path-tree-comparison.csv,,1784966444,512,871,finite-colored-unit-grid-path-tree-comparison,ornaments;isolated-formal-boundary-points;line-segment-holes;point-holes;degenerate-formal-holes;general-polygon-input,binary-3x3-147,path-tree-comparison,"{""side"":3}",3,verified,,false,1,4,0,0,0,0,0,prepared-path-tree-input,0,1,0,0,0,1,,,,,0,,,0,0,,,,,0,0,2,0,0,0,1,,0,0,0,0,0,16,2,0,0,0,1,1,4,{},{},{},,{}
9c826593d98f5349fa1a9accd2089ee5c5746623,rustc 1.89.0 (29483883e 2025-08-04),/Users/kcn/Desktop/algorithm/target/release/rect-cli benchmark --suite path-tree-comparison --sizes 3 --output results/v0.5-path-tree-comparison.csv,,1784966444,512,871,finite-colored-unit-grid-path-tree-comparison,ornaments;isolated-formal-boundary-points;line-segment-holes;point-holes;degenerate-formal-holes;general-polygon-input,binary-3x3-148,path-tree-comparison,"{""side"":3}",1,verified,,false,2,4,0,0,0,0,0,prepared-path-tree-input,0,1,0,1,0,2,,,,,0,,,0,0,,,,,0,0,2,0,0,0,1,,0,0,0,0,0,24,2,0,0,0,2,1,4,{},{},{},,{}
9c826593d98f5349fa1a9accd2089ee5c5746623,rustc 1.89.0 (29483883e 2025-08-04),/Users/kcn/Desktop/algorithm/target/release/rect-cli benchmark --suite path-tree-comparison --sizes 3 --output results/v0.5-path-tree-comparison.csv,,1784966444,512,871,finite-colored-unit-grid-path-tree-comparison,ornaments;isolated-formal-boundary-points;line-segment-holes;point-holes;degenerate-formal-holes;general-polygon-input,binary-3x3-148,path-tree-comparison,"{""side"":3}",2,verified,,false,1,4,0,0,0,0,0,prepared-path-tree-input,0,1,0,0,0,1,,,,,0,,,0,0,,,,,0,0,2,0,0,0,1,,0,0,0,0,0,16,2,0,0,0,1,1,4,{},{},{},,{}
9c826593d98f5349fa1a9accd2089ee5c5746623,rustc 1.89.0 (29483883e 2025-08-04),/Users/kcn/Desktop/algorithm/target/release/rect-cli benchmark --suite path-tree-comparison --sizes 3 --output results/v0.5-path-tree-comparison.csv,,1784966444,512,871,finite-colored-unit-grid-path-tree-comparison,ornaments;isolated-formal-boundary-points;line-segment-holes;point-holes;degenerate-formal-holes;general-polygon-input,binary-3x3-149,path-tree-comparison,"{""side"":3}",0,verified,,false,3,4,0,0,0,0,0,prepared-path-tree-input,0,1,0,1,0,3,,,,,0,,,0,0,,,,,0,0,2,0,0,0,1,,0,0,0,0,0,32,2,0,0,0,3,1,4,{},{},{},,{}
9c826593d98f5349fa1a9accd2089ee5c5746623,rustc 1.89.0 (29483883e 2025-08-04),/Users/kcn/Desktop/algorithm/target/release/rect-cli benchmark --suite path-tree-comparison --sizes 3 --output results/v0.5-path-tree-comparison.csv,,1784966444,512,871,finite-colored-unit-grid-path-tree-comparison,ornaments;isolated-formal-boundary-points;line-segment-holes;point-holes;degenerate-formal-holes;general-polygon-input,binary-3x3-149,path-tree-comparison,"{""side"":3}",2,verified,,false,1,4,0,0,0,0,0,prepared-path-tree-input,0,1,0,0,0,1,,,,,0,,,0,0,,,,,0,0,2,0,0,0,1,,0,0,0,0,0,16,2,0,0,0,1,1,4,{},{},{},,{}
9c826593d98f5349fa1a9accd2089ee5c5746623,rustc 1.89.0 (29483883e 2025-08-04),/Users/kcn/Desktop/algorithm/target/release/rect-cli benchmark --suite path-tree-comparison --sizes 3 --output results/v0.5-path-tree-comparison.csv,,1784966444,512,871,finite-colored-unit-grid-path-tree-comparison,ornaments;isolated-formal-boundary-points;line-segment-holes;point-holes;degenerate-formal-holes;general-polygon-input,binary-3x3-14a,path-tree-comparison,"{""side"":3}",1,verified,,false,1,4,0,0,0,0,0,prepared-path-tree-input,0,1,0,0,0,1,,,,,0,,,0,0,,,,,0,0,2,0,0,0,1,,0,0,0,0,0,16,2,0,0,0,1,1,4,{},{},{},,{}
9c826593d98f5349fa1a9accd2089ee5c5746623,rustc 1.89.0 (29483883e 2025-08-04),/Users/kcn/Desktop/algorithm/target/release/rect-cli benchmark --suite path-tree-comparison --sizes 3 --output results/v0.5-path-tree-comparison.csv,,1784966444,512,871,finite-colored-unit-grid-path-tree-comparison,ornaments;isolated-formal-boundary-points;line-segment-holes;point-holes;degenerate-formal-holes;general-polygon-input,binary-3x3-14a,path-tree-comparison,"{""side"":3}",3,verified,,false,2,4,0,0,0,0,0,prepared-path-tree-input,0,1,0,1,0,2,,,,,0,,,0,0,,,,,0,0,2,0,0,0,1,,0,0,0,0,0,24,2,0,0,0,2,1,4,{},{},{},,{}
9c826593d98f5349fa1a9accd2089ee5c5746623,rustc 1.89.0 (29483883e 2025-08-04),/Users/kcn/Desktop/algorithm/target/release/rect-cli benchmark --suite path-tree-comparison --sizes 3 --output results/v0.5-path-tree-comparison.csv,,1784966444,512,871,finite-colored-unit-grid-path-tree-comparison,ornaments;isolated-formal-boundary-points;line-segment-holes;point-holes;degenerate-formal-holes;general-polygon-input,binary-3x3-14a,path-tree-comparison,"{""side"":3}",4,verified,,false,1,4,0,0,0,0,0,prepared-path-tree-input,0,1,0,0,0,1,,,,,0,,,0,0,,,,,0,0,2,0,0,0,1,,0,0,0,0,0,16,2,0,0,0,1,1,4,{},{},{},,{}
9c826593d98f5349fa1a9accd2089ee5c5746623,rustc 1.89.0 (29483883e 2025-08-04),/Users/kcn/Desktop/algorithm/target/release/rect-cli benchmark --suite path-tree-comparison --sizes 3 --output results/v0.5-path-tree-comparison.csv,,1784966444,512,871,finite-colored-unit-grid-path-tree-comparison,ornaments;isolated-formal-boundary-points;line-segment-holes;point-holes;degenerate-formal-holes;general-polygon-input,binary-3x3-14b,path-tree-comparison,"{""side"":3}",0,verified,,false,4,6,0,1,0,0,0,prepared-path-tree-input,0,1,0,2,0,6,,,,,0,,,0,0,,,,,0,0,2,0,0,0,2,,0,0,0,0,0,50,3,1,0,0,4,2,4,{},{},{},,{}
9c826593d98f5349fa1a9accd2089ee5c5746623,rustc 1.89.0 (29483883e 2025-08-04),/Users/kcn/Desktop/algorithm/target/release/rect-cli benchmark --suite path-tree-comparison --sizes 3 --output results/v0.5-path-tree-comparison.csv,,1784966444,512,871,finite-colored-unit-grid-path-tree-comparison,ornaments;isolated-formal-boundary-points;line-segment-holes;point-holes;degenerate-formal-holes;general-polygon-input,binary-3x3-14b,path-tree-comparison,"{""side"":3}",2,verified,,false,1,4,0,0,0,0,0,prepared-path-tree-input,0,1,0,0,0,1,,,,,0,,,0,0,,,,,0,0,2,0,0,0,1,,0,0,0,0,0,16,2,0,0,0,1,1,4,{},{},{},,{}
9c826593d98f5349fa1a9accd2089ee5c5746623,rustc 1.89.0 (29483883e 2025-08-04),/Users/kcn/Desktop/algorithm/target/release/rect-cli benchmark --suite path-tree-comparison --sizes 3 --output results/v0.5-path-tree-comparison.csv,,1784966444,512,871,finite-colored-unit-grid-path-tree-comparison,ornaments;isolated-formal-boundary-points;line-segment-holes;point-holes;degenerate-formal-holes;general-polygon-input,binary-3x3-14c,path-tree-comparison,"{""side"":3}",1,verified,,false,1,4,0,0,0,0,0,prepared-path-tree-input,0,1,0,0,0,1,,,,,0,,,0,0,,,,,0,0,2,0,0,0,1,,0,0,0,0,0,16,2,0,0,0,1,1,4,{},{},{},,{}
9c826593d98f5349fa1a9accd2089ee5c5746623,rustc 1.89.0 (29483883e 2025-08-04),/Users/kcn/Desktop/algorithm/target/release/rect-cli benchmark --suite path-tree-comparison --sizes 3 --output results/v0.5-path-tree-comparison.csv,,1784966444,512,871,finite-colored-unit-grid-path-tree-comparison,ornaments;isolated-formal-boundary-points;line-segment-holes;point-holes;degenerate-formal-holes;general-polygon-input,binary-3x3-14c,path-tree-comparison,"{""side"":3}",2,verified,,false,2,4,0,0,0,0,0,prepared-path-tree-input,0,1,0,1,0,2,,,,,0,,,0,0,,,,,0,0,2,0,0,0,1,,0,0,0,0,0,24,2,0,0,0,2,1,4,{},{},{},,{}
9c826593d98f5349fa1a9accd2089ee5c5746623,rustc 1.89.0 (29483883e 2025-08-04),/Users/kcn/Desktop/algorithm/target/release/rect-cli benchmark --suite path-tree-comparison --sizes 3 --output results/v0.5-path-tree-comparison.csv,,1784966444,512,871,finite-colored-unit-grid-path-tree-comparison,ornaments;isolated-formal-boundary-points;line-segment-holes;point-holes;degenerate-formal-holes;general-polygon-input,binary-3x3-14c,path-tree-comparison,"{""side"":3}",3,verified,,false,1,4,0,0,0,0,0,prepared-path-tree-input,0,1,0,0,0,1,,,,,0,,,0,0,,,,,0,0,2,0,0,0,1,,0,0,0,0,0,16,2,0,0,0,1,1,4,{},{},{},,{}
9c826593d98f5349fa1a9accd2089ee5c5746623,rustc 1.89.0 (29483883e 2025-08-04),/Users/kcn/Desktop/algorithm/target/release/rect-cli benchmark --suite path-tree-comparison --sizes 3 --output results/v0.5-path-tree-comparison.csv,,1784966444,512,871,finite-colored-unit-grid-path-tree-comparison,ornaments;isolated-formal-boundary-points;line-segment-holes;point-holes;degenerate-formal-holes;general-polygon-input,binary-3x3-14d,path-tree-comparison,"{""side"":3}",0,verified,,false,3,4,0,0,0,0,0,prepared-path-tree-input,0,1,0,1,0,3,,,,,0,,,0,0,,,,,0,0,2,0,0,0,1,,0,0,0,0,0,32,2,0,0,0,3,1,4,{},{},{},,{}
9c826593d98f5349fa1a9accd2089ee5c5746623,rustc 1.89.0 (29483883e 2025-08-04),/Users/kcn/Desktop/algorithm/target/release/rect-cli benchmark --suite path-tree-comparison --sizes 3 --output results/v0.5-path-tree-comparison.csv,,1784966444,512,871,finite-colored-unit-grid-path-tree-comparison,ornaments;isolated-formal-boundary-points;line-segment-holes;point-holes;degenerate-formal-holes;general-polygon-input,binary-3x3-14d,path-tree-comparison,"{""side"":3}",2,verified,,false,1,4,0,0,0,0,0,prepared-path-tree-input,0,1,0,0,0,1,,,,,0,,,0,0,,,,,0,0,2,0,0,0,1,,0,0,0,0,0,16,2,0,0,0,1,1,4,{},{},{},,{}
9c826593d98f5349fa1a9accd2089ee5c5746623,rustc 1.89.0 (29483883e 2025-08-04),/Users/kcn/Desktop/algorithm/target/release/rect-cli benchmark --suite path-tree-comparison --sizes 3 --output results/v0.5-path-tree-comparison.csv,,1784966444,512,871,finite-colored-unit-grid-path-tree-comparison,ornaments;isolated-formal-boundary-points;line-segment-holes;point-holes;degenerate-formal-holes;general-polygon-input,binary-3x3-14d,path-tree-comparison,"{""side"":3}",3,verified,,false,1,4,0,0,0,0,0,prepared-path-tree-input,0,1,0,0,0,1,,,,,0,,,0,0,,,,,0,0,2,0,0,0,1,,0,0,0,0,0,16,2,0,0,0,1,1,4,{},{},{},,{}
9c826593d98f5349fa1a9accd2089ee5c5746623,rustc 1.89.0 (29483883e 2025-08-04),/Users/kcn/Desktop/algorithm/target/release/rect-cli benchmark --suite path-tree-comparison --sizes 3 --output results/v0.5-path-tree-comparison.csv,,1784966444,512,871,finite-colored-unit-grid-path-tree-comparison,ornaments;isolated-formal-boundary-points;line-segment-holes;point-holes;degenerate-formal-holes;general-polygon-input,binary-3x3-14e,path-tree-comparison,"{""side"":3}",1,verified,,false,2,4,0,0,0,0,0,prepared-path-tree-input,0,1,0,1,0,2,,,,,0,,,0,0,,,,,0,0,2,0,0,0,1,,0,0,0,0,0,24,2,0,0,0,2,1,4,{},{},{},,{}
9c826593d98f5349fa1a9accd2089ee5c5746623,rustc 1.89.0 (29483883e 2025-08-04),/Users/kcn/Desktop/algorithm/target/release/rect-cli benchmark --suite path-tree-comparison --sizes 3 --output results/v0.5-path-tree-comparison.csv,,1784966444,512,871,finite-colored-unit-grid-path-tree-comparison,ornaments;isolated-formal-boundary-points;line-segment-holes;point-holes;degenerate-formal-holes;general-polygon-input,binary-3x3-14e,path-tree-comparison,"{""side"":3}",2,verified,,false,2,4,0,0,0,0,0,prepared-path-tree-input,0,1,0,1,0,2,,,,,0,,,0,0,,,,,0,0,2,0,0,0,1,,0,0,0,0,0,24,2,0,0,0,2,1,4,{},{},{},,{}
9c826593d98f5349fa1a9accd2089ee5c5746623,rustc 1.89.0 (29483883e 2025-08-04),/Users/kcn/Desktop/algorithm/target/release/rect-cli benchmark --suite path-tree-comparison --sizes 3 --output results/v0.5-path-tree-comparison.csv,,1784966444,512,871,finite-colored-unit-grid-path-tree-comparison,ornaments;isolated-formal-boundary-points;line-segment-holes;point-holes;degenerate-formal-holes;general-polygon-input,binary-3x3-14e,path-tree-comparison,"{""side"":3}",4,verified,,false,1,4,0,0,0,0,0,prepared-path-tree-input,0,1,0,0,0,1,,,,,0,,,0,0,,,,,0,0,2,0,0,0,1,,0,0,0,0,0,16,2,0,0,0,1,1,4,{},{},{},,{}
9c826593d98f5349fa1a9accd2089ee5c5746623,rustc 1.89.0 (29483883e 2025-08-04),/Users/kcn/Desktop/algorithm/target/release/rect-cli benchmark --suite path-tree-comparison --sizes 3 --output results/v0.5-path-tree-comparison.csv,,1784966444,512,871,finite-colored-unit-grid-path-tree-comparison,ornaments;isolated-formal-boundary-points;line-segment-holes;point-holes;degenerate-formal-holes;general-polygon-input,binary-3x3-14f,path-tree-comparison,"{""side"":3}",0,verified,,false,5,6,0,1,0,0,0,prepared-path-tree-input,0,1,0,2,0,9,,,,,0,,,0,0,,,,,0,0,2,0,0,0,2,,0,0,0,0,0,60,3,1,0,0,5,2,4,{},{},{},,{}
9c826593d98f5349fa1a9accd2089ee5c5746623,rustc 1.89.0 (29483883e 2025-08-04),/Users/kcn/Desktop/algorithm/target/release/rect-cli benchmark --suite path-tree-comparison --sizes 3 --output results/v0.5-path-tree-comparison.csv,,1784966444,512,871,finite-colored-unit-grid-path-tree-comparison,ornaments;isolated-formal-boundary-points;line-segment-holes;point-holes;degenerate-formal-holes;general-polygon-input,binary-3x3-14f,path-tree-comparison,"{""side"":3}",2,verified,,false,1,4,0,0,0,0,0,prepared-path-tree-input,0,1,0,0,0,1,,,,,0,,,0,0,,,,,0,0,2,0,0,0,1,,0,0,0,0,0,16,2,0,0,0,1,1,4,{},{},{},,{}
9c826593d98f5349fa1a9accd2089ee5c5746623,rustc 1.89.0 (29483883e 2025-08-04),/Users/kcn/Desktop/algorithm/target/release/rect-cli benchmark --suite path-tree-comparison --sizes 3 --output results/v0.5-path-tree-comparison.csv,,1784966444,512,871,finite-colored-unit-grid-path-tree-comparison,ornaments;isolated-formal-boundary-points;line-segment-holes;point-holes;degenerate-formal-holes;general-polygon-input,binary-3x3-150,path-tree-comparison,"{""side"":3}",1,verified,,false,1,4,0,0,0,0,0,prepared-path-tree-input,0,1,0,0,0,1,,,,,0,,,0,0,,,,,0,0,2,0,0,0,1,,0,0,0,0,0,16,2,0,0,0,1,1,4,{},{},{},,{}
9c826593d98f5349fa1a9accd2089ee5c5746623,rustc 1.89.0 (29483883e 2025-08-04),/Users/kcn/Desktop/algorithm/target/release/rect-cli benchmark --suite path-tree-comparison --sizes 3 --output results/v0.5-path-tree-comparison.csv,,1784966444,512,871,finite-colored-unit-grid-path-tree-comparison,ornaments;isolated-formal-boundary-points;line-segment-holes;point-holes;degenerate-formal-holes;general-polygon-input,binary-3x3-150,path-tree-comparison,"{""side"":3}",2,verified,,false,1,4,0,0,0,0,0,prepared-path-tree-input,0,1,0,0,0,1,,,,,0,,,0,0,,,,,0,0,2,0,0,0,1,,0,0,0,0,0,16,2,0,0,0,1,1,4,{},{},{},,{}
9c826593d98f5349fa1a9accd2089ee5c5746623,rustc 1.89.0 (29483883e 2025-08-04),/Users/kcn/Desktop/algorithm/target/release/rect-cli benchmark --suite path-tree-comparison --sizes 3 --output results/v0.5-path-tree-comparison.csv,,1784966444,512,871,finite-colored-unit-grid-path-tree-comparison,ornaments;isolated-formal-boundary-points;line-segment-holes;point-holes;degenerate-formal-holes;general-polygon-input,binary-3x3-150,path-tree-comparison,"{""side"":3}",4,verified,,false,1,4,0,0,0,0,0,prepared-path-tree-input,0,1,0,0,0,1,,,,,0,,,0,0,,,,,0,0,2,0,0,0,1,,0,0,0,0,0,16,2,0,0,0,1,1,4,{},{},{},,{}
9c826593d98f5349fa1a9accd2089ee5c5746623,rustc 1.89.0 (29483883e 2025-08-04),/Users/kcn/Desktop/algorithm/target/release/rect-cli benchmark --suite path-tree-comparison --sizes 3 --output results/v0.5-path-tree-comparison.csv,,1784966444,512,871,finite-colored-unit-grid-path-tree-comparison,ornaments;isolated-formal-boundary-points;line-segment-holes;point-holes;degenerate-formal-holes;general-polygon-input,binary-3x3-151,path-tree-comparison,"{""side"":3}",0,verified,,false,1,4,0,0,0,0,0,prepared-path-tree-input,0,1,0,0,0,1,,,,,0,,,0,0,,,,,0,0,2,0,0,0,1,,0,0,0,0,0,16,2,0,0,0,1,1,4,{},{},{},,{}
9c826593d98f5349fa1a9accd2089ee5c5746623,rustc 1.89.0 (29483883e 2025-08-04),/Users/kcn/Desktop/algorithm/target/release/rect-cli benchmark --suite path-tree-comparison --sizes 3 --output results/v0.5-path-tree-comparison.csv,,1784966444,512,871,finite-colored-unit-grid-path-tree-comparison,ornaments;isolated-formal-boundary-points;line-segment-holes;point-holes;degenerate-formal-holes;general-polygon-input,binary-3x3-151,path-tree-comparison,"{""side"":3}",3,verified,,false,1,4,0,0,0,0,0,prepared-path-tree-input,0,1,0,0,0,1,,,,,0,,,0,0,,,,,0,0,2,0,0,0,1,,0,0,0,0,0,16,2,0,0,0,1,1,4,{},{},{},,{}
9c826593d98f5349fa1a9accd2089ee5c5746623,rustc 1.89.0 (29483883e 2025-08-04),/Users/kcn/Desktop/algorithm/target/release/rect-cli benchmark --suite path-tree-comparison --sizes 3 --output results/v0.5-path-tree-comparison.csv,,1784966444,512,871,finite-colored-unit-grid-path-tree-comparison,ornaments;isolated-formal-boundary-points;line-segment-holes;point-holes;degenerate-formal-holes;general-polygon-input,binary-3x3-151,path-tree-comparison,"{""side"":3}",4,verified,,false,1,4,0,0,0,0,0,prepared-path-tree-input,0,1,0,0,0,1,,,,,0,,,0,0,,,,,0,0,2,0,0,0,1,,0,0,0,0,0,16,2,0,0,0,1,1,4,{},{},{},,{}
9c826593d98f5349fa1a9accd2089ee5c5746623,rustc 1.89.0 (29483883e 2025-08-04),/Users/kcn/Desktop/algorithm/target/release/rect-cli benchmark --suite path-tree-comparison --sizes 3 --output results/v0.5-path-tree-comparison.csv,,1784966444,512,871,finite-colored-unit-grid-path-tree-comparison,ornaments;isolated-formal-boundary-points;line-segment-holes;point-holes;degenerate-formal-holes;general-polygon-input,binary-3x3-151,path-tree-comparison,"{""side"":3}",6,verified,,false,1,4,0,0,0,0,0,prepared-path-tree-input,0,1,0,0,0,1,,,,,0,,,0,0,,,,,0,0,2,0,0,0,1,,0,0,0,0,0,16,2,0,0,0,1,1,4,{},{},{},,{}
9c826593d98f5349fa1a9accd2089ee5c5746623,rustc 1.89.0 (29483883e 2025-08-04),/Users/kcn/Desktop/algorithm/target/release/rect-cli benchmark --suite path-tree-comparison --sizes 3 --output results/v0.5-path-tree-comparison.csv,,1784966444,512,871,finite-colored-unit-grid-path-tree-comparison,ornaments;isolated-formal-boundary-points;line-segment-holes;point-holes;degenerate-formal-holes;general-polygon-input,binary-3x3-152,path-tree-comparison,"{""side"":3}",1,verified,,false,2,4,0,0,0,0,0,prepared-path-tree-input,0,1,0,1,0,2,,,,,0,,,0,0,,,,,0,0,2,0,0,0,1,,0,0,0,0,0,24,2,0,0,0,2,1,4,{},{},{},,{}
9c826593d98f5349fa1a9accd2089ee5c5746623,rustc 1.89.0 (29483883e 2025-08-04),/Users/kcn/Desktop/algorithm/target/release/rect-cli benchmark --suite path-tree-comparison --sizes 3 --output results/v0.5-path-tree-comparison.csv,,1784966444,512,871,finite-colored-unit-grid-path-tree-comparison,ornaments;isolated-formal-boundary-points;line-segment-holes;point-holes;degenerate-formal-holes;general-polygon-input,binary-3x3-152,path-tree-comparison,"{""side"":3}",3,verified,,false,1,4,0,0,0,0,0,prepared-path-tree-input,0,1,0,0,0,1,,,,,0,,,0,0,,,,,0,0,2,0,0,0,1,,0,0,0,0,0,16,2,0,0,0,1,1,4,{},{},{},,{}
9c826593d98f5349fa1a9accd2089ee5c5746623,rustc 1.89.0 (29483883e 2025-08-04),/Users/kcn/Desktop/algorithm/target/release/rect-cli benchmark --suite path-tree-comparison --sizes 3 --output results/v0.5-path-tree-comparison.csv,,1784966444,512,871,finite-colored-unit-grid-path-tree-comparison,ornaments;isolated-formal-boundary-points;line-segment-holes;point-holes;degenerate-formal-holes;general-polygon-input,binary-3x3-152,path-tree-comparison,"{""side"":3}",5,verified,,false,1,4,0,0,0,0,0,prepared-path-tree-input,0,1,0,0,0,1,,,,,0,,,0,0,,,,,0,0,2,0,0,0,1,,0,0,0,0,0,16,2,0,0,0,1,1,4,{},{},{},,{}
9c826593d98f5349fa1a9accd2089ee5c5746623,rustc 1.89.0 (29483883e 2025-08-04),/Users/kcn/Desktop/algorithm/target/release/rect-cli benchmark --suite path-tree-comparison --sizes 3 --output results/v0.5-path-tree-comparison.csv,,1784966444,512,871,finite-colored-unit-grid-path-tree-comparison,ornaments;isolated-formal-boundary-points;line-segment-holes;point-holes;degenerate-formal-holes;general-polygon-input,binary-3x3-153,path-tree-comparison,"{""side"":3}",0,verified,,false,3,6,0,1,0,0,0,prepared-path-tree-input,0,1,0,1,0,4,,,,,0,,,0,0,,,,,0,0,2,0,0,0,2,,0,0,0,0,0,41,3,1,0,0,3,2,4,{},{},{},,{}
9c826593d98f5349fa1a9accd2089ee5c5746623,rustc 1.89.0 (29483883e 2025-08-04),/Users/kcn/Desktop/algorithm/target/release/rect-cli benchmark --suite path-tree-comparison --sizes 3 --output results/v0.5-path-tree-comparison.csv,,1784966444,512,871,finite-colored-unit-grid-path-tree-comparison,ornaments;isolated-formal-boundary-points;line-segment-holes;point-holes;degenerate-formal-holes;general-polygon-input,binary-3x3-153,path-tree-comparison,"{""side"":3}",3,verified,,false,1,4,0,0,0,0,0,prepared-path-tree-input,0,1,0,0,0,1,,,,,0,,,0,0,,,,,0,0,2,0,0,0,1,,0,0,0,0,0,16,2,0,0,0,1,1,4,{},{},{},,{}
9c826593d98f5349fa1a9accd2089ee5c5746623,rustc 1.89.0 (29483883e 2025-08-04),/Users/kcn/Desktop/algorithm/target/release/rect-cli benchmark --suite path-tree-comparison --sizes 3 --output results/v0.5-path-tree-comparison.csv,,1784966444,512,871,finite-colored-unit-grid-path-tree-comparison,ornaments;isolated-formal-boundary-points;line-segment-holes;point-holes;degenerate-formal-holes;general-polygon-input,binary-3x3-153,path-tree-comparison,"{""side"":3}",5,verified,,false,1,4,0,0,0,0,0,prepared-path-tree-input,0,1,0,0,0,1,,,,,0,,,0,0,,,,,0,0,2,0,0,0,1,,0,0,0,0,0,16,2,0,0,0,1,1,4,{},{},{},,{}
9c826593d98f5349fa1a9accd2089ee5c5746623,rustc 1.89.0 (29483883e 2025-08-04),/Users/kcn/Desktop/algorithm/target/release/rect-cli benchmark --suite path-tree-comparison --sizes 3 --output results/v0.5-path-tree-comparison.csv,,1784966444,512,871,finite-colored-unit-grid-path-tree-comparison,ornaments;isolated-formal-boundary-points;line-segment-holes;point-holes;degenerate-formal-holes;general-polygon-input,binary-3x3-154,path-tree-comparison,"{""side"":3}",1,verified,,false,1,4,0,0,0,0,0,prepared-path-tree-input,0,1,0,0,0,1,,,,,0,,,0,0,,,,,0,0,2,0,0,0,1,,0,0,0,0,0,16,2,0,0,0,1,1,4,{},{},{},,{}
9c826593d98f5349fa1a9accd2089ee5c5746623,rustc 1.89.0 (29483883e 2025-08-04),/Users/kcn/Desktop/algorithm/target/release/rect-cli benchmark --suite path-tree-comparison --sizes 3 --output results/v0.5-path-tree-comparison.csv,,1784966444,512,871,finite-colored-unit-grid-path-tree-comparison,ornaments;isolated-formal-boundary-points;line-segment-holes;point-holes;degenerate-formal-holes;general-polygon-input,binary-3x3-154,path-tree-comparison,"{""side"":3}",2,verified,,false,1,4,0,0,0,0,0,prepared-path-tree-input,0,1,0,0,0,1,,,,,0,,,0,0,,,,,0,0,2,0,0,0,1,,0,0,0,0,0,16,2,0,0,0,1,1,4,{},{},{},,{}
9c826593d98f5349fa1a9accd2089ee5c5746623,rustc 1.89.0 (29483883e 2025-08-04),/Users/kcn/Desktop/algorithm/target/release/rect-cli benchmark --suite path-tree-comparison --sizes 3 --output results/v0.5-path-tree-comparison.csv,,1784966444,512,871,finite-colored-unit-grid-path-tree-comparison,ornaments;isolated-formal-boundary-points;line-segment-holes;point-holes;degenerate-formal-holes;general-polygon-input,binary-3x3-154,path-tree-comparison,"{""side"":3}",4,verified,,false,1,4,0,0,0,0,0,prepared-path-tree-input,0,1,0,0,0,1,,,,,0,,,0,0,,,,,0,0,2,0,0,0,1,,0,0,0,0,0,16,2,0,0,0,1,1,4,{},{},{},,{}
9c826593d98f5349fa1a9accd2089ee5c5746623,rustc 1.89.0 (29483883e 2025-08-04),/Users/kcn/Desktop/algorithm/target/release/rect-cli benchmark --suite path-tree-comparison --sizes 3 --output results/v0.5-path-tree-comparison.csv,,1784966444,512,871,finite-colored-unit-grid-path-tree-comparison,ornaments;isolated-formal-boundary-points;line-segment-holes;point-holes;degenerate-formal-holes;general-polygon-input,binary-3x3-154,path-tree-comparison,"{""side"":3}",6,verified,,false,1,4,0,0,0,0,0,prepared-path-tree-input,0,1,0,0,0,1,,,,,0,,,0,0,,,,,0,0,2,0,0,0,1,,0,0,0,0,0,16,2,0,0,0,1,1,4,{},{},{},,{}
9c826593d98f5349fa1a9accd2089ee5c5746623,rustc 1.89.0 (29483883e 2025-08-04),/Users/kcn/Desktop/algorithm/target/release/rect-cli benchmark --suite path-tree-comparison --sizes 3 --output results/v0.5-path-tree-comparison.csv,,1784966444,512,871,finite-colored-unit-grid-path-tree-comparison,ornaments;isolated-formal-boundary-points;line-segment-holes;point-holes;degenerate-formal-holes;general-polygon-input,binary-3x3-155,path-tree-comparison,"{""side"":3}",0,verified,,false,1,4,0,0,0,0,0,prepared-path-tree-input,0,1,0,0,0,1,,,,,0,,,0,0,,,,,0,0,2,0,0,0,1,,0,0,0,0,0,16,2,0,0,0,1,1,4,{},{},{},,{}
9c826593d98f5349fa1a9accd2089ee5c5746623,rustc 1.89.0 (29483883e 2025-08-04),/Users/kcn/Desktop/algorithm/target/release/rect-cli benchmark --suite path-tree-comparison --sizes 3 --output results/v0.5-path-tree-comparison.csv,,1784966444,512,871,finite-colored-unit-grid-path-tree-comparison,ornaments;isolated-formal-boundary-points;line-segment-holes;point-holes;degenerate-formal-holes;general-polygon-input,binary-3x3-155,path-tree-comparison,"{""side"":3}",2,verified,,false,1,4,0,0,0,0,0,prepared-path-tree-input,0,1,0,0,0,1,,,,,0,,,0,0,,,,,0,0,2,0,0,0,1,,0,0,0,0,0,16,2,0,0,0,1,1,4,{},{},{},,{}
9c826593d98f5349fa1a9accd2089ee5c5746623,rustc 1.89.0 (29483883e 2025-08-04),/Users/kcn/Desktop/algorithm/target/release/rect-cli benchmark --suite path-tree-comparison --sizes 3 --output results/v0.5-path-tree-comparison.csv,,1784966444,512,871,finite-colored-unit-grid-path-tree-comparison,ornaments;isolated-formal-boundary-points;line-segment-holes;point-holes;degenerate-formal-holes;general-polygon-input,binary-3x3-155,path-tree-comparison,"{""side"":3}",4,verified,,false,1,4,0,0,0,0,0,prepared-path-tree-input,0,1,0,0,0,1,,,,,0,,,0,0,,,,,0,0,2,0,0,0,1,,0,0,0,0,0,16,2,0,0,0,1,1,4,{},{},{},,{}
9c826593d98f5349fa1a9accd2089ee5c5746623,rustc 1.89.0 (29483883e 2025-08-04),/Users/kcn/Desktop/algorithm/target/release/rect-cli benchmark --suite path-tree-comparison --sizes 3 --output results/v0.5-path-tree-comparison.csv,,1784966444,512,871,finite-colored-unit-grid-path-tree-comparison,ornaments;isolated-formal-boundary-points;line-segment-holes;point-holes;degenerate-formal-holes;general-polygon-input,binary-3x3-155,path-tree-comparison,"{""side"":3}",6,verified,,false,1,4,0,0,0,0,0,prepared-path-tree-input,0,1,0,0,0,1,,,,,0,,,0,0,,,,,0,0,2,0,0,0,1,,0,0,0,0,0,16,2,0,0,0,1,1,4,{},{},{},,{}
9c826593d98f5349fa1a9accd2089ee5c5746623,rustc 1.89.0 (29483883e 2025-08-04),/Users/kcn/Desktop/algorithm/target/release/rect-cli benchmark --suite path-tree-comparison --sizes 3 --output results/v0.5-path-tree-comparison.csv,,1784966444,512,871,finite-colored-unit-grid-path-tree-comparison,ornaments;isolated-formal-boundary-points;line-segment-holes;point-holes;degenerate-formal-holes;general-polygon-input,binary-3x3-155,path-tree-comparison,"{""side"":3}",8,verified,,false,1,4,0,0,0,0,0,prepared-path-tree-input,0,1,0,0,0,1,,,,,0,,,0,0,,,,,0,0,2,0,0,0,1,,0,0,0,0,0,16,2,0,0,0,1,1,4,{},{},{},,{}
9c826593d98f5349fa1a9accd2089ee5c5746623,rustc 1.89.0 (29483883e 2025-08-04),/Users/kcn/Desktop/algorithm/target/release/rect-cli benchmark --suite path-tree-comparison --sizes 3 --output results/v0.5-path-tree-comparison.csv,,1784966444,512,871,finite-colored-unit-grid-path-tree-comparison,ornaments;isolated-formal-boundary-points;line-segment-holes;point-holes;degenerate-formal-holes;general-polygon-input,binary-3x3-156,path-tree-comparison,"{""side"":3}",1,verified,,false,3,6,0,1,0,0,0,prepared-path-tree-input,0,1,0,1,0,4,,,,,0,,,0,0,,,,,0,0,2,0,0,0,2,,0,0,0,0,0,42,3,1,0,0,3,2,4,{},{},{},,{}
9c826593d98f5349fa1a9accd2089ee5c5746623,rustc 1.89.0 (29483883e 2025-08-04),/Users/kcn/Desktop/algorithm/target/release/rect-cli benchmark --suite path-tree-comparison --sizes 3 --output results/v0.5-path-tree-comparison.csv,,1784966444,512,871,finite-colored-unit-grid-path-tree-comparison,ornaments;isolated-formal-boundary-points;line-segment-holes;point-holes;degenerate-formal-holes;general-polygon-input,binary-3x3-156,path-tree-comparison,"{""side"":3}",3,verified,,false,1,4,0,0,0,0,0,prepared-path-tree-input,0,1,0,0,0,1,,,,,0,,,0,0,,,,,0,0,2,0,0,0,1,,0,0,0,0,0,16,2,0,0,0,1,1,4,{},{},{},,{}
9c826593d98f5349fa1a9accd2089ee5c5746623,rustc 1.89.0 (29483883e 2025-08-04),/Users/kcn/Desktop/algorithm/target/release/rect-cli benchmark --suite path-tree-comparison --sizes 3 --output results/v0.5-path-tree-comparison.csv,,1784966444,512,871,finite-colored-unit-grid-path-tree-comparison,ornaments;isolated-formal-boundary-points;line-segment-holes;point-holes;degenerate-formal-holes;general-polygon-input,binary-3x3-156,path-tree-comparison,"{""side"":3}",5,verified,,false,1,4,0,0,0,0,0,prepared-path-tree-input,0,1,0,0,0,1,,,,,0,,,0,0,,,,,0,0,2,0,0,0,1,,0,0,0,0,0,16,2,0,0,0,1,1,4,{},{},{},,{}
9c826593d98f5349fa1a9accd2089ee5c5746623,rustc 1.89.0 (29483883e 2025-08-04),/Users/kcn/Desktop/algorithm/target/release/rect-cli benchmark --suite path-tree-comparison --sizes 3 --output results/v0.5-path-tree-comparison.csv,,1784966444,512,871,finite-colored-unit-grid-path-tree-comparison,ornaments;isolated-formal-boundary-points;line-segment-holes;point-holes;degenerate-formal-holes;general-polygon-input,binary-3x3-157,path-tree-comparison,"{""side"":3}",0,verified,,false,4,8,0,2,1,0,1,prepared-path-tree-input,0,1,0,1,0,6,,,,,0,,,0,0,0,1,,,0,0,3,1,0,0,2,,0,0,0,0,0,40,2,0,0,0,4,2,4,{},{},{},,{}
9c826593d98f5349fa1a9accd2089ee5c5746623,rustc 1.89.0 (29483883e 2025-08-04),/Users/kcn/Desktop/algorithm/target/release/rect-cli benchmark --suite path-tree-comparison --sizes 3 --output results/v0.5-path-tree-comparison.csv,,1784966444,512,871,finite-colored-unit-grid-path-tree-comparison,ornaments;isolated-formal-boundary-points;line-segment-holes;point-holes;degenerate-formal-holes;general-polygon-input,binary-3x3-157,path-tree-comparison,"{""side"":3}",3,verified,,false,1,4,0,0,0,0,0,prepared-path-tree-input,0,1,0,0,0,1,,,,,0,,,0,0,,,,,0,0,2,0,0,0,1,,0,0,0,0,0,16,2,0,0,0,1,1,4,{},{},{},,{}
9c826593d98f5349fa1a9accd2089ee5c5746623,rustc 1.89.0 (29483883e 2025-08-04),/Users/kcn/Desktop/algorithm/target/release/rect-cli benchmark --suite path-tree-comparison --sizes 3 --output results/v0.5-path-tree-comparison.csv,,1784966444,512,871,finite-colored-unit-grid-path-tree-comparison,ornaments;isolated-formal-boundary-points;line-segment-holes;point-holes;degenerate-formal-holes;general-polygon-input,binary-3x3-157,path-tree-comparison,"{""side"":3}",5,verified,,false,1,4,0,0,0,0,0,prepared-path-tree-input,0,1,0,0,0,1,,,,,0,,,0,0,,,,,0,0,2,0,0,0,1,,0,0,0,0,0,16,2,0,0,0,1,1,4,{},{},{},,{}
9c826593d98f5349fa1a9accd2089ee5c5746623,rustc 1.89.0 (29483883e 2025-08-04),/Users/kcn/Desktop/algorithm/target/release/rect-cli benchmark --suite path-tree-comparison --sizes 3 --output results/v0.5-path-tree-comparison.csv,,1784966444,512,871,finite-colored-unit-grid-path-tree-comparison,ornaments;isolated-formal-boundary-points;line-segment-holes;point-holes;degenerate-formal-holes;general-polygon-input,binary-3x3-158,path-tree-comparison,"{""side"":3}",1,verified,,false,3,6,0,1,0,0,0,prepared-path-tree-input,0,1,0,1,0,4,,,,,0,,,0,0,,,,,0,0,2,0,0,0,2,,0,0,0,0,0,42,3,1,0,0,3,2,4,{},{},{},,{}
9c826593d98f5349fa1a9accd2089ee5c5746623,rustc 1.89.0 (29483883e 2025-08-04),/Users/kcn/Desktop/algorithm/target/release/rect-cli benchmark --suite path-tree-comparison --sizes 3 --output results/v0.5-path-tree-comparison.csv,,1784966444,512,871,finite-colored-unit-grid-path-tree-comparison,ornaments;isolated-formal-boundary-points;line-segment-holes;point-holes;degenerate-formal-holes;general-polygon-input,binary-3x3-158,path-tree-comparison,"{""side"":3}",3,verified,,false,1,4,0,0,0,0,0,prepared-path-tree-input,0,1,0,0,0,1,,,,,0,,,0,0,,,,,0,0,2,0,0,0,1,,0,0,0,0,0,16,2,0,0,0,1,1,4,{},{},{},,{}
9c826593d98f5349fa1a9accd2089ee5c5746623,rustc 1.89.0 (29483883e 2025-08-04),/Users/kcn/Desktop/algorithm/target/release/rect-cli benchmark --suite path-tree-comparison --sizes 3 --output results/v0.5-path-tree-comparison.csv,,1784966444,512,871,finite-colored-unit-grid-path-tree-comparison,ornaments;isolated-formal-boundary-points;line-segment-holes;point-holes;degenerate-formal-holes;general-polygon-input,binary-3x3-159,path-tree-comparison,"{""side"":3}",0,verified,,false,4,8,0,2,0,1,1,prepared-path-tree-input,0,1,0,1,0,6,,,,,0,,,0,0,0,1,,,0,0,3,1,0,0,2,,0,0,0,0,0,40,2,0,0,0,4,2,4,{},{},{},,{}
9c826593d98f5349fa1a9accd2089ee5c5746623,rustc 1.89.0 (29483883e 2025-08-04),/Users/kcn/Desktop/algorithm/target/release/rect-cli benchmark --suite path-tree-comparison --sizes 3 --output results/v0.5-path-tree-comparison.csv,,1784966444,512,871,finite-colored-unit-grid-path-tree-comparison,ornaments;isolated-formal-boundary-points;line-segment-holes;point-holes;degenerate-formal-holes;general-polygon-input,binary-3x3-159,path-tree-comparison,"{""side"":3}",3,verified,,false,1,4,0,0,0,0,0,prepared-path-tree-input,0,1,0,0,0,1,,,,,0,,,0,0,,,,,0,0,2,0,0,0,1,,0,0,0,0,0,16,2,0,0,0,1,1,4,{},{},{},,{}
9c826593d98f5349fa1a9accd2089ee5c5746623,rustc 1.89.0 (29483883e 2025-08-04),/Users/kcn/Desktop/algorithm/target/release/rect-cli benchmark --suite path-tree-comparison --sizes 3 --output results/v0.5-path-tree-comparison.csv,,1784966444,512,871,finite-colored-unit-grid-path-tree-comparison,ornaments;isolated-formal-boundary-points;line-segment-holes;point-holes;degenerate-formal-holes;general-polygon-input,binary-3x3-15a,path-tree-comparison,"{""side"":3}",1,verified,,false,4,8,0,2,0,1,1,prepared-path-tree-input,0,1,0,2,0,6,,,,,0,,,0,0,0,1,,,0,0,3,1,0,0,2,,0,0,0,0,0,40,2,0,0,0,4,2,4,{},{},{},,{}
9c826593d98f5349fa1a9accd2089ee5c5746623,rustc 1.89.0 (29483883e 2025-08-04),/Users/kcn/Desktop/algorithm/target/release/rect-cli benchmark --suite path-tree-comparison --sizes 3 --output results/v0.5-path-tree-comparison.csv,,1784966444,512,871,finite-colored-unit-grid-path-tree-comparison,ornaments;isolated-formal-boundary-points;line-segment-holes;point-holes;degenerate-formal-holes;general-polygon-input,binary-3x3-15a,path-tree-comparison,"{""side"":3}",4,verified,,false,1,4,0,0,0,0,0,prepared-path-tree-input,0,1,0,0,0,1,,,,,0,,,0,0,,,,,0,0,2,0,0,0,1,,0,0,0,0,0,16,2,0,0,0,1,1,4,{},{},{},,{}
9c826593d98f5349fa1a9accd2089ee5c5746623,rustc 1.89.0 (29483883e 2025-08-04),/Users/kcn/Desktop/algorithm/target/release/rect-cli benchmark --suite path-tree-comparison --sizes 3 --output results/v0.5-path-tree-comparison.csv,,1784966444,512,871,finite-colored-unit-grid-path-tree-comparison,ornaments;isolated-formal-boundary-points;line-segment-holes;point-holes;degenerate-formal-holes;general-polygon-input,binary-3x3-15b,path-tree-comparison,"{""side"":3}",0,verified,,false,5,6,0,1,0,0,0,prepared-path-tree-input,0,1,0,2,0,6,,,,,0,,,0,0,,,,,0,0,2,0,0,0,2,,0,1,0,0,0,54,3,1,0,0,5,2,4,{},{},{},,{}
9c826593d98f5349fa1a9accd2089ee5c5746623,rustc 1.89.0 (29483883e 2025-08-04),/Users/kcn/Desktop/algorithm/target/release/rect-cli benchmark --suite path-tree-comparison --sizes 3 --output results/v0.5-path-tree-comparison.csv,,1784966444,512,871,finite-colored-unit-grid-path-tree-comparison,ornaments;isolated-formal-boundary-points;line-segment-holes;point-holes;degenerate-formal-holes;general-polygon-input,binary-3x3-15b,path-tree-comparison,"{""side"":3}",3,verified,,false,1,4,0,0,0,0,0,prepared-path-tree-input,0,1,0,0,0,1,,,,,0,,,0,0,,,,,0,0,2,0,0,0,1,,0,0,0,0,0,16,2,0,0,0,1,1,4,{},{},{},,{}
9c826593d98f5349fa1a9accd2089ee5c5746623,rustc 1.89.0 (29483883e 2025-08-04),/Users/kcn/Desktop/algorithm/target/release/rect-cli benchmark --suite path-tree-comparison --sizes 3 --output results/v0.5-path-tree-comparison.csv,,1784966444,512,871,finite-colored-unit-grid-path-tree-comparison,ornaments;isolated-formal-boundary-points;line-segment-holes;point-holes;degenerate-formal-holes;general-polygon-input,binary-3x3-15c,path-tree-comparison,"{""side"":3}",1,verified,,false,1,4,0,0,0,0,0,prepared-path-tree-input,0,1,0,0,0,1,,,,,0,,,0,0,,,,,0,0,2,0,0,0,1,,0,0,0,0,0,16,2,0,0,0,1,1,4,{},{},{},,{}
9c826593d98f5349fa1a9accd2089ee5c5746623,rustc 1.89.0 (29483883e 2025-08-04),/Users/kcn/Desktop/algorithm/target/release/rect-cli benchmark --suite path-tree-comparison --sizes 3 --output results/v0.5-path-tree-comparison.csv,,1784966444,512,871,finite-colored-unit-grid-path-tree-comparison,ornaments;isolated-formal-boundary-points;line-segment-holes;point-holes;degenerate-formal-holes;general-polygon-input,binary-3x3-15c,path-tree-comparison,"{""side"":3}",2,verified,,false,3,6,0,1,0,0,0,prepared-path-tree-input,0,1,0,1,0,4,,,,,0,,,0,0,,,,,0,0,2,0,0,0,2,,0,0,0,0,0,42,3,1,0,0,3,2,4,{},{},{},,{}
9c826593d98f5349fa1a9accd2089ee5c5746623,rustc 1.89.0 (29483883e 2025-08-04),/Users/kcn/Desktop/algorithm/target/release/rect-cli benchmark --suite path-tree-comparison --sizes 3 --output results/v0.5-path-tree-comparison.csv,,1784966444,512,871,finite-colored-unit-grid-path-tree-comparison,ornaments;isolated-formal-boundary-points;line-segment-holes;point-holes;degenerate-formal-holes;general-polygon-input,binary-3x3-15c,path-tree-comparison,"{""side"":3}",5,verified,,false,1,4,0,0,0,0,0,prepared-path-tree-input,0,1,0,0,0,1,,,,,0,,,0,0,,,,,0,0,2,0,0,0,1,,0,0,0,0,0,16,2,0,0,0,1,1,4,{},{},{},,{}
9c826593d98f5349fa1a9accd2089ee5c5746623,rustc 1.89.0 (29483883e 2025-08-04),/Users/kcn/Desktop/algorithm/target/release/rect-cli benchmark --suite path-tree-comparison --sizes 3 --output results/v0.5-path-tree-comparison.csv,,1784966444,512,871,finite-colored-unit-grid-path-tree-comparison,ornaments;isolated-formal-boundary-points;line-segment-holes;point-holes;degenerate-formal-holes;general-polygon-input,binary-3x3-15d,path-tree-comparison,"{""side"":3}",0,verified,,false,4,8,0,2,0,1,1,prepared-path-tree-input,0,1,0,2,0,6,,,,,0,,,0,0,0,1,,,0,0,3,1,0,0,2,,0,0,0,0,0,40,2,0,0,0,4,2,4,{},{},{},,{}
9c826593d98f5349fa1a9accd2089ee5c5746623,rustc 1.89.0 (29483883e 2025-08-04),/Users/kcn/Desktop/algorithm/target/release/rect-cli benchmark --suite path-tree-comparison --sizes 3 --output results/v0.5-path-tree-comparison.csv,,1784966444,512,871,finite-colored-unit-grid-path-tree-comparison,ornaments;isolated-formal-boundary-points;line-segment-holes;point-holes;degenerate-formal-holes;general-polygon-input,binary-3x3-15d,path-tree-comparison,"{""side"":3}",2,verified,,false,1,4,0,0,0,0,0,prepared-path-tree-input,0,1,0,0,0,1,,,,,0,,,0,0,,,,,0,0,2,0,0,0,1,,0,0,0,0,0,16,2,0,0,0,1,1,4,{},{},{},,{}
9c826593d98f5349fa1a9accd2089ee5c5746623,rustc 1.89.0 (29483883e 2025-08-04),/Users/kcn/Desktop/algorithm/target/release/rect-cli benchmark --suite path-tree-comparison --sizes 3 --output results/v0.5-path-tree-comparison.csv,,1784966444,512,871,finite-colored-unit-grid-path-tree-comparison,ornaments;isolated-formal-boundary-points;line-segment-holes;point-holes;degenerate-formal-holes;general-polygon-input,binary-3x3-15d,path-tree-comparison,"{""side"":3}",5,verified,,false,1,4,0,0,0,0,0,prepared-path-tree-input,0,1,0,0,0,1,,,,,0,,,0,0,,,,,0,0,2,0,0,0,1,,0,0,0,0,0,16,2,0,0,0,1,1,4,{},{},{},,{}
9c826593d98f5349fa1a9accd2089ee5c5746623,rustc 1.89.0 (29483883e 2025-08-04),/Users/kcn/Desktop/algorithm/target/release/rect-cli benchmark --suite path-tree-comparison --sizes 3 --output results/v0.5-path-tree-comparison.csv,,1784966444,512,871,finite-colored-unit-grid-path-tree-comparison,ornaments;isolated-formal-boundary-points;line-segment-holes;point-holes;degenerate-formal-holes;general-polygon-input,binary-3x3-15e,path-tree-comparison,"{""side"":3}",4,verified,,false,1,4,0,0,0,0,0,prepared-path-tree-input,0,1,0,0,0,1,,,,,0,,,0,0,,,,,0,0,2,0,0,0,1,,0,0,0,0,0,16,2,0,0,0,1,1,4,{},{},{},,{}
9c826593d98f5349fa1a9accd2089ee5c5746623,rustc 1.89.0 (29483883e 2025-08-04),/Users/kcn/Desktop/algorithm/target/release/rect-cli benchmark --suite path-tree-comparison --sizes 3 --output results/v0.5-path-tree-comparison.csv,,1784966444,512,871,finite-colored-unit-grid-path-tree-comparison,ornaments;isolated-formal-boundary-points;line-segment-holes;point-holes;degenerate-formal-holes;general-polygon-input,binary-3x3-15f,path-tree-comparison,"{""side"":3}",0,verified,,false,6,8,0,2,0,0,0,prepared-path-tree-input,0,1,0,2,0,9,,,,,0,,,0,0,,,,,0,0,2,0,0,0,3,,0,1,0,0,0,84,4,3,0,0,6,3,4,{},{},{},,{}
9c826593d98f5349fa1a9accd2089ee5c5746623,rustc 1.89.0 (29483883e 2025-08-04),/Users/kcn/Desktop/algorithm/target/release/rect-cli benchmark --suite path-tree-comparison --sizes 3 --output results/v0.5-path-tree-comparison.csv,,1784966444,512,871,finite-colored-unit-grid-path-tree-comparison,ornaments;isolated-formal-boundary-points;line-segment-holes;point-holes;degenerate-formal-holes;general-polygon-input,binary-3x3-15f,path-tree-comparison,"{""side"":3}",3,verified,,false,1,4,0,0,0,0,0,prepared-path-tree-input,0,1,0,0,0,1,,,,,0,,,0,0,,,,,0,0,2,0,0,0,1,,0,0,0,0,0,16,2,0,0,0,1,1,4,{},{},{},,{}
9c826593d98f5349fa1a9accd2089ee5c5746623,rustc 1.89.0 (29483883e 2025-08-04),/Users/kcn/Desktop/algorithm/target/release/rect-cli benchmark --suite path-tree-comparison --sizes 3 --output results/v0.5-path-tree-comparison.csv,,1784966444,512,871,finite-colored-unit-grid-path-tree-comparison,ornaments;isolated-formal-boundary-points;line-segment-holes;point-holes;degenerate-formal-holes;general-polygon-input,binary-3x3-160,path-tree-comparison,"{""side"":3}",1,verified,,false,2,4,0,0,0,0,0,prepared-path-tree-input,0,1,0,1,0,2,,,,,0,,,0,0,,,,,0,0,2,0,0,0,1,,0,0,0,0,0,24,2,0,0,0,2,1,4,{},{},{},,{}
9c826593d98f5349fa1a9accd2089ee5c5746623,rustc 1.89.0 (29483883e 2025-08-04),/Users/kcn/Desktop/algorithm/target/release/rect-cli benchmark --suite path-tree-comparison --sizes 3 --output results/v0.5-path-tree-comparison.csv,,1784966444,512,871,finite-colored-unit-grid-path-tree-comparison,ornaments;isolated-formal-boundary-points;line-segment-holes;point-holes;degenerate-formal-holes;general-polygon-input,binary-3x3-160,path-tree-comparison,"{""side"":3}",2,verified,,false,1,4,0,0,0,0,0,prepared-path-tree-input,0,1,0,0,0,1,,,,,0,,,0,0,,,,,0,0,2,0,0,0,1,,0,0,0,0,0,16,2,0,0,0,1,1,4,{},{},{},,{}
9c826593d98f5349fa1a9accd2089ee5c5746623,rustc 1.89.0 (29483883e 2025-08-04),/Users/kcn/Desktop/algorithm/target/release/rect-cli benchmark --suite path-tree-comparison --sizes 3 --output results/v0.5-path-tree-comparison.csv,,1784966444,512,871,finite-colored-unit-grid-path-tree-comparison,ornaments;isolated-formal-boundary-points;line-segment-holes;point-holes;degenerate-formal-holes;general-polygon-input,binary-3x3-161,path-tree-comparison,"{""side"":3}",0,verified,,false,1,4,0,0,0,0,0,prepared-path-tree-input,0,1,0,0,0,1,,,,,0,,,0,0,,,,,0,0,2,0,0,0,1,,0,0,0,0,0,16,2,0,0,0,1,1,4,{},{},{},,{}
9c826593d98f5349fa1a9accd2089ee5c5746623,rustc 1.89.0 (29483883e 2025-08-04),/Users/kcn/Desktop/algorithm/target/release/rect-cli benchmark --suite path-tree-comparison --sizes 3 --output results/v0.5-path-tree-comparison.csv,,1784966444,512,871,finite-colored-unit-grid-path-tree-comparison,ornaments;isolated-formal-boundary-points;line-segment-holes;point-holes;degenerate-formal-holes;general-polygon-input,binary-3x3-161,path-tree-comparison,"{""side"":3}",2,verified,,false,2,4,0,0,0,0,0,prepared-path-tree-input,0,1,0,1,0,2,,,,,0,,,0,0,,,,,0,0,2,0,0,0,1,,0,0,0,0,0,24,2,0,0,0,2,1,4,{},{},{},,{}
9c826593d98f5349fa1a9accd2089ee5c5746623,rustc 1.89.0 (29483883e 2025-08-04),/Users/kcn/Desktop/algorithm/target/release/rect-cli benchmark --suite path-tree-comparison --sizes 3 --output results/v0.5-path-tree-comparison.csv,,1784966444,512,871,finite-colored-unit-grid-path-tree-comparison,ornaments;isolated-formal-boundary-points;line-segment-holes;point-holes;degenerate-formal-holes;general-polygon-input,binary-3x3-161,path-tree-comparison,"{""side"":3}",3,verified,,false,1,4,0,0,0,0,0,prepared-path-tree-input,0,1,0,0,0,1,,,,,0,,,0,0,,,,,0,0,2,0,0,0,1,,0,0,0,0,0,16,2,0,0,0,1,1,4,{},{},{},,{}
9c826593d98f5349fa1a9accd2089ee5c5746623,rustc 1.89.0 (29483883e 2025-08-04),/Users/kcn/Desktop/algorithm/target/release/rect-cli benchmark --suite path-tree-comparison --sizes 3 --output results/v0.5-path-tree-comparison.csv,,1784966444,512,871,finite-colored-unit-grid-path-tree-comparison,ornaments;isolated-formal-boundary-points;line-segment-holes;point-holes;degenerate-formal-holes;general-polygon-input,binary-3x3-162,path-tree-comparison,"{""side"":3}",1,verified,,false,1,4,0,0,0,0,0,prepared-path-tree-input,0,1,0,0,0,1,,,,,0,,,0,0,,,,,0,0,2,0,0,0,1,,0,0,0,0,0,16,2,0,0,0,1,1,4,{},{},{},,{}
9c826593d98f5349fa1a9accd2089ee5c5746623,rustc 1.89.0 (29483883e 2025-08-04),/Users/kcn/Desktop/algorithm/target/release/rect-cli benchmark --suite path-tree-comparison --sizes 3 --output results/v0.5-path-tree-comparison.csv,,1784966444,512,871,finite-colored-unit-grid-path-tree-comparison,ornaments;isolated-formal-boundary-points;line-segment-holes;point-holes;degenerate-formal-holes;general-polygon-input,binary-3x3-162,path-tree-comparison,"{""side"":3}",3,verified,,false,2,4,0,0,0,0,0,prepared-path-tree-input,0,1,0,1,0,2,,,,,0,,,0,0,,,,,0,0,2,0,0,0,1,,0,0,0,0,0,24,2,0,0,0,2,1,4,{},{},{},,{}
9c826593d98f5349fa1a9accd2089ee5c5746623,rustc 1.89.0 (29483883e 2025-08-04),/Users/kcn/Desktop/algorithm/target/release/rect-cli benchmark --suite path-tree-comparison --sizes 3 --output results/v0.5-path-tree-comparison.csv,,1784966444,512,871,finite-colored-unit-grid-path-tree-comparison,ornaments;isolated-formal-boundary-points;line-segment-holes;point-holes;degenerate-formal-holes;general-polygon-input,binary-3x3-162,path-tree-comparison,"{""side"":3}",4,verified,,false,1,4,0,0,0,0,0,prepared-path-tree-input,0,1,0,0,0,1,,,,,0,,,0,0,,,,,0,0,2,0,0,0,1,,0,0,0,0,0,16,2,0,0,0,1,1,4,{},{},{},,{}
9c826593d98f5349fa1a9accd2089ee5c5746623,rustc 1.89.0 (29483883e 2025-08-04),/Users/kcn/Desktop/algorithm/target/release/rect-cli benchmark --suite path-tree-comparison --sizes 3 --output results/v0.5-path-tree-comparison.csv,,1784966444,512,871,finite-colored-unit-grid-path-tree-comparison,ornaments;isolated-formal-boundary-points;line-segment-holes;point-holes;degenerate-formal-holes;general-polygon-input,binary-3x3-163,path-tree-comparison,"{""side"":3}",0,verified,,false,2,4,0,0,0,0,0,prepared-path-tree-input,0,1,0,1,0,2,,,,,0,,,0,0,,,,,0,0,2,0,0,0,1,,0,0,0,0,0,24,2,0,0,0,2,1,4,{},{},{},,{}
9c826593d98f5349fa1a9accd2089ee5c5746623,rustc 1.89.0 (29483883e 2025-08-04),/Users/kcn/Desktop/algorithm/target/release/rect-cli benchmark --suite path-tree-comparison --sizes 3 --output results/v0.5-path-tree-comparison.csv,,1784966444,512,871,finite-colored-unit-grid-path-tree-comparison,ornaments;isolated-formal-boundary-points;line-segment-holes;point-holes;degenerate-formal-holes;general-polygon-input,binary-3x3-163,path-tree-comparison,"{""side"":3}",3,verified,,false,2,4,0,0,0,0,0,prepared-path-tree-input,0,1,0,1,0,2,,,,,0,,,0,0,,,,,0,0,2,0,0,0,1,,0,0,0,0,0,24,2,0,0,0,2,1,4,{},{},{},,{}
9c826593d98f5349fa1a9accd2089ee5c5746623,rustc 1.89.0 (29483883e 2025-08-04),/Users/kcn/Desktop/algorithm/target/release/rect-cli benchmark --suite path-tree-comparison --sizes 3 --output results/v0.5-path-tree-comparison.csv,,1784966444,512,871,finite-colored-unit-grid-path-tree-comparison,ornaments;isolated-formal-boundary-points;line-segment-holes;point-holes;degenerate-formal-holes;general-polygon-input,binary-3x3-163,path-tree-comparison,"{""side"":3}",4,verified,,false,1,4,0,0,0,0,0,prepared-path-tree-input,0,1,0,0,0,1,,,,,0,,,0,0,,,,,0,0,2,0,0,0,1,,0,0,0,0,0,16,2,0,0,0,1,1,4,{},{},{},,{}
9c826593d98f5349fa1a9accd2089ee5c5746623,rustc 1.89.0 (29483883e 2025-08-04),/Users/kcn/Desktop/algorithm/target/release/rect-cli benchmark --suite path-tree-comparison --sizes 3 --output results/v0.5-path-tree-comparison.csv,,1784966444,512,871,finite-colored-unit-grid-path-tree-comparison,ornaments;isolated-formal-boundary-points;line-segment-holes;point-holes;degenerate-formal-holes;general-polygon-input,binary-3x3-164,path-tree-comparison,"{""side"":3}",1,verified,,false,3,4,0,0,0,0,0,prepared-path-tree-input,0,1,0,1,0,3,,,,,0,,,0,0,,,,,0,0,2,0,0,0,1,,0,0,0,0,0,32,2,0,0,0,3,1,4,{},{},{},,{}
9c826593d98f5349fa1a9accd2089ee5c5746623,rustc 1.89.0 (29483883e 2025-08-04),/Users/kcn/Desktop/algorithm/target/release/rect-cli benchmark --suite path-tree-comparison --sizes 3 --output results/v0.5-path-tree-comparison.csv,,1784966444,512,871,finite-colored-unit-grid-path-tree-comparison,ornaments;isolated-formal-boundary-points;line-segment-holes;point-holes;degenerate-formal-holes;general-polygon-input,binary-3x3-164,path-tree-comparison,"{""side"":3}",2,verified,,false,1,4,0,0,0,0,0,prepared-path-tree-input,0,1,0,0,0,1,,,,,0,,,0,0,,,,,0,0,2,0,0,0,1,,0,0,0,0,0,16,2,0,0,0,1,1,4,{},{},{},,{}
9c826593d98f5349fa1a9accd2089ee5c5746623,rustc 1.89.0 (29483883e 2025-08-04),/Users/kcn/Desktop/algorithm/target/release/rect-cli benchmark --suite path-tree-comparison --sizes 3 --output results/v0.5-path-tree-comparison.csv,,1784966444,512,871,finite-colored-unit-grid-path-tree-comparison,ornaments;isolated-formal-boundary-points;line-segment-holes;point-holes;degenerate-formal-holes;general-polygon-input,binary-3x3-165,path-tree-comparison,"{""side"":3}",0,verified,,false,1,4,0,0,0,0,0,prepared-path-tree-input,0,1,0,0,0,1,,,,,0,,,0,0,,,,,0,0,2,0,0,0,1,,0,0,0,0,0,16,2,0,0,0,1,1,4,{},{},{},,{}
9c826593d98f5349fa1a9accd2089ee5c5746623,rustc 1.89.0 (29483883e 2025-08-04),/Users/kcn/Desktop/algorithm/target/release/rect-cli benchmark --suite path-tree-comparison --sizes 3 --output results/v0.5-path-tree-comparison.csv,,1784966444,512,871,finite-colored-unit-grid-path-tree-comparison,ornaments;isolated-formal-boundary-points;line-segment-holes;point-holes;degenerate-formal-holes;general-polygon-input,binary-3x3-165,path-tree-comparison,"{""side"":3}",2,verified,,false,3,4,0,0,0,0,0,prepared-path-tree-input,0,1,0,1,0,3,,,,,0,,,0,0,,,,,0,0,2,0,0,0,1,,0,0,0,0,0,32,2,0,0,0,3,1,4,{},{},{},,{}
9c826593d98f5349fa1a9accd2089ee5c5746623,rustc 1.89.0 (29483883e 2025-08-04),/Users/kcn/Desktop/algorithm/target/release/rect-cli benchmark --suite path-tree-comparison --sizes 3 --output results/v0.5-path-tree-comparison.csv,,1784966444,512,871,finite-colored-unit-grid-path-tree-comparison,ornaments;isolated-formal-boundary-points;line-segment-holes;point-holes;degenerate-formal-holes;general-polygon-input,binary-3x3-165,path-tree-comparison,"{""side"":3}",3,verified,,false,1,4,0,0,0,0,0,prepared-path-tree-input,0,1,0,0,0,1,,,,,0,,,0,0,,,,,0,0,2,0,0,0,1,,0,0,0,0,0,16,2,0,0,0,1,1,4,{},{},{},,{}
9c826593d98f5349fa1a9accd2089ee5c5746623,rustc 1.89.0 (29483883e 2025-08-04),/Users/kcn/Desktop/algorithm/target/release/rect-cli benchmark --suite path-tree-comparison --sizes 3 --output results/v0.5-path-tree-comparison.csv,,1784966444,512,871,finite-colored-unit-grid-path-tree-comparison,ornaments;isolated-formal-boundary-points;line-segment-holes;point-holes;degenerate-formal-holes;general-polygon-input,binary-3x3-166,path-tree-comparison,"{""side"":3}",1,verified,,false,4,6,0,1,0,0,0,prepared-path-tree-input,0,1,0,1,0,6,,,,,0,,,0,0,,,,,0,0,2,0,0,0,2,,0,0,0,0,0,49,3,1,0,0,4,2,4,{},{},{},,{}
9c826593d98f5349fa1a9accd2089ee5c5746623,rustc 1.89.0 (29483883e 2025-08-04),/Users/kcn/Desktop/algorithm/target/release/rect-cli benchmark --suite path-tree-comparison --sizes 3 --output results/v0.5-path-tree-comparison.csv,,1784966444,512,871,finite-colored-unit-grid-path-tree-comparison,ornaments;isolated-formal-boundary-points;line-segment-holes;point-holes;degenerate-formal-holes;general-polygon-input,binary-3x3-166,path-tree-comparison,"{""side"":3}",2,verified,,false,1,4,0,0,0,0,0,prepared-path-tree-input,0,1,0,0,0,1,,,,,0,,,0,0,,,,,0,0,2,0,0,0,1,,0,0,0,0,0,16,2,0,0,0,1,1,4,{},{},{},,{}
9c826593d98f5349fa1a9accd2089ee5c5746623,rustc 1.89.0 (29483883e 2025-08-04),/Users/kcn/Desktop/algorithm/target/release/rect-cli benchmark --suite path-tree-comparison --sizes 3 --output results/v0.5-path-tree-comparison.csv,,1784966444,512,871,finite-colored-unit-grid-path-tree-comparison,ornaments;isolated-formal-boundary-points;line-segment-holes;point-holes;degenerate-formal-holes;general-polygon-input,binary-3x3-167,path-tree-comparison,"{""side"":3}",0,verified,,false,5,6,0,1,0,0,0,prepared-path-tree-input,0,1,0,2,0,9,,,,,0,,,0,0,,,,,0,0,2,0,0,0,2,,0,0,0,0,0,61,3,1,0,0,5,2,4,{},{},{},,{}
9c826593d98f5349fa1a9accd2089ee5c5746623,rustc 1.89.0 (29483883e 2025-08-04),/Users/kcn/Desktop/algorithm/target/release/rect-cli benchmark --suite path-tree-comparison --sizes 3 --output results/v0.5-path-tree-comparison.csv,,1784966444,512,871,finite-colored-unit-grid-path-tree-comparison,ornaments;isolated-formal-boundary-points;line-segment-holes;point-holes;degenerate-formal-holes;general-polygon-input,binary-3x3-167,path-tree-comparison,"{""side"":3}",2,verified,,false,1,4,0,0,0,0,0,prepared-path-tree-input,0,1,0,0,0,1,,,,,0,,,0,0,,,,,0,0,2,0,0,0,1,,0,0,0,0,0,16,2,0,0,0,1,1,4,{},{},{},,{}
9c826593d98f5349fa1a9accd2089ee5c5746623,rustc 1.89.0 (29483883e 2025-08-04),/Users/kcn/Desktop/algorithm/target/release/rect-cli benchmark --suite path-tree-comparison --sizes 3 --output results/v0.5-path-tree-comparison.csv,,1784966444,512,871,finite-colored-unit-grid-path-tree-comparison,ornaments;isolated-formal-boundary-points;line-segment-holes;point-holes;degenerate-formal-holes;general-polygon-input,binary-3x3-168,path-tree-comparison,"{""side"":3}",1,verified,,false,2,4,0,0,0,0,0,prepared-path-tree-input,0,1,0,0,0,2,,,,,0,,,0,0,,,,,0,0,2,0,0,0,1,,0,0,0,0,0,24,2,0,0,0,2,1,4,{},{},{},,{}
9c826593d98f5349fa1a9accd2089ee5c5746623,rustc 1.89.0 (29483883e 2025-08-04),/Users/kcn/Desktop/algorithm/target/release/rect-cli benchmark --suite path-tree-comparison --sizes 3 --output results/v0.5-path-tree-comparison.csv,,1784966444,512,871,finite-colored-unit-grid-path-tree-comparison,ornaments;isolated-formal-boundary-points;line-segment-holes;point-holes;degenerate-formal-holes;general-polygon-input,binary-3x3-168,path-tree-comparison,"{""side"":3}",2,verified,,false,2,4,0,0,0,0,0,prepared-path-tree-input,0,1,0,1,0,2,,,,,0,,,0,0,,,,,0,0,2,0,0,0,1,,0,0,0,0,0,24,2,0,0,0,2,1,4,{},{},{},,{}
9c826593d98f5349fa1a9accd2089ee5c5746623,rustc 1.89.0 (29483883e 2025-08-04),/Users/kcn/Desktop/algorithm/target/release/rect-cli benchmark --suite path-tree-comparison --sizes 3 --output results/v0.5-path-tree-comparison.csv,,1784966444,512,871,finite-colored-unit-grid-path-tree-comparison,ornaments;isolated-formal-boundary-points;line-segment-holes;point-holes;degenerate-formal-holes;general-polygon-input,binary-3x3-169,path-tree-comparison,"{""side"":3}",0,verified,,false,3,4,0,0,0,0,0,prepared-path-tree-input,0,1,0,1,0,3,,,,,0,,,0,0,,,,,0,0,2,0,0,0,1,,0,0,0,0,0,32,2,0,0,0,3,1,4,{},{},{},,{}
9c826593d98f5349fa1a9accd2089ee5c5746623,rustc 1.89.0 (29483883e 2025-08-04),/Users/kcn/Desktop/algorithm/target/release/rect-cli benchmark --suite path-tree-comparison --sizes 3 --output results/v0.5-path-tree-comparison.csv,,1784966444,512,871,finite-colored-unit-grid-path-tree-comparison,ornaments;isolated-formal-boundary-points;line-segment-holes;point-holes;degenerate-formal-holes;general-polygon-input,binary-3x3-169,path-tree-comparison,"{""side"":3}",2,verified,,false,2,4,0,0,0,0,0,prepared-path-tree-input,0,1,0,0,0,2,,,,,0,,,0,0,,,,,0,0,2,0,0,0,1,,0,0,0,0,0,24,2,0,0,0,2,1,4,{},{},{},,{}
9c826593d98f5349fa1a9accd2089ee5c5746623,rustc 1.89.0 (29483883e 2025-08-04),/Users/kcn/Desktop/algorithm/target/release/rect-cli benchmark --suite path-tree-comparison --sizes 3 --output results/v0.5-path-tree-comparison.csv,,1784966444,512,871,finite-colored-unit-grid-path-tree-comparison,ornaments;isolated-formal-boundary-points;line-segment-holes;point-holes;degenerate-formal-holes;general-polygon-input,binary-3x3-16a,path-tree-comparison,"{""side"":3}",1,verified,,false,1,4,0,0,0,0,0,prepared-path-tree-input,0,1,0,0,0,1,,,,,0,,,0,0,,,,,0,0,2,0,0,0,1,,0,0,0,0,0,16,2,0,0,0,1,1,4,{},{},{},,{}
9c826593d98f5349fa1a9accd2089ee5c5746623,rustc 1.89.0 (29483883e 2025-08-04),/Users/kcn/Desktop/algorithm/target/release/rect-cli benchmark --suite path-tree-comparison --sizes 3 --output results/v0.5-path-tree-comparison.csv,,1784966444,512,871,finite-colored-unit-grid-path-tree-comparison,ornaments;isolated-formal-boundary-points;line-segment-holes;point-holes;degenerate-formal-holes;general-polygon-input,binary-3x3-16a,path-tree-comparison,"{""side"":3}",3,verified,,false,2,4,0,0,0,0,0,prepared-path-tree-input,0,1,0,1,0,2,,,,,0,,,0,0,,,,,0,0,2,0,0,0,1,,0,0,0,0,0,24,2,0,0,0,2,1,4,{},{},{},,{}
9c826593d98f5349fa1a9accd2089ee5c5746623,rustc 1.89.0 (29483883e 2025-08-04),/Users/kcn/Desktop/algorithm/target/release/rect-cli benchmark --suite path-tree-comparison --sizes 3 --output results/v0.5-path-tree-comparison.csv,,1784966444,512,871,finite-colored-unit-grid-path-tree-comparison,ornaments;isolated-formal-boundary-points;line-segment-holes;point-holes;degenerate-formal-holes;general-polygon-input,binary-3x3-16a,path-tree-comparison,"{""side"":3}",5,verified,,false,2,4,0,0,0,0,0,prepared-path-tree-input,0,1,0,0,0,2,,,,,0,,,0,0,,,,,0,0,2,0,0,0,1,,0,0,0,0,0,24,2,0,0,0,2,1,4,{},{},{},,{}
9c826593d98f5349fa1a9accd2089ee5c5746623,rustc 1.89.0 (29483883e 2025-08-04),/Users/kcn/Desktop/algorithm/target/release/rect-cli benchmark --suite path-tree-comparison --sizes 3 --output results/v0.5-path-tree-comparison.csv,,1784966444,512,871,finite-colored-unit-grid-path-tree-comparison,ornaments;isolated-formal-boundary-points;line-segment-holes;point-holes;degenerate-formal-holes;general-polygon-input,binary-3x3-16b,path-tree-comparison,"{""side"":3}",0,verified,,false,4,6,0,1,0,0,0,prepared-path-tree-input,0,1,0,2,0,6,,,,,0,,,0,0,,,,,0,0,2,0,0,0,2,,0,0,0,0,0,50,3,1,0,0,4,2,4,{},{},{},,{}
9c826593d98f5349fa1a9accd2089ee5c5746623,rustc 1.89.0 (29483883e 2025-08-04),/Users/kcn/Desktop/algorithm/target/release/rect-cli benchmark --suite path-tree-comparison --sizes 3 --output results/v0.5-path-tree-comparison.csv,,1784966444,512,871,finite-colored-unit-grid-path-tree-comparison,ornaments;isolated-formal-boundary-points;line-segment-holes;point-holes;degenerate-formal-holes;general-polygon-input,binary-3x3-16b,path-tree-comparison,"{""side"":3}",3,verified,,false,2,4,0,0,0,0,0,prepared-path-tree-input,0,1,0,1,0,2,,,,,0,,,0,0,,,,,0,0,2,0,0,0,1,,0,0,0,0,0,24,2,0,0,0,2,1,4,{},{},{},,{}
9c826593d98f5349fa1a9accd2089ee5c5746623,rustc 1.89.0 (29483883e 2025-08-04),/Users/kcn/Desktop/algorithm/target/release/rect-cli benchmark --suite path-tree-comparison --sizes 3 --output results/v0.5-path-tree-comparison.csv,,1784966444,512,871,finite-colored-unit-grid-path-tree-comparison,ornaments;isolated-formal-boundary-points;line-segment-holes;point-holes;degenerate-formal-holes;general-polygon-input,binary-3x3-16c,path-tree-comparison,"{""side"":3}",1,verified,,false,3,4,0,0,0,0,0,prepared-path-tree-input,0,1,0,1,0,3,,,,,0,,,0,0,,,,,0,0,2,0,0,0,1,,0,0,0,0,0,32,2,0,0,0,3,1,4,{},{},{},,{}
9c826593d98f5349fa1a9accd2089ee5c5746623,rustc 1.89.0 (29483883e 2025-08-04),/Users/kcn/Desktop/algorithm/target/release/rect-cli benchmark --suite path-tree-comparison --sizes 3 --output results/v0.5-path-tree-comparison.csv,,1784966444,512,871,finite-colored-unit-grid-path-tree-comparison,ornaments;isolated-formal-boundary-points;line-segment-holes;point-holes;degenerate-formal-holes;general-polygon-input,binary-3x3-16c,path-tree-comparison,"{""side"":3}",2,verified,,false,2,4,0,0,0,0,0,prepared-path-tree-input,0,1,0,1,0,2,,,,,0,,,0,0,,,,,0,0,2,0,0,0,1,,0,0,0,0,0,24,2,0,0,0,2,1,4,{},{},{},,{}
9c826593d98f5349fa1a9accd2089ee5c5746623,rustc 1.89.0 (29483883e 2025-08-04),/Users/kcn/Desktop/algorithm/target/release/rect-cli benchmark --suite path-tree-comparison --sizes 3 --output results/v0.5-path-tree-comparison.csv,,1784966444,512,871,finite-colored-unit-grid-path-tree-comparison,ornaments;isolated-formal-boundary-points;line-segment-holes;point-holes;degenerate-formal-holes;general-polygon-input,binary-3x3-16d,path-tree-comparison,"{""side"":3}",0,verified,,false,3,4,0,0,0,0,0,prepared-path-tree-input,0,1,0,1,0,3,,,,,0,,,0,0,,,,,0,0,2,0,0,0,1,,0,0,0,0,0,32,2,0,0,0,3,1,4,{},{},{},,{}
9c826593d98f5349fa1a9accd2089ee5c5746623,rustc 1.89.0 (29483883e 2025-08-04),/Users/kcn/Desktop/algorithm/target/release/rect-cli benchmark --suite path-tree-comparison --sizes 3 --output results/v0.5-path-tree-comparison.csv,,1784966444,512,871,finite-colored-unit-grid-path-tree-comparison,ornaments;isolated-formal-boundary-points;line-segment-holes;point-holes;degenerate-formal-holes;general-polygon-input,binary-3x3-16d,path-tree-comparison,"{""side"":3}",2,verified,,false,3,4,0,0,0,0,0,prepared-path-tree-input,0,1,0,1,0,3,,,,,0,,,0,0,,,,,0,0,2,0,0,0,1,,0,0,0,0,0,32,2,0,0,0,3,1,4,{},{},{},,{}
9c826593d98f5349fa1a9accd2089ee5c5746623,rustc 1.89.0 (29483883e 2025-08-04),/Users/kcn/Desktop/algorithm/target/release/rect-cli benchmark --suite path-tree-comparison --sizes 3 --output results/v0.5-path-tree-comparison.csv,,1784966444,512,871,finite-colored-unit-grid-path-tree-comparison,ornaments;isolated-formal-boundary-points;line-segment-holes;point-holes;degenerate-formal-holes;general-polygon-input,binary-3x3-16e,path-tree-comparison,"{""side"":3}",1,verified,,false,4,6,0,1,0,0,0,prepared-path-tree-input,0,1,0,2,0,6,,,,,0,,,0,0,,,,,0,0,2,0,0,0,2,,0,0,0,0,0,49,3,1,0,0,4,2,4,{},{},{},,{}
9c826593d98f5349fa1a9accd2089ee5c5746623,rustc 1.89.0 (29483883e 2025-08-04),/Users/kcn/Desktop/algorithm/target/release/rect-cli benchmark --suite path-tree-comparison --sizes 3 --output results/v0.5-path-tree-comparison.csv,,1784966444,512,871,finite-colored-unit-grid-path-tree-comparison,ornaments;isolated-formal-boundary-points;line-segment-holes;point-holes;degenerate-formal-holes;general-polygon-input,binary-3x3-16e,path-tree-comparison,"{""side"":3}",2,verified,,false,2,4,0,0,0,0,0,prepared-path-tree-input,0,1,0,1,0,2,,,,,0,,,0,0,,,,,0,0,2,0,0,0,1,,0,0,0,0,0,24,2,0,0,0,2,1,4,{},{},{},,{}
9c826593d98f5349fa1a9accd2089ee5c5746623,rustc 1.89.0 (29483883e 2025-08-04),/Users/kcn/Desktop/algorithm/target/release/rect-cli benchmark --suite path-tree-comparison --sizes 3 --output results/v0.5-path-tree-comparison.csv,,1784966444,512,871,finite-colored-unit-grid-path-tree-comparison,ornaments;isolated-formal-boundary-points;line-segment-holes;point-holes;degenerate-formal-holes;general-polygon-input,binary-3x3-16f,path-tree-comparison,"{""side"":3}",0,verified,,false,7,8,0,2,0,0,0,prepared-path-tree-input,0,1,0,3,0,9,,,,,0,,,0,0,,,,,0,0,2,0,0,0,3,,0,1,0,1,0,89,4,2,0,0,7,3,4,{},{},{},,{}
9c826593d98f5349fa1a9accd2089ee5c5746623,rustc 1.89.0 (29483883e 2025-08-04),/Users/kcn/Desktop/algorithm/target/release/rect-cli benchmark --suite path-tree-comparison --sizes 3 --output results/v0.5-path-tree-comparison.csv,,1784966444,512,871,finite-colored-unit-grid-path-tree-comparison,ornaments;isolated-formal-boundary-points;line-segment-holes;point-holes;degenerate-formal-holes;general-polygon-input,binary-3x3-170,path-tree-comparison,"{""side"":3}",1,verified,,false,3,6,0,1,0,0,0,prepared-path-tree-input,0,1,0,1,0,4,,,,,0,,,0,0,,,,,0,0,2,0,0,0,2,,0,0,0,0,0,41,3,1,0,0,3,2,4,{},{},{},,{}
9c826593d98f5349fa1a9accd2089ee5c5746623,rustc 1.89.0 (29483883e 2025-08-04),/Users/kcn/Desktop/algorithm/target/release/rect-cli benchmark --suite path-tree-comparison --sizes 3 --output results/v0.5-path-tree-comparison.csv,,1784966444,512,871,finite-colored-unit-grid-path-tree-comparison,ornaments;isolated-formal-boundary-points;line-segment-holes;point-holes;degenerate-formal-holes;general-polygon-input,binary-3x3-170,path-tree-comparison,"{""side"":3}",2,verified,,false,1,4,0,0,0,0,0,prepared-path-tree-input,0,1,0,0,0,1,,,,,0,,,0,0,,,,,0,0,2,0,0,0,1,,0,0,0,0,0,16,2,0,0,0,1,1,4,{},{},{},,{}
9c826593d98f5349fa1a9accd2089ee5c5746623,rustc 1.89.0 (29483883e 2025-08-04),/Users/kcn/Desktop/algorithm/target/release/rect-cli benchmark --suite path-tree-comparison --sizes 3 --output results/v0.5-path-tree-comparison.csv,,1784966444,512,871,finite-colored-unit-grid-path-tree-comparison,ornaments;isolated-formal-boundary-points;line-segment-holes;point-holes;degenerate-formal-holes;general-polygon-input,binary-3x3-171,path-tree-comparison,"{""side"":3}",0,verified,,false,1,4,0,0,0,0,0,prepared-path-tree-input,0,1,0,0,0,1,,,,,0,,,0,0,,,,,0,0,2,0,0,0,1,,0,0,0,0,0,16,2,0,0,0,1,1,4,{},{},{},,{}
9c826593d98f5349fa1a9accd2089ee5c5746623,rustc 1.89.0 (29483883e 2025-08-04),/Users/kcn/Desktop/algorithm/target/release/rect-cli benchmark --suite path-tree-comparison --sizes 3 --output results/v0.5-path-tree-comparison.csv,,1784966444,512,871,finite-colored-unit-grid-path-tree-comparison,ornaments;isolated-formal-boundary-points;line-segment-holes;point-holes;degenerate-formal-holes;general-polygon-input,binary-3x3-171,path-tree-comparison,"{""side"":3}",3,verified,,false,3,6,0,1,0,0,0,prepared-path-tree-input,0,1,0,1,0,4,,,,,0,,,0,0,,,,,0,0,2,0,0,0,2,,0,0,0,0,0,41,3,1,0,0,3,2,4,{},{},{},,{}
9c826593d98f5349fa1a9accd2089ee5c5746623,rustc 1.89.0 (29483883e 2025-08-04),/Users/kcn/Desktop/algorithm/target/release/rect-cli benchmark --suite path-tree-comparison --sizes 3 --output results/v0.5-path-tree-comparison.csv,,1784966444,512,871,finite-colored-unit-grid-path-tree-comparison,ornaments;isolated-formal-boundary-points;line-segment-holes;point-holes;degenerate-formal-holes;general-polygon-input,binary-3x3-171,path-tree-comparison,"{""side"":3}",4,verified,,false,1,4,0,0,0,0,0,prepared-path-tree-input,0,1,0,0,0,1,,,,,0,,,0,0,,,,,0,0,2,0,0,0,1,,0,0,0,0,0,16,2,0,0,0,1,1,4,{},{},{},,{}
9c826593d98f5349fa1a9accd2089ee5c5746623,rustc 1.89.0 (29483883e 2025-08-04),/Users/kcn/Desktop/algorithm/target/release/rect-cli benchmark --suite path-tree-comparison --sizes 3 --output results/v0.5-path-tree-comparison.csv,,1784966444,512,871,finite-colored-unit-grid-path-tree-comparison,ornaments;isolated-formal-boundary-points;line-segment-holes;point-holes;degenerate-formal-holes;general-polygon-input,binary-3x3-172,path-tree-comparison,"{""side"":3}",1,verified,,false,4,8,0,2,0,1,1,prepared-path-tree-input,0,1,0,30,0,6,,,,,0,,,0,0,0,1,,,0,0,3,1,0,0,2,,0,1,0,1,0,40,2,0,0,0,4,2,4,{},{},{},,{}
9c826593d98f5349fa1a9accd2089ee5c5746623,rustc 1.89.0 (29483883e 2025-08-04),/Users/kcn/Desktop/algorithm/target/release/rect-cli benchmark --suite path-tree-comparison --sizes 3 --output results/v0.5-path-tree-comparison.csv,,1784966444,512,871,finite-colored-unit-grid-path-tree-comparison,ornaments;isolated-formal-boundary-points;line-segment-holes;point-holes;degenerate-formal-holes;general-polygon-input,binary-3x3-172,path-tree-comparison,"{""side"":3}",3,verified,,false,1,4,0,0,0,0,0,prepared-path-tree-input,0,1,0,1,0,1,,,,,0,,,0,0,,,,,0,0,2,0,0,0,1,,0,0,0,0,0,16,2,0,0,0,1,1,4,{},{},{},,{}
9c826593d98f5349fa1a9accd2089ee5c5746623,rustc 1.89.0 (29483883e 2025-08-04),/Users/kcn/Desktop/algorithm/target/release/rect-cli benchmark --suite path-tree-comparison --sizes 3 --output results/v0.5-path-tree-comparison.csv,,1784966444,512,871,finite-colored-unit-grid-path-tree-comparison,ornaments;isolated-formal-boundary-points;line-segment-holes;point-holes;degenerate-formal-holes;general-polygon-input,binary-3x3-173,path-tree-comparison,"{""side"":3}",3,verified,,false,1,4,0,0,0,0,0,prepared-path-tree-input,0,1,0,0,0,1,,,,,0,,,0,0,,,,,0,0,2,0,0,0,1,,0,0,0,0,0,16,2,0,0,0,1,1,4,{},{},{},,{}
9c826593d98f5349fa1a9accd2089ee5c5746623,rustc 1.89.0 (29483883e 2025-08-04),/Users/kcn/Desktop/algorithm/target/release/rect-cli benchmark --suite path-tree-comparison --sizes 3 --output results/v0.5-path-tree-comparison.csv,,1784966444,512,871,finite-colored-unit-grid-path-tree-comparison,ornaments;isolated-formal-boundary-points;line-segment-holes;point-holes;degenerate-formal-holes;general-polygon-input,binary-3x3-174,path-tree-comparison,"{""side"":3}",1,verified,,false,4,8,0,2,0,1,1,prepared-path-tree-input,0,1,0,2,0,6,,,,,0,,,0,0,0,1,,,0,0,3,1,0,0,2,,0,0,0,0,0,40,2,0,0,0,4,2,4,{},{},{},,{}
9c826593d98f5349fa1a9accd2089ee5c5746623,rustc 1.89.0 (29483883e 2025-08-04),/Users/kcn/Desktop/algorithm/target/release/rect-cli benchmark --suite path-tree-comparison --sizes 3 --output results/v0.5-path-tree-comparison.csv,,1784966444,512,871,finite-colored-unit-grid-path-tree-comparison,ornaments;isolated-formal-boundary-points;line-segment-holes;point-holes;degenerate-formal-holes;general-polygon-input,binary-3x3-174,path-tree-comparison,"{""side"":3}",2,verified,,false,1,4,0,0,0,0,0,prepared-path-tree-input,0,1,0,1,0,1,,,,,0,,,0,0,,,,,0,0,2,0,0,0,1,,0,0,0,0,0,16,2,0,0,0,1,1,4,{},{},{},,{}
9c826593d98f5349fa1a9accd2089ee5c5746623,rustc 1.89.0 (29483883e 2025-08-04),/Users/kcn/Desktop/algorithm/target/release/rect-cli benchmark --suite path-tree-comparison --sizes 3 --output results/v0.5-path-tree-comparison.csv,,1784966444,512,871,finite-colored-unit-grid-path-tree-comparison,ornaments;isolated-formal-boundary-points;line-segment-holes;point-holes;degenerate-formal-holes;general-polygon-input,binary-3x3-175,path-tree-comparison,"{""side"":3}",0,verified,,false,1,4,0,0,0,0,0,prepared-path-tree-input,0,1,0,1,0,1,,,,,0,,,0,0,,,,,0,0,2,0,0,0,1,,0,0,0,0,0,16,2,0,0,0,1,1,4,{},{},{},,{}
9c826593d98f5349fa1a9accd2089ee5c5746623,rustc 1.89.0 (29483883e 2025-08-04),/Users/kcn/Desktop/algorithm/target/release/rect-cli benchmark --suite path-tree-comparison --sizes 3 --output results/v0.5-path-tree-comparison.csv,,1784966444,512,871,finite-colored-unit-grid-path-tree-comparison,ornaments;isolated-formal-boundary-points;line-segment-holes;point-holes;degenerate-formal-holes;general-polygon-input,binary-3x3-175,path-tree-comparison,"{""side"":3}",2,verified,,false,4,8,0,2,0,1,1,prepared-path-tree-input,0,1,0,2,0,6,,,,,0,,,0,0,0,1,,,0,0,3,1,0,0,2,,0,0,0,0,0,40,2,0,0,0,4,2,4,{},{},{},,{}
9c826593d98f5349fa1a9accd2089ee5c5746623,rustc 1.89.0 (29483883e 2025-08-04),/Users/kcn/Desktop/algorithm/target/release/rect-cli benchmark --suite path-tree-comparison --sizes 3 --output results/v0.5-path-tree-comparison.csv,,1784966444,512,871,finite-colored-unit-grid-path-tree-comparison,ornaments;isolated-formal-boundary-points;line-segment-holes;point-holes;degenerate-formal-holes;general-polygon-input,binary-3x3-175,path-tree-comparison,"{""side"":3}",4,verified,,false,1,4,0,0,0,0,0,prepared-path-tree-input,0,1,0,0,0,1,,,,,0,,,0,0,,,,,0,0,2,0,0,0,1,,0,0,0,0,0,16,2,0,0,0,1,1,4,{},{},{},,{}
9c826593d98f5349fa1a9accd2089ee5c5746623,rustc 1.89.0 (29483883e 2025-08-04),/Users/kcn/Desktop/algorithm/target/release/rect-cli benchmark --suite path-tree-comparison --sizes 3 --output results/v0.5-path-tree-comparison.csv,,1784966444,512,871,finite-colored-unit-grid-path-tree-comparison,ornaments;isolated-formal-boundary-points;line-segment-holes;point-holes;degenerate-formal-holes;general-polygon-input,binary-3x3-176,path-tree-comparison,"{""side"":3}",1,verified,,false,5,6,0,1,0,0,0,prepared-path-tree-input,0,1,0,2,0,6,,,,,0,,,0,0,,,,,0,0,2,0,0,0,2,,0,1,0,1,0,53,3,1,0,0,5,2,4,{},{},{},,{}
9c826593d98f5349fa1a9accd2089ee5c5746623,rustc 1.89.0 (29483883e 2025-08-04),/Users/kcn/Desktop/algorithm/target/release/rect-cli benchmark --suite path-tree-comparison --sizes 3 --output results/v0.5-path-tree-comparison.csv,,1784966444,512,871,finite-colored-unit-grid-path-tree-comparison,ornaments;isolated-formal-boundary-points;line-segment-holes;point-holes;degenerate-formal-holes;general-polygon-input,binary-3x3-176,path-tree-comparison,"{""side"":3}",2,verified,,false,1,4,0,0,0,0,0,prepared-path-tree-input,0,1,0,0,0,1,,,,,0,,,0,0,,,,,0,0,2,0,0,0,1,,0,0,0,0,0,16,2,0,0,0,1,1,4,{},{},{},,{}
9c826593d98f5349fa1a9accd2089ee5c5746623,rustc 1.89.0 (29483883e 2025-08-04),/Users/kcn/Desktop/algorithm/target/release/rect-cli benchmark --suite path-tree-comparison --sizes 3 --output results/v0.5-path-tree-comparison.csv,,1784966444,512,871,finite-colored-unit-grid-path-tree-comparison,ornaments;isolated-formal-boundary-points;line-segment-holes;point-holes;degenerate-formal-holes;general-polygon-input,binary-3x3-177,path-tree-comparison,"{""side"":3}",0,verified,,false,6,8,0,2,0,0,0,prepared-path-tree-input,0,1,0,2,0,9,,,,,0,,,0,0,,,,,0,0,2,0,0,0,3,,0,1,0,1,0,82,4,3,0,0,6,3,4,{},{},{},,{}
9c826593d98f5349fa1a9accd2089ee5c5746623,rustc 1.89.0 (29483883e 2025-08-04),/Users/kcn/Desktop/algorithm/target/release/rect-cli benchmark --suite path-tree-comparison --sizes 3 --output results/v0.5-path-tree-comparison.csv,,1784966444,512,871,finite-colored-unit-grid-path-tree-comparison,ornaments;isolated-formal-boundary-points;line-segment-holes;point-holes;degenerate-formal-holes;general-polygon-input,binary-3x3-177,path-tree-comparison,"{""side"":3}",2,verified,,false,1,4,0,0,0,0,0,prepared-path-tree-input,0,1,0,0,0,1,,,,,0,,,0,0,,,,,0,0,2,0,0,0,1,,0,0,0,0,0,16,2,0,0,0,1,1,4,{},{},{},,{}
9c826593d98f5349fa1a9accd2089ee5c5746623,rustc 1.89.0 (29483883e 2025-08-04),/Users/kcn/Desktop/algorithm/target/release/rect-cli benchmark --suite path-tree-comparison --sizes 3 --output results/v0.5-path-tree-comparison.csv,,1784966444,512,871,finite-colored-unit-grid-path-tree-comparison,ornaments;isolated-formal-boundary-points;line-segment-holes;point-holes;degenerate-formal-holes;general-polygon-input,binary-3x3-178,path-tree-comparison,"{""side"":3}",1,verified,,false,5,8,0,2,0,0,0,prepared-path-tree-input,0,1,0,2,0,6,,,,,0,,,0,0,,,,,0,0,2,0,0,0,3,,0,2,0,0,0,73,4,2,0,0,5,3,4,{},{},{},,{}
9c826593d98f5349fa1a9accd2089ee5c5746623,rustc 1.89.0 (29483883e 2025-08-04),/Users/kcn/Desktop/algorithm/target/release/rect-cli benchmark --suite path-tree-comparison --sizes 3 --output results/v0.5-path-tree-comparison.csv,,1784966444,512,871,finite-colored-unit-grid-path-tree-comparison,ornaments;isolated-formal-boundary-points;line-segment-holes;point-holes;degenerate-formal-holes;general-polygon-input,binary-3x3-179,path-tree-comparison,"{""side"":3}",0,verified,,false,6,10,0,3,0,1,1,prepared-path-tree-input,0,1,0,2,0,9,,,,,0,,,0,0,0,1,,,0,0,3,1,0,0,3,,0,1,0,1,0,73,3,1,0,0,6,3,4,{},{},{},,{}
9c826593d98f5349fa1a9accd2089ee5c5746623,rustc 1.89.0 (29483883e 2025-08-04),/Users/kcn/Desktop/algorithm/target/release/rect-cli benchmark --suite path-tree-comparison --sizes 3 --output results/v0.5-path-tree-comparison.csv,,1784966444,512,871,finite-colored-unit-grid-path-tree-comparison,ornaments;isolated-formal-boundary-points;line-segment-holes;point-holes;degenerate-formal-holes;general-polygon-input,binary-3x3-17b,path-tree-comparison,"{""side"":3}",0,verified,,false,7,10,0,3,0,1,1,prepared-path-tree-input,0,1,0,2,0,9,,,,,0,,,0,0,0,1,,,0,0,3,1,0,0,3,,0,1,0,1,0,72,3,1,0,0,7,3,4,{},{},{},,{}
9c826593d98f5349fa1a9accd2089ee5c5746623,rustc 1.89.0 (29483883e 2025-08-04),/Users/kcn/Desktop/algorithm/target/release/rect-cli benchmark --suite path-tree-comparison --sizes 3 --output results/v0.5-path-tree-comparison.csv,,1784966444,512,871,finite-colored-unit-grid-path-tree-comparison,ornaments;isolated-formal-boundary-points;line-segment-holes;point-holes;degenerate-formal-holes;general-polygon-input,binary-3x3-17c,path-tree-comparison,"{""side"":3}",1,verified,,false,6,10,0,3,0,1,1,prepared-path-tree-input,0,1,0,3,0,9,,,,,0,,,0,0,0,1,,,0,0,3,1,0,0,3,,0,1,0,1,0,72,3,1,0,0,6,3,4,{},{},{},,{}
9c826593d98f5349fa1a9accd2089ee5c5746623,rustc 1.89.0 (29483883e 2025-08-04),/Users/kcn/Desktop/algorithm/target/release/rect-cli benchmark --suite path-tree-comparison --sizes 3 --output results/v0.5-path-tree-comparison.csv,,1784966444,512,871,finite-colored-unit-grid-path-tree-comparison,ornaments;isolated-formal-boundary-points;line-segment-holes;point-holes;degenerate-formal-holes;general-polygon-input,binary-3x3-17d,path-tree-comparison,"{""side"":3}",0,verified,,false,7,12,0,4,0,2,2,prepared-path-tree-input,0,1,0,4,0,9,,,,,0,,,0,0,0,2,,,0,0,4,2,0,0,3,,0,1,0,1,0,64,2,0,0,0,7,3,4,{},{},{},,{}
9c826593d98f5349fa1a9accd2089ee5c5746623,rustc 1.89.0 (29483883e 2025-08-04),/Users/kcn/Desktop/algorithm/target/release/rect-cli benchmark --suite path-tree-comparison --sizes 3 --output results/v0.5-path-tree-comparison.csv,,1784966444,512,871,finite-colored-unit-grid-path-tree-comparison,ornaments;isolated-formal-boundary-points;line-segment-holes;point-holes;degenerate-formal-holes;general-polygon-input,binary-3x3-17e,path-tree-comparison,"{""side"":3}",1,verified,,false,7,10,0,3,0,1,1,prepared-path-tree-input,0,1,0,3,0,9,,,,,0,,,0,0,0,1,,,0,0,3,1,0,0,3,,0,1,0,1,0,73,3,1,0,0,7,3,4,{},{},{},,{}
9c826593d98f5349fa1a9accd2089ee5c5746623,rustc 1.89.0 (29483883e 2025-08-04),/Users/kcn/Desktop/algorithm/target/release/rect-cli benchmark --suite path-tree-comparison --sizes 3 --output results/v0.5-path-tree-comparison.csv,,1784966444,512,871,finite-colored-unit-grid-path-tree-comparison,ornaments;isolated-formal-boundary-points;line-segment-holes;point-holes;degenerate-formal-holes;general-polygon-input,binary-3x3-17f,path-tree-comparison,"{""side"":3}",0,verified,,false,8,8,0,2,0,0,0,prepared-path-tree-input,0,1,0,3,0,9,,,,,0,,,0,0,,,,,0,0,2,0,0,0,3,,0,1,0,1,0,89,4,2,0,0,8,3,4,{},{},{},,{}
9c826593d98f5349fa1a9accd2089ee5c5746623,rustc 1.89.0 (29483883e 2025-08-04),/Users/kcn/Desktop/algorithm/target/release/rect-cli benchmark --suite path-tree-comparison --sizes 3 --output results/v0.5-path-tree-comparison.csv,,1784966444,512,871,finite-colored-unit-grid-path-tree-comparison,ornaments;isolated-formal-boundary-points;line-segment-holes;point-holes;degenerate-formal-holes;general-polygon-input,binary-3x3-180,path-tree-comparison,"{""side"":3}",1,verified,,false,2,4,0,0,0,0,0,prepared-path-tree-input,0,1,0,1,0,2,,,,,0,,,0,0,,,,,0,0,2,0,0,0,1,,0,0,0,0,0,24,2,0,0,0,2,1,4,{},{},{},,{}
9c826593d98f5349fa1a9accd2089ee5c5746623,rustc 1.89.0 (29483883e 2025-08-04),/Users/kcn/Desktop/algorithm/target/release/rect-cli benchmark --suite path-tree-comparison --sizes 3 --output results/v0.5-path-tree-comparison.csv,,1784966444,512,871,finite-colored-unit-grid-path-tree-comparison,ornaments;isolated-formal-boundary-points;line-segment-holes;point-holes;degenerate-formal-holes;general-polygon-input,binary-3x3-181,path-tree-comparison,"{""side"":3}",0,verified,,false,1,4,0,0,0,0,0,prepared-path-tree-input,0,1,0,0,0,1,,,,,0,,,0,0,,,,,0,0,2,0,0,0,1,,0,0,0,0,0,16,2,0,0,0,1,1,4,{},{},{},,{}
9c826593d98f5349fa1a9accd2089ee5c5746623,rustc 1.89.0 (29483883e 2025-08-04),/Users/kcn/Desktop/algorithm/target/release/rect-cli benchmark --suite path-tree-comparison --sizes 3 --output results/v0.5-path-tree-comparison.csv,,1784966444,512,871,finite-colored-unit-grid-path-tree-comparison,ornaments;isolated-formal-boundary-points;line-segment-holes;point-holes;degenerate-formal-holes;general-polygon-input,binary-3x3-181,path-tree-comparison,"{""side"":3}",2,verified,,false,2,4,0,0,0,0,0,prepared-path-tree-input,0,1,0,1,0,2,,,,,0,,,0,0,,,,,0,0,2,0,0,0,1,,0,0,0,0,0,24,2,0,0,0,2,1,4,{},{},{},,{}
9c826593d98f5349fa1a9accd2089ee5c5746623,rustc 1.89.0 (29483883e 2025-08-04),/Users/kcn/Desktop/algorithm/target/release/rect-cli benchmark --suite path-tree-comparison --sizes 3 --output results/v0.5-path-tree-comparison.csv,,1784966444,512,871,finite-colored-unit-grid-path-tree-comparison,ornaments;isolated-formal-boundary-points;line-segment-holes;point-holes;degenerate-formal-holes;general-polygon-input,binary-3x3-182,path-tree-comparison,"{""side"":3}",1,verified,,false,1,4,0,0,0,0,0,prepared-path-tree-input,0,1,0,0,0,1,,,,,0,,,0,0,,,,,0,0,2,0,0,0,1,,0,0,0,0,0,16,2,0,0,0,1,1,4,{},{},{},,{}
9c826593d98f5349fa1a9accd2089ee5c5746623,rustc 1.89.0 (29483883e 2025-08-04),/Users/kcn/Desktop/algorithm/target/release/rect-cli benchmark --suite path-tree-comparison --sizes 3 --output results/v0.5-path-tree-comparison.csv,,1784966444,512,871,finite-colored-unit-grid-path-tree-comparison,ornaments;isolated-formal-boundary-points;line-segment-holes;point-holes;degenerate-formal-holes;general-polygon-input,binary-3x3-182,path-tree-comparison,"{""side"":3}",2,verified,,false,2,4,0,0,0,0,0,prepared-path-tree-input,0,1,0,1,0,2,,,,,0,,,0,0,,,,,0,0,2,0,0,0,1,,0,0,0,0,0,24,2,0,0,0,2,1,4,{},{},{},,{}
9c826593d98f5349fa1a9accd2089ee5c5746623,rustc 1.89.0 (29483883e 2025-08-04),/Users/kcn/Desktop/algorithm/target/release/rect-cli benchmark --suite path-tree-comparison --sizes 3 --output results/v0.5-path-tree-comparison.csv,,1784966444,512,871,finite-colored-unit-grid-path-tree-comparison,ornaments;isolated-formal-boundary-points;line-segment-holes;point-holes;degenerate-formal-holes;general-polygon-input,binary-3x3-183,path-tree-comparison,"{""side"":3}",0,verified,,false,2,4,0,0,0,0,0,prepared-path-tree-input,0,1,0,1,0,2,,,,,0,,,0,0,,,,,0,0,2,0,0,0,1,,0,0,0,0,0,24,2,0,0,0,2,1,4,{},{},{},,{}
9c826593d98f5349fa1a9accd2089ee5c5746623,rustc 1.89.0 (29483883e 2025-08-04),/Users/kcn/Desktop/algorithm/target/release/rect-cli benchmark --suite path-tree-comparison --sizes 3 --output results/v0.5-path-tree-comparison.csv,,1784966444,512,871,finite-colored-unit-grid-path-tree-comparison,ornaments;isolated-formal-boundary-points;line-segment-holes;point-holes;degenerate-formal-holes;general-polygon-input,binary-3x3-183,path-tree-comparison,"{""side"":3}",2,verified,,false,2,4,0,0,0,0,0,prepared-path-tree-input,0,1,0,1,0,2,,,,,0,,,0,0,,,,,0,0,2,0,0,0,1,,0,0,0,0,0,24,2,0,0,0,2,1,4,{},{},{},,{}
9c826593d98f5349fa1a9accd2089ee5c5746623,rustc 1.89.0 (29483883e 2025-08-04),/Users/kcn/Desktop/algorithm/target/release/rect-cli benchmark --suite path-tree-comparison --sizes 3 --output results/v0.5-path-tree-comparison.csv,,1784966444,512,871,finite-colored-unit-grid-path-tree-comparison,ornaments;isolated-formal-boundary-points;line-segment-holes;point-holes;degenerate-formal-holes;general-polygon-input,binary-3x3-184,path-tree-comparison,"{""side"":3}",1,verified,,false,1,4,0,0,0,0,0,prepared-path-tree-input,0,1,0,0,0,1,,,,,0,,,0,0,,,,,0,0,2,0,0,0,1,,0,0,0,0,0,16,2,0,0,0,1,1,4,{},{},{},,{}
9c826593d98f5349fa1a9accd2089ee5c5746623,rustc 1.89.0 (29483883e 2025-08-04),/Users/kcn/Desktop/algorithm/target/release/rect-cli benchmark --suite path-tree-comparison --sizes 3 --output results/v0.5-path-tree-comparison.csv,,1784966444,512,871,finite-colored-unit-grid-path-tree-comparison,ornaments;isolated-formal-boundary-points;line-segment-holes;point-holes;degenerate-formal-holes;general-polygon-input,binary-3x3-184,path-tree-comparison,"{""side"":3}",2,verified,,false,2,4,0,0,0,0,0,prepared-path-tree-input,0,1,0,0,0,2,,,,,0,,,0,0,,,,,0,0,2,0,0,0,1,,0,0,0,0,0,24,2,0,0,0,2,1,4,{},{},{},,{}
9c826593d98f5349fa1a9accd2089ee5c5746623,rustc 1.89.0 (29483883e 2025-08-04),/Users/kcn/Desktop/algorithm/target/release/rect-cli benchmark --suite path-tree-comparison --sizes 3 --output results/v0.5-path-tree-comparison.csv,,1784966444,512,871,finite-colored-unit-grid-path-tree-comparison,ornaments;isolated-formal-boundary-points;line-segment-holes;point-holes;degenerate-formal-holes;general-polygon-input,binary-3x3-185,path-tree-comparison,"{""side"":3}",0,verified,,false,1,4,0,0,0,0,0,prepared-path-tree-input,0,1,0,0,0,1,,,,,0,,,0,0,,,,,0,0,2,0,0,0,1,,0,0,0,0,0,16,2,0,0,0,1,1,4,{},{},{},,{}
9c826593d98f5349fa1a9accd2089ee5c5746623,rustc 1.89.0 (29483883e 2025-08-04),/Users/kcn/Desktop/algorithm/target/release/rect-cli benchmark --suite path-tree-comparison --sizes 3 --output results/v0.5-path-tree-comparison.csv,,1784966444,512,871,finite-colored-unit-grid-path-tree-comparison,ornaments;isolated-formal-boundary-points;line-segment-holes;point-holes;degenerate-formal-holes;general-polygon-input,binary-3x3-185,path-tree-comparison,"{""side"":3}",2,verified,,false,1,4,0,0,0,0,0,prepared-path-tree-input,0,1,0,0,0,1,,,,,0,,,0,0,,,,,0,0,2,0,0,0,1,,0,0,0,0,0,16,2,0,0,0,1,1,4,{},{},{},,{}
9c826593d98f5349fa1a9accd2089ee5c5746623,rustc 1.89.0 (29483883e 2025-08-04),/Users/kcn/Desktop/algorithm/target/release/rect-cli benchmark --suite path-tree-comparison --sizes 3 --output results/v0.5-path-tree-comparison.csv,,1784966444,512,871,finite-colored-unit-grid-path-tree-comparison,ornaments;isolated-formal-boundary-points;line-segment-holes;point-holes;degenerate-formal-holes;general-polygon-input,binary-3x3-185,path-tree-comparison,"{""side"":3}",3,verified,,false,2,4,0,0,0,0,0,prepared-path-tree-input,0,1,0,1,0,2,,,,,0,,,0,0,,,,,0,0,2,0,0,0,1,,0,0,0,0,0,24,2,0,0,0,2,1,4,{},{},{},,{}
9c826593d98f5349fa1a9accd2089ee5c5746623,rustc 1.89.0 (29483883e 2025-08-04),/Users/kcn/Desktop/algorithm/target/release/rect-cli benchmark --suite path-tree-comparison --sizes 3 --output results/v0.5-path-tree-comparison.csv,,1784966444,512,871,finite-colored-unit-grid-path-tree-comparison,ornaments;isolated-formal-boundary-points;line-segment-holes;point-holes;degenerate-formal-holes;general-polygon-input,binary-3x3-186,path-tree-comparison,"{""side"":3}",1,verified,,false,2,4,0,0,0,0,0,prepared-path-tree-input,0,1,0,1,0,2,,,,,0,,,0,0,,,,,0,0,2,0,0,0,1,,0,0,0,0,0,24,2,0,0,0,2,1,4,{},{},{},,{}
9c826593d98f5349fa1a9accd2089ee5c5746623,rustc 1.89.0 (29483883e 2025-08-04),/Users/kcn/Desktop/algorithm/target/release/rect-cli benchmark --suite path-tree-comparison --sizes 3 --output results/v0.5-path-tree-comparison.csv,,1784966444,512,871,finite-colored-unit-grid-path-tree-comparison,ornaments;isolated-formal-boundary-points;line-segment-holes;point-holes;degenerate-formal-holes;general-polygon-input,binary-3x3-186,path-tree-comparison,"{""side"":3}",2,verified,,false,2,4,0,0,0,0,0,prepared-path-tree-input,0,1,0,1,0,2,,,,,0,,,0,0,,,,,0,0,2,0,0,0,1,,0,0,0,0,0,24,2,0,0,0,2,1,4,{},{},{},,{}
9c826593d98f5349fa1a9accd2089ee5c5746623,rustc 1.89.0 (29483883e 2025-08-04),/Users/kcn/Desktop/algorithm/target/release/rect-cli benchmark --suite path-tree-comparison --sizes 3 --output results/v0.5-path-tree-comparison.csv,,1784966444,512,871,finite-colored-unit-grid-path-tree-comparison,ornaments;isolated-formal-boundary-points;line-segment-holes;point-holes;degenerate-formal-holes;general-polygon-input,binary-3x3-187,path-tree-comparison,"{""side"":3}",0,verified,,false,3,4,0,0,0,0,0,prepared-path-tree-input,0,1,0,1,0,3,,,,,0,,,0,0,,,,,0,0,2,0,0,0,1,,0,0,0,0,0,32,2,0,0,0,3,1,4,{},{},{},,{}
9c826593d98f5349fa1a9accd2089ee5c5746623,rustc 1.89.0 (29483883e 2025-08-04),/Users/kcn/Desktop/algorithm/target/release/rect-cli benchmark --suite path-tree-comparison --sizes 3 --output results/v0.5-path-tree-comparison.csv,,1784966444,512,871,finite-colored-unit-grid-path-tree-comparison,ornaments;isolated-formal-boundary-points;line-segment-holes;point-holes;degenerate-formal-holes;general-polygon-input,binary-3x3-187,path-tree-comparison,"{""side"":3}",2,verified,,false,2,4,0,0,0,0,0,prepared-path-tree-input,0,1,0,1,0,2,,,,,0,,,0,0,,,,,0,0,2,0,0,0,1,,0,0,0,0,0,24,2,0,0,0,2,1,4,{},{},{},,{}
9c826593d98f5349fa1a9accd2089ee5c5746623,rustc 1.89.0 (29483883e 2025-08-04),/Users/kcn/Desktop/algorithm/target/release/rect-cli benchmark --suite path-tree-comparison --sizes 3 --output results/v0.5-path-tree-comparison.csv,,1784966444,512,871,finite-colored-unit-grid-path-tree-comparison,ornaments;isolated-formal-boundary-points;line-segment-holes;point-holes;degenerate-formal-holes;general-polygon-input,binary-3x3-188,path-tree-comparison,"{""side"":3}",1,verified,,false,1,4,0,0,0,0,0,prepared-path-tree-input,0,1,0,0,0,1,,,,,0,,,0,0,,,,,0,0,2,0,0,0,1,,0,0,0,0,0,16,2,0,0,0,1,1,4,{},{},{},,{}
9c826593d98f5349fa1a9accd2089ee5c5746623,rustc 1.89.0 (29483883e 2025-08-04),/Users/kcn/Desktop/algorithm/target/release/rect-cli benchmark --suite path-tree-comparison --sizes 3 --output results/v0.5-path-tree-comparison.csv,,1784966444,512,871,finite-colored-unit-grid-path-tree-comparison,ornaments;isolated-formal-boundary-points;line-segment-holes;point-holes;degenerate-formal-holes;general-polygon-input,binary-3x3-188,path-tree-comparison,"{""side"":3}",3,verified,,false,2,4,0,0,0,0,0,prepared-path-tree-input,0,1,0,1,0,2,,,,,0,,,0,0,,,,,0,0,2,0,0,0,1,,0,0,0,0,0,24,2,0,0,0,2,1,4,{},{},{},,{}
9c826593d98f5349fa1a9accd2089ee5c5746623,rustc 1.89.0 (29483883e 2025-08-04),/Users/kcn/Desktop/algorithm/target/release/rect-cli benchmark --suite path-tree-comparison --sizes 3 --output results/v0.5-path-tree-comparison.csv,,1784966444,512,871,finite-colored-unit-grid-path-tree-comparison,ornaments;isolated-formal-boundary-points;line-segment-holes;point-holes;degenerate-formal-holes;general-polygon-input,binary-3x3-189,path-tree-comparison,"{""side"":3}",0,verified,,false,2,4,0,0,0,0,0,prepared-path-tree-input,0,1,0,1,0,2,,,,,0,,,0,0,,,,,0,0,2,0,0,0,1,,0,0,0,0,0,24,2,0,0,0,2,1,4,{},{},{},,{}
9c826593d98f5349fa1a9accd2089ee5c5746623,rustc 1.89.0 (29483883e 2025-08-04),/Users/kcn/Desktop/algorithm/target/release/rect-cli benchmark --suite path-tree-comparison --sizes 3 --output results/v0.5-path-tree-comparison.csv,,1784966444,512,871,finite-colored-unit-grid-path-tree-comparison,ornaments;isolated-formal-boundary-points;line-segment-holes;point-holes;degenerate-formal-holes;general-polygon-input,binary-3x3-189,path-tree-comparison,"{""side"":3}",3,verified,,false,2,4,0,0,0,0,0,prepared-path-tree-input,0,1,0,1,0,2,,,,,0,,,0,0,,,,,0,0,2,0,0,0,1,,0,0,0,0,0,24,2,0,0,0,2,1,4,{},{},{},,{}
9c826593d98f5349fa1a9accd2089ee5c5746623,rustc 1.89.0 (29483883e 2025-08-04),/Users/kcn/Desktop/algorithm/target/release/rect-cli benchmark --suite path-tree-comparison --sizes 3 --output results/v0.5-path-tree-comparison.csv,,1784966444,512,871,finite-colored-unit-grid-path-tree-comparison,ornaments;isolated-formal-boundary-points;line-segment-holes;point-holes;degenerate-formal-holes;general-polygon-input,binary-3x3-18a,path-tree-comparison,"{""side"":3}",1,verified,,false,1,4,0,0,0,0,0,prepared-path-tree-input,0,1,0,0,0,1,,,,,0,,,0,0,,,,,0,0,2,0,0,0,1,,0,0,0,0,0,16,2,0,0,0,1,1,4,{},{},{},,{}
9c826593d98f5349fa1a9accd2089ee5c5746623,rustc 1.89.0 (29483883e 2025-08-04),/Users/kcn/Desktop/algorithm/target/release/rect-cli benchmark --suite path-tree-comparison --sizes 3 --output results/v0.5-path-tree-comparison.csv,,1784966444,512,871,finite-colored-unit-grid-path-tree-comparison,ornaments;isolated-formal-boundary-points;line-segment-holes;point-holes;degenerate-formal-holes;general-polygon-input,binary-3x3-18a,path-tree-comparison,"{""side"":3}",3,verified,,false,1,4,0,0,0,0,0,prepared-path-tree-input,0,1,0,0,0,1,,,,,0,,,0,0,,,,,0,0,2,0,0,0,1,,0,0,0,0,0,16,2,0,0,0,1,1,4,{},{},{},,{}
9c826593d98f5349fa1a9accd2089ee5c5746623,rustc 1.89.0 (29483883e 2025-08-04),/Users/kcn/Desktop/algorithm/target/release/rect-cli benchmark --suite path-tree-comparison --sizes 3 --output results/v0.5-path-tree-comparison.csv,,1784966444,512,871,finite-colored-unit-grid-path-tree-comparison,ornaments;isolated-formal-boundary-points;line-segment-holes;point-holes;degenerate-formal-holes;general-polygon-input,binary-3x3-18a,path-tree-comparison,"{""side"":3}",5,verified,,false,2,4,0,0,0,0,0,prepared-path-tree-input,0,1,0,1,0,2,,,,,0,,,0,0,,,,,0,0,2,0,0,0,1,,0,0,0,0,0,24,2,0,0,0,2,1,4,{},{},{},,{}
9c826593d98f5349fa1a9accd2089ee5c5746623,rustc 1.89.0 (29483883e 2025-08-04),/Users/kcn/Desktop/algorithm/target/release/rect-cli benchmark --suite path-tree-comparison --sizes 3 --output results/v0.5-path-tree-comparison.csv,,1784966444,512,871,finite-colored-unit-grid-path-tree-comparison,ornaments;isolated-formal-boundary-points;line-segment-holes;point-holes;degenerate-formal-holes;general-polygon-input,binary-3x3-18b,path-tree-comparison,"{""side"":3}",0,verified,,false,3,6,0,1,0,0,0,prepared-path-tree-input,0,1,0,1,0,4,,,,,0,,,0,0,,,,,0,0,2,0,0,0,2,,0,1,0,0,0,42,3,1,0,0,3,2,4,{},{},{},,{}
9c826593d98f5349fa1a9accd2089ee5c5746623,rustc 1.89.0 (29483883e 2025-08-04),/Users/kcn/Desktop/algorithm/target/release/rect-cli benchmark --suite path-tree-comparison --sizes 3 --output results/v0.5-path-tree-comparison.csv,,1784966444,512,871,finite-colored-unit-grid-path-tree-comparison,ornaments;isolated-formal-boundary-points;line-segment-holes;point-holes;degenerate-formal-holes;general-polygon-input,binary-3x3-18b,path-tree-comparison,"{""side"":3}",3,verified,,false,2,4,0,0,0,0,0,prepared-path-tree-input,0,1,0,1,0,2,,,,,0,,,0,0,,,,,0,0,2,0,0,0,1,,0,0,0,0,0,24,2,0,0,0,2,1,4,{},{},{},,{}
9c826593d98f5349fa1a9accd2089ee5c5746623,rustc 1.89.0 (29483883e 2025-08-04),/Users/kcn/Desktop/algorithm/target/release/rect-cli benchmark --suite path-tree-comparison --sizes 3 --output results/v0.5-path-tree-comparison.csv,,1784966444,512,871,finite-colored-unit-grid-path-tree-comparison,ornaments;isolated-formal-boundary-points;line-segment-holes;point-holes;degenerate-formal-holes;general-polygon-input,binary-3x3-18c,path-tree-comparison,"{""side"":3}",1,verified,,false,1,4,0,0,0,0,0,prepared-path-tree-input,0,1,0,0,0,1,,,,,0,,,0,0,,,,,0,0,2,0,0,0,1,,0,0,0,0,0,16,2,0,0,0,1,1,4,{},{},{},,{}
9c826593d98f5349fa1a9accd2089ee5c5746623,rustc 1.89.0 (29483883e 2025-08-04),/Users/kcn/Desktop/algorithm/target/release/rect-cli benchmark --suite path-tree-comparison --sizes 3 --output results/v0.5-path-tree-comparison.csv,,1784966444,512,871,finite-colored-unit-grid-path-tree-comparison,ornaments;isolated-formal-boundary-points;line-segment-holes;point-holes;degenerate-formal-holes;general-polygon-input,binary-3x3-18c,path-tree-comparison,"{""side"":3}",2,verified,,false,1,4,0,0,0,0,0,prepared-path-tree-input,0,1,0,0,0,1,,,,,0,,,0,0,,,,,0,0,2,0,0,0,1,,0,0,0,0,0,16,2,0,0,0,1,1,4,{},{},{},,{}
9c826593d98f5349fa1a9accd2089ee5c5746623,rustc 1.89.0 (29483883e 2025-08-04),/Users/kcn/Desktop/algorithm/target/release/rect-cli benchmark --suite path-tree-comparison --sizes 3 --output results/v0.5-path-tree-comparison.csv,,1784966444,512,871,finite-colored-unit-grid-path-tree-comparison,ornaments;isolated-formal-boundary-points;line-segment-holes;point-holes;degenerate-formal-holes;general-polygon-input,binary-3x3-18c,path-tree-comparison,"{""side"":3}",4,verified,,false,2,4,0,0,0,0,0,prepared-path-tree-input,0,1,0,1,0,2,,,,,0,,,0,0,,,,,0,0,2,0,0,0,1,,0,0,0,0,0,24,2,0,0,0,2,1,4,{},{},{},,{}
9c826593d98f5349fa1a9accd2089ee5c5746623,rustc 1.89.0 (29483883e 2025-08-04),/Users/kcn/Desktop/algorithm/target/release/rect-cli benchmark --suite path-tree-comparison --sizes 3 --output results/v0.5-path-tree-comparison.csv,,1784966444,512,871,finite-colored-unit-grid-path-tree-comparison,ornaments;isolated-formal-boundary-points;line-segment-holes;point-holes;degenerate-formal-holes;general-polygon-input,binary-3x3-18d,path-tree-comparison,"{""side"":3}",0,verified,,false,2,4,0,0,0,0,0,prepared-path-tree-input,0,1,0,1,0,2,,,,,0,,,0,0,,,,,0,0,2,0,0,0,1,,0,0,0,0,0,24,2,0,0,0,2,1,4,{},{},{},,{}
9c826593d98f5349fa1a9accd2089ee5c5746623,rustc 1.89.0 (29483883e 2025-08-04),/Users/kcn/Desktop/algorithm/target/release/rect-cli benchmark --suite path-tree-comparison --sizes 3 --output results/v0.5-path-tree-comparison.csv,,1784966444,512,871,finite-colored-unit-grid-path-tree-comparison,ornaments;isolated-formal-boundary-points;line-segment-holes;point-holes;degenerate-formal-holes;general-polygon-input,binary-3x3-18d,path-tree-comparison,"{""side"":3}",2,verified,,false,1,4,0,0,0,0,0,prepared-path-tree-input,0,1,0,0,0,1,,,,,0,,,0,0,,,,,0,0,2,0,0,0,1,,0,0,0,0,0,16,2,0,0,0,1,1,4,{},{},{},,{}
9c826593d98f5349fa1a9accd2089ee5c5746623,rustc 1.89.0 (29483883e 2025-08-04),/Users/kcn/Desktop/algorithm/target/release/rect-cli benchmark --suite path-tree-comparison --sizes 3 --output results/v0.5-path-tree-comparison.csv,,1784966444,512,871,finite-colored-unit-grid-path-tree-comparison,ornaments;isolated-formal-boundary-points;line-segment-holes;point-holes;degenerate-formal-holes;general-polygon-input,binary-3x3-18d,path-tree-comparison,"{""side"":3}",4,verified,,false,2,4,0,0,0,0,0,prepared-path-tree-input,0,1,0,1,0,2,,,,,0,,,0,0,,,,,0,0,2,0,0,0,1,,0,0,0,0,0,24,2,0,0,0,2,1,4,{},{},{},,{}
9c826593d98f5349fa1a9accd2089ee5c5746623,rustc 1.89.0 (29483883e 2025-08-04),/Users/kcn/Desktop/algorithm/target/release/rect-cli benchmark --suite path-tree-comparison --sizes 3 --output results/v0.5-path-tree-comparison.csv,,1784966444,512,871,finite-colored-unit-grid-path-tree-comparison,ornaments;isolated-formal-boundary-points;line-segment-holes;point-holes;degenerate-formal-holes;general-polygon-input,binary-3x3-18e,path-tree-comparison,"{""side"":3}",1,verified,,false,2,4,0,0,0,0,0,prepared-path-tree-input,0,1,0,1,0,2,,,,,0,,,0,0,,,,,0,0,2,0,0,0,1,,0,0,0,0,0,24,2,0,0,0,2,1,4,{},{},{},,{}
9c826593d98f5349fa1a9accd2089ee5c5746623,rustc 1.89.0 (29483883e 2025-08-04),/Users/kcn/Desktop/algorithm/target/release/rect-cli benchmark --suite path-tree-comparison --sizes 3 --output results/v0.5-path-tree-comparison.csv,,1784966444,512,871,finite-colored-unit-grid-path-tree-comparison,ornaments;isolated-formal-boundary-points;line-segment-holes;point-holes;degenerate-formal-holes;general-polygon-input,binary-3x3-18e,path-tree-comparison,"{""side"":3}",2,verified,,false,1,4,0,0,0,0,0,prepared-path-tree-input,0,1,0,0,0,1,,,,,0,,,0,0,,,,,0,0,2,0,0,0,1,,0,0,0,0,0,16,2,0,0,0,1,1,4,{},{},{},,{}
9c826593d98f5349fa1a9accd2089ee5c5746623,rustc 1.89.0 (29483883e 2025-08-04),/Users/kcn/Desktop/algorithm/target/release/rect-cli benchmark --suite path-tree-comparison --sizes 3 --output results/v0.5-path-tree-comparison.csv,,1784966444,512,871,finite-colored-unit-grid-path-tree-comparison,ornaments;isolated-formal-boundary-points;line-segment-holes;point-holes;degenerate-formal-holes;general-polygon-input,binary-3x3-18e,path-tree-comparison,"{""side"":3}",5,verified,,false,2,4,0,0,0,0,0,prepared-path-tree-input,0,1,0,1,0,2,,,,,0,,,0,0,,,,,0,0,2,0,0,0,1,,0,0,0,0,0,24,2,0,0,0,2,1,4,{},{},{},,{}
9c826593d98f5349fa1a9accd2089ee5c5746623,rustc 1.89.0 (29483883e 2025-08-04),/Users/kcn/Desktop/algorithm/target/release/rect-cli benchmark --suite path-tree-comparison --sizes 3 --output results/v0.5-path-tree-comparison.csv,,1784966444,512,871,finite-colored-unit-grid-path-tree-comparison,ornaments;isolated-formal-boundary-points;line-segment-holes;point-holes;degenerate-formal-holes;general-polygon-input,binary-3x3-18f,path-tree-comparison,"{""side"":3}",0,verified,,false,4,6,0,1,0,0,0,prepared-path-tree-input,0,1,0,2,0,6,,,,,0,,,0,0,,,,,0,0,2,0,0,0,2,,0,1,0,0,0,52,3,1,0,0,4,2,4,{},{},{},,{}
9c826593d98f5349fa1a9accd2089ee5c5746623,rustc 1.89.0 (29483883e 2025-08-04),/Users/kcn/Desktop/algorithm/target/release/rect-cli benchmark --suite path-tree-comparison --sizes 3 --output results/v0.5-path-tree-comparison.csv,,1784966444,512,871,finite-colored-unit-grid-path-tree-comparison,ornaments;isolated-formal-boundary-points;line-segment-holes;point-holes;degenerate-formal-holes;general-polygon-input,binary-3x3-18f,path-tree-comparison,"{""side"":3}",3,verified,,false,2,4,0,0,0,0,0,prepared-path-tree-input,0,1,0,1,0,2,,,,,0,,,0,0,,,,,0,0,2,0,0,0,1,,0,0,0,0,0,24,2,0,0,0,2,1,4,{},{},{},,{}
9c826593d98f5349fa1a9accd2089ee5c5746623,rustc 1.89.0 (29483883e 2025-08-04),/Users/kcn/Desktop/algorithm/target/release/rect-cli benchmark --suite path-tree-comparison --sizes 3 --output results/v0.5-path-tree-comparison.csv,,1784966444,512,871,finite-colored-unit-grid-path-tree-comparison,ornaments;isolated-formal-boundary-points;line-segment-holes;point-holes;degenerate-formal-holes;general-polygon-input,binary-3x3-190,path-tree-comparison,"{""side"":3}",1,verified,,false,3,6,0,1,0,0,0,prepared-path-tree-input,0,1,0,1,0,4,,,,,0,,,0,0,,,,,0,0,2,0,0,0,2,,0,1,0,0,0,40,3,1,0,0,3,2,4,{},{},{},,{}
9c826593d98f5349fa1a9accd2089ee5c5746623,rustc 1.89.0 (29483883e 2025-08-04),/Users/kcn/Desktop/algorithm/target/release/rect-cli benchmark --suite path-tree-comparison --sizes 3 --output results/v0.5-path-tree-comparison.csv,,1784966444,512,871,finite-colored-unit-grid-path-tree-comparison,ornaments;isolated-formal-boundary-points;line-segment-holes;point-holes;degenerate-formal-holes;general-polygon-input,binary-3x3-191,path-tree-comparison,"{""side"":3}",0,verified,,false,1,4,0,0,0,0,0,prepared-path-tree-input,0,1,0,0,0,1,,,,,0,,,0,0,,,,,0,0,2,0,0,0,1,,0,0,0,0,0,16,2,0,0,0,1,1,4,{},{},{},,{}
9c826593d98f5349fa1a9accd2089ee5c5746623,rustc 1.89.0 (29483883e 2025-08-04),/Users/kcn/Desktop/algorithm/target/release/rect-cli benchmark --suite path-tree-comparison --sizes 3 --output results/v0.5-path-tree-comparison.csv,,1784966444,512,871,finite-colored-unit-grid-path-tree-comparison,ornaments;isolated-formal-boundary-points;line-segment-holes;point-holes;degenerate-formal-holes;general-polygon-input,binary-3x3-191,path-tree-comparison,"{""side"":3}",3,verified,,false,3,6,0,1,0,0,0,prepared-path-tree-input,0,1,0,1,0,4,,,,,0,,,0,0,,,,,0,0,2,0,0,0,2,,0,0,0,0,0,40,3,1,0,0,3,2,4,{},{},{},,{}
9c826593d98f5349fa1a9accd2089ee5c5746623,rustc 1.89.0 (29483883e 2025-08-04),/Users/kcn/Desktop/algorithm/target/release/rect-cli benchmark --suite path-tree-comparison --sizes 3 --output results/v0.5-path-tree-comparison.csv,,1784966444,512,871,finite-colored-unit-grid-path-tree-comparison,ornaments;isolated-formal-boundary-points;line-segment-holes;point-holes;degenerate-formal-holes;general-polygon-input,binary-3x3-192,path-tree-comparison,"{""side"":3}",1,verified,,false,4,6,0,1,0,0,0,prepared-path-tree-input,0,1,0,2,0,6,,,,,0,,,0,0,,,,,0,0,2,0,0,0,2,,0,0,0,0,0,52,3,1,0,0,4,2,4,{},{},{},,{}
9c826593d98f5349fa1a9accd2089ee5c5746623,rustc 1.89.0 (29483883e 2025-08-04),/Users/kcn/Desktop/algorithm/target/release/rect-cli benchmark --suite path-tree-comparison --sizes 3 --output results/v0.5-path-tree-comparison.csv,,1784966444,512,871,finite-colored-unit-grid-path-tree-comparison,ornaments;isolated-formal-boundary-points;line-segment-holes;point-holes;degenerate-formal-holes;general-polygon-input,binary-3x3-193,path-tree-comparison,"{""side"":3}",0,verified,,false,5,8,0,2,0,0,0,prepared-path-tree-input,0,1,0,2,0,9,,,,,0,,,0,0,,,,,0,0,2,0,0,0,3,,0,2,0,0,0,73,4,2,0,0,5,3,4,{},{},{},,{}
9c826593d98f5349fa1a9accd2089ee5c5746623,rustc 1.89.0 (29483883e 2025-08-04),/Users/kcn/Desktop/algorithm/target/release/rect-cli benchmark --suite path-tree-comparison --sizes 3 --output results/v0.5-path-tree-comparison.csv,,1784966444,512,871,finite-colored-unit-grid-path-tree-comparison,ornaments;isolated-formal-boundary-points;line-segment-holes;point-holes;degenerate-formal-holes;general-polygon-input,binary-3x3-194,path-tree-comparison,"{""side"":3}",1,verified,,false,1,4,0,0,0,0,0,prepared-path-tree-input,0,1,0,0,0,1,,,,,0,,,0,0,,,,,0,0,2,0,0,0,1,,0,0,0,0,0,16,2,0,0,0,1,1,4,{},{},{},,{}
9c826593d98f5349fa1a9accd2089ee5c5746623,rustc 1.89.0 (29483883e 2025-08-04),/Users/kcn/Desktop/algorithm/target/release/rect-cli benchmark --suite path-tree-comparison --sizes 3 --output results/v0.5-path-tree-comparison.csv,,1784966444,512,871,finite-colored-unit-grid-path-tree-comparison,ornaments;isolated-formal-boundary-points;line-segment-holes;point-holes;degenerate-formal-holes;general-polygon-input,binary-3x3-194,path-tree-comparison,"{""side"":3}",2,verified,,false,3,6,0,1,0,0,0,prepared-path-tree-input,0,1,0,1,0,4,,,,,0,,,0,0,,,,,0,0,2,0,0,0,2,,0,0,0,0,0,40,3,1,0,0,3,2,4,{},{},{},,{}
9c826593d98f5349fa1a9accd2089ee5c5746623,rustc 1.89.0 (29483883e 2025-08-04),/Users/kcn/Desktop/algorithm/target/release/rect-cli benchmark --suite path-tree-comparison --sizes 3 --output results/v0.5-path-tree-comparison.csv,,1784966444,512,871,finite-colored-unit-grid-path-tree-comparison,ornaments;isolated-formal-boundary-points;line-segment-holes;point-holes;degenerate-formal-holes;general-polygon-input,binary-3x3-195,path-tree-comparison,"{""side"":3}",0,verified,,false,1,4,0,0,0,0,0,prepared-path-tree-input,0,1,0,0,0,1,,,,,0,,,0,0,,,,,0,0,2,0,0,0,1,,0,0,0,0,0,16,2,0,0,0,1,1,4,{},{},{},,{}
9c826593d98f5349fa1a9accd2089ee5c5746623,rustc 1.89.0 (29483883e 2025-08-04),/Users/kcn/Desktop/algorithm/target/release/rect-cli benchmark --suite path-tree-comparison --sizes 3 --output results/v0.5-path-tree-comparison.csv,,1784966444,512,871,finite-colored-unit-grid-path-tree-comparison,ornaments;isolated-formal-boundary-points;line-segment-holes;point-holes;degenerate-formal-holes;general-polygon-input,binary-3x3-195,path-tree-comparison,"{""side"":3}",2,verified,,false,1,4,0,0,0,0,0,prepared-path-tree-input,0,1,0,0,0,1,,,,,0,,,0,0,,,,,0,0,2,0,0,0,1,,0,0,0,0,0,16,2,0,0,0,1,1,4,{},{},{},,{}
9c826593d98f5349fa1a9accd2089ee5c5746623,rustc 1.89.0 (29483883e 2025-08-04),/Users/kcn/Desktop/algorithm/target/release/rect-cli benchmark --suite path-tree-comparison --sizes 3 --output results/v0.5-path-tree-comparison.csv,,1784966444,512,871,finite-colored-unit-grid-path-tree-comparison,ornaments;isolated-formal-boundary-points;line-segment-holes;point-holes;degenerate-formal-holes;general-polygon-input,binary-3x3-195,path-tree-comparison,"{""side"":3}",4,verified,,false,3,6,0,1,0,0,0,prepared-path-tree-input,0,1,0,1,0,4,,,,,0,,,0,0,,,,,0,0,2,0,0,0,2,,0,0,0,0,0,40,3,1,0,0,3,2,4,{},{},{},,{}
9c826593d98f5349fa1a9accd2089ee5c5746623,rustc 1.89.0 (29483883e 2025-08-04),/Users/kcn/Desktop/algorithm/target/release/rect-cli benchmark --suite path-tree-comparison --sizes 3 --output results/v0.5-path-tree-comparison.csv,,1784966444,512,871,finite-colored-unit-grid-path-tree-comparison,ornaments;isolated-formal-boundary-points;line-segment-holes;point-holes;degenerate-formal-holes;general-polygon-input,binary-3x3-196,path-tree-comparison,"{""side"":3}",1,verified,,false,5,8,0,2,0,0,0,prepared-path-tree-input,0,1,0,2,0,6,,,,,0,,,0,0,,,,,0,0,2,0,0,0,3,,0,1,0,0,0,74,4,2,0,0,5,3,4,{},{},{},,{}
9c826593d98f5349fa1a9accd2089ee5c5746623,rustc 1.89.0 (29483883e 2025-08-04),/Users/kcn/Desktop/algorithm/target/release/rect-cli benchmark --suite path-tree-comparison --sizes 3 --output results/v0.5-path-tree-comparison.csv,,1784966444,512,871,finite-colored-unit-grid-path-tree-comparison,ornaments;isolated-formal-boundary-points;line-segment-holes;point-holes;degenerate-formal-holes;general-polygon-input,binary-3x3-197,path-tree-comparison,"{""side"":3}",0,verified,,false,6,10,0,3,1,0,1,prepared-path-tree-input,0,1,0,3,0,9,,,,,0,,,0,0,0,1,,,0,0,3,1,0,0,3,,0,1,0,1,0,76,3,1,0,0,6,3,4,{},{},{},,{}
9c826593d98f5349fa1a9accd2089ee5c5746623,rustc 1.89.0 (29483883e 2025-08-04),/Users/kcn/Desktop/algorithm/target/release/rect-cli benchmark --suite path-tree-comparison --sizes 3 --output results/v0.5-path-tree-comparison.csv,,1784966444,512,871,finite-colored-unit-grid-path-tree-comparison,ornaments;isolated-formal-boundary-points;line-segment-holes;point-holes;degenerate-formal-holes;general-polygon-input,binary-3x3-198,path-tree-comparison,"{""side"":3}",1,verified,,false,4,8,0,2,1,0,1,prepared-path-tree-input,0,1,0,2,0,6,,,,,0,,,0,0,0,1,,,0,0,3,1,0,0,2,,0,0,0,0,0,40,2,0,0,0,4,2,4,{},{},{},,{}
9c826593d98f5349fa1a9accd2089ee5c5746623,rustc 1.89.0 (29483883e 2025-08-04),/Users/kcn/Desktop/algorithm/target/release/rect-cli benchmark --suite path-tree-comparison --sizes 3 --output results/v0.5-path-tree-comparison.csv,,1784966444,512,871,finite-colored-unit-grid-path-tree-comparison,ornaments;isolated-formal-boundary-points;line-segment-holes;point-holes;degenerate-formal-holes;general-polygon-input,binary-3x3-19b,path-tree-comparison,"{""side"":3}",0,verified,,false,6,8,0,2,1,0,1,prepared-path-tree-input,0,1,0,2,0,9,,,,,0,,,0,0,0,1,,,0,0,3,1,0,0,2,,0,0,0,1,0,48,2,0,0,0,6,2,4,{},{},{},,{}
9c826593d98f5349fa1a9accd2089ee5c5746623,rustc 1.89.0 (29483883e 2025-08-04),/Users/kcn/Desktop/algorithm/target/release/rect-cli benchmark --suite path-tree-comparison --sizes 3 --output results/v0.5-path-tree-comparison.csv,,1784966444,512,871,finite-colored-unit-grid-path-tree-comparison,ornaments;isolated-formal-boundary-points;line-segment-holes;point-holes;degenerate-formal-holes;general-polygon-input,binary-3x3-19c,path-tree-comparison,"{""side"":3}",1,verified,,false,1,4,0,0,0,0,0,prepared-path-tree-input,0,1,0,0,0,1,,,,,0,,,0,0,,,,,0,0,2,0,0,0,1,,0,0,0,0,0,16,2,0,0,0,1,1,4,{},{},{},,{}
9c826593d98f5349fa1a9accd2089ee5c5746623,rustc 1.89.0 (29483883e 2025-08-04),/Users/kcn/Desktop/algorithm/target/release/rect-cli benchmark --suite path-tree-comparison --sizes 3 --output results/v0.5-path-tree-comparison.csv,,1784966444,512,871,finite-colored-unit-grid-path-tree-comparison,ornaments;isolated-formal-boundary-points;line-segment-holes;point-holes;degenerate-formal-holes;general-polygon-input,binary-3x3-19c,path-tree-comparison,"{""side"":3}",2,verified,,false,4,8,0,2,1,0,1,prepared-path-tree-input,0,1,0,1,0,6,,,,,0,,,0,0,0,1,,,0,0,3,1,0,0,2,,0,0,0,0,0,40,2,0,0,0,4,2,4,{},{},{},,{}
9c826593d98f5349fa1a9accd2089ee5c5746623,rustc 1.89.0 (29483883e 2025-08-04),/Users/kcn/Desktop/algorithm/target/release/rect-cli benchmark --suite path-tree-comparison --sizes 3 --output results/v0.5-path-tree-comparison.csv,,1784966444,512,871,finite-colored-unit-grid-path-tree-comparison,ornaments;isolated-formal-boundary-points;line-segment-holes;point-holes;degenerate-formal-holes;general-polygon-input,binary-3x3-19d,path-tree-comparison,"{""side"":3}",2,verified,,false,1,4,0,0,0,0,0,prepared-path-tree-input,0,1,0,0,0,1,,,,,0,,,0,0,,,,,0,0,2,0,0,0,1,,0,0,0,0,0,16,2,0,0,0,1,1,4,{},{},{},,{}
9c826593d98f5349fa1a9accd2089ee5c5746623,rustc 1.89.0 (29483883e 2025-08-04),/Users/kcn/Desktop/algorithm/target/release/rect-cli benchmark --suite path-tree-comparison --sizes 3 --output results/v0.5-path-tree-comparison.csv,,1784966444,512,871,finite-colored-unit-grid-path-tree-comparison,ornaments;isolated-formal-boundary-points;line-segment-holes;point-holes;degenerate-formal-holes;general-polygon-input,binary-3x3-19f,path-tree-comparison,"{""side"":3}",0,verified,,false,7,10,0,3,1,0,1,prepared-path-tree-input,0,1,0,3,0,9,,,,,0,,,0,0,0,1,,,0,0,3,1,0,0,3,,0,1,0,1,0,72,3,2,0,0,7,3,4,{},{},{},,{}
9c826593d98f5349fa1a9accd2089ee5c5746623,rustc 1.89.0 (29483883e 2025-08-04),/Users/kcn/Desktop/algorithm/target/release/rect-cli benchmark --suite path-tree-comparison --sizes 3 --output results/v0.5-path-tree-comparison.csv,,1784966444,512,871,finite-colored-unit-grid-path-tree-comparison,ornaments;isolated-formal-boundary-points;line-segment-holes;point-holes;degenerate-formal-holes;general-polygon-input,binary-3x3-1a0,path-tree-comparison,"{""side"":3}",1,verified,,false,3,6,0,1,0,0,0,prepared-path-tree-input,0,1,0,1,0,4,,,,,0,,,0,0,,,,,0,0,2,0,0,0,2,,0,1,0,0,0,39,3,1,0,0,3,2,4,{},{},{},,{}
9c826593d98f5349fa1a9accd2089ee5c5746623,rustc 1.89.0 (29483883e 2025-08-04),/Users/kcn/Desktop/algorithm/target/release/rect-cli benchmark --suite path-tree-comparison --sizes 3 --output results/v0.5-path-tree-comparison.csv,,1784966444,512,871,finite-colored-unit-grid-path-tree-comparison,ornaments;isolated-formal-boundary-points;line-segment-holes;point-holes;degenerate-formal-holes;general-polygon-input,binary-3x3-1a1,path-tree-comparison,"{""side"":3}",0,verified,,false,1,4,0,0,0,0,0,prepared-path-tree-input,0,1,0,0,0,1,,,,,0,,,0,0,,,,,0,0,2,0,0,0,1,,0,0,0,0,0,16,2,0,0,0,1,1,4,{},{},{},,{}
9c826593d98f5349fa1a9accd2089ee5c5746623,rustc 1.89.0 (29483883e 2025-08-04),/Users/kcn/Desktop/algorithm/target/release/rect-cli benchmark --suite path-tree-comparison --sizes 3 --output results/v0.5-path-tree-comparison.csv,,1784966444,512,871,finite-colored-unit-grid-path-tree-comparison,ornaments;isolated-formal-boundary-points;line-segment-holes;point-holes;degenerate-formal-holes;general-polygon-input,binary-3x3-1a1,path-tree-comparison,"{""side"":3}",2,verified,,false,3,6,0,1,0,0,0,prepared-path-tree-input,0,1,0,1,0,4,,,,,0,,,0,0,,,,,0,0,2,0,0,0,2,,0,0,0,0,0,39,3,1,0,0,3,2,4,{},{},{},,{}
9c826593d98f5349fa1a9accd2089ee5c5746623,rustc 1.89.0 (29483883e 2025-08-04),/Users/kcn/Desktop/algorithm/target/release/rect-cli benchmark --suite path-tree-comparison --sizes 3 --output results/v0.5-path-tree-comparison.csv,,1784966444,512,871,finite-colored-unit-grid-path-tree-comparison,ornaments;isolated-formal-boundary-points;line-segment-holes;point-holes;degenerate-formal-holes;general-polygon-input,binary-3x3-1a2,path-tree-comparison,"{""side"":3}",1,verified,,false,1,4,0,0,0,0,0,prepared-path-tree-input,0,1,0,0,0,1,,,,,0,,,0,0,,,,,0,0,2,0,0,0,1,,0,0,0,0,0,16,2,0,0,0,1,1,4,{},{},{},,{}
9c826593d98f5349fa1a9accd2089ee5c5746623,rustc 1.89.0 (29483883e 2025-08-04),/Users/kcn/Desktop/algorithm/target/release/rect-cli benchmark --suite path-tree-comparison --sizes 3 --output results/v0.5-path-tree-comparison.csv,,1784966444,512,871,finite-colored-unit-grid-path-tree-comparison,ornaments;isolated-formal-boundary-points;line-segment-holes;point-holes;degenerate-formal-holes;general-polygon-input,binary-3x3-1a2,path-tree-comparison,"{""side"":3}",3,verified,,false,3,6,0,1,0,0,0,prepared-path-tree-input,0,1,0,1,0,4,,,,,0,,,0,0,,,,,0,0,2,0,0,0,2,,0,0,0,0,0,39,3,1,0,0,3,2,4,{},{},{},,{}
9c826593d98f5349fa1a9accd2089ee5c5746623,rustc 1.89.0 (29483883e 2025-08-04),/Users/kcn/Desktop/algorithm/target/release/rect-cli benchmark --suite path-tree-comparison --sizes 3 --output results/v0.5-path-tree-comparison.csv,,1784966444,512,871,finite-colored-unit-grid-path-tree-comparison,ornaments;isolated-formal-boundary-points;line-segment-holes;point-holes;degenerate-formal-holes;general-polygon-input,binary-3x3-1a3,path-tree-comparison,"{""side"":3}",0,verified,,false,2,4,0,0,0,0,0,prepared-path-tree-input,0,1,0,1,0,2,,,,,0,,,0,0,,,,,0,0,2,0,0,0,1,,0,0,0,0,0,24,2,0,0,0,2,1,4,{},{},{},,{}
9c826593d98f5349fa1a9accd2089ee5c5746623,rustc 1.89.0 (29483883e 2025-08-04),/Users/kcn/Desktop/algorithm/target/release/rect-cli benchmark --suite path-tree-comparison --sizes 3 --output results/v0.5-path-tree-comparison.csv,,1784966444,512,871,finite-colored-unit-grid-path-tree-comparison,ornaments;isolated-formal-boundary-points;line-segment-holes;point-holes;degenerate-formal-holes;general-polygon-input,binary-3x3-1a3,path-tree-comparison,"{""side"":3}",3,verified,,false,3,6,0,1,0,0,0,prepared-path-tree-input,0,1,0,1,0,4,,,,,0,,,0,0,,,,,0,0,2,0,0,0,2,,0,0,0,0,0,39,3,1,0,0,3,2,4,{},{},{},,{}
9c826593d98f5349fa1a9accd2089ee5c5746623,rustc 1.89.0 (29483883e 2025-08-04),/Users/kcn/Desktop/algorithm/target/release/rect-cli benchmark --suite path-tree-comparison --sizes 3 --output results/v0.5-path-tree-comparison.csv,,1784966444,512,871,finite-colored-unit-grid-path-tree-comparison,ornaments;isolated-formal-boundary-points;line-segment-holes;point-holes;degenerate-formal-holes;general-polygon-input,binary-3x3-1a4,path-tree-comparison,"{""side"":3}",1,verified,,false,4,6,0,1,0,0,0,prepared-path-tree-input,0,1,0,2,0,6,,,,,0,,,0,0,,,,,0,0,2,0,0,0,2,,0,0,0,0,0,51,3,1,0,0,4,2,4,{},{},{},,{}
9c826593d98f5349fa1a9accd2089ee5c5746623,rustc 1.89.0 (29483883e 2025-08-04),/Users/kcn/Desktop/algorithm/target/release/rect-cli benchmark --suite path-tree-comparison --sizes 3 --output results/v0.5-path-tree-comparison.csv,,1784966444,512,871,finite-colored-unit-grid-path-tree-comparison,ornaments;isolated-formal-boundary-points;line-segment-holes;point-holes;degenerate-formal-holes;general-polygon-input,binary-3x3-1a5,path-tree-comparison,"{""side"":3}",0,verified,,false,1,4,0,0,0,0,0,prepared-path-tree-input,0,1,0,0,0,1,,,,,0,,,0,0,,,,,0,0,2,0,0,0,1,,0,0,0,0,0,16,2,0,0,0,1,1,4,{},{},{},,{}
9c826593d98f5349fa1a9accd2089ee5c5746623,rustc 1.89.0 (29483883e 2025-08-04),/Users/kcn/Desktop/algorithm/target/release/rect-cli benchmark --suite path-tree-comparison --sizes 3 --output results/v0.5-path-tree-comparison.csv,,1784966444,512,871,finite-colored-unit-grid-path-tree-comparison,ornaments;isolated-formal-boundary-points;line-segment-holes;point-holes;degenerate-formal-holes;general-polygon-input,binary-3x3-1a5,path-tree-comparison,"{""side"":3}",2,verified,,false,4,6,0,1,0,0,0,prepared-path-tree-input,0,1,0,1,0,6,,,,,0,,,0,0,,,,,0,0,2,0,0,0,2,,0,0,0,0,0,51,3,1,0,0,4,2,4,{},{},{},,{}
9c826593d98f5349fa1a9accd2089ee5c5746623,rustc 1.89.0 (29483883e 2025-08-04),/Users/kcn/Desktop/algorithm/target/release/rect-cli benchmark --suite path-tree-comparison --sizes 3 --output results/v0.5-path-tree-comparison.csv,,1784966444,512,871,finite-colored-unit-grid-path-tree-comparison,ornaments;isolated-formal-boundary-points;line-segment-holes;point-holes;degenerate-formal-holes;general-polygon-input,binary-3x3-1a6,path-tree-comparison,"{""side"":3}",1,verified,,false,5,8,0,2,0,0,0,prepared-path-tree-input,0,1,0,2,0,6,,,,,0,,,0,0,,,,,0,0,2,0,0,0,3,,0,1,0,0,0,72,4,2,0,0,5,3,4,{},{},{},,{}
9c826593d98f5349fa1a9accd2089ee5c5746623,rustc 1.89.0 (29483883e 2025-08-04),/Users/kcn/Desktop/algorithm/target/release/rect-cli benchmark --suite path-tree-comparison --sizes 3 --output results/v0.5-path-tree-comparison.csv,,1784966444,512,871,finite-colored-unit-grid-path-tree-comparison,ornaments;isolated-formal-boundary-points;line-segment-holes;point-holes;degenerate-formal-holes;general-polygon-input,binary-3x3-1a7,path-tree-comparison,"{""side"":3}",0,verified,,false,6,8,0,2,0,0,0,prepared-path-tree-input,0,1,0,2,0,9,,,,,0,,,0,0,,,,,0,0,2,0,0,0,3,,0,1,0,0,0,88,4,2,0,0,6,3,4,{},{},{},,{}
9c826593d98f5349fa1a9accd2089ee5c5746623,rustc 1.89.0 (29483883e 2025-08-04),/Users/kcn/Desktop/algorithm/target/release/rect-cli benchmark --suite path-tree-comparison --sizes 3 --output results/v0.5-path-tree-comparison.csv,,1784966444,512,871,finite-colored-unit-grid-path-tree-comparison,ornaments;isolated-formal-boundary-points;line-segment-holes;point-holes;degenerate-formal-holes;general-polygon-input,binary-3x3-1a8,path-tree-comparison,"{""side"":3}",1,verified,,false,1,4,0,0,0,0,0,prepared-path-tree-input,0,1,0,0,0,1,,,,,0,,,0,0,,,,,0,0,2,0,0,0,1,,0,0,0,0,0,16,2,0,0,0,1,1,4,{},{},{},,{}
9c826593d98f5349fa1a9accd2089ee5c5746623,rustc 1.89.0 (29483883e 2025-08-04),/Users/kcn/Desktop/algorithm/target/release/rect-cli benchmark --suite path-tree-comparison --sizes 3 --output results/v0.5-path-tree-comparison.csv,,1784966444,512,871,finite-colored-unit-grid-path-tree-comparison,ornaments;isolated-formal-boundary-points;line-segment-holes;point-holes;degenerate-formal-holes;general-polygon-input,binary-3x3-1a8,path-tree-comparison,"{""side"":3}",2,verified,,false,3,6,0,1,0,0,0,prepared-path-tree-input,0,1,0,1,0,4,,,,,0,,,0,0,,,,,0,0,2,0,0,0,2,,0,0,0,0,0,39,3,1,0,0,3,2,4,{},{},{},,{}
9c826593d98f5349fa1a9accd2089ee5c5746623,rustc 1.89.0 (29483883e 2025-08-04),/Users/kcn/Desktop/algorithm/target/release/rect-cli benchmark --suite path-tree-comparison --sizes 3 --output results/v0.5-path-tree-comparison.csv,,1784966444,512,871,finite-colored-unit-grid-path-tree-comparison,ornaments;isolated-formal-boundary-points;line-segment-holes;point-holes;degenerate-formal-holes;general-polygon-input,binary-3x3-1a9,path-tree-comparison,"{""side"":3}",0,verified,,false,2,4,0,0,0,0,0,prepared-path-tree-input,0,1,0,1,0,2,,,,,0,,,0,0,,,,,0,0,2,0,0,0,1,,0,0,0,0,0,24,2,0,0,0,2,1,4,{},{},{},,{}
9c826593d98f5349fa1a9accd2089ee5c5746623,rustc 1.89.0 (29483883e 2025-08-04),/Users/kcn/Desktop/algorithm/target/release/rect-cli benchmark --suite path-tree-comparison --sizes 3 --output results/v0.5-path-tree-comparison.csv,,1784966444,512,871,finite-colored-unit-grid-path-tree-comparison,ornaments;isolated-formal-boundary-points;line-segment-holes;point-holes;degenerate-formal-holes;general-polygon-input,binary-3x3-1a9,path-tree-comparison,"{""side"":3}",2,verified,,false,3,6,0,1,0,0,0,prepared-path-tree-input,0,1,0,1,0,4,,,,,0,,,0,0,,,,,0,0,2,0,0,0,2,,0,0,0,0,0,39,3,1,0,0,3,2,4,{},{},{},,{}
9c826593d98f5349fa1a9accd2089ee5c5746623,rustc 1.89.0 (29483883e 2025-08-04),/Users/kcn/Desktop/algorithm/target/release/rect-cli benchmark --suite path-tree-comparison --sizes 3 --output results/v0.5-path-tree-comparison.csv,,1784966444,512,871,finite-colored-unit-grid-path-tree-comparison,ornaments;isolated-formal-boundary-points;line-segment-holes;point-holes;degenerate-formal-holes;general-polygon-input,binary-3x3-1aa,path-tree-comparison,"{""side"":3}",1,verified,,false,1,4,0,0,0,0,0,prepared-path-tree-input,0,1,0,0,0,1,,,,,0,,,0,0,,,,,0,0,2,0,0,0,1,,0,0,0,0,0,16,2,0,0,0,1,1,4,{},{},{},,{}
9c826593d98f5349fa1a9accd2089ee5c5746623,rustc 1.89.0 (29483883e 2025-08-04),/Users/kcn/Desktop/algorithm/target/release/rect-cli benchmark --suite path-tree-comparison --sizes 3 --output results/v0.5-path-tree-comparison.csv,,1784966444,512,871,finite-colored-unit-grid-path-tree-comparison,ornaments;isolated-formal-boundary-points;line-segment-holes;point-holes;degenerate-formal-holes;general-polygon-input,binary-3x3-1aa,path-tree-comparison,"{""side"":3}",3,verified,,false,1,4,0,0,0,0,0,prepared-path-tree-input,0,1,0,0,0,1,,,,,0,,,0,0,,,,,0,0,2,0,0,0,1,,0,0,0,0,0,16,2,0,0,0,1,1,4,{},{},{},,{}
9c826593d98f5349fa1a9accd2089ee5c5746623,rustc 1.89.0 (29483883e 2025-08-04),/Users/kcn/Desktop/algorithm/target/release/rect-cli benchmark --suite path-tree-comparison --sizes 3 --output results/v0.5-path-tree-comparison.csv,,1784966444,512,871,finite-colored-unit-grid-path-tree-comparison,ornaments;isolated-formal-boundary-points;line-segment-holes;point-holes;degenerate-formal-holes;general-polygon-input,binary-3x3-1aa,path-tree-comparison,"{""side"":3}",5,verified,,false,3,6,0,1,0,0,0,prepared-path-tree-input,0,1,0,1,0,4,,,,,0,,,0,0,,,,,0,0,2,0,0,0,2,,0,0,0,0,0,39,3,1,0,0,3,2,4,{},{},{},,{}
9c826593d98f5349fa1a9accd2089ee5c5746623,rustc 1.89.0 (29483883e 2025-08-04),/Users/kcn/Desktop/algorithm/target/release/rect-cli benchmark --suite path-tree-comparison --sizes 3 --output results/v0.5-path-tree-comparison.csv,,1784966444,512,871,finite-colored-unit-grid-path-tree-comparison,ornaments;isolated-formal-boundary-points;line-segment-holes;point-holes;degenerate-formal-holes;general-polygon-input,binary-3x3-1ab,path-tree-comparison,"{""side"":3}",0,verified,,false,3,6,0,1,0,0,0,prepared-path-tree-input,0,1,0,1,0,4,,,,,0,,,0,0,,,,,0,0,2,0,0,0,2,,0,0,0,0,0,42,3,1,0,0,3,2,4,{},{},{},,{}
9c826593d98f5349fa1a9accd2089ee5c5746623,rustc 1.89.0 (29483883e 2025-08-04),/Users/kcn/Desktop/algorithm/target/release/rect-cli benchmark --suite path-tree-comparison --sizes 3 --output results/v0.5-path-tree-comparison.csv,,1784966444,512,871,finite-colored-unit-grid-path-tree-comparison,ornaments;isolated-formal-boundary-points;line-segment-holes;point-holes;degenerate-formal-holes;general-polygon-input,binary-3x3-1ab,path-tree-comparison,"{""side"":3}",3,verified,,false,3,6,0,1,0,0,0,prepared-path-tree-input,0,1,0,1,0,4,,,,,0,,,0,0,,,,,0,0,2,0,0,0,2,,0,0,0,0,0,39,3,1,0,0,3,2,4,{},{},{},,{}
9c826593d98f5349fa1a9accd2089ee5c5746623,rustc 1.89.0 (29483883e 2025-08-04),/Users/kcn/Desktop/algorithm/target/release/rect-cli benchmark --suite path-tree-comparison --sizes 3 --output results/v0.5-path-tree-comparison.csv,,1784966444,512,871,finite-colored-unit-grid-path-tree-comparison,ornaments;isolated-formal-boundary-points;line-segment-holes;point-holes;degenerate-formal-holes;general-polygon-input,binary-3x3-1ac,path-tree-comparison,"{""side"":3}",1,verified,,false,4,6,0,1,0,0,0,prepared-path-tree-input,0,1,0,1,0,6,,,,,0,,,0,0,,,,,0,0,2,0,0,0,2,,0,0,0,0,0,51,3,1,0,0,4,2,4,{},{},{},,{}
9c826593d98f5349fa1a9accd2089ee5c5746623,rustc 1.89.0 (29483883e 2025-08-04),/Users/kcn/Desktop/algorithm/target/release/rect-cli benchmark --suite path-tree-comparison --sizes 3 --output results/v0.5-path-tree-comparison.csv,,1784966444,512,871,finite-colored-unit-grid-path-tree-comparison,ornaments;isolated-formal-boundary-points;line-segment-holes;point-holes;degenerate-formal-holes;general-polygon-input,binary-3x3-1ac,path-tree-comparison,"{""side"":3}",2,verified,,false,1,4,0,0,0,0,0,prepared-path-tree-input,0,1,0,0,0,1,,,,,0,,,0,0,,,,,0,0,2,0,0,0,1,,0,0,0,0,0,16,2,0,0,0,1,1,4,{},{},{},,{}
9c826593d98f5349fa1a9accd2089ee5c5746623,rustc 1.89.0 (29483883e 2025-08-04),/Users/kcn/Desktop/algorithm/target/release/rect-cli benchmark --suite path-tree-comparison --sizes 3 --output results/v0.5-path-tree-comparison.csv,,1784966444,512,871,finite-colored-unit-grid-path-tree-comparison,ornaments;isolated-formal-boundary-points;line-segment-holes;point-holes;degenerate-formal-holes;general-polygon-input,binary-3x3-1ad,path-tree-comparison,"{""side"":3}",0,verified,,false,2,4,0,0,0,0,0,prepared-path-tree-input,0,1,0,1,0,2,,,,,0,,,0,0,,,,,0,0,2,0,0,0,1,,0,0,0,0,0,24,2,0,0,0,2,1,4,{},{},{},,{}
9c826593d98f5349fa1a9accd2089ee5c5746623,rustc 1.89.0 (29483883e 2025-08-04),/Users/kcn/Desktop/algorithm/target/release/rect-cli benchmark --suite path-tree-comparison --sizes 3 --output results/v0.5-path-tree-comparison.csv,,1784966444,512,871,finite-colored-unit-grid-path-tree-comparison,ornaments;isolated-formal-boundary-points;line-segment-holes;point-holes;degenerate-formal-holes;general-polygon-input,binary-3x3-1ad,path-tree-comparison,"{""side"":3}",2,verified,,false,4,6,0,1,0,0,0,prepared-path-tree-input,0,1,0,1,0,6,,,,,0,,,0,0,,,,,0,0,2,0,0,0,2,,0,0,0,0,0,51,3,1,0,0,4,2,4,{},{},{},,{}
9c826593d98f5349fa1a9accd2089ee5c5746623,rustc 1.89.0 (29483883e 2025-08-04),/Users/kcn/Desktop/algorithm/target/release/rect-cli benchmark --suite path-tree-comparison --sizes 3 --output results/v0.5-path-tree-comparison.csv,,1784966444,512,871,finite-colored-unit-grid-path-tree-comparison,ornaments;isolated-formal-boundary-points;line-segment-holes;point-holes;degenerate-formal-holes;general-polygon-input,binary-3x3-1ae,path-tree-comparison,"{""side"":3}",1,verified,,false,5,8,0,2,0,0,0,prepared-path-tree-input,0,1,0,2,0,6,,,,,0,,,0,0,,,,,0,0,2,0,0,0,3,,0,0,0,0,0,72,4,2,0,0,5,3,4,{},{},{},,{}
9c826593d98f5349fa1a9accd2089ee5c5746623,rustc 1.89.0 (29483883e 2025-08-04),/Users/kcn/Desktop/algorithm/target/release/rect-cli benchmark --suite path-tree-comparison --sizes 3 --output results/v0.5-path-tree-comparison.csv,,1784966444,512,871,finite-colored-unit-grid-path-tree-comparison,ornaments;isolated-formal-boundary-points;line-segment-holes;point-holes;degenerate-formal-holes;general-polygon-input,binary-3x3-1ae,path-tree-comparison,"{""side"":3}",2,verified,,false,1,4,0,0,0,0,0,prepared-path-tree-input,0,1,0,0,0,1,,,,,0,,,0,0,,,,,0,0,2,0,0,0,1,,0,0,0,0,0,16,2,0,0,0,1,1,4,{},{},{},,{}
9c826593d98f5349fa1a9accd2089ee5c5746623,rustc 1.89.0 (29483883e 2025-08-04),/Users/kcn/Desktop/algorithm/target/release/rect-cli benchmark --suite path-tree-comparison --sizes 3 --output results/v0.5-path-tree-comparison.csv,,1784966444,512,871,finite-colored-unit-grid-path-tree-comparison,ornaments;isolated-formal-boundary-points;line-segment-holes;point-holes;degenerate-formal-holes;general-polygon-input,binary-3x3-1af,path-tree-comparison,"{""side"":3}",0,verified,,false,7,10,0,3,0,0,0,prepared-path-tree-input,0,1,0,3,0,9,,,,,0,,,0,0,,,,,0,0,2,0,0,0,4,,0,1,0,1,0,106,5,3,0,0,7,4,4,{},{},{},,{}
9c826593d98f5349fa1a9accd2089ee5c5746623,rustc 1.89.0 (29483883e 2025-08-04),/Users/kcn/Desktop/algorithm/target/release/rect-cli benchmark --suite path-tree-comparison --sizes 3 --output results/v0.5-path-tree-comparison.csv,,1784966444,512,871,finite-colored-unit-grid-path-tree-comparison,ornaments;isolated-formal-boundary-points;line-segment-holes;point-holes;degenerate-formal-holes;general-polygon-input,binary-3x3-1b0,path-tree-comparison,"{""side"":3}",1,verified,,false,4,4,0,0,0,0,0,prepared-path-tree-input,0,1,0,1,0,4,,,,,0,,,0,0,,,,,0,0,2,0,0,0,1,,0,0,0,0,0,32,2,0,0,0,4,1,4,{},{},{},,{}
9c826593d98f5349fa1a9accd2089ee5c5746623,rustc 1.89.0 (29483883e 2025-08-04),/Users/kcn/Desktop/algorithm/target/release/rect-cli benchmark --suite path-tree-comparison --sizes 3 --output results/v0.5-path-tree-comparison.csv,,1784966444,512,871,finite-colored-unit-grid-path-tree-comparison,ornaments;isolated-formal-boundary-points;line-segment-holes;point-holes;degenerate-formal-holes;general-polygon-input,binary-3x3-1b1,path-tree-comparison,"{""side"":3}",0,verified,,false,1,4,0,0,0,0,0,prepared-path-tree-input,0,1,0,0,0,1,,,,,0,,,0,0,,,,,0,0,2,0,0,0,1,,0,0,0,0,0,16,2,0,0,0,1,1,4,{},{},{},,{}
9c826593d98f5349fa1a9accd2089ee5c5746623,rustc 1.89.0 (29483883e 2025-08-04),/Users/kcn/Desktop/algorithm/target/release/rect-cli benchmark --suite path-tree-comparison --sizes 3 --output results/v0.5-path-tree-comparison.csv,,1784966444,512,871,finite-colored-unit-grid-path-tree-comparison,ornaments;isolated-formal-boundary-points;line-segment-holes;point-holes;degenerate-formal-holes;general-polygon-input,binary-3x3-1b1,path-tree-comparison,"{""side"":3}",3,verified,,false,4,4,0,0,0,0,0,prepared-path-tree-input,0,1,0,1,0,4,,,,,0,,,0,0,,,,,0,0,2,0,0,0,1,,0,0,0,0,0,32,2,0,0,0,4,1,4,{},{},{},,{}
9c826593d98f5349fa1a9accd2089ee5c5746623,rustc 1.89.0 (29483883e 2025-08-04),/Users/kcn/Desktop/algorithm/target/release/rect-cli benchmark --suite path-tree-comparison --sizes 3 --output results/v0.5-path-tree-comparison.csv,,1784966444,512,871,finite-colored-unit-grid-path-tree-comparison,ornaments;isolated-formal-boundary-points;line-segment-holes;point-holes;degenerate-formal-holes;general-polygon-input,binary-3x3-1b2,path-tree-comparison,"{""side"":3}",1,verified,,false,5,6,0,1,0,0,0,prepared-path-tree-input,0,1,0,2,0,6,,,,,0,,,0,0,,,,,0,0,2,0,0,0,2,,0,1,0,0,0,48,3,1,0,0,5,2,4,{},{},{},,{}
9c826593d98f5349fa1a9accd2089ee5c5746623,rustc 1.89.0 (29483883e 2025-08-04),/Users/kcn/Desktop/algorithm/target/release/rect-cli benchmark --suite path-tree-comparison --sizes 3 --output results/v0.5-path-tree-comparison.csv,,1784966444,512,871,finite-colored-unit-grid-path-tree-comparison,ornaments;isolated-formal-boundary-points;line-segment-holes;point-holes;degenerate-formal-holes;general-polygon-input,binary-3x3-1b3,path-tree-comparison,"{""side"":3}",0,verified,,false,6,8,0,2,1,0,1,prepared-path-tree-input,0,1,0,2,0,9,,,,,0,,,0,0,0,1,,,0,0,3,1,0,0,2,,0,0,0,0,0,48,2,0,0,0,6,2,4,{},{},{},,{}
9c826593d98f5349fa1a9accd2089ee5c5746623,rustc 1.89.0 (29483883e 2025-08-04),/Users/kcn/Desktop/algorithm/target/release/rect-cli benchmark --suite path-tree-comparison --sizes 3 --output results/v0.5-path-tree-comparison.csv,,1784966444,512,871,finite-colored-unit-grid-path-tree-comparison,ornaments;isolated-formal-boundary-points;line-segment-holes;point-holes;degenerate-formal-holes;general-polygon-input,binary-3x3-1b4,path-tree-comparison,"{""side"":3}",1,verified,,false,5,6,0,1,0,0,0,prepared-path-tree-input,0,1,0,2,0,6,,,,,0,,,0,0,,,,,0,0,2,0,0,0,2,,0,0,0,0,0,47,3,1,0,0,5,2,4,{},{},{},,{}
9c826593d98f5349fa1a9accd2089ee5c5746623,rustc 1.89.0 (29483883e 2025-08-04),/Users/kcn/Desktop/algorithm/target/release/rect-cli benchmark --suite path-tree-comparison --sizes 3 --output results/v0.5-path-tree-comparison.csv,,1784966444,512,871,finite-colored-unit-grid-path-tree-comparison,ornaments;isolated-formal-boundary-points;line-segment-holes;point-holes;degenerate-formal-holes;general-polygon-input,binary-3x3-1b5,path-tree-comparison,"{""side"":3}",0,verified,,false,1,4,0,0,0,0,0,prepared-path-tree-input,0,1,0,0,0,1,,,,,0,,,0,0,,,,,0,0,2,0,0,0,1,,0,0,0,0,0,16,2,0,0,0,1,1,4,{},{},{},,{}
9c826593d98f5349fa1a9accd2089ee5c5746623,rustc 1.89.0 (29483883e 2025-08-04),/Users/kcn/Desktop/algorithm/target/release/rect-cli benchmark --suite path-tree-comparison --sizes 3 --output results/v0.5-path-tree-comparison.csv,,1784966444,512,871,finite-colored-unit-grid-path-tree-comparison,ornaments;isolated-formal-boundary-points;line-segment-holes;point-holes;degenerate-formal-holes;general-polygon-input,binary-3x3-1b5,path-tree-comparison,"{""side"":3}",2,verified,,false,5,6,0,1,0,0,0,prepared-path-tree-input,0,1,0,2,0,6,,,,,0,,,0,0,,,,,0,0,2,0,0,0,2,,0,0,0,0,0,47,3,1,0,0,5,2,4,{},{},{},,{}
9c826593d98f5349fa1a9accd2089ee5c5746623,rustc 1.89.0 (29483883e 2025-08-04),/Users/kcn/Desktop/algorithm/target/release/rect-cli benchmark --suite path-tree-comparison --sizes 3 --output results/v0.5-path-tree-comparison.csv,,1784966444,512,871,finite-colored-unit-grid-path-tree-comparison,ornaments;isolated-formal-boundary-points;line-segment-holes;point-holes;degenerate-formal-holes;general-polygon-input,binary-3x3-1b6,path-tree-comparison,"{""side"":3}",1,verified,,false,6,4,0,0,0,0,0,prepared-path-tree-input,0,1,0,2,0,6,,,,,0,,,0,0,,,,,0,0,2,0,0,0,1,,0,0,0,0,0,40,2,0,0,0,6,1,4,{},{},{},,{}
9c826593d98f5349fa1a9accd2089ee5c5746623,rustc 1.89.0 (29483883e 2025-08-04),/Users/kcn/Desktop/algorithm/target/release/rect-cli benchmark --suite path-tree-comparison --sizes 3 --output results/v0.5-path-tree-comparison.csv,,1784966444,512,871,finite-colored-unit-grid-path-tree-comparison,ornaments;isolated-formal-boundary-points;line-segment-holes;point-holes;degenerate-formal-holes;general-polygon-input,binary-3x3-1b7,path-tree-comparison,"{""side"":3}",0,verified,,false,7,6,0,1,0,0,0,prepared-path-tree-input,0,1,0,2,0,9,,,,,0,,,0,0,,,,,0,0,2,0,0,0,2,,0,1,0,0,0,63,3,2,0,0,7,2,4,{},{},{},,{}
9c826593d98f5349fa1a9accd2089ee5c5746623,rustc 1.89.0 (29483883e 2025-08-04),/Users/kcn/Desktop/algorithm/target/release/rect-cli benchmark --suite path-tree-comparison --sizes 3 --output results/v0.5-path-tree-comparison.csv,,1784966444,512,871,finite-colored-unit-grid-path-tree-comparison,ornaments;isolated-formal-boundary-points;line-segment-holes;point-holes;degenerate-formal-holes;general-polygon-input,binary-3x3-1b8,path-tree-comparison,"{""side"":3}",1,verified,,false,5,6,0,1,0,0,0,prepared-path-tree-input,0,1,0,2,0,6,,,,,0,,,0,0,,,,,0,0,2,0,0,0,2,,0,1,0,0,0,55,3,2,0,0,5,2,4,{},{},{},,{}
9c826593d98f5349fa1a9accd2089ee5c5746623,rustc 1.89.0 (29483883e 2025-08-04),/Users/kcn/Desktop/algorithm/target/release/rect-cli benchmark --suite path-tree-comparison --sizes 3 --output results/v0.5-path-tree-comparison.csv,,1784966444,512,871,finite-colored-unit-grid-path-tree-comparison,ornaments;isolated-formal-boundary-points;line-segment-holes;point-holes;degenerate-formal-holes;general-polygon-input,binary-3x3-1b9,path-tree-comparison,"{""side"":3}",0,verified,,false,6,8,0,2,0,1,1,prepared-path-tree-input,0,1,0,2,0,9,,,,,0,,,0,0,0,1,,,0,0,3,1,0,0,2,,0,0,0,1,0,48,2,0,0,0,6,2,4,{},{},{},,{}
9c826593d98f5349fa1a9accd2089ee5c5746623,rustc 1.89.0 (29483883e 2025-08-04),/Users/kcn/Desktop/algorithm/target/release/rect-cli benchmark --suite path-tree-comparison --sizes 3 --output results/v0.5-path-tree-comparison.csv,,1784966444,512,871,finite-colored-unit-grid-path-tree-comparison,ornaments;isolated-formal-boundary-points;line-segment-holes;point-holes;degenerate-formal-holes;general-polygon-input,binary-3x3-1bb,path-tree-comparison,"{""side"":3}",0,verified,,false,7,8,0,2,0,0,0,prepared-path-tree-input,0,1,0,2,0,9,,,,,0,,,0,0,,,,,0,0,2,0,0,0,3,,0,1,0,1,0,83,4,4,0,0,7,3,4,{},{},{},,{}
9c826593d98f5349fa1a9accd2089ee5c5746623,rustc 1.89.0 (29483883e 2025-08-04),/Users/kcn/Desktop/algorithm/target/release/rect-cli benchmark --suite path-tree-comparison --sizes 3 --output results/v0.5-path-tree-comparison.csv,,1784966444,512,871,finite-colored-unit-grid-path-tree-comparison,ornaments;isolated-formal-boundary-points;line-segment-holes;point-holes;degenerate-formal-holes;general-polygon-input,binary-3x3-1bc,path-tree-comparison,"{""side"":3}",1,verified,,false,6,8,0,2,0,0,0,prepared-path-tree-input,0,1,0,2,0,9,,,,,0,,,0,0,,,,,0,0,2,0,0,0,3,,0,1,0,1,0,76,4,3,0,0,6,3,4,{},{},{},,{}
9c826593d98f5349fa1a9accd2089ee5c5746623,rustc 1.89.0 (29483883e 2025-08-04),/Users/kcn/Desktop/algorithm/target/release/rect-cli benchmark --suite path-tree-comparison --sizes 3 --output results/v0.5-path-tree-comparison.csv,,1784966444,512,871,finite-colored-unit-grid-path-tree-comparison,ornaments;isolated-formal-boundary-points;line-segment-holes;point-holes;degenerate-formal-holes;general-polygon-input,binary-3x3-1bd,path-tree-comparison,"{""side"":3}",0,verified,,false,7,10,0,3,0,1,1,prepared-path-tree-input,0,1,0,3,0,9,,,,,0,,,0,0,0,1,,,0,0,3,1,0,0,3,,0,1,0,1,0,69,3,1,0,0,7,3,4,{},{},{},,{}
9c826593d98f5349fa1a9accd2089ee5c5746623,rustc 1.89.0 (29483883e 2025-08-04),/Users/kcn/Desktop/algorithm/target/release/rect-cli benchmark --suite path-tree-comparison --sizes 3 --output results/v0.5-path-tree-comparison.csv,,1784966444,512,871,finite-colored-unit-grid-path-tree-comparison,ornaments;isolated-formal-boundary-points;line-segment-holes;point-holes;degenerate-formal-holes;general-polygon-input,binary-3x3-1be,path-tree-comparison,"{""side"":3}",1,verified,,false,7,8,0,2,0,1,1,prepared-path-tree-input,0,1,0,2,0,9,,,,,0,,,0,0,0,1,,,0,0,3,1,0,0,2,,0,0,0,1,0,48,2,0,0,0,7,2,4,{},{},{},,{}
9c826593d98f5349fa1a9accd2089ee5c5746623,rustc 1.89.0 (29483883e 2025-08-04),/Users/kcn/Desktop/algorithm/target/release/rect-cli benchmark --suite path-tree-comparison --sizes 3 --output results/v0.5-path-tree-comparison.csv,,1784966444,512,871,finite-colored-unit-grid-path-tree-comparison,ornaments;isolated-formal-boundary-points;line-segment-holes;point-holes;degenerate-formal-holes;general-polygon-input,binary-3x3-1bf,path-tree-comparison,"{""side"":3}",0,verified,,false,8,6,0,1,0,0,0,prepared-path-tree-input,0,1,0,2,0,9,,,,,0,,,0,0,,,,,0,0,2,0,0,0,2,,0,1,0,1,0,67,3,2,0,0,8,2,4,{},{},{},,{}
9c826593d98f5349fa1a9accd2089ee5c5746623,rustc 1.89.0 (29483883e 2025-08-04),/Users/kcn/Desktop/algorithm/target/release/rect-cli benchmark --suite path-tree-comparison --sizes 3 --output results/v0.5-path-tree-comparison.csv,,1784966444,512,871,finite-colored-unit-grid-path-tree-comparison,ornaments;isolated-formal-boundary-points;line-segment-holes;point-holes;degenerate-formal-holes;general-polygon-input,binary-3x3-1c0,path-tree-comparison,"{""side"":3}",1,verified,,false,3,4,0,0,0,0,0,prepared-path-tree-input,0,1,0,1,0,3,,,,,0,,,0,0,,,,,0,0,2,0,0,0,1,,0,0,0,0,0,32,2,0,0,0,3,1,4,{},{},{},,{}
9c826593d98f5349fa1a9accd2089ee5c5746623,rustc 1.89.0 (29483883e 2025-08-04),/Users/kcn/Desktop/algorithm/target/release/rect-cli benchmark --suite path-tree-comparison --sizes 3 --output results/v0.5-path-tree-comparison.csv,,1784966444,512,871,finite-colored-unit-grid-path-tree-comparison,ornaments;isolated-formal-boundary-points;line-segment-holes;point-holes;degenerate-formal-holes;general-polygon-input,binary-3x3-1c1,path-tree-comparison,"{""side"":3}",0,verified,,false,1,4,0,0,0,0,0,prepared-path-tree-input,0,1,0,0,0,1,,,,,0,,,0,0,,,,,0,0,2,0,0,0,1,,0,0,0,0,0,16,2,0,0,0,1,1,4,{},{},{},,{}
9c826593d98f5349fa1a9accd2089ee5c5746623,rustc 1.89.0 (29483883e 2025-08-04),/Users/kcn/Desktop/algorithm/target/release/rect-cli benchmark --suite path-tree-comparison --sizes 3 --output results/v0.5-path-tree-comparison.csv,,1784966444,512,871,finite-colored-unit-grid-path-tree-comparison,ornaments;isolated-formal-boundary-points;line-segment-holes;point-holes;degenerate-formal-holes;general-polygon-input,binary-3x3-1c1,path-tree-comparison,"{""side"":3}",2,verified,,false,3,4,0,0,0,0,0,prepared-path-tree-input,0,1,0,1,0,3,,,,,0,,,0,0,,,,,0,0,2,0,0,0,1,,0,0,0,0,0,32,2,0,0,0,3,1,4,{},{},{},,{}
9c826593d98f5349fa1a9accd2089ee5c5746623,rustc 1.89.0 (29483883e 2025-08-04),/Users/kcn/Desktop/algorithm/target/release/rect-cli benchmark --suite path-tree-comparison --sizes 3 --output results/v0.5-path-tree-comparison.csv,,1784966444,512,871,finite-colored-unit-grid-path-tree-comparison,ornaments;isolated-formal-boundary-points;line-segment-holes;point-holes;degenerate-formal-holes;general-polygon-input,binary-3x3-1c2,path-tree-comparison,"{""side"":3}",1,verified,,false,1,4,0,0,0,0,0,prepared-path-tree-input,0,1,0,0,0,1,,,,,0,,,0,0,,,,,0,0,2,0,0,0,1,,0,0,0,0,0,16,2,0,0,0,1,1,4,{},{},{},,{}
9c826593d98f5349fa1a9accd2089ee5c5746623,rustc 1.89.0 (29483883e 2025-08-04),/Users/kcn/Desktop/algorithm/target/release/rect-cli benchmark --suite path-tree-comparison --sizes 3 --output results/v0.5-path-tree-comparison.csv,,1784966444,512,871,finite-colored-unit-grid-path-tree-comparison,ornaments;isolated-formal-boundary-points;line-segment-holes;point-holes;degenerate-formal-holes;general-polygon-input,binary-3x3-1c2,path-tree-comparison,"{""side"":3}",2,verified,,false,3,4,0,0,0,0,0,prepared-path-tree-input,0,1,0,1,0,3,,,,,0,,,0,0,,,,,0,0,2,0,0,0,1,,0,0,0,0,0,32,2,0,0,0,3,1,4,{},{},{},,{}
9c826593d98f5349fa1a9accd2089ee5c5746623,rustc 1.89.0 (29483883e 2025-08-04),/Users/kcn/Desktop/algorithm/target/release/rect-cli benchmark --suite path-tree-comparison --sizes 3 --output results/v0.5-path-tree-comparison.csv,,1784966444,512,871,finite-colored-unit-grid-path-tree-comparison,ornaments;isolated-formal-boundary-points;line-segment-holes;point-holes;degenerate-formal-holes;general-polygon-input,binary-3x3-1c3,path-tree-comparison,"{""side"":3}",0,verified,,false,2,4,0,0,0,0,0,prepared-path-tree-input,0,1,0,1,0,2,,,,,0,,,0,0,,,,,0,0,2,0,0,0,1,,0,0,0,0,0,24,2,0,0,0,2,1,4,{},{},{},,{}
9c826593d98f5349fa1a9accd2089ee5c5746623,rustc 1.89.0 (29483883e 2025-08-04),/Users/kcn/Desktop/algorithm/target/release/rect-cli benchmark --suite path-tree-comparison --sizes 3 --output results/v0.5-path-tree-comparison.csv,,1784966444,512,871,finite-colored-unit-grid-path-tree-comparison,ornaments;isolated-formal-boundary-points;line-segment-holes;point-holes;degenerate-formal-holes;general-polygon-input,binary-3x3-1c3,path-tree-comparison,"{""side"":3}",2,verified,,false,3,4,0,0,0,0,0,prepared-path-tree-input,0,1,0,1,0,3,,,,,0,,,0,0,,,,,0,0,2,0,0,0,1,,0,0,0,0,0,32,2,0,0,0,3,1,4,{},{},{},,{}
9c826593d98f5349fa1a9accd2089ee5c5746623,rustc 1.89.0 (29483883e 2025-08-04),/Users/kcn/Desktop/algorithm/target/release/rect-cli benchmark --suite path-tree-comparison --sizes 3 --output results/v0.5-path-tree-comparison.csv,,1784966444,512,871,finite-colored-unit-grid-path-tree-comparison,ornaments;isolated-formal-boundary-points;line-segment-holes;point-holes;degenerate-formal-holes;general-polygon-input,binary-3x3-1c4,path-tree-comparison,"{""side"":3}",1,verified,,false,1,4,0,0,0,0,0,prepared-path-tree-input,0,1,0,0,0,1,,,,,0,,,0,0,,,,,0,0,2,0,0,0,1,,0,0,0,0,0,16,2,0,0,0,1,1,4,{},{},{},,{}
9c826593d98f5349fa1a9accd2089ee5c5746623,rustc 1.89.0 (29483883e 2025-08-04),/Users/kcn/Desktop/algorithm/target/release/rect-cli benchmark --suite path-tree-comparison --sizes 3 --output results/v0.5-path-tree-comparison.csv,,1784966444,512,871,finite-colored-unit-grid-path-tree-comparison,ornaments;isolated-formal-boundary-points;line-segment-holes;point-holes;degenerate-formal-holes;general-polygon-input,binary-3x3-1c4,path-tree-comparison,"{""side"":3}",2,verified,,false,3,4,0,0,0,0,0,prepared-path-tree-input,0,1,0,1,0,3,,,,,0,,,0,0,,,,,0,0,2,0,0,0,1,,0,0,0,0,0,32,2,0,0,0,3,1,4,{},{},{},,{}
9c826593d98f5349fa1a9accd2089ee5c5746623,rustc 1.89.0 (29483883e 2025-08-04),/Users/kcn/Desktop/algorithm/target/release/rect-cli benchmark --suite path-tree-comparison --sizes 3 --output results/v0.5-path-tree-comparison.csv,,1784966444,512,871,finite-colored-unit-grid-path-tree-comparison,ornaments;isolated-formal-boundary-points;line-segment-holes;point-holes;degenerate-formal-holes;general-polygon-input,binary-3x3-1c5,path-tree-comparison,"{""side"":3}",0,verified,,false,1,4,0,0,0,0,0,prepared-path-tree-input,0,1,0,0,0,1,,,,,0,,,0,0,,,,,0,0,2,0,0,0,1,,0,0,0,0,0,16,2,0,0,0,1,1,4,{},{},{},,{}
9c826593d98f5349fa1a9accd2089ee5c5746623,rustc 1.89.0 (29483883e 2025-08-04),/Users/kcn/Desktop/algorithm/target/release/rect-cli benchmark --suite path-tree-comparison --sizes 3 --output results/v0.5-path-tree-comparison.csv,,1784966444,512,871,finite-colored-unit-grid-path-tree-comparison,ornaments;isolated-formal-boundary-points;line-segment-holes;point-holes;degenerate-formal-holes;general-polygon-input,binary-3x3-1c5,path-tree-comparison,"{""side"":3}",2,verified,,false,1,4,0,0,0,0,0,prepared-path-tree-input,0,1,0,0,0,1,,,,,0,,,0,0,,,,,0,0,2,0,0,0,1,,0,0,0,0,0,16,2,0,0,0,1,1,4,{},{},{},,{}
9c826593d98f5349fa1a9accd2089ee5c5746623,rustc 1.89.0 (29483883e 2025-08-04),/Users/kcn/Desktop/algorithm/target/release/rect-cli benchmark --suite path-tree-comparison --sizes 3 --output results/v0.5-path-tree-comparison.csv,,1784966444,512,871,finite-colored-unit-grid-path-tree-comparison,ornaments;isolated-formal-boundary-points;line-segment-holes;point-holes;degenerate-formal-holes;general-polygon-input,binary-3x3-1c5,path-tree-comparison,"{""side"":3}",3,verified,,false,3,4,0,0,0,0,0,prepared-path-tree-input,0,1,0,1,0,3,,,,,0,,,0,0,,,,,0,0,2,0,0,0,1,,0,0,0,0,0,32,2,0,0,0,3,1,4,{},{},{},,{}
9c826593d98f5349fa1a9accd2089ee5c5746623,rustc 1.89.0 (29483883e 2025-08-04),/Users/kcn/Desktop/algorithm/target/release/rect-cli benchmark --suite path-tree-comparison --sizes 3 --output results/v0.5-path-tree-comparison.csv,,1784966444,512,871,finite-colored-unit-grid-path-tree-comparison,ornaments;isolated-formal-boundary-points;line-segment-holes;point-holes;degenerate-formal-holes;general-polygon-input,binary-3x3-1c6,path-tree-comparison,"{""side"":3}",1,verified,,false,2,4,0,0,0,0,0,prepared-path-tree-input,0,1,0,1,0,2,,,,,0,,,0,0,,,,,0,0,2,0,0,0,1,,0,0,0,0,0,24,2,0,0,0,2,1,4,{},{},{},,{}
9c826593d98f5349fa1a9accd2089ee5c5746623,rustc 1.89.0 (29483883e 2025-08-04),/Users/kcn/Desktop/algorithm/target/release/rect-cli benchmark --suite path-tree-comparison --sizes 3 --output results/v0.5-path-tree-comparison.csv,,1784966444,512,871,finite-colored-unit-grid-path-tree-comparison,ornaments;isolated-formal-boundary-points;line-segment-holes;point-holes;degenerate-formal-holes;general-polygon-input,binary-3x3-1c6,path-tree-comparison,"{""side"":3}",2,verified,,false,3,4,0,0,0,0,0,prepared-path-tree-input,0,1,0,1,0,3,,,,,0,,,0,0,,,,,0,0,2,0,0,0,1,,0,0,0,0,0,32,2,0,0,0,3,1,4,{},{},{},,{}
9c826593d98f5349fa1a9accd2089ee5c5746623,rustc 1.89.0 (29483883e 2025-08-04),/Users/kcn/Desktop/algorithm/target/release/rect-cli benchmark --suite path-tree-comparison --sizes 3 --output results/v0.5-path-tree-comparison.csv,,1784966444,512,871,finite-colored-unit-grid-path-tree-comparison,ornaments;isolated-formal-boundary-points;line-segment-holes;point-holes;degenerate-formal-holes;general-polygon-input,binary-3x3-1c7,path-tree-comparison,"{""side"":3}",0,verified,,false,3,4,0,0,0,0,0,prepared-path-tree-input,0,1,0,1,0,3,,,,,0,,,0,0,,,,,0,0,2,0,0,0,1,,0,0,0,0,0,32,2,0,0,0,3,1,4,{},{},{},,{}
9c826593d98f5349fa1a9accd2089ee5c5746623,rustc 1.89.0 (29483883e 2025-08-04),/Users/kcn/Desktop/algorithm/target/release/rect-cli benchmark --suite path-tree-comparison --sizes 3 --output results/v0.5-path-tree-comparison.csv,,1784966444,512,871,finite-colored-unit-grid-path-tree-comparison,ornaments;isolated-formal-boundary-points;line-segment-holes;point-holes;degenerate-formal-holes;general-polygon-input,binary-3x3-1c7,path-tree-comparison,"{""side"":3}",2,verified,,false,3,4,0,0,0,0,0,prepared-path-tree-input,0,1,0,1,0,3,,,,,0,,,0,0,,,,,0,0,2,0,0,0,1,,0,0,0,0,0,32,2,0,0,0,3,1,4,{},{},{},,{}
9c826593d98f5349fa1a9accd2089ee5c5746623,rustc 1.89.0 (29483883e 2025-08-04),/Users/kcn/Desktop/algorithm/target/release/rect-cli benchmark --suite path-tree-comparison --sizes 3 --output results/v0.5-path-tree-comparison.csv,,1784966444,512,871,finite-colored-unit-grid-path-tree-comparison,ornaments;isolated-formal-boundary-points;line-segment-holes;point-holes;degenerate-formal-holes;general-polygon-input,binary-3x3-1c8,path-tree-comparison,"{""side"":3}",1,verified,,false,4,6,0,1,0,0,0,prepared-path-tree-input,0,1,0,1,0,6,,,,,0,,,0,0,,,,,0,0,2,0,0,0,2,,0,1,0,0,0,48,3,1,0,0,4,2,4,{},{},{},,{}
9c826593d98f5349fa1a9accd2089ee5c5746623,rustc 1.89.0 (29483883e 2025-08-04),/Users/kcn/Desktop/algorithm/target/release/rect-cli benchmark --suite path-tree-comparison --sizes 3 --output results/v0.5-path-tree-comparison.csv,,1784966444,512,871,finite-colored-unit-grid-path-tree-comparison,ornaments;isolated-formal-boundary-points;line-segment-holes;point-holes;degenerate-formal-holes;general-polygon-input,binary-3x3-1c9,path-tree-comparison,"{""side"":3}",0,verified,,false,5,6,0,1,0,0,0,prepared-path-tree-input,0,1,0,2,0,9,,,,,0,,,0,0,,,,,0,0,2,0,0,0,2,,0,1,0,0,0,60,3,1,0,0,5,2,4,{},{},{},,{}
9c826593d98f5349fa1a9accd2089ee5c5746623,rustc 1.89.0 (29483883e 2025-08-04),/Users/kcn/Desktop/algorithm/target/release/rect-cli benchmark --suite path-tree-comparison --sizes 3 --output results/v0.5-path-tree-comparison.csv,,1784966444,512,871,finite-colored-unit-grid-path-tree-comparison,ornaments;isolated-formal-boundary-points;line-segment-holes;point-holes;degenerate-formal-holes;general-polygon-input,binary-3x3-1ca,path-tree-comparison,"{""side"":3}",1,verified,,false,1,4,0,0,0,0,0,prepared-path-tree-input,0,1,0,0,0,1,,,,,0,,,0,0,,,,,0,0,2,0,0,0,1,,0,0,0,0,0,16,2,0,0,0,1,1,4,{},{},{},,{}
9c826593d98f5349fa1a9accd2089ee5c5746623,rustc 1.89.0 (29483883e 2025-08-04),/Users/kcn/Desktop/algorithm/target/release/rect-cli benchmark --suite path-tree-comparison --sizes 3 --output results/v0.5-path-tree-comparison.csv,,1784966444,512,871,finite-colored-unit-grid-path-tree-comparison,ornaments;isolated-formal-boundary-points;line-segment-holes;point-holes;degenerate-formal-holes;general-polygon-input,binary-3x3-1ca,path-tree-comparison,"{""side"":3}",3,verified,,false,4,6,0,1,0,0,0,prepared-path-tree-input,0,1,0,2,0,6,,,,,0,,,0,0,,,,,0,0,2,0,0,0,2,,0,0,0,0,0,48,3,1,0,0,4,2,4,{},{},{},,{}
9c826593d98f5349fa1a9accd2089ee5c5746623,rustc 1.89.0 (29483883e 2025-08-04),/Users/kcn/Desktop/algorithm/target/release/rect-cli benchmark --suite path-tree-comparison --sizes 3 --output results/v0.5-path-tree-comparison.csv,,1784966444,512,871,finite-colored-unit-grid-path-tree-comparison,ornaments;isolated-formal-boundary-points;line-segment-holes;point-holes;degenerate-formal-holes;general-polygon-input,binary-3x3-1cb,path-tree-comparison,"{""side"":3}",0,verified,,false,6,8,0,2,0,0,0,prepared-path-tree-input,0,1,0,2,0,9,,,,,0,,,0,0,,,,,0,0,2,0,0,0,3,,0,1,0,1,0,82,4,2,0,0,6,3,4,{},{},{},,{}
9c826593d98f5349fa1a9accd2089ee5c5746623,rustc 1.89.0 (29483883e 2025-08-04),/Users/kcn/Desktop/algorithm/target/release/rect-cli benchmark --suite path-tree-comparison --sizes 3 --output results/v0.5-path-tree-comparison.csv,,1784966444,512,871,finite-colored-unit-grid-path-tree-comparison,ornaments;isolated-formal-boundary-points;line-segment-holes;point-holes;degenerate-formal-holes;general-polygon-input,binary-3x3-1cc,path-tree-comparison,"{""side"":3}",1,verified,,false,1,4,0,0,0,0,0,prepared-path-tree-input,0,1,0,0,0,1,,,,,0,,,0,0,,,,,0,0,2,0,0,0,1,,0,0,0,0,0,16,2,0,0,0,1,1,4,{},{},{},,{}
9c826593d98f5349fa1a9accd2089ee5c5746623,rustc 1.89.0 (29483883e 2025-08-04),/Users/kcn/Desktop/algorithm/target/release/rect-cli benchmark --suite path-tree-comparison --sizes 3 --output results/v0.5-path-tree-comparison.csv,,1784966444,512,871,finite-colored-unit-grid-path-tree-comparison,ornaments;isolated-formal-boundary-points;line-segment-holes;point-holes;degenerate-formal-holes;general-polygon-input,binary-3x3-1cc,path-tree-comparison,"{""side"":3}",2,verified,,false,4,6,0,1,0,0,0,prepared-path-tree-input,0,1,0,2,0,6,,,,,0,,,0,0,,,,,0,0,2,0,0,0,2,,0,0,0,0,0,48,3,1,0,0,4,2,4,{},{},{},,{}
9c826593d98f5349fa1a9accd2089ee5c5746623,rustc 1.89.0 (29483883e 2025-08-04),/Users/kcn/Desktop/algorithm/target/release/rect-cli benchmark --suite path-tree-comparison --sizes 3 --output results/v0.5-path-tree-comparison.csv,,1784966444,512,871,finite-colored-unit-grid-path-tree-comparison,ornaments;isolated-formal-boundary-points;line-segment-holes;point-holes;degenerate-formal-holes;general-polygon-input,binary-3x3-1cd,path-tree-comparison,"{""side"":3}",0,verified,,false,5,6,0,1,0,0,0,prepared-path-tree-input,0,1,0,2,0,9,,,,,0,,,0,0,,,,,0,0,2,0,0,0,2,,0,0,0,0,0,60,3,1,0,0,5,2,4,{},{},{},,{}
9c826593d98f5349fa1a9accd2089ee5c5746623,rustc 1.89.0 (29483883e 2025-08-04),/Users/kcn/Desktop/algorithm/target/release/rect-cli benchmark --suite path-tree-comparison --sizes 3 --output results/v0.5-path-tree-comparison.csv,,1784966444,512,871,finite-colored-unit-grid-path-tree-comparison,ornaments;isolated-formal-boundary-points;line-segment-holes;point-holes;degenerate-formal-holes;general-polygon-input,binary-3x3-1cd,path-tree-comparison,"{""side"":3}",2,verified,,false,1,4,0,0,0,0,0,prepared-path-tree-input,0,1,0,0,0,1,,,,,0,,,0,0,,,,,0,0,2,0,0,0,1,,0,0,0,0,0,16,2,0,0,0,1,1,4,{},{},{},,{}
9c826593d98f5349fa1a9accd2089ee5c5746623,rustc 1.89.0 (29483883e 2025-08-04),/Users/kcn/Desktop/algorithm/target/release/rect-cli benchmark --suite path-tree-comparison --sizes 3 --output results/v0.5-path-tree-comparison.csv,,1784966444,512,871,finite-colored-unit-grid-path-tree-comparison,ornaments;isolated-formal-boundary-points;line-segment-holes;point-holes;degenerate-formal-holes;general-polygon-input,binary-3x3-1ce,path-tree-comparison,"{""side"":3}",1,verified,,false,2,4,0,0,0,0,0,prepared-path-tree-input,0,1,0,1,0,2,,,,,0,,,0,0,,,,,0,0,2,0,0,0,1,,0,0,0,0,0,24,2,0,0,0,2,1,4,{},{},{},,{}
9c826593d98f5349fa1a9accd2089ee5c5746623,rustc 1.89.0 (29483883e 2025-08-04),/Users/kcn/Desktop/algorithm/target/release/rect-cli benchmark --suite path-tree-comparison --sizes 3 --output results/v0.5-path-tree-comparison.csv,,1784966444,512,871,finite-colored-unit-grid-path-tree-comparison,ornaments;isolated-formal-boundary-points;line-segment-holes;point-holes;degenerate-formal-holes;general-polygon-input,binary-3x3-1ce,path-tree-comparison,"{""side"":3}",2,verified,,false,4,6,0,1,0,0,0,prepared-path-tree-input,0,1,0,1,0,6,,,,,0,,,0,0,,,,,0,0,2,0,0,0,2,,0,0,0,0,0,48,3,1,0,0,4,2,4,{},{},{},,{}
9c826593d98f5349fa1a9accd2089ee5c5746623,rustc 1.89.0 (29483883e 2025-08-04),/Users/kcn/Desktop/algorithm/target/release/rect-cli benchmark --suite path-tree-comparison --sizes 3 --output results/v0.5-path-tree-comparison.csv,,1784966444,512,871,finite-colored-unit-grid-path-tree-comparison,ornaments;isolated-formal-boundary-points;line-segment-holes;point-holes;degenerate-formal-holes;general-polygon-input,binary-3x3-1cf,path-tree-comparison,"{""side"":3}",0,verified,,false,7,8,0,2,0,0,0,prepared-path-tree-input,0,1,0,3,0,9,,,,,0,,,0,0,,,,,0,0,2,0,0,0,3,,0,1,0,1,0,96,4,2,0,0,7,3,4,{},{},{},,{}
9c826593d98f5349fa1a9accd2089ee5c5746623,rustc 1.89.0 (29483883e 2025-08-04),/Users/kcn/Desktop/algorithm/target/release/rect-cli benchmark --suite path-tree-comparison --sizes 3 --output results/v0.5-path-tree-comparison.csv,,1784966444,512,871,finite-colored-unit-grid-path-tree-comparison,ornaments;isolated-formal-boundary-points;line-segment-holes;point-holes;degenerate-formal-holes;general-polygon-input,binary-3x3-1d0,path-tree-comparison,"{""side"":3}",1,verified,,false,4,8,0,2,1,0,1,prepared-path-tree-input,0,1,0,2,0,6,,,,,0,,,0,0,0,1,,,0,0,3,1,0,0,2,,0,0,0,0,0,40,2,0,0,0,4,2,4,{},{},{},,{}
9c826593d98f5349fa1a9accd2089ee5c5746623,rustc 1.89.0 (29483883e 2025-08-04),/Users/kcn/Desktop/algorithm/target/release/rect-cli benchmark --suite path-tree-comparison --sizes 3 --output results/v0.5-path-tree-comparison.csv,,1784966444,512,871,finite-colored-unit-grid-path-tree-comparison,ornaments;isolated-formal-boundary-points;line-segment-holes;point-holes;degenerate-formal-holes;general-polygon-input,binary-3x3-1d1,path-tree-comparison,"{""side"":3}",0,verified,,false,1,4,0,0,0,0,0,prepared-path-tree-input,0,1,0,0,0,1,,,,,0,,,0,0,,,,,0,0,2,0,0,0,1,,0,0,0,0,0,16,2,0,0,0,1,1,4,{},{},{},,{}
9c826593d98f5349fa1a9accd2089ee5c5746623,rustc 1.89.0 (29483883e 2025-08-04),/Users/kcn/Desktop/algorithm/target/release/rect-cli benchmark --suite path-tree-comparison --sizes 3 --output results/v0.5-path-tree-comparison.csv,,1784966444,512,871,finite-colored-unit-grid-path-tree-comparison,ornaments;isolated-formal-boundary-points;line-segment-holes;point-holes;degenerate-formal-holes;general-polygon-input,binary-3x3-1d1,path-tree-comparison,"{""side"":3}",3,verified,,false,4,8,0,2,1,0,1,prepared-path-tree-input,0,1,0,1,0,6,,,,,0,,,0,0,0,1,,,0,0,3,1,0,0,2,,0,0,0,0,0,40,2,0,0,0,4,2,4,{},{},{},,{}
9c826593d98f5349fa1a9accd2089ee5c5746623,rustc 1.89.0 (29483883e 2025-08-04),/Users/kcn/Desktop/algorithm/target/release/rect-cli benchmark --suite path-tree-comparison --sizes 3 --output results/v0.5-path-tree-comparison.csv,,1784966444,512,871,finite-colored-unit-grid-path-tree-comparison,ornaments;isolated-formal-boundary-points;line-segment-holes;point-holes;degenerate-formal-holes;general-polygon-input,binary-3x3-1d2,path-tree-comparison,"{""side"":3}",1,verified,,false,5,8,0,2,1,0,1,prepared-path-tree-input,0,1,0,2,0,9,,,,,0,,,0,0,0,1,,,0,0,3,1,0,0,2,,0,0,0,0,0,48,2,0,0,0,5,2,4,{},{},{},,{}
9c826593d98f5349fa1a9accd2089ee5c5746623,rustc 1.89.0 (29483883e 2025-08-04),/Users/kcn/Desktop/algorithm/target/release/rect-cli benchmark --suite path-tree-comparison --sizes 3 --output results/v0.5-path-tree-comparison.csv,,1784966444,512,871,finite-colored-unit-grid-path-tree-comparison,ornaments;isolated-formal-boundary-points;line-segment-holes;point-holes;degenerate-formal-holes;general-polygon-input,binary-3x3-1d3,path-tree-comparison,"{""side"":3}",0,verified,,false,6,10,0,3,1,0,1,prepared-path-tree-input,0,1,0,2,0,9,,,,,0,,,0,0,0,1,,,0,0,3,1,0,0,3,,0,1,0,0,0,65,3,1,0,0,6,3,4,{},{},{},,{}
9c826593d98f5349fa1a9accd2089ee5c5746623,rustc 1.89.0 (29483883e 2025-08-04),/Users/kcn/Desktop/algorithm/target/release/rect-cli benchmark --suite path-tree-comparison --sizes 3 --output results/v0.5-path-tree-comparison.csv,,1784966444,512,871,finite-colored-unit-grid-path-tree-comparison,ornaments;isolated-formal-boundary-points;line-segment-holes;point-holes;degenerate-formal-holes;general-polygon-input,binary-3x3-1d4,path-tree-comparison,"{""side"":3}",1,verified,,false,1,4,0,0,0,0,0,prepared-path-tree-input,0,1,0,0,0,1,,,,,0,,,0,0,,,,,0,0,2,0,0,0,1,,0,0,0,0,0,16,2,0,0,0,1,1,4,{},{},{},,{}
9c826593d98f5349fa1a9accd2089ee5c5746623,rustc 1.89.0 (29483883e 2025-08-04),/Users/kcn/Desktop/algorithm/target/release/rect-cli benchmark --suite path-tree-comparison --sizes 3 --output results/v0.5-path-tree-comparison.csv,,1784966444,512,871,finite-colored-unit-grid-path-tree-comparison,ornaments;isolated-formal-boundary-points;line-segment-holes;point-holes;degenerate-formal-holes;general-polygon-input,binary-3x3-1d4,path-tree-comparison,"{""side"":3}",2,verified,,false,4,8,0,2,1,0,1,prepared-path-tree-input,0,1,0,1,0,6,,,,,0,,,0,0,0,1,,,0,0,3,1,0,0,2,,0,0,0,0,0,40,2,0,0,0,4,2,4,{},{},{},,{}
9c826593d98f5349fa1a9accd2089ee5c5746623,rustc 1.89.0 (29483883e 2025-08-04),/Users/kcn/Desktop/algorithm/target/release/rect-cli benchmark --suite path-tree-comparison --sizes 3 --output results/v0.5-path-tree-comparison.csv,,1784966444,512,871,finite-colored-unit-grid-path-tree-comparison,ornaments;isolated-formal-boundary-points;line-segment-holes;point-holes;degenerate-formal-holes;general-polygon-input,binary-3x3-1d5,path-tree-comparison,"{""side"":3}",0,verified,,false,1,4,0,0,0,0,0,prepared-path-tree-input,0,1,0,0,0,1,,,,,0,,,0,0,,,,,0,0,2,0,0,0,1,,0,0,0,0,0,16,2,0,0,0,1,1,4,{},{},{},,{}
9c826593d98f5349fa1a9accd2089ee5c5746623,rustc 1.89.0 (29483883e 2025-08-04),/Users/kcn/Desktop/algorithm/target/release/rect-cli benchmark --suite path-tree-comparison --sizes 3 --output results/v0.5-path-tree-comparison.csv,,1784966444,512,871,finite-colored-unit-grid-path-tree-comparison,ornaments;isolated-formal-boundary-points;line-segment-holes;point-holes;degenerate-formal-holes;general-polygon-input,binary-3x3-1d5,path-tree-comparison,"{""side"":3}",2,verified,,false,1,4,0,0,0,0,0,prepared-path-tree-input,0,1,0,0,0,1,,,,,0,,,0,0,,,,,0,0,2,0,0,0,1,,0,0,0,0,0,16,2,0,0,0,1,1,4,{},{},{},,{}
9c826593d98f5349fa1a9accd2089ee5c5746623,rustc 1.89.0 (29483883e 2025-08-04),/Users/kcn/Desktop/algorithm/target/release/rect-cli benchmark --suite path-tree-comparison --sizes 3 --output results/v0.5-path-tree-comparison.csv,,1784966444,512,871,finite-colored-unit-grid-path-tree-comparison,ornaments;isolated-formal-boundary-points;line-segment-holes;point-holes;degenerate-formal-holes;general-polygon-input,binary-3x3-1d5,path-tree-comparison,"{""side"":3}",4,verified,,false,4,8,0,2,1,0,1,prepared-path-tree-input,0,1,0,1,0,6,,,,,0,,,0,0,0,1,,,0,0,3,1,0,0,2,,0,0,0,0,0,40,2,0,0,0,4,2,4,{},{},{},,{}
9c826593d98f5349fa1a9accd2089ee5c5746623,rustc 1.89.0 (29483883e 2025-08-04),/Users/kcn/Desktop/algorithm/target/release/rect-cli benchmark --suite path-tree-comparison --sizes 3 --output results/v0.5-path-tree-comparison.csv,,1784966444,512,871,finite-colored-unit-grid-path-tree-comparison,ornaments;isolated-formal-boundary-points;line-segment-holes;point-holes;degenerate-formal-holes;general-polygon-input,binary-3x3-1d6,path-tree-comparison,"{""side"":3}",1,verified,,false,6,10,0,3,1,0,1,prepared-path-tree-input,0,1,0,2,0,9,,,,,0,,,0,0,0,1,,,0,0,3,1,0,0,3,,0,1,0,1,0,66,3,1,0,0,6,3,4,{},{},{},,{}
9c826593d98f5349fa1a9accd2089ee5c5746623,rustc 1.89.0 (29483883e 2025-08-04),/Users/kcn/Desktop/algorithm/target/release/rect-cli benchmark --suite path-tree-comparison --sizes 3 --output results/v0.5-path-tree-comparison.csv,,1784966444,512,871,finite-colored-unit-grid-path-tree-comparison,ornaments;isolated-formal-boundary-points;line-segment-holes;point-holes;degenerate-formal-holes;general-polygon-input,binary-3x3-1d7,path-tree-comparison,"{""side"":3}",0,verified,,false,7,12,0,4,2,0,2,prepared-path-tree-input,0,1,0,3,0,9,,,,,0,,,0,0,0,2,,,0,0,4,2,0,0,3,,0,0,0,0,0,64,2,0,0,0,7,3,4,{},{},{},,{}
9c826593d98f5349fa1a9accd2089ee5c5746623,rustc 1.89.0 (29483883e 2025-08-04),/Users/kcn/Desktop/algorithm/target/release/rect-cli benchmark --suite path-tree-comparison --sizes 3 --output results/v0.5-path-tree-comparison.csv,,1784966444,512,871,finite-colored-unit-grid-path-tree-comparison,ornaments;isolated-formal-boundary-points;line-segment-holes;point-holes;degenerate-formal-holes;general-polygon-input,binary-3x3-1d8,path-tree-comparison,"{""side"":3}",1,verified,,false,5,6,0,1,0,0,0,prepared-path-tree-input,0,1,0,2,0,6,,,,,0,,,0,0,,,,,0,0,2,0,0,0,2,,0,1,0,0,0,54,3,2,0,0,5,2,4,{},{},{},,{}
9c826593d98f5349fa1a9accd2089ee5c5746623,rustc 1.89.0 (29483883e 2025-08-04),/Users/kcn/Desktop/algorithm/target/release/rect-cli benchmark --suite path-tree-comparison --sizes 3 --output results/v0.5-path-tree-comparison.csv,,1784966444,512,871,finite-colored-unit-grid-path-tree-comparison,ornaments;isolated-formal-boundary-points;line-segment-holes;point-holes;degenerate-formal-holes;general-polygon-input,binary-3x3-1d9,path-tree-comparison,"{""side"":3}",0,verified,,false,6,8,0,2,0,0,0,prepared-path-tree-input,0,1,0,2,0,9,,,,,0,,,0,0,,,,,0,0,2,0,0,0,3,,0,1,0,1,0,74,4,3,0,0,6,3,4,{},{},{},,{}
9c826593d98f5349fa1a9accd2089ee5c5746623,rustc 1.89.0 (29483883e 2025-08-04),/Users/kcn/Desktop/algorithm/target/release/rect-cli benchmark --suite path-tree-comparison --sizes 3 --output results/v0.5-path-tree-comparison.csv,,1784966444,512,871,finite-colored-unit-grid-path-tree-comparison,ornaments;isolated-formal-boundary-points;line-segment-holes;point-holes;degenerate-formal-holes;general-polygon-input,binary-3x3-1da,path-tree-comparison,"{""side"":3}",1,verified,,false,6,8,0,2,0,0,0,prepared-path-tree-input,0,1,0,2,0,9,,,,,0,,,0,0,,,,,0,0,2,0,0,0,3,,0,1,0,0,0,73,4,3,0,0,6,3,4,{},{},{},,{}
9c826593d98f5349fa1a9accd2089ee5c5746623,rustc 1.89.0 (29483883e 2025-08-04),/Users/kcn/Desktop/algorithm/target/release/rect-cli benchmark --suite path-tree-comparison --sizes 3 --output results/v0.5-path-tree-comparison.csv,,1784966444,512,871,finite-colored-unit-grid-path-tree-comparison,ornaments;isolated-formal-boundary-points;line-segment-holes;point-holes;degenerate-formal-holes;general-polygon-input,binary-3x3-1db,path-tree-comparison,"{""side"":3}",0,verified,,false,7,6,0,1,0,0,0,prepared-path-tree-input,0,1,0,2,0,9,,,,,0,,,0,0,,,,,0,0,2,0,0,0,2,,0,0,0,1,0,66,3,2,0,0,7,2,4,{},{},{},,{}
9c826593d98f5349fa1a9accd2089ee5c5746623,rustc 1.89.0 (29483883e 2025-08-04),/Users/kcn/Desktop/algorithm/target/release/rect-cli benchmark --suite path-tree-comparison --sizes 3 --output results/v0.5-path-tree-comparison.csv,,1784966444,512,871,finite-colored-unit-grid-path-tree-comparison,ornaments;isolated-formal-boundary-points;line-segment-holes;point-holes;degenerate-formal-holes;general-polygon-input,binary-3x3-1dc,path-tree-comparison,"{""side"":3}",1,verified,,false,1,4,0,0,0,0,0,prepared-path-tree-input,0,1,0,0,0,1,,,,,0,,,0,0,,,,,0,0,2,0,0,0,1,,0,0,0,0,0,16,2,0,0,0,1,1,4,{},{},{},,{}
9c826593d98f5349fa1a9accd2089ee5c5746623,rustc 1.89.0 (29483883e 2025-08-04),/Users/kcn/Desktop/algorithm/target/release/rect-cli benchmark --suite path-tree-comparison --sizes 3 --output results/v0.5-path-tree-comparison.csv,,1784966444,512,871,finite-colored-unit-grid-path-tree-comparison,ornaments;isolated-formal-boundary-points;line-segment-holes;point-holes;degenerate-formal-holes;general-polygon-input,binary-3x3-1dc,path-tree-comparison,"{""side"":3}",2,verified,,false,5,6,0,1,0,0,0,prepared-path-tree-input,0,1,0,2,0,6,,,,,0,,,0,0,,,,,0,0,2,0,0,0,2,,0,0,0,0,0,54,3,2,0,0,5,2,4,{},{},{},,{}
9c826593d98f5349fa1a9accd2089ee5c5746623,rustc 1.89.0 (29483883e 2025-08-04),/Users/kcn/Desktop/algorithm/target/release/rect-cli benchmark --suite path-tree-comparison --sizes 3 --output results/v0.5-path-tree-comparison.csv,,1784966444,512,871,finite-colored-unit-grid-path-tree-comparison,ornaments;isolated-formal-boundary-points;line-segment-holes;point-holes;degenerate-formal-holes;general-polygon-input,binary-3x3-1dd,path-tree-comparison,"{""side"":3}",0,verified,,false,6,8,0,2,0,0,0,prepared-path-tree-input,0,1,0,2,0,9,,,,,0,,,0,0,,,,,0,0,2,0,0,0,3,,0,0,0,0,0,74,4,3,0,0,6,3,4,{},{},{},,{}
9c826593d98f5349fa1a9accd2089ee5c5746623,rustc 1.89.0 (29483883e 2025-08-04),/Users/kcn/Desktop/algorithm/target/release/rect-cli benchmark --suite path-tree-comparison --sizes 3 --output results/v0.5-path-tree-comparison.csv,,1784966444,512,871,finite-colored-unit-grid-path-tree-comparison,ornaments;isolated-formal-boundary-points;line-segment-holes;point-holes;degenerate-formal-holes;general-polygon-input,binary-3x3-1dd,path-tree-comparison,"{""side"":3}",2,verified,,false,1,4,0,0,0,0,0,prepared-path-tree-input,0,1,0,0,0,1,,,,,0,,,0,0,,,,,0,0,2,0,0,0,1,,0,0,0,0,0,16,2,0,0,0,1,1,4,{},{},{},,{}
9c826593d98f5349fa1a9accd2089ee5c5746623,rustc 1.89.0 (29483883e 2025-08-04),/Users/kcn/Desktop/algorithm/target/release/rect-cli benchmark --suite path-tree-comparison --sizes 3 --output results/v0.5-path-tree-comparison.csv,,1784966444,512,871,finite-colored-unit-grid-path-tree-comparison,ornaments;isolated-formal-boundary-points;line-segment-holes;point-holes;degenerate-formal-holes;general-polygon-input,binary-3x3-1de,path-tree-comparison,"{""side"":3}",1,verified,,false,7,10,0,3,1,0,1,prepared-path-tree-input,0,1,0,2,0,9,,,,,0,,,0,0,0,1,,,0,0,3,1,0,0,3,,0,1,0,1,0,78,3,2,0,0,7,3,4,{},{},{},,{}
9c826593d98f5349fa1a9accd2089ee5c5746623,rustc 1.89.0 (29483883e 2025-08-04),/Users/kcn/Desktop/algorithm/target/release/rect-cli benchmark --suite path-tree-comparison --sizes 3 --output results/v0.5-path-tree-comparison.csv,,1784966444,512,871,finite-colored-unit-grid-path-tree-comparison,ornaments;isolated-formal-boundary-points;line-segment-holes;point-holes;degenerate-formal-holes;general-polygon-input,binary-3x3-1df,path-tree-comparison,"{""side"":3}",0,verified,,false,8,8,0,2,0,0,0,prepared-path-tree-input,0,1,0,3,0,9,,,,,0,,,0,0,,,,,0,0,2,0,0,0,3,,0,1,0,1,0,96,4,4,0,0,8,3,4,{},{},{},,{}
9c826593d98f5349fa1a9accd2089ee5c5746623,rustc 1.89.0 (29483883e 2025-08-04),/Users/kcn/Desktop/algorithm/target/release/rect-cli benchmark --suite path-tree-comparison --sizes 3 --output results/v0.5-path-tree-comparison.csv,,1784966444,512,871,finite-colored-unit-grid-path-tree-comparison,ornaments;isolated-formal-boundary-points;line-segment-holes;point-holes;degenerate-formal-holes;general-polygon-input,binary-3x3-1e0,path-tree-comparison,"{""side"":3}",1,verified,,false,4,6,0,1,0,0,0,prepared-path-tree-input,0,1,0,2,0,6,,,,,0,,,0,0,,,,,0,0,2,0,0,0,2,,0,1,0,0,0,49,3,1,0,0,4,2,4,{},{},{},,{}
9c826593d98f5349fa1a9accd2089ee5c5746623,rustc 1.89.0 (29483883e 2025-08-04),/Users/kcn/Desktop/algorithm/target/release/rect-cli benchmark --suite path-tree-comparison --sizes 3 --output results/v0.5-path-tree-comparison.csv,,1784966444,512,871,finite-colored-unit-grid-path-tree-comparison,ornaments;isolated-formal-boundary-points;line-segment-holes;point-holes;degenerate-formal-holes;general-polygon-input,binary-3x3-1e1,path-tree-comparison,"{""side"":3}",0,verified,,false,1,4,0,0,0,0,0,prepared-path-tree-input,0,1,0,0,0,1,,,,,0,,,0,0,,,,,0,0,2,0,0,0,1,,0,0,0,0,0,16,2,0,0,0,1,1,4,{},{},{},,{}
9c826593d98f5349fa1a9accd2089ee5c5746623,rustc 1.89.0 (29483883e 2025-08-04),/Users/kcn/Desktop/algorithm/target/release/rect-cli benchmark --suite path-tree-comparison --sizes 3 --output results/v0.5-path-tree-comparison.csv,,1784966444,512,871,finite-colored-unit-grid-path-tree-comparison,ornaments;isolated-formal-boundary-points;line-segment-holes;point-holes;degenerate-formal-holes;general-polygon-input,binary-3x3-1e1,path-tree-comparison,"{""side"":3}",2,verified,,false,4,6,0,1,0,0,0,prepared-path-tree-input,0,1,0,1,0,6,,,,,0,,,0,0,,,,,0,0,2,0,0,0,2,,0,0,0,0,0,49,3,1,0,0,4,2,4,{},{},{},,{}
9c826593d98f5349fa1a9accd2089ee5c5746623,rustc 1.89.0 (29483883e 2025-08-04),/Users/kcn/Desktop/algorithm/target/release/rect-cli benchmark --suite path-tree-comparison --sizes 3 --output results/v0.5-path-tree-comparison.csv,,1784966444,512,871,finite-colored-unit-grid-path-tree-comparison,ornaments;isolated-formal-boundary-points;line-segment-holes;point-holes;degenerate-formal-holes;general-polygon-input,binary-3x3-1e2,path-tree-comparison,"{""side"":3}",1,verified,,false,1,4,0,0,0,0,0,prepared-path-tree-input,0,1,0,0,0,1,,,,,0,,,0,0,,,,,0,0,2,0,0,0,1,,0,0,0,0,0,16,2,0,0,0,1,1,4,{},{},{},,{}
9c826593d98f5349fa1a9accd2089ee5c5746623,rustc 1.89.0 (29483883e 2025-08-04),/Users/kcn/Desktop/algorithm/target/release/rect-cli benchmark --suite path-tree-comparison --sizes 3 --output results/v0.5-path-tree-comparison.csv,,1784966444,512,871,finite-colored-unit-grid-path-tree-comparison,ornaments;isolated-formal-boundary-points;line-segment-holes;point-holes;degenerate-formal-holes;general-polygon-input,binary-3x3-1e2,path-tree-comparison,"{""side"":3}",3,verified,,false,4,6,0,1,0,0,0,prepared-path-tree-input,0,1,0,1,0,6,,,,,0,,,0,0,,,,,0,0,2,0,0,0,2,,0,0,0,0,0,49,3,1,0,0,4,2,4,{},{},{},,{}
9c826593d98f5349fa1a9accd2089ee5c5746623,rustc 1.89.0 (29483883e 2025-08-04),/Users/kcn/Desktop/algorithm/target/release/rect-cli benchmark --suite path-tree-comparison --sizes 3 --output results/v0.5-path-tree-comparison.csv,,1784966444,512,871,finite-colored-unit-grid-path-tree-comparison,ornaments;isolated-formal-boundary-points;line-segment-holes;point-holes;degenerate-formal-holes;general-polygon-input,binary-3x3-1e3,path-tree-comparison,"{""side"":3}",0,verified,,false,2,4,0,0,0,0,0,prepared-path-tree-input,0,1,0,1,0,2,,,,,0,,,0,0,,,,,0,0,2,0,0,0,1,,0,0,0,0,0,24,2,0,0,0,2,1,4,{},{},{},,{}
9c826593d98f5349fa1a9accd2089ee5c5746623,rustc 1.89.0 (29483883e 2025-08-04),/Users/kcn/Desktop/algorithm/target/release/rect-cli benchmark --suite path-tree-comparison --sizes 3 --output results/v0.5-path-tree-comparison.csv,,1784966444,512,871,finite-colored-unit-grid-path-tree-comparison,ornaments;isolated-formal-boundary-points;line-segment-holes;point-holes;degenerate-formal-holes;general-polygon-input,binary-3x3-1e3,path-tree-comparison,"{""side"":3}",3,verified,,false,4,6,0,1,0,0,0,prepared-path-tree-input,0,1,0,2,0,6,,,,,0,,,0,0,,,,,0,0,2,0,0,0,2,,0,0,0,0,0,49,3,1,0,0,4,2,4,{},{},{},,{}
9c826593d98f5349fa1a9accd2089ee5c5746623,rustc 1.89.0 (29483883e 2025-08-04),/Users/kcn/Desktop/algorithm/target/release/rect-cli benchmark --suite path-tree-comparison --sizes 3 --output results/v0.5-path-tree-comparison.csv,,1784966444,512,871,finite-colored-unit-grid-path-tree-comparison,ornaments;isolated-formal-boundary-points;line-segment-holes;point-holes;degenerate-formal-holes;general-polygon-input,binary-3x3-1e4,path-tree-comparison,"{""side"":3}",1,verified,,false,5,6,0,1,0,0,0,prepared-path-tree-input,0,1,0,2,0,9,,,,,0,,,0,0,,,,,0,0,2,0,0,0,2,,0,1,0,0,0,61,3,1,0,0,5,2,4,{},{},{},,{}
9c826593d98f5349fa1a9accd2089ee5c5746623,rustc 1.89.0 (29483883e 2025-08-04),/Users/kcn/Desktop/algorithm/target/release/rect-cli benchmark --suite path-tree-comparison --sizes 3 --output results/v0.5-path-tree-comparison.csv,,1784966444,512,871,finite-colored-unit-grid-path-tree-comparison,ornaments;isolated-formal-boundary-points;line-segment-holes;point-holes;degenerate-formal-holes;general-polygon-input,binary-3x3-1e5,path-tree-comparison,"{""side"":3}",0,verified,,false,1,4,0,0,0,0,0,prepared-path-tree-input,0,1,0,0,0,1,,,,,0,,,0,0,,,,,0,0,2,0,0,0,1,,0,0,0,0,0,16,2,0,0,0,1,1,4,{},{},{},,{}
9c826593d98f5349fa1a9accd2089ee5c5746623,rustc 1.89.0 (29483883e 2025-08-04),/Users/kcn/Desktop/algorithm/target/release/rect-cli benchmark --suite path-tree-comparison --sizes 3 --output results/v0.5-path-tree-comparison.csv,,1784966444,512,871,finite-colored-unit-grid-path-tree-comparison,ornaments;isolated-formal-boundary-points;line-segment-holes;point-holes;degenerate-formal-holes;general-polygon-input,binary-3x3-1e5,path-tree-comparison,"{""side"":3}",2,verified,,false,5,6,0,1,0,0,0,prepared-path-tree-input,0,1,0,2,0,9,,,,,0,,,0,0,,,,,0,0,2,0,0,0,2,,0,0,0,0,0,61,3,1,0,0,5,2,4,{},{},{},,{}
9c826593d98f5349fa1a9accd2089ee5c5746623,rustc 1.89.0 (29483883e 2025-08-04),/Users/kcn/Desktop/algorithm/target/release/rect-cli benchmark --suite path-tree-comparison --sizes 3 --output results/v0.5-path-tree-comparison.csv,,1784966444,512,871,finite-colored-unit-grid-path-tree-comparison,ornaments;isolated-formal-boundary-points;line-segment-holes;point-holes;degenerate-formal-holes;general-polygon-input,binary-3x3-1e6,path-tree-comparison,"{""side"":3}",1,verified,,false,6,8,0,2,0,0,0,prepared-path-tree-input,0,1,0,3,0,9,,,,,0,,,0,0,,,,,0,0,2,0,0,0,3,,0,1,0,1,0,82,4,2,0,0,6,3,4,{},{},{},,{}
9c826593d98f5349fa1a9accd2089ee5c5746623,rustc 1.89.0 (29483883e 2025-08-04),/Users/kcn/Desktop/algorithm/target/release/rect-cli benchmark --suite path-tree-comparison --sizes 3 --output results/v0.5-path-tree-comparison.csv,,1784966444,512,871,finite-colored-unit-grid-path-tree-comparison,ornaments;isolated-formal-boundary-points;line-segment-holes;point-holes;degenerate-formal-holes;general-polygon-input,binary-3x3-1e7,path-tree-comparison,"{""side"":3}",0,verified,,false,7,8,0,2,0,0,0,prepared-path-tree-input,0,1,0,3,0,9,,,,,0,,,0,0,,,,,0,0,2,0,0,0,3,,0,1,0,1,0,98,4,2,0,0,7,3,4,{},{},{},,{}
9c826593d98f5349fa1a9accd2089ee5c5746623,rustc 1.89.0 (29483883e 2025-08-04),/Users/kcn/Desktop/algorithm/target/release/rect-cli benchmark --suite path-tree-comparison --sizes 3 --output results/v0.5-path-tree-comparison.csv,,1784966444,512,871,finite-colored-unit-grid-path-tree-comparison,ornaments;isolated-formal-boundary-points;line-segment-holes;point-holes;degenerate-formal-holes;general-polygon-input,binary-3x3-1e8,path-tree-comparison,"{""side"":3}",1,verified,,false,5,8,0,2,0,0,0,prepared-path-tree-input,0,1,0,2,0,6,,,,,0,,,0,0,,,,,0,0,2,0,0,0,3,,0,1,0,0,0,73,4,2,0,0,5,3,4,{},{},{},,{}
9c826593d98f5349fa1a9accd2089ee5c5746623,rustc 1.89.0 (29483883e 2025-08-04),/Users/kcn/Desktop/algorithm/target/release/rect-cli benchmark --suite path-tree-comparison --sizes 3 --output results/v0.5-path-tree-comparison.csv,,1784966444,512,871,finite-colored-unit-grid-path-tree-comparison,ornaments;isolated-formal-boundary-points;line-segment-holes;point-holes;degenerate-formal-holes;general-polygon-input,binary-3x3-1e9,path-tree-comparison,"{""side"":3}",0,verified,,false,6,8,0,2,0,0,0,prepared-path-tree-input,0,1,0,3,0,9,,,,,0,,,0,0,,,,,0,0,2,0,0,0,3,,0,1,0,1,0,89,4,2,0,0,6,3,4,{},{},{},,{}
9c826593d98f5349fa1a9accd2089ee5c5746623,rustc 1.89.0 (29483883e 2025-08-04),/Users/kcn/Desktop/algorithm/target/release/rect-cli benchmark --suite path-tree-comparison --sizes 3 --output results/v0.5-path-tree-comparison.csv,,1784966444,512,871,finite-colored-unit-grid-path-tree-comparison,ornaments;isolated-formal-boundary-points;line-segment-holes;point-holes;degenerate-formal-holes;general-polygon-input,binary-3x3-1ea,path-tree-comparison,"{""side"":3}",1,verified,,false,1,4,0,0,0,0,0,prepared-path-tree-input,0,1,0,0,0,1,,,,,0,,,0,0,,,,,0,0,2,0,0,0,1,,0,0,0,0,0,16,2,0,0,0,1,1,4,{},{},{},,{}
9c826593d98f5349fa1a9accd2089ee5c5746623,rustc 1.89.0 (29483883e 2025-08-04),/Users/kcn/Desktop/algorithm/target/release/rect-cli benchmark --suite path-tree-comparison --sizes 3 --output results/v0.5-path-tree-comparison.csv,,1784966444,512,871,finite-colored-unit-grid-path-tree-comparison,ornaments;isolated-formal-boundary-points;line-segment-holes;point-holes;degenerate-formal-holes;general-polygon-input,binary-3x3-1ea,path-tree-comparison,"{""side"":3}",3,verified,,false,5,8,0,2,0,0,0,prepared-path-tree-input,0,1,0,2,0,6,,,,,0,,,0,0,,,,,0,0,2,0,0,0,3,,0,1,0,0,0,73,4,2,0,0,5,3,4,{},{},{},,{}
9c826593d98f5349fa1a9accd2089ee5c5746623,rustc 1.89.0 (29483883e 2025-08-04),/Users/kcn/Desktop/algorithm/target/release/rect-cli benchmark --suite path-tree-comparison --sizes 3 --output results/v0.5-path-tree-comparison.csv,,1784966444,512,871,finite-colored-unit-grid-path-tree-comparison,ornaments;isolated-formal-boundary-points;line-segment-holes;point-holes;degenerate-formal-holes;general-polygon-input,binary-3x3-1eb,path-tree-comparison,"{""side"":3}",0,verified,,false,7,10,0,3,0,0,0,prepared-path-tree-input,0,1,0,3,0,9,,,,,0,,,0,0,,,,,0,0,2,0,0,0,4,,0,2,0,1,0,107,5,3,0,0,7,4,4,{},{},{},,{}
9c826593d98f5349fa1a9accd2089ee5c5746623,rustc 1.89.0 (29483883e 2025-08-04),/Users/kcn/Desktop/algorithm/target/release/rect-cli benchmark --suite path-tree-comparison --sizes 3 --output results/v0.5-path-tree-comparison.csv,,1784966444,512,871,finite-colored-unit-grid-path-tree-comparison,ornaments;isolated-formal-boundary-points;line-segment-holes;point-holes;degenerate-formal-holes;general-polygon-input,binary-3x3-1ec,path-tree-comparison,"{""side"":3}",1,verified,,false,6,8,0,2,0,0,0,prepared-path-tree-input,0,1,0,3,0,9,,,,,0,,,0,0,,,,,0,0,2,0,0,0,3,,0,1,0,1,0,89,4,2,0,0,6,3,4,{},{},{},,{}
9c826593d98f5349fa1a9accd2089ee5c5746623,rustc 1.89.0 (29483883e 2025-08-04),/Users/kcn/Desktop/algorithm/target/release/rect-cli benchmark --suite path-tree-comparison --sizes 3 --output results/v0.5-path-tree-comparison.csv,,1784966444,512,871,finite-colored-unit-grid-path-tree-comparison,ornaments;isolated-formal-boundary-points;line-segment-holes;point-holes;degenerate-formal-holes;general-polygon-input,binary-3x3-1ed,path-tree-comparison,"{""side"":3}",0,verified,,false,7,8,0,2,0,0,0,prepared-path-tree-input,0,1,0,3,0,9,,,,,0,,,0,0,,,,,0,0,2,0,0,0,3,,0,1,0,1,0,105,4,2,0,0,7,3,4,{},{},{},,{}
9c826593d98f5349fa1a9accd2089ee5c5746623,rustc 1.89.0 (29483883e 2025-08-04),/Users/kcn/Desktop/algorithm/target/release/rect-cli benchmark --suite path-tree-comparison --sizes 3 --output results/v0.5-path-tree-comparison.csv,,1784966444,512,871,finite-colored-unit-grid-path-tree-comparison,ornaments;isolated-formal-boundary-points;line-segment-holes;point-holes;degenerate-formal-holes;general-polygon-input,binary-3x3-1ee,path-tree-comparison,"{""side"":3}",1,verified,,false,7,10,0,3,0,0,0,prepared-path-tree-input,0,1,0,3,0,9,,,,,0,,,0,0,,,,,0,0,2,0,0,0,4,,0,2,0,1,0,108,5,3,0,0,7,4,4,{},{},{},,{}
9c826593d98f5349fa1a9accd2089ee5c5746623,rustc 1.89.0 (29483883e 2025-08-04),/Users/kcn/Desktop/algorithm/target/release/rect-cli benchmark --suite path-tree-comparison --sizes 3 --output results/v0.5-path-tree-comparison.csv,,1784966444,512,871,finite-colored-unit-grid-path-tree-comparison,ornaments;isolated-formal-boundary-points;line-segment-holes;point-holes;degenerate-formal-holes;general-polygon-input,binary-3x3-1f0,path-tree-comparison,"{""side"":3}",1,verified,,false,5,6,0,1,0,0,0,prepared-path-tree-input,0,1,0,2,0,6,,,,,0,,,0,0,,,,,0,0,2,0,0,0,2,,0,1,0,0,0,53,3,2,0,0,5,2,4,{},{},{},,{}
9c826593d98f5349fa1a9accd2089ee5c5746623,rustc 1.89.0 (29483883e 2025-08-04),/Users/kcn/Desktop/algorithm/target/release/rect-cli benchmark --suite path-tree-comparison --sizes 3 --output results/v0.5-path-tree-comparison.csv,,1784966444,512,871,finite-colored-unit-grid-path-tree-comparison,ornaments;isolated-formal-boundary-points;line-segment-holes;point-holes;degenerate-formal-holes;general-polygon-input,binary-3x3-1f1,path-tree-comparison,"{""side"":3}",0,verified,,false,1,4,0,0,0,0,0,prepared-path-tree-input,0,1,0,0,0,1,,,,,0,,,0,0,,,,,0,0,2,0,0,0,1,,0,0,0,0,0,16,2,0,0,0,1,1,4,{},{},{},,{}
9c826593d98f5349fa1a9accd2089ee5c5746623,rustc 1.89.0 (29483883e 2025-08-04),/Users/kcn/Desktop/algorithm/target/release/rect-cli benchmark --suite path-tree-comparison --sizes 3 --output results/v0.5-path-tree-comparison.csv,,1784966444,512,871,finite-colored-unit-grid-path-tree-comparison,ornaments;isolated-formal-boundary-points;line-segment-holes;point-holes;degenerate-formal-holes;general-polygon-input,binary-3x3-1f1,path-tree-comparison,"{""side"":3}",3,verified,,false,5,6,0,1,0,0,0,prepared-path-tree-input,0,1,0,2,0,6,,,,,0,,,0,0,,,,,0,0,2,0,0,0,2,,0,0,0,0,0,53,3,2,0,0,5,2,4,{},{},{},,{}
9c826593d98f5349fa1a9accd2089ee5c5746623,rustc 1.89.0 (29483883e 2025-08-04),/Users/kcn/Desktop/algorithm/target/release/rect-cli benchmark --suite path-tree-comparison --sizes 3 --output results/v0.5-path-tree-comparison.csv,,1784966444,512,871,finite-colored-unit-grid-path-tree-comparison,ornaments;isolated-formal-boundary-points;line-segment-holes;point-holes;degenerate-formal-holes;general-polygon-input,binary-3x3-1f2,path-tree-comparison,"{""side"":3}",1,verified,,false,6,8,0,2,0,0,0,prepared-path-tree-input,0,1,0,2,0,9,,,,,0,,,0,0,,,,,0,0,2,0,0,0,3,,0,1,0,0,0,73,4,3,0,0,6,3,4,{},{},{},,{}
9c826593d98f5349fa1a9accd2089ee5c5746623,rustc 1.89.0 (29483883e 2025-08-04),/Users/kcn/Desktop/algorithm/target/release/rect-cli benchmark --suite path-tree-comparison --sizes 3 --output results/v0.5-path-tree-comparison.csv,,1784966444,512,871,finite-colored-unit-grid-path-tree-comparison,ornaments;isolated-formal-boundary-points;line-segment-holes;point-holes;degenerate-formal-holes;general-polygon-input,binary-3x3-1f3,path-tree-comparison,"{""side"":3}",0,verified,,false,7,10,0,3,1,0,1,prepared-path-tree-input,0,1,0,3,0,9,,,,,0,,,0,0,0,1,,,0,0,3,1,0,0,3,,0,1,0,1,0,77,3,2,0,0,7,3,4,{},{},{},,{}
9c826593d98f5349fa1a9accd2089ee5c5746623,rustc 1.89.0 (29483883e 2025-08-04),/Users/kcn/Desktop/algorithm/target/release/rect-cli benchmark --suite path-tree-comparison --sizes 3 --output results/v0.5-path-tree-comparison.csv,,1784966444,512,871,finite-colored-unit-grid-path-tree-comparison,ornaments;isolated-formal-boundary-points;line-segment-holes;point-holes;degenerate-formal-holes;general-polygon-input,binary-3x3-1f4,path-tree-comparison,"{""side"":3}",1,verified,,false,6,8,0,2,0,0,0,prepared-path-tree-input,0,1,0,2,0,9,,,,,0,,,0,0,,,,,0,0,2,0,0,0,3,,0,1,0,0,0,72,4,3,0,0,6,3,4,{},{},{},,{}
9c826593d98f5349fa1a9accd2089ee5c5746623,rustc 1.89.0 (29483883e 2025-08-04),/Users/kcn/Desktop/algorithm/target/release/rect-cli benchmark --suite path-tree-comparison --sizes 3 --output results/v0.5-path-tree-comparison.csv,,1784966444,512,871,finite-colored-unit-grid-path-tree-comparison,ornaments;isolated-formal-boundary-points;line-segment-holes;point-holes;degenerate-formal-holes;general-polygon-input,binary-3x3-1f5,path-tree-comparison,"{""side"":3}",0,verified,,false,1,4,0,0,0,0,0,prepared-path-tree-input,0,1,0,0,0,1,,,,,0,,,0,0,,,,,0,0,2,0,0,0,1,,0,0,0,0,0,16,2,0,0,0,1,1,4,{},{},{},,{}
9c826593d98f5349fa1a9accd2089ee5c5746623,rustc 1.89.0 (29483883e 2025-08-04),/Users/kcn/Desktop/algorithm/target/release/rect-cli benchmark --suite path-tree-comparison --sizes 3 --output results/v0.5-path-tree-comparison.csv,,1784966444,512,871,finite-colored-unit-grid-path-tree-comparison,ornaments;isolated-formal-boundary-points;line-segment-holes;point-holes;degenerate-formal-holes;general-polygon-input,binary-3x3-1f5,path-tree-comparison,"{""side"":3}",2,verified,,false,6,8,0,2,0,0,0,prepared-path-tree-input,0,1,0,2,0,9,,,,,0,,,0,0,,,,,0,0,2,0,0,0,3,,0,0,0,0,0,72,4,3,0,0,6,3,4,{},{},{},,{}
9c826593d98f5349fa1a9accd2089ee5c5746623,rustc 1.89.0 (29483883e 2025-08-04),/Users/kcn/Desktop/algorithm/target/release/rect-cli benchmark --suite path-tree-comparison --sizes 3 --output results/v0.5-path-tree-comparison.csv,,1784966444,512,871,finite-colored-unit-grid-path-tree-comparison,ornaments;isolated-formal-boundary-points;line-segment-holes;point-holes;degenerate-formal-holes;general-polygon-input,binary-3x3-1f6,path-tree-comparison,"{""side"":3}",1,verified,,false,7,6,0,1,0,0,0,prepared-path-tree-input,0,1,0,2,0,9,,,,,0,,,0,0,,,,,0,0,2,0,0,0,2,,0,0,0,0,0,65,3,2,0,0,7,2,4,{},{},{},,{}
9c826593d98f5349fa1a9accd2089ee5c5746623,rustc 1.89.0 (29483883e 2025-08-04),/Users/kcn/Desktop/algorithm/target/release/rect-cli benchmark --suite path-tree-comparison --sizes 3 --output results/v0.5-path-tree-comparison.csv,,1784966444,512,871,finite-colored-unit-grid-path-tree-comparison,ornaments;isolated-formal-boundary-points;line-segment-holes;point-holes;degenerate-formal-holes;general-polygon-input,binary-3x3-1f7,path-tree-comparison,"{""side"":3}",0,verified,,false,8,8,0,2,0,0,0,prepared-path-tree-input,0,1,0,3,0,9,,,,,0,,,0,0,,,,,0,0,2,0,0,0,3,,0,1,0,1,0,94,4,4,0,0,8,3,4,{},{},{},,{}
9c826593d98f5349fa1a9accd2089ee5c5746623,rustc 1.89.0 (29483883e 2025-08-04),/Users/kcn/Desktop/algorithm/target/release/rect-cli benchmark --suite path-tree-comparison --sizes 3 --output results/v0.5-path-tree-comparison.csv,,1784966444,512,871,finite-colored-unit-grid-path-tree-comparison,ornaments;isolated-formal-boundary-points;line-segment-holes;point-holes;degenerate-formal-holes;general-polygon-input,binary-3x3-1f8,path-tree-comparison,"{""side"":3}",1,verified,,false,6,4,0,0,0,0,0,prepared-path-tree-input,0,1,0,2,0,6,,,,,0,,,0,0,,,,,0,0,2,0,0,0,1,,0,0,0,1,0,40,2,0,0,0,6,1,4,{},{},{},,{}
9c826593d98f5349fa1a9accd2089ee5c5746623,rustc 1.89.0 (29483883e 2025-08-04),/Users/kcn/Desktop/algorithm/target/release/rect-cli benchmark --suite path-tree-comparison --sizes 3 --output results/v0.5-path-tree-comparison.csv,,1784966444,512,871,finite-colored-unit-grid-path-tree-comparison,ornaments;isolated-formal-boundary-points;line-segment-holes;point-holes;degenerate-formal-holes;general-polygon-input,binary-3x3-1f9,path-tree-comparison,"{""side"":3}",0,verified,,false,7,6,0,1,0,0,0,prepared-path-tree-input,0,1,0,2,0,9,,,,,0,,,0,0,,,,,0,0,2,0,0,0,2,,0,0,0,1,0,56,3,1,0,0,7,2,4,{},{},{},,{}
9c826593d98f5349fa1a9accd2089ee5c5746623,rustc 1.89.0 (29483883e 2025-08-04),/Users/kcn/Desktop/algorithm/target/release/rect-cli benchmark --suite path-tree-comparison --sizes 3 --output results/v0.5-path-tree-comparison.csv,,1784966444,512,871,finite-colored-unit-grid-path-tree-comparison,ornaments;isolated-formal-boundary-points;line-segment-holes;point-holes;degenerate-formal-holes;general-polygon-input,binary-3x3-1fa,path-tree-comparison,"{""side"":3}",1,verified,,false,7,8,0,2,1,0,1,prepared-path-tree-input,0,1,0,2,0,9,,,,,0,,,0,0,0,1,,,0,0,3,1,0,0,2,,0,0,0,1,0,48,2,0,0,0,7,2,4,{},{},{},,{}
9c826593d98f5349fa1a9accd2089ee5c5746623,rustc 1.89.0 (29483883e 2025-08-04),/Users/kcn/Desktop/algorithm/target/release/rect-cli benchmark --suite path-tree-comparison --sizes 3 --output results/v0.5-path-tree-comparison.csv,,1784966444,512,871,finite-colored-unit-grid-path-tree-comparison,ornaments;isolated-formal-boundary-points;line-segment-holes;point-holes;degenerate-formal-holes;general-polygon-input,binary-3x3-1fb,path-tree-comparison,"{""side"":3}",0,verified,,false,8,6,0,1,0,0,0,prepared-path-tree-input,0,1,0,2,0,9,,,,,0,,,0,0,,,,,0,0,2,0,0,0,2,,0,0,0,1,0,62,3,2,0,0,8,2,4,{},{},{},,{}
9c826593d98f5349fa1a9accd2089ee5c5746623,rustc 1.89.0 (29483883e 2025-08-04),/Users/kcn/Desktop/algorithm/target/release/rect-cli benchmark --suite path-tree-comparison --sizes 3 --output results/v0.5-path-tree-comparison.csv,,1784966444,512,871,finite-colored-unit-grid-path-tree-comparison,ornaments;isolated-formal-boundary-points;line-segment-holes;point-holes;degenerate-formal-holes;general-polygon-input,binary-3x3-1fc,path-tree-comparison,"{""side"":3}",1,verified,,false,7,6,0,1,0,0,0,prepared-path-tree-input,0,1,0,2,0,9,,,,,0,,,0,0,,,,,0,0,2,0,0,0,2,,0,1,0,1,0,57,3,1,0,0,7,2,4,{},{},{},,{}
9c826593d98f5349fa1a9accd2089ee5c5746623,rustc 1.89.0 (29483883e 2025-08-04),/Users/kcn/Desktop/algorithm/target/release/rect-cli benchmark --suite path-tree-comparison --sizes 3 --output results/v0.5-path-tree-comparison.csv,,1784966444,512,871,finite-colored-unit-grid-path-tree-comparison,ornaments;isolated-formal-boundary-points;line-segment-holes;point-holes;degenerate-formal-holes;general-polygon-input,binary-3x3-1fd,path-tree-comparison,"{""side"":3}",0,verified,,false,8,8,0,2,0,0,0,prepared-path-tree-input,0,1,0,3,0,9,,,,,0,,,0,0,,,,,0,0,2,0,0,0,3,,0,1,0,1,0,81,4,2,0,0,8,3,4,{},{},{},,{}
9c826593d98f5349fa1a9accd2089ee5c5746623,rustc 1.89.0 (29483883e 2025-08-04),/Users/kcn/Desktop/algorithm/target/release/rect-cli benchmark --suite path-tree-comparison --sizes 3 --output results/v0.5-path-tree-comparison.csv,,1784966444,512,871,finite-colored-unit-grid-path-tree-comparison,ornaments;isolated-formal-boundary-points;line-segment-holes;point-holes;degenerate-formal-holes;general-polygon-input,binary-3x3-1fe,path-tree-comparison,"{""side"":3}",1,verified,,false,8,6,0,1,0,0,0,prepared-path-tree-input,0,1,0,2,0,9,,,,,0,,,0,0,,,,,0,0,2,0,0,0,2,,0,0,0,1,0,61,3,2,0,0,8,2,4,{},{},{},,{}
9c826593d98f5349fa1a9accd2089ee5c5746623,rustc 1.89.0 (29483883e 2025-08-04),/Users/kcn/Desktop/algorithm/target/release/rect-cli benchmark --suite path-tree-comparison --sizes 3 --output results/v0.5-path-tree-comparison.csv,,1784966444,512,871,finite-colored-unit-grid-path-tree-comparison,ornaments;isolated-formal-boundary-points;line-segment-holes;point-holes;degenerate-formal-holes;general-polygon-input,binary-3x3-1ff,path-tree-comparison,"{""side"":3}",0,verified,,false,9,4,0,0,0,0,0,prepared-path-tree-input,0,1,0,2,0,9,,,,,0,,,0,0,,,,,0,0,2,0,0,0,1,,0,0,0,1,0,48,2,0,0,0,9,1,4,{},{},{},,{}
